{"type":"FeatureCollection","features":[{"type":"Feature","geometry":{"type":"LineString","coordinates":[[1.2262987,6.1233038],[1.2275619,6.1238761],[1.2295591,6.1248824],[1.2306445,6.1253057],[1.2345248,6.1266229],[1.2374692,6.1275852],[1.2377091,6.1276459],[1.2378076,6.1276545]]},"properties":{"fclass":"trunk"}},{"type":"Feature","geometry":{"type":"LineString","coordinates":[[0.2114963,10.8523765],[0.2124061,10.8515319],[0.2134676,10.8505455],[0.2144828,10.8495967],[0.2169785,10.847119],[0.2178148,10.8462946],[0.2189239,10.8451804],[0.2204,10.8436367],[0.2214481,10.8425024],[0.2225257,10.8413305],[0.2230159,10.8407839],[0.2248151,10.8386256],[0.2263332,10.8367028],[0.2270353,10.8358081],[0.2282488,10.8342571],[0.2288284,10.8335146],[0.2300267,10.8319772],[0.2318846,10.8295449],[0.2333248,10.8276125],[0.2347428,10.825743],[0.2359673,10.8241118],[0.2384323,10.8208213],[0.2390599,10.8200019],[0.2418683,10.8134462],[0.2428123,10.8104502],[0.2430813,10.8090682],[0.2432718,10.8057329],[0.2433278,10.8021622],[0.2434276,10.7999384],[0.2437088,10.7984444],[0.245023,10.7944856],[0.2471036,10.7901263],[0.2546173,10.7829682],[0.2572263,10.7816172],[0.2587363,10.7810752],[0.2611223,10.7810852],[0.2695783,10.7808422],[0.2733513,10.7794082],[0.2825413,10.7753102],[0.2870753,10.7732442],[0.2903543,10.7719482],[0.2907563,10.7712252],[0.2865693,10.7622972],[0.2838743,10.7598822],[0.2804423,10.7551362],[0.2782248,10.749281]]},"properties":{"fclass":"primary"}},{"type":"Feature","geometry":{"type":"LineString","coordinates":[[0.3981958,10.5967409],[0.3992451,10.5966996],[0.4000616,10.5970928],[0.4062788,10.603804],[0.407026,10.604251],[0.4082627,10.6049223],[0.4091243,10.6053611],[0.4095293,10.6054729],[0.4102727,10.6054732],[0.4109231,10.6052786],[0.411897,10.6048684],[0.413109,10.60477],[0.417495,10.607517],[0.418869,10.60791],[0.424161,10.606653],[0.426805,10.604428],[0.42965,10.602372],[0.434446,10.601621],[0.4372367,10.5996924],[0.444413,10.592676],[0.447159,10.589879],[0.449496,10.584726],[0.450052,10.581876],[0.450966,10.580986],[0.453158,10.579994],[0.4554667,10.5801204],[0.4597848,10.5806403],[0.4640046,10.5802133],[0.4649717,10.5799905],[0.4663985,10.5794527]]},"properties":{"fclass":"secondary"}},{"type":"Feature","geometry":{"type":"LineString","coordinates":[[0.5999538,10.8392281],[0.5991952,10.8363515],[0.5981326,10.8322101],[0.59699,10.8279397],[0.5962658,10.8246755],[0.5945379,10.8168138],[0.5938872,10.8133922],[0.5913108,10.8006518],[0.5909904,10.7991498],[0.590352,10.7973168],[0.588182,10.7943256],[0.5867892,10.7917086],[0.5867208,10.7877124],[0.5857074,10.7845474],[0.5855343,10.783862]]},"properties":{"fclass":"primary"}},{"type":"Feature","geometry":{"type":"LineString","coordinates":[[0.5323058,7.5827313],[0.5306214,7.582609],[0.5294359,7.5824575],[0.5282503,7.5821996],[0.5271158,7.5820533],[0.5231095,7.5816158],[0.514045,7.5805758],[0.5112951,7.580242],[0.5105573,7.5799386],[0.5100428,7.5790449],[0.509554,7.5788391]]},"properties":{"fclass":"secondary"}},{"type":"Feature","geometry":{"type":"LineString","coordinates":[[0.5323058,7.5827313],[0.5337489,7.5828855],[0.534701,7.5831301],[0.5356532,7.5833694],[0.5363774,7.5835927],[0.5379277,7.5841245],[0.5384696,7.584393],[0.5390516,7.5849912],[0.5401942,7.5862541],[0.5416721,7.5880089],[0.5421093,7.5885779],[0.5424156,7.5888601],[0.5428392,7.5889411],[0.5434477,7.5889714],[0.5446789,7.5886257],[0.5452716,7.5885008],[0.5459931,7.5884423],[0.547345,7.5883838],[0.5492842,7.5881791],[0.5498099,7.5880541],[0.5503571,7.5879238],[0.5511135,7.5879132],[0.5517438,7.5880328],[0.5524948,7.5881392],[0.5531627,7.588094],[0.5542973,7.588086],[0.5550268,7.5881206],[0.5555579,7.5882828],[0.556899,7.5886842],[0.5575186,7.5887534],[0.5582079,7.5888517],[0.5591226,7.5890883],[0.5602115,7.5894792],[0.5607453,7.5895908],[0.5622607,7.5897663],[0.5629098,7.5898913],[0.5634651,7.5899843],[0.5643797,7.5900295],[0.5650073,7.5901704],[0.5662197,7.5905373],[0.567373,7.5909548],[0.5679685,7.591093],[0.5694652,7.5912153],[0.5700579,7.5911781],[0.5707607,7.5909229],[0.5734965,7.5898062],[0.574953,7.5892479],[0.5753374,7.5890462],[0.5757388,7.5888145],[0.5815941,7.5862914],[0.5822432,7.5859564],[0.5842736,7.584619],[0.5847377,7.5843904],[0.5851695,7.5843159],[0.5862853,7.5842893],[0.5868217,7.5841325],[0.5874279,7.5838161],[0.5879348,7.5836964],[0.5885705,7.5837709],[0.5891821,7.5839862],[0.5903354,7.5841032],[0.5909362,7.5840022],[0.5915666,7.5836619],[0.59228,7.5834359],[0.592677,7.5832232],[0.5930927,7.5830185],[0.5933985,7.5828244],[0.5936614,7.5821969],[0.5942273,7.5810696],[0.5945411,7.5808436],[0.5955523,7.5805538],[0.5957428,7.5804288],[0.5959434,7.579945],[0.5960871,7.579788],[0.5972421,7.5798173],[0.597784,7.5797429],[0.598105,7.5797858],[0.5981702,7.5798891],[0.5980039,7.5804421],[0.5979609,7.580918],[0.5977383,7.5811985],[0.5974554,7.5815043],[0.5974406,7.5817316],[0.5976284,7.5820613],[0.5979704,7.5822288],[0.5986557,7.5825518],[0.5991827,7.5826941],[0.5997379,7.5827645],[0.6000965,7.5828741],[0.6003763,7.5827765],[0.6007075,7.5826609],[0.6013794,7.5825757],[0.6016704,7.5826143],[0.6030411,7.5832418],[0.6047038,7.5839403],[0.6064578,7.5846839],[0.608384,7.5854379],[0.6088668,7.5855762],[0.6092949,7.5856056]]},"properties":{"fclass":"secondary"}},{"type":"Feature","geometry":{"type":"LineString","coordinates":[[1.3966917,9.2959187],[1.3981167,9.2968212],[1.4003597,9.2981119],[1.4027879,9.2998814],[1.4039256,9.3006572],[1.4071193,9.3034073],[1.4096759,9.3051184],[1.4108266,9.3067139],[1.4147492,9.3123822],[1.4197246,9.3150101],[1.4211615,9.3161052],[1.4232244,9.3181198],[1.4241136,9.3195343],[1.4253549,9.3216121],[1.4264511,9.3234686],[1.4267153,9.3239966],[1.4270907,9.3244866]]},"properties":{"fclass":"secondary"}},{"type":"Feature","geometry":{"type":"LineString","coordinates":[[1.1115435,8.8393904],[1.1136773,8.8392685],[1.1173521,8.8405512],[1.1225098,8.8425893],[1.1243123,8.8426689],[1.1284377,8.8410574],[1.1303741,8.8408825],[1.1343505,8.8422403],[1.1369411,8.8434574],[1.1379487,8.8455837],[1.1399609,8.8469533],[1.1436908,8.8480754],[1.1458173,8.8498352],[1.1521429,8.852247],[1.1591425,8.8597789],[1.1618462,8.8623655],[1.1627591,8.8705016],[1.1604943,8.8774395],[1.1610633,8.8803765],[1.1611551,8.8812026],[1.1603183,8.8836089],[1.1597604,8.8848862],[1.1601627,8.8868631],[1.1597174,8.8882941],[1.1609664,8.8918556],[1.1614268,8.8929505]]},"properties":{"fclass":"secondary"}},{"type":"Feature","geometry":{"type":"LineString","coordinates":[[1.1393206,8.9768278],[1.1413403,8.9764781],[1.1420752,8.9762674],[1.1427903,8.975939],[1.1433238,8.9756091],[1.1439098,8.9751627],[1.1446576,8.9745185],[1.1467316,8.9726538],[1.1483691,8.9711447],[1.1499228,8.9697577],[1.1505873,8.969165],[1.1515847,8.9682545],[1.1528737,8.967078],[1.1535524,8.9664613],[1.1550824,8.9650641],[1.1580366,8.9623921],[1.1608529,8.9598383],[1.1619624,8.9588356],[1.1627922,8.9580766],[1.1646634,8.9563808],[1.1653756,8.9558641],[1.1657712,8.9556721],[1.1665348,8.9554262],[1.1697747,8.9544158],[1.1707475,8.9541051],[1.1720932,8.9536761],[1.172926,8.9534133],[1.1734678,8.9532915],[1.1740632,8.9532623],[1.1750516,8.9533378],[1.1760065,8.9533696],[1.1778532,8.953116],[1.1794106,8.952897],[1.180902,8.9526859],[1.1822426,8.9524961],[1.1842467,8.95225],[1.1865905,8.9518806],[1.1879128,8.9517428],[1.189152,8.9517349],[1.1919052,8.951689]]},"properties":{"fclass":"primary"}},{"type":"Feature","geometry":{"type":"LineString","coordinates":[[1.3289796,9.1300033],[1.3311744,9.136765],[1.3340148,9.1471548],[1.3342465,9.1506455],[1.3344535,9.151562],[1.3352536,9.1531449],[1.3379951,9.1610318],[1.340938,9.1649953],[1.3445214,9.1705666],[1.3467101,9.1777053],[1.3465695,9.1834443],[1.3470569,9.1885247],[1.3468244,9.1944893]]},"properties":{"fclass":"secondary"}},{"type":"Feature","geometry":{"type":"LineString","coordinates":[[1.3450187,9.2201296],[1.3447124,9.2227815],[1.3446418,9.2231678],[1.3437433,9.2235382],[1.343227,9.2238888],[1.3424484,9.22451],[1.3419193,9.2249063],[1.341766,9.2249759]]},"properties":{"fclass":"secondary"}},{"type":"Feature","geometry":{"type":"LineString","coordinates":[[1.4454156,9.0139063],[1.4473033,9.0124558],[1.4484116,9.0115989],[1.4496106,9.0109446],[1.4505708,9.0105684],[1.4514885,9.0103213],[1.4528695,9.0100704],[1.4544093,9.0098375],[1.4551949,9.0097233],[1.4565146,9.009522],[1.4578825,9.0093101],[1.4595643,9.0090266],[1.4610824,9.0086663],[1.4621848,9.008314],[1.4646733,9.0073565],[1.4672233,9.0064051],[1.4702131,9.0052922],[1.472473,9.0044436]]},"properties":{"fclass":"primary"}},{"type":"Feature","geometry":{"type":"LineString","coordinates":[[1.4902434,8.9855176],[1.4935935,8.9826431],[1.4969306,8.9797536],[1.5017401,8.975576],[1.5061899,8.971746],[1.5096258,8.9687886],[1.5135385,8.9654111],[1.5147051,8.9643968],[1.5151826,8.9639119],[1.5157136,8.963284],[1.5162125,8.9625395],[1.516647,8.9617235],[1.5174705,8.9599007],[1.5185112,8.9576592],[1.5188733,8.9568193],[1.5191954,8.9558107],[1.5194687,8.9543447],[1.5194875,8.9530755],[1.5188518,8.9485845],[1.5172318,8.9379464],[1.5166926,8.9343959],[1.5155124,8.9266958],[1.5138763,8.916073],[1.5136993,8.9146712],[1.5136993,8.9135027],[1.5138117,8.9120544]]},"properties":{"fclass":"primary"}},{"type":"Feature","geometry":{"type":"LineString","coordinates":[[1.4902434,8.9855176],[1.4888754,8.9867495],[1.4883444,8.9874489],[1.4879501,8.9882198],[1.4877596,8.9889219],[1.4871749,8.9914307],[1.4865687,8.9934839],[1.4860296,8.9947926],[1.4852519,8.9963688],[1.4840904,8.9988327],[1.4836236,8.99975],[1.4831869,9.0003163],[1.4828487,9.000556],[1.4816106,9.0010261],[1.4769839,9.0027131]]},"properties":{"fclass":"primary"}},{"type":"Feature","geometry":{"type":"LineString","coordinates":[[1.4175702,9.2086646],[1.4216632,9.2095244],[1.4221362,9.2097369],[1.4271629,9.2125298],[1.4284543,9.2132159],[1.43063,9.2137913],[1.431154,9.213922],[1.4341525,9.2144862],[1.4351726,9.2147275],[1.4357197,9.2154113],[1.4380693,9.2189943],[1.4388137,9.2199105],[1.4405804,9.2213689],[1.4423897,9.2223714],[1.4448515,9.223936],[1.4465308,9.2248965],[1.4492593,9.2261867],[1.4514834,9.2272445],[1.4546267,9.2286498],[1.4576087,9.2298515],[1.4588395,9.2300661],[1.4607318,9.2303582],[1.4617273,9.2307256],[1.4627945,9.2312965],[1.465402,9.2326642],[1.4664445,9.2327217],[1.4675991,9.2327638],[1.4703793,9.2332595],[1.4720877,9.2336401],[1.4740001,9.2335051],[1.4752736,9.2334431],[1.4801366,9.2331577],[1.4810962,9.2331156],[1.4817755,9.2333148],[1.4833427,9.2339101],[1.4880196,9.2358376],[1.4892886,9.2362868],[1.4921494,9.2375703],[1.4952972,9.2392433],[1.4977029,9.2405401],[1.5025868,9.2432521],[1.5041473,9.2441417],[1.5104481,9.2474494]]},"properties":{"fclass":"secondary"}},{"type":"Feature","geometry":{"type":"LineString","coordinates":[[1.4464534,9.3471629],[1.4434147,9.3469156],[1.4400807,9.3467753],[1.4375821,9.3466014],[1.4333299,9.3464089],[1.4323626,9.3464868],[1.4311731,9.3466734],[1.4298414,9.3466874],[1.4291248,9.3465551],[1.4273892,9.3460997],[1.4262318,9.3458026],[1.4255223,9.3456402],[1.4250191,9.3461216],[1.4246555,9.3465666],[1.424288,9.347113],[1.423234,9.3486031],[1.4218417,9.3506658],[1.4206961,9.3528874],[1.419425,9.3563016],[1.4185345,9.3578167],[1.4170083,9.3601523],[1.4164786,9.360675],[1.4158628,9.3610609],[1.4150135,9.3612811],[1.4136355,9.3614398],[1.4120261,9.3617018],[1.4109077,9.3617481],[1.4093935,9.3615179],[1.4083032,9.3610931],[1.4074342,9.3609092],[1.4064766,9.360888],[1.4055364,9.361106],[1.4040157,9.3617891],[1.4027497,9.3622284],[1.4014301,9.3625037],[1.3970715,9.3635173],[1.396004,9.3637607],[1.3943739,9.363818],[1.3916521,9.3640425],[1.3862189,9.3641954],[1.3855138,9.3640969],[1.3835167,9.3636193],[1.3811821,9.3635728],[1.3803398,9.3635216],[1.3781646,9.3631547],[1.3740501,9.3623555],[1.3727975,9.3619611],[1.3713464,9.3613577],[1.3695091,9.3606432],[1.3687527,9.3602939],[1.3669342,9.3593596],[1.3643807,9.3583593],[1.3634124,9.3582031],[1.3605532,9.3579596],[1.3576763,9.3578939],[1.3560809,9.3578146],[1.3540301,9.3576897],[1.3535147,9.3575563],[1.3526487,9.3568613],[1.3520399,9.3564035],[1.3505459,9.355943],[1.3494864,9.3557895],[1.3488775,9.3556836],[1.3484511,9.3558054],[1.3474399,9.3566708],[1.3464715,9.3571211],[1.3444845,9.3580099],[1.343261,9.3585551],[1.3424014,9.3589137],[1.3403991,9.3588595],[1.3384116,9.3588462],[1.3350585,9.3591508],[1.3324437,9.359267],[1.3311711,9.3592464],[1.3274789,9.3588886],[1.3265401,9.3587456],[1.3257918,9.3587906],[1.3237569,9.3593257],[1.3224095,9.3596739],[1.3220501,9.3596322],[1.3204126,9.3589825],[1.3199869,9.358923],[1.317662,9.3590077],[1.3162887,9.3591241]]},"properties":{"fclass":"secondary"}},{"type":"Feature","geometry":{"type":"LineString","coordinates":[[0.8019238,9.9427263],[0.8112741,9.9259673],[0.813235,9.9230401],[0.8139914,9.9222581],[0.8164,9.9213915],[0.8190125,9.9207627],[0.8262652,9.9203346],[0.8279878,9.9206105],[0.8302134,9.9214179],[0.8325416,9.9229239],[0.8343118,9.9236425],[0.8373803,9.9237746],[0.838952,9.9237112],[0.8409154,9.9240019],[0.8480233,9.9237218],[0.8579045,9.9229714],[0.8608067,9.9233466],[0.8667719,9.9247628],[0.8680915,9.9249054],[0.8693522,9.9250481],[0.8854463,9.9310188],[0.8901903,9.932387],[0.899575,9.9334234],[0.907808,9.935282],[0.9121817,9.9360495],[0.9136194,9.9362133],[0.9150409,9.9362767],[0.9207656,9.9369733],[0.9250241,9.9375818],[0.9281792,9.9371635],[0.93316,9.9368465],[0.939761,9.9389917],[0.9426121,9.9404316],[0.9440955,9.9407884],[0.9455332,9.9408602],[0.9464155,9.9410032],[0.9474773,9.9409736],[0.9489658,9.9400887],[0.951879,9.9383393],[0.9552188,9.9365713],[0.9577129,9.9354717],[0.9607238,9.9343202],[0.9635543,9.9336148],[0.9669373,9.9328817],[0.9690702,9.9324058],[0.9717243,9.9316247],[0.9751167,9.9305194],[0.9785336,9.929629],[0.9812571,9.9287662],[0.9830124,9.9279572],[0.9852884,9.9265539],[0.9882448,9.9246711],[0.9901807,9.9234011],[0.9918741,9.922742],[0.993825,9.9223921],[0.9959206,9.9224125],[0.9984879,9.9222866],[1.0005704,9.9222514],[1.0018334,9.9221903],[1.0032162,9.9220447],[1.004658,9.9217597],[1.0051576,9.9218249],[1.0056224,9.9219385],[1.0067195,9.9222889],[1.0076901,9.9226093],[1.0098193,9.9233104],[1.0129411,9.9245785],[1.0152077,9.9255061],[1.0163203,9.9258319]]},"properties":{"fclass":"secondary"}},{"type":"Feature","geometry":{"type":"LineString","coordinates":[[0.9436961,9.940811],[0.9408655,9.9428963],[0.9401257,9.9436888],[0.9393531,9.944797],[0.938989,9.9465354],[0.9382582,9.9497082],[0.9370109,9.9516156],[0.9344682,9.9549787],[0.9310645,9.9604472],[0.9298012,9.9617681],[0.9261587,9.9651363],[0.9255552,9.965633],[0.9248739,9.9656964],[0.9233639,9.9649488],[0.9229454,9.9649805],[0.9194988,9.9683672],[0.9187666,9.9692046],[0.9180035,9.9715095],[0.9157464,9.9736215],[0.9150866,9.9744167],[0.914872,9.9747363],[0.9111491,9.9771349],[0.9033117,9.9821619],[0.900946,9.9847428],[0.8978185,9.9859103],[0.8924219,9.9886998],[0.8917889,9.9892704],[0.890768,9.9921129],[0.8895653,9.9934071],[0.8862367,9.9952059],[0.8828598,9.9976017],[0.8817896,9.9978368],[0.8785771,9.9978477],[0.876798,9.99799],[0.8744967,9.9984998],[0.8663321,10.001173],[0.8611673,10.0031446],[0.85931,10.0040786],[0.8580026,10.0043501],[0.8561067,10.0049234],[0.8539894,10.0055733],[0.8516989,10.0062929],[0.8496302,10.0070696],[0.8471709,10.0081242],[0.8454222,10.008943],[0.8415377,10.0091871],[0.8400384,10.0092927],[0.836425,10.0099684],[0.8323398,10.0111328],[0.8296755,10.0126911],[0.8281172,10.0133909],[0.8262512,10.013582],[0.8234538,10.013997],[0.8208668,10.0149779],[0.8177568,10.0162834],[0.8165338,10.0168856],[0.8136029,10.0172879],[0.8106218,10.0176687],[0.8074338,10.0182291],[0.8056678,10.0187046],[0.8047284,10.0190864],[0.8033424,10.0195474],[0.8025911,10.0197317],[0.8007614,10.020558],[0.7978713,10.0224461],[0.7960761,10.0236897],[0.7923606,10.0253944],[0.7898239,10.0266093],[0.7886988,10.0274018],[0.7885687,10.0275007]]},"properties":{"fclass":"secondary"}},{"type":"Feature","geometry":{"type":"LineString","coordinates":[[0.6085543,9.6869595],[0.6092705,9.6873112],[0.6100107,9.6876007],[0.6105335,9.6877328],[0.6117327,9.6879537],[0.6127426,9.6880806],[0.615803,9.6883978],[0.6180534,9.6885988],[0.6185979,9.6886411],[0.6206605,9.6888394],[0.6217441,9.688924],[0.6226775,9.688998],[0.6266223,9.6891245],[0.6295225,9.6891963],[0.6333956,9.6893232],[0.635979,9.6894554],[0.6438146,9.6899385],[0.6503391,9.6903041],[0.6562158,9.6905844],[0.6632727,9.6909731],[0.665625,9.6910259],[0.6748891,9.6913526],[0.6756753,9.6914833],[0.6775353,9.6922017],[0.6798457,9.6931564],[0.6807232,9.6935059],[0.681603,9.6941828],[0.682575,9.6948538],[0.6830889,9.6951108],[0.6840294,9.6953158],[0.687194,9.6958816],[0.6885509,9.6961244],[0.6903916,9.6964697],[0.6932759,9.69698],[0.6978482,9.6978909]]},"properties":{"fclass":"secondary"}},{"type":"Feature","geometry":{"type":"LineString","coordinates":[[0.6084873,9.6868564],[0.6087078,9.6861085],[0.6089838,9.685305],[0.6092438,9.6844482],[0.6094156,9.6838527],[0.609866,9.6824378],[0.6102553,9.6812151],[0.6108549,9.679266],[0.6112342,9.6780761],[0.6116891,9.6766768],[0.612323,9.6748111],[0.6126915,9.6736379],[0.6130978,9.6723512],[0.6133549,9.671552],[0.6135005,9.6710859],[0.6136587,9.6705134],[0.6140291,9.6693331],[0.6142733,9.6683604],[0.6146497,9.6672019],[0.6148911,9.6664563],[0.6151572,9.6656119],[0.6157896,9.6636813],[0.6164601,9.661476],[0.6174902,9.6581438],[0.6183333,9.6555186],[0.6189572,9.6535414],[0.6195535,9.6515566],[0.6203696,9.6489643],[0.621009,9.6469453],[0.6216205,9.6449487],[0.6224426,9.6423102],[0.6230913,9.6403298],[0.6238433,9.6379127],[0.6244262,9.6359862],[0.6249101,9.6344865],[0.6253189,9.6331953],[0.6257528,9.632189],[0.626474,9.6306457],[0.6277522,9.6278696],[0.6279444,9.6269719],[0.627991,9.6262698]]},"properties":{"fclass":"primary"}},{"type":"Feature","geometry":{"type":"LineString","coordinates":[[0.5719059,9.9215765],[0.570708,9.9263006],[0.5704846,9.9278176],[0.5704731,9.9289257],[0.5702177,9.931062],[0.5700436,9.9347944],[0.5695169,9.9403351],[0.5686618,9.9464365],[0.5673898,9.9498456],[0.5660927,9.9533884],[0.5656636,9.955341],[0.5665318,9.9580814],[0.5677575,9.9604606],[0.5687672,9.9635197],[0.5709386,9.9673965],[0.5712813,9.9678582],[0.5720927,9.9686736],[0.5732614,9.9692787],[0.5737236,9.9694739]]},"properties":{"fclass":"primary"}},{"type":"Feature","geometry":{"type":"LineString","coordinates":[[0.7794204,9.2617059],[0.7796618,9.2641864],[0.7797477,9.2655629],[0.78004,9.2685172],[0.7800829,9.2692293],[0.780099,9.2708626],[0.7801071,9.2730386],[0.7799569,9.2744177],[0.7798415,9.2752569],[0.7795658,9.2774351],[0.7792899,9.2793861],[0.778994,9.2814458],[0.7789787,9.2826357],[0.7793078,9.2871635],[0.7798281,9.2945911],[0.7800266,9.2957319],[0.7811371,9.3001053],[0.7816064,9.3023572],[0.7817191,9.3039295],[0.7816976,9.3051471],[0.7813463,9.3099698],[0.7811798,9.3120282],[0.7811531,9.313191],[0.7813221,9.3142735],[0.7821,9.3188367],[0.7822877,9.3202183],[0.7824857,9.3219684],[0.7827971,9.3248106],[0.7831665,9.3281576],[0.7834625,9.3309006],[0.78361,9.3318693],[0.7839158,9.3331186],[0.7844139,9.3350222],[0.7847859,9.3364027],[0.785183,9.337851],[0.7864693,9.341355],[0.7868284,9.3423661],[0.7869816,9.3432579],[0.7870028,9.3448219],[0.7871184,9.3458146],[0.7873175,9.3464942],[0.789837,9.3525507],[0.790984,9.355238],[0.7916036,9.3566817],[0.792008,9.357208],[0.7929414,9.3582375],[0.7932553,9.3590712],[0.7933974,9.3601774],[0.7937863,9.3629695],[0.7941109,9.3641365],[0.7945293,9.3652613],[0.7967931,9.3707976],[0.7973403,9.3718271],[0.798377,9.3734326],[0.7992393,9.3747858],[0.7998964,9.3756829],[0.8008245,9.3766329],[0.8017056,9.3773934],[0.8022747,9.3779546],[0.8037544,9.3799506],[0.8067886,9.3840337],[0.8071786,9.3847943],[0.8080648,9.3873931],[0.8102632,9.3934687],[0.8104804,9.3942229],[0.8105167,9.3957582],[0.8105636,9.3986315],[0.8104724,9.3998964],[0.809547,9.4073295],[0.8095685,9.4085044],[0.8104496,9.4139104],[0.8105649,9.4144028],[0.8111339,9.415404],[0.8112269,9.4155539]]},"properties":{"fclass":"primary"}},{"type":"Feature","geometry":{"type":"LineString","coordinates":[[0.7733662,9.4960354],[0.7728088,9.4966488],[0.7705691,9.4982705],[0.7697216,9.4990562],[0.761455,9.5069659],[0.7604921,9.5079394],[0.7560809,9.5133201],[0.7550338,9.5146692],[0.754645,9.515598],[0.7538684,9.5180948],[0.7536042,9.5188911],[0.7532313,9.5196238],[0.7526798,9.5203452],[0.7520767,9.5208723],[0.7505343,9.5219559],[0.7475611,9.5240448],[0.7441686,9.5264282],[0.7428312,9.527366],[0.7407473,9.528823],[0.7384243,9.5304472],[0.7354982,9.532493],[0.7340831,9.5334921],[0.733611,9.5339371],[0.7329194,9.5348191],[0.7306676,9.5382804],[0.7278434,9.5426216],[0.7273346,9.5433828],[0.7267013,9.544151],[0.7216301,9.5487481],[0.7194266,9.5507517],[0.7155222,9.5542381],[0.711273,9.558115],[0.7070947,9.561771],[0.7043369,9.5630035],[0.7031656,9.5632666],[0.6975189,9.5638326],[0.6921615,9.5643318],[0.689891,9.5645005],[0.6863666,9.5647386],[0.6823111,9.5649872],[0.6809109,9.5654104],[0.6794518,9.5663361],[0.6764098,9.5683183],[0.6710939,9.5719588],[0.6667126,9.5748895],[0.6643055,9.5765466],[0.6636015,9.5770341],[0.6617867,9.5782929],[0.6605104,9.5791781],[0.6541838,9.5835058],[0.6486289,9.5873231],[0.6467802,9.5888337],[0.6457794,9.5899014],[0.6451839,9.5911815],[0.6430047,9.5962277],[0.6376652,9.6070593],[0.6353976,9.6113648],[0.6346527,9.6126792],[0.6342225,9.6134403],[0.6338583,9.6140901],[0.633581,9.6145851],[0.6327619,9.6160503],[0.6314933,9.6179721],[0.6291282,9.6212982],[0.6285918,9.6221523],[0.6283534,9.622825],[0.6281015,9.6241891],[0.6280097,9.6259471]]},"properties":{"fclass":"primary"}},{"type":"Feature","geometry":{"type":"LineString","coordinates":[[0.6707055,8.7710582],[0.6650688,8.7730461],[0.6591845,8.7757449],[0.6545193,8.7765883],[0.6475785,8.7799699],[0.6434985,8.7810061],[0.6417592,8.7823715],[0.6373704,8.7829659],[0.6303157,8.7822511],[0.624464,8.7845804],[0.6161496,8.7853997],[0.6119439,8.786656],[0.6008618,8.7880904],[0.5969281,8.7871989],[0.5908488,8.7879298],[0.5848101,8.7874318],[0.5762038,8.7876197],[0.5726372,8.7877332],[0.5692514,8.7890465],[0.5655536,8.7875793],[0.5635611,8.786551],[0.5634655,8.7848904],[0.5636128,8.78353],[0.5637298,8.7812895],[0.563128,8.7799215],[0.5617988,8.777132],[0.5611267,8.7763248],[0.558719,8.773494],[0.5518221,8.7659826],[0.5483739,8.7596666],[0.5482705,8.7560087],[0.5435619,8.7524883],[0.5386867,8.7496374],[0.5258802,8.7390251],[0.5211318,8.7258127],[0.5210124,8.725405],[0.5209091,8.7250617],[0.5206624,8.7245368],[0.5198229,8.722711],[0.51381,8.7178617],[0.5136859,8.7177696]]},"properties":{"fclass":"secondary"}},{"type":"Feature","geometry":{"type":"LineString","coordinates":[[0.3032344,10.5564069],[0.3032831,10.5572912],[0.303469,10.5608153],[0.3043627,10.5671093],[0.3051985,10.5704139],[0.3057611,10.5732887],[0.3055703,10.5763234],[0.3014227,10.5890076],[0.2997963,10.5931854],[0.2976233,10.5996015],[0.2974668,10.6036784],[0.2975844,10.6074097],[0.2975326,10.6128689],[0.2970868,10.62055],[0.29577,10.6249171],[0.2924091,10.6313119],[0.2884043,10.6430418],[0.2878356,10.658097],[0.2888994,10.6780786],[0.2884072,10.6866866],[0.2861005,10.6924481],[0.2838771,10.6958827],[0.2737007,10.706306],[0.273242,10.7069702],[0.2731991,10.7078451],[0.2728772,10.7119143],[0.2718019,10.7122286],[0.2704146,10.7124792],[0.2702425,10.7126852],[0.2688003,10.7159967],[0.2687761,10.7164341],[0.2694557,10.7216531],[0.2699375,10.7269546],[0.2705222,10.7289864],[0.2704919,10.7293069],[0.2702299,10.7294265],[0.2693349,10.7294403],[0.2691382,10.7297638],[0.2689746,10.7304727],[0.2680955,10.7310066],[0.2680619,10.7311965],[0.2691261,10.7327681],[0.2697582,10.7324834],[0.2704203,10.7325863],[0.2712572,10.7332978],[0.2717694,10.7339197],[0.2719865,10.7338918],[0.2720871,10.7337215],[0.2720291,10.7334495],[0.2717239,10.7322647],[0.2718287,10.731944],[0.2720806,10.7319169],[0.2744302,10.7331687],[0.275031,10.7340594],[0.2749747,10.7343809],[0.2753502,10.7367632],[0.2757686,10.7418518],[0.2755634,10.7429889],[0.2756935,10.7434698],[0.2782248,10.749281]]},"properties":{"fclass":"secondary"}},{"type":"Feature","geometry":{"type":"LineString","coordinates":[[0.7914089,10.8578583],[0.7878222,10.8590102],[0.7807097,10.859841],[0.7700892,10.8614894],[0.7608863,10.862688],[0.7531918,10.8646097],[0.7440185,10.8669103],[0.7406122,10.8685351],[0.7372921,10.8708526],[0.7338179,10.8733943],[0.727521,10.877745],[0.7251727,10.8788684],[0.723117,10.8798235]]},"properties":{"fclass":"primary"}},{"type":"Feature","geometry":{"type":"LineString","coordinates":[[0.8015688,10.1875911],[0.8034918,10.1880116],[0.8054138,10.1901736],[0.8060878,10.1927146],[0.8070158,10.1948086],[0.8088438,10.1980616],[0.8159138,10.2114306],[0.8173998,10.2124116],[0.8266208,10.2158546],[0.8281548,10.2170486],[0.8303988,10.2192556],[0.8344448,10.2252226],[0.8365248,10.2262386],[0.8401868,10.2272406],[0.8446278,10.2272726],[0.8509078,10.2258706],[0.8541188,10.2252996],[0.8563328,10.2262176],[0.8583278,10.2269796],[0.8612468,10.2312826],[0.8641188,10.2359596],[0.8654498,10.2382616],[0.8667808,10.2403256],[0.8677958,10.2417336],[0.8692518,10.2439596],[0.8705738,10.2486696],[0.8715368,10.2502826],[0.8726858,10.2532376],[0.8725648,10.2549906],[0.8723718,10.2556136],[0.8686078,10.2587446],[0.8663153,10.2605502],[0.8636171,10.2617534],[0.8610107,10.2619839],[0.8583504,10.2625565],[0.8547375,10.2643872],[0.8521153,10.2656965],[0.849746,10.2669907],[0.8472031,10.2683102],[0.845028,10.2694787],[0.8412893,10.2700571],[0.8403754,10.2714462],[0.839704,10.2754825],[0.8377868,10.2804831],[0.8351786,10.2828855],[0.8323896,10.2850803],[0.8295313,10.2862777],[0.8272975,10.2879087],[0.8260865,10.2886269],[0.8218129,10.2897771],[0.8191116,10.2904768],[0.8145903,10.291632],[0.8095763,10.2930206],[0.8069641,10.2938532],[0.8039444,10.2953727],[0.8000605,10.2973611],[0.7964979,10.2987005],[0.7950039,10.2992638],[0.7888383,10.2999804],[0.7855256,10.300663],[0.7820623,10.3024164],[0.7752239,10.307298],[0.7693347,10.3123599],[0.7687207,10.3127375],[0.7681377,10.3128412],[0.7647152,10.3156516],[0.7612756,10.3176962],[0.7564071,10.3208303],[0.7550848,10.3218515],[0.7536086,10.3231118],[0.7524535,10.3241314],[0.7511754,10.3253321],[0.7507436,10.3259245],[0.750584,10.3262913],[0.7502232,10.3271541],[0.7500234,10.3278574],[0.749719,10.3293349],[0.7492953,10.3298019],[0.7489291,10.330343],[0.7487638,10.3308865],[0.7483281,10.3310813],[0.7477697,10.3313457],[0.7475089,10.331634],[0.7472527,10.3319012],[0.7470769,10.3319947]]},"properties":{"fclass":"secondary"}},{"type":"Feature","geometry":{"type":"LineString","coordinates":[[0.6409836,10.2450344],[0.631105,10.2501154],[0.6300428,10.2505694],[0.6289901,10.2509112],[0.6224254,10.2525331],[0.6214303,10.2526677],[0.6204459,10.2526888],[0.6195205,10.2526017],[0.613128,10.2514984],[0.6120989,10.251385],[0.6103018,10.2513586],[0.6093094,10.2514483],[0.6027272,10.2523404],[0.6012225,10.2526044],[0.5925053,10.2550115],[0.5819723,10.2579675],[0.5810899,10.2582763],[0.5793518,10.2589256],[0.5764778,10.2599813],[0.5696583,10.2626523],[0.568057,10.2632752],[0.5670243,10.2637067],[0.5659837,10.2642095],[0.5584413,10.2680549],[0.5571806,10.268749],[0.5490884,10.2734917],[0.5477929,10.2741489],[0.5464196,10.2747005],[0.544939,10.2751755],[0.5320349,10.2788572],[0.5306885,10.2792386],[0.5295753,10.2794167],[0.5283603,10.2794405],[0.5270594,10.2793534],[0.5085093,10.2777936],[0.5070448,10.2776273],[0.5059156,10.277403],[0.498459,10.2752996],[0.496957,10.2750093],[0.4956374,10.2749802],[0.4940093,10.2751861],[0.4927567,10.2755556],[0.4915014,10.2761389],[0.4867941,10.2789997],[0.4778302,10.2845234],[0.4741368,10.2868326],[0.4730719,10.2876613],[0.4704756,10.2901552],[0.467901,10.2926504],[0.4667741,10.2937061],[0.4650118,10.295465],[0.4641763,10.2965655],[0.4634857,10.2977887],[0.4629815,10.2991755],[0.4627025,10.3006322],[0.4626569,10.3016851],[0.4627213,10.302457],[0.4628138,10.3031497],[0.463308,10.3051468],[0.4638666,10.3073984]]},"properties":{"fclass":"trunk"}},{"type":"Feature","geometry":{"type":"LineString","coordinates":[[0.3586248,10.9067864],[0.3601168,10.9091288],[0.3606632,10.9099521],[0.3611702,10.9102813],[0.3627795,10.9106343],[0.3640919,10.9110638],[0.3673021,10.9130259],[0.3686911,10.9139922],[0.3695655,10.9148245],[0.3720224,10.9175056],[0.3738409,10.9191226],[0.3791383,10.9233931]]},"properties":{"fclass":"primary"}},{"type":"Feature","geometry":{"type":"LineString","coordinates":[[0.5844332,9.3941634],[0.5849925,9.394866],[0.5860358,9.3963081],[0.5868001,9.3973431],[0.587554,9.3983881],[0.5880368,9.399047],[0.5887261,9.3998673],[0.5893242,9.4003701],[0.5906653,9.4013333],[0.5915317,9.4019657],[0.5922264,9.4026908],[0.5933127,9.4044346],[0.5937472,9.4052814],[0.5955228,9.4106583],[0.5978295,9.416874],[0.5981809,9.4177207],[0.5986932,9.4182711],[0.5993074,9.418541],[0.6000316,9.4185516],[0.6032988,9.4178528],[0.6052861,9.4174376]]},"properties":{"fclass":"primary"}},{"type":"Feature","geometry":{"type":"LineString","coordinates":[[0.5248566,9.3570837],[0.5255158,9.3577492],[0.5257854,9.357912],[0.5264583,9.3582562],[0.5298193,9.3599503],[0.5315966,9.3608807],[0.5334101,9.3618127],[0.5350809,9.3626682],[0.5368396,9.3635714],[0.5455952,9.3680538],[0.5479217,9.3694109],[0.5556082,9.3780976],[0.5571559,9.3798868],[0.5577749,9.3804385],[0.5595783,9.3815802],[0.5606422,9.3822646]]},"properties":{"fclass":"secondary"}},{"type":"Feature","geometry":{"type":"LineString","coordinates":[[0.5694171,9.8883161],[0.5687285,9.8903825],[0.5686625,9.8911908],[0.5687561,9.8928016],[0.5689396,9.895461],[0.5694983,9.8995138],[0.570481,9.9046933],[0.5707804,9.9061667],[0.5712142,9.9077445],[0.5717679,9.9098893],[0.5722885,9.9117632],[0.5724439,9.9129578],[0.5724095,9.914637],[0.5722688,9.9166424],[0.5719059,9.9215765]]},"properties":{"fclass":"primary"}},{"type":"Feature","geometry":{"type":"LineString","coordinates":[[0.2993405,10.9309228],[0.3005262,10.9258592],[0.3023676,10.9216451]]},"properties":{"fclass":"secondary"}},{"type":"Feature","geometry":{"type":"LineString","coordinates":[[0.0497738,11.0921791],[0.0488242,11.0927331],[0.0481135,11.0930555],[0.0468636,11.093453],[0.0459248,11.0936346],[0.0447392,11.093732],[0.0421937,11.0937127],[0.0398013,11.0936618],[0.0373551,11.0936267],[0.036765,11.0936583],[0.0362769,11.0937109],[0.0353944,11.0938583],[0.0316165,11.0947842],[0.029666,11.095261],[0.0263017,11.0960219],[0.024385,11.096489],[0.0224139,11.0969539],[0.0217326,11.0971379],[0.0209266,11.0974261],[0.0198591,11.0979788],[0.0191349,11.098471],[0.0183383,11.0992343],[0.0179413,11.0996962],[0.0175028,11.1003161],[0.0163159,11.1025816],[0.0156418,11.1038773],[0.0142127,11.1067266],[0.0127365,11.1095523],[0.0120333,11.1109814],[0.0115517,11.1116172]]},"properties":{"fclass":"trunk"}},{"type":"Feature","geometry":{"type":"LineString","coordinates":[[0.7796873,9.2611407],[0.7798469,9.2609144],[0.7799917,9.260463],[0.7802345,9.2601718],[0.7809813,9.2598102],[0.782505,9.259011],[0.7837576,9.2582062],[0.7845009,9.2575456],[0.7859543,9.2558846],[0.787277,9.2544133],[0.7887292,9.252916],[0.7913053,9.2509182],[0.7940958,9.2491664],[0.79568,9.2481915],[0.796431,9.2477388],[0.7971927,9.2473602],[0.7980135,9.2470319],[0.7992088,9.246706],[0.8003658,9.2465528],[0.801495,9.2465528],[0.8027825,9.2467195],[0.8064008,9.2472225],[0.8073395,9.247302],[0.8081067,9.2472278],[0.8088684,9.2470187],[0.8099776,9.2465036]]},"properties":{"fclass":"primary"}},{"type":"Feature","geometry":{"type":"LineString","coordinates":[[0.8015688,10.1875911],[0.7945991,10.1917212],[0.793388,10.1926663],[0.7922038,10.193775],[0.7834116,10.2021407],[0.7825828,10.2028085],[0.7815072,10.2034632],[0.7804799,10.2039331],[0.7795572,10.2042182],[0.7785889,10.2044294],[0.769389,10.2062666],[0.7664144,10.2068263],[0.7653174,10.2069319],[0.7642472,10.2069451],[0.7578927,10.2064767],[0.7538498,10.2061696],[0.7525662,10.2060766],[0.7516247,10.2060924],[0.750474,10.2062191],[0.7495058,10.2064461],[0.7474807,10.2071246],[0.746032,10.2076014],[0.7446402,10.2080643],[0.743224,10.2085527],[0.7421297,10.2090331],[0.7412043,10.2095399],[0.7401931,10.2101946],[0.7385462,10.2113746],[0.733214,10.215181],[0.7317924,10.2161894],[0.7304031,10.2170657],[0.7283592,10.2182958],[0.7252237,10.2201542],[0.7247141,10.2204287],[0.7236707,10.2209236],[0.7222643,10.2215042],[0.7152425,10.2243377]]},"properties":{"fclass":"trunk"}},{"type":"Feature","geometry":{"type":"LineString","coordinates":[[1.164303,9.8103583],[1.1596244,9.8068749],[1.1557154,9.8033647],[1.1539631,9.8017283],[1.1516181,9.7987486],[1.1488229,9.7952905],[1.1465876,9.7926724],[1.1440744,9.7909042],[1.1426532,9.790127],[1.1392554,9.7885434],[1.1310889,9.7846536],[1.1275422,9.7825881],[1.1255841,9.7818091],[1.12412,9.7814852],[1.1218466,9.7805617],[1.1190066,9.7792135],[1.1157358,9.7777873]]},"properties":{"fclass":"secondary"}},{"type":"Feature","geometry":{"type":"LineString","coordinates":[[1.1117648,9.7635846],[1.1103127,9.7643454],[1.1091997,9.7649168]]},"properties":{"fclass":"secondary"}},{"type":"Feature","geometry":{"type":"LineString","coordinates":[[1.0461956,9.9585055],[1.0463136,9.9564792],[1.0464236,9.9556867],[1.0464773,9.9552693],[1.0465926,9.9538242],[1.0467643,9.951996],[1.0470366,9.9490934],[1.0471331,9.9479949]]},"properties":{"fclass":"primary"}},{"type":"Feature","geometry":{"type":"LineString","coordinates":[[1.2438154,9.3515233],[1.2425896,9.3532568],[1.2420693,9.3538814]]},"properties":{"fclass":"secondary"}},{"type":"Feature","geometry":{"type":"LineString","coordinates":[[0.0608232,10.6639878],[0.0582308,10.6632992],[0.0575012,10.6627879],[0.0556049,10.6619918],[0.0544128,10.6619859],[0.0529054,10.6625948],[0.0506094,10.6638995],[0.0501615,10.6641051],[0.0501642,10.6638125],[0.0506589,10.6619259],[0.0508144,10.6604472],[0.0502313,10.6587252],[0.0495833,10.6583911],[0.048033,10.658146],[0.046885,10.6565012],[0.0463593,10.6545848],[0.0453481,10.653852],[0.0449029,10.6534461],[0.0433901,10.6527607],[0.0420302,10.651854],[0.0409642,10.652188],[0.0378797,10.6522408],[0.0358627,10.6528312],[0.0321758,10.6556102],[0.0274444,10.6571233],[0.0234977,10.6570066],[0.0204561,10.6565321],[0.0080708,10.6558923],[0.0065017,10.6556419],[0.0042781,10.6556788],[0.0018642,10.6566488],[0.000464,10.6582356],[-0.0013733,10.6610772],[-0.0041628,10.6634811],[-0.0087145,10.6665993],[-0.0105116,10.6674138],[-0.0111472,10.6685076],[-0.0131938,10.6703897],[-0.0151518,10.6718895],[-0.0192288,10.6722084],[-0.0253147,10.670619],[-0.0275973,10.6709248],[-0.0312772,10.6723876],[-0.0336269,10.6734235],[-0.0362313,10.6725484],[-0.0346917,10.6686527],[-0.0347185,10.6651786],[-0.0349706,10.6618521],[-0.035212,10.6605816],[-0.0358665,10.6591582],[-0.0367087,10.6574396],[-0.0377441,10.6555575],[-0.0391334,10.6525841],[-0.040378,10.6501432],[-0.0417942,10.6463842],[-0.0430441,10.643163],[-0.0448787,10.6400208],[-0.0469977,10.6365147],[-0.0480276,10.6344533],[-0.0488752,10.6328558],[-0.0491327,10.6308998],[-0.0497335,10.6297715],[-0.0505543,10.6283057],[-0.0507528,10.626724],[-0.0510263,10.626181],[-0.0535262,10.6232442],[-0.0550121,10.6206607],[-0.0560099,10.6191422],[-0.0575388,10.6142914],[-0.0583756,10.6123142],[-0.058955,10.6109644],[-0.0593627,10.6096146],[-0.0595665,10.6085178],[-0.0600117,10.6067304],[-0.059647,10.6046529],[-0.0593573,10.6028812],[-0.059073,10.6004557],[-0.058853,10.5974502],[-0.0584883,10.5953937],[-0.0584346,10.5927783],[-0.0598615,10.5897516],[-0.0609934,10.5867618],[-0.0614709,10.5846684],[-0.061546,10.5837086],[-0.0615111,10.5824536],[-0.0615889,10.5820239],[-0.0617498,10.581167],[-0.0618625,10.5801018],[-0.0620663,10.5789839],[-0.06212,10.5782034],[-0.0622165,10.5772068],[-0.0627101,10.5749709],[-0.0629166,10.5743328]]},"properties":{"fclass":"secondary"}},{"type":"Feature","geometry":{"type":"LineString","coordinates":[[0.1029808,10.7131639],[0.1057679,10.7088245],[0.1110342,10.7030717],[0.1213881,10.6968222],[0.1397396,10.6837611],[0.1562467,10.6726362],[0.1604256,10.6692589],[0.1611337,10.6688714],[0.1612611,10.6685907],[0.163268,10.6667093],[0.1643014,10.6657888],[0.1675522,10.6629908],[0.1713046,10.6598938],[0.1731326,10.6584939],[0.1735389,10.6583239],[0.1742685,10.6586099]]},"properties":{"fclass":"secondary"}},{"type":"Feature","geometry":{"type":"LineString","coordinates":[[1.2295201,9.5759668],[1.2281124,9.5734746],[1.2272805,9.5718697],[1.2268518,9.5711683],[1.2258873,9.5699623],[1.2247994,9.5687443],[1.2235997,9.5673916],[1.2228436,9.5665631],[1.2221727,9.5659182],[1.2215618,9.5653566],[1.2201221,9.564117],[1.2196206,9.5636515]]},"properties":{"fclass":"primary"}},{"type":"Feature","geometry":{"type":"LineString","coordinates":[[1.269788,9.5157395],[1.2610692,9.5192387],[1.2582961,9.520004],[1.2546573,9.5205434],[1.2509893,9.5212004],[1.2481828,9.5217199],[1.2472138,9.5221738],[1.2447971,9.5233695],[1.2427667,9.5243826],[1.2416804,9.5246948],[1.2379309,9.5249866],[1.2349861,9.524859],[1.2326507,9.5248442],[1.2308845,9.5249725],[1.2287649,9.5251633],[1.226538,9.5253256],[1.2250882,9.5253719],[1.2245406,9.5253829]]},"properties":{"fclass":"secondary"}},{"type":"Feature","geometry":{"type":"LineString","coordinates":[[1.0091127,8.3442022],[1.0088633,8.3438161],[1.0085113,8.3434717],[1.0078615,8.3432416],[1.0073894,8.3432787],[1.005414,8.3435269],[1.0038838,8.3437364],[1.0020518,8.3439143],[1.0011131,8.3437112],[0.9997411,8.3428156],[0.9982243,8.3416917],[0.9960102,8.3400901],[0.9945564,8.3390339],[0.99277,8.3376512],[0.9890663,8.3344635],[0.9868968,8.3324341],[0.9853229,8.3309489],[0.984585,8.3302512],[0.9836468,8.3293015],[0.9830983,8.3287811],[0.9816335,8.3273647],[0.9800121,8.3258944],[0.9778442,8.3239252],[0.9769028,8.3230235]]},"properties":{"fclass":"secondary"}},{"type":"Feature","geometry":{"type":"LineString","coordinates":[[0.4638666,10.3073984],[0.4641425,10.3086399]]},"properties":{"fclass":"trunk"}},{"type":"Feature","geometry":{"type":"LineString","coordinates":[[0.3971575,10.5929361],[0.3974529,10.586033],[0.3970259,10.5815532],[0.3960627,10.576552],[0.3916297,10.5682515],[0.3839609,10.5546064],[0.3780123,10.543949],[0.3664126,10.5274],[0.3590472,10.5184699],[0.3567542,10.5133758],[0.3561506,10.5116195],[0.353712,10.5064193],[0.3526005,10.5038574]]},"properties":{"fclass":"secondary"}},{"type":"Feature","geometry":{"type":"LineString","coordinates":[[1.1801264,9.5642479],[1.1804565,9.5634773],[1.1810204,9.5622443],[1.1821754,9.5596369],[1.1821986,9.5595842]]},"properties":{"fclass":"secondary"}},{"type":"Feature","geometry":{"type":"LineString","coordinates":[[1.2196206,9.5636515],[1.2184725,9.5628541],[1.2171186,9.5621914],[1.2161029,9.5616944],[1.2150165,9.5610436],[1.2140931,9.5603362]]},"properties":{"fclass":"primary"}},{"type":"Feature","geometry":{"type":"LineString","coordinates":[[1.1983996,9.549153],[1.1982177,9.5490756]]},"properties":{"fclass":"primary"}},{"type":"Feature","geometry":{"type":"LineString","coordinates":[[0.6313585,6.9066311],[0.6323124,6.9060793]]},"properties":{"fclass":"secondary"}},{"type":"Feature","geometry":{"type":"LineString","coordinates":[[1.2379645,6.1279451],[1.2379079,6.1280946],[1.2377397,6.12872],[1.2376551,6.1290361],[1.2375314,6.1294998],[1.2373659,6.1300825],[1.2368672,6.1313267],[1.2363852,6.1322836],[1.2359365,6.1327225],[1.2347998,6.1335712],[1.2344948,6.1338012],[1.2340148,6.1341544],[1.2330045,6.1348988],[1.2328305,6.1350244]]},"properties":{"fclass":"trunk"}},{"type":"Feature","geometry":{"type":"LineString","coordinates":[[1.2218886,6.1368033],[1.2219798,6.1367098],[1.2220772,6.1366867]]},"properties":{"fclass":"trunk"}},{"type":"Feature","geometry":{"type":"LineString","coordinates":[[1.2262987,6.1233038],[1.2262498,6.123415]]},"properties":{"fclass":"secondary"}},{"type":"Feature","geometry":{"type":"LineString","coordinates":[[1.2194994,6.1507434],[1.2181547,6.1504897]]},"properties":{"fclass":"secondary"}},{"type":"Feature","geometry":{"type":"LineString","coordinates":[[1.2155222,6.133757],[1.2145607,6.1344552],[1.2136641,6.1350951],[1.2127066,6.1358266],[1.2119029,6.1364409],[1.2112478,6.1369526],[1.2110274,6.1372219],[1.2110023,6.1372876]]},"properties":{"fclass":"trunk"}},{"type":"Feature","geometry":{"type":"LineString","coordinates":[[1.2108648,6.1372385],[1.2110059,6.1363714],[1.211295,6.1350865],[1.211706,6.1331619],[1.2118002,6.1325769],[1.2120487,6.131389],[1.2121536,6.1308898],[1.2121641,6.130829]]},"properties":{"fclass":"trunk"}},{"type":"Feature","geometry":{"type":"LineString","coordinates":[[1.2018323,6.1592595],[1.2022237,6.159287],[1.2034718,6.159372],[1.2047938,6.1594771],[1.2059478,6.1595638],[1.2064487,6.1596271],[1.2067005,6.1597745],[1.2074601,6.1603176],[1.2079992,6.1607076],[1.209221,6.1615762],[1.2093008,6.1616256]]},"properties":{"fclass":"secondary"}},{"type":"Feature","geometry":{"type":"LineString","coordinates":[[1.2292408,6.1439659],[1.2291102,6.1432457],[1.2286663,6.1406455],[1.228331,6.138772],[1.2281151,6.137542],[1.2279844,6.1367846],[1.227916,6.1364245]]},"properties":{"fclass":"trunk"}},{"type":"Feature","geometry":{"type":"LineString","coordinates":[[1.2092187,6.1942389],[1.2090996,6.1941738],[1.2090343,6.1940722]]},"properties":{"fclass":"trunk"}},{"type":"Feature","geometry":{"type":"LineString","coordinates":[[1.2227975,6.1648016],[1.2232941,6.1636206],[1.2237937,6.1624832],[1.2242401,6.1616135],[1.2252723,6.1597192],[1.2256107,6.1591021],[1.2262929,6.157831],[1.2267611,6.1569808],[1.2273248,6.1559121]]},"properties":{"fclass":"trunk"}},{"type":"Feature","geometry":{"type":"LineString","coordinates":[[1.2086959,6.2067331],[1.2087388,6.208453],[1.2087804,6.2116488],[1.2088072,6.2132033],[1.2087871,6.2145377],[1.2087791,6.2157958],[1.2088114,6.2167457],[1.2088193,6.2175602],[1.2088508,6.2188995],[1.2089574,6.220344],[1.2090809,6.2209485],[1.2092008,6.2216565],[1.2094719,6.2227956],[1.2101882,6.2244269],[1.2106124,6.2253619],[1.2107787,6.2257862],[1.2109549,6.2265727],[1.2110468,6.2275086],[1.2110193,6.228407],[1.2109516,6.2291524],[1.2107451,6.2309109],[1.2106486,6.2322501],[1.2105721,6.2329907],[1.2105761,6.2342532],[1.2105641,6.2353451],[1.210552,6.2369075],[1.2105574,6.2375021]]},"properties":{"fclass":"trunk"}},{"type":"Feature","geometry":{"type":"LineString","coordinates":[[1.210485,6.2346825],[1.2104984,6.233208],[1.2105882,6.2318908],[1.2106929,6.2304483],[1.2108797,6.2290285],[1.2109423,6.2280966],[1.2109465,6.2271302],[1.2108169,6.2262268],[1.2105548,6.2254027],[1.2098888,6.2239884],[1.2094929,6.2231943],[1.2092665,6.2224172],[1.2089409,6.2211543],[1.2088582,6.2206853],[1.2087492,6.2195189],[1.2087112,6.2175607],[1.2086718,6.2154618],[1.208704,6.2140312],[1.2087019,6.2115585],[1.208653,6.2093409],[1.2086114,6.2074437],[1.2085779,6.2053146],[1.2085243,6.2030054],[1.2085296,6.2016948],[1.2086476,6.1995869],[1.2087248,6.198169]]},"properties":{"fclass":"trunk"}},{"type":"Feature","geometry":{"type":"LineString","coordinates":[[1.2069477,6.1853943],[1.2070159,6.1853531],[1.2070696,6.1853557]]},"properties":{"fclass":"primary"}},{"type":"Feature","geometry":{"type":"LineString","coordinates":[[1.2196507,6.1295363],[1.2199842,6.1285594],[1.2205691,6.1268033],[1.2213786,6.124471],[1.2214316,6.1243143],[1.2214716,6.1242013],[1.2216411,6.123713],[1.2216981,6.1235438],[1.2220759,6.1223707],[1.222144,6.1221423],[1.2221711,6.1220407]]},"properties":{"fclass":"secondary"}},{"type":"Feature","geometry":{"type":"LineString","coordinates":[[1.2447728,6.1522234],[1.2448404,6.1523185],[1.2448102,6.1524311]]},"properties":{"fclass":"secondary"}},{"type":"Feature","geometry":{"type":"LineString","coordinates":[[1.2447401,6.15202],[1.2447542,6.15161],[1.2445558,6.1506941]]},"properties":{"fclass":"secondary"}},{"type":"Feature","geometry":{"type":"LineString","coordinates":[[1.2413378,6.1724356],[1.2412185,6.1725164]]},"properties":{"fclass":"secondary"}},{"type":"Feature","geometry":{"type":"LineString","coordinates":[[1.2448395,6.2116663],[1.2453885,6.212878],[1.2465325,6.2145657],[1.2475251,6.2159344],[1.2482849,6.2169811],[1.2491189,6.2180666],[1.250658,6.2200274],[1.2519004,6.2216074],[1.2555876,6.2264241],[1.2557332,6.2267741]]},"properties":{"fclass":"secondary"}},{"type":"Feature","geometry":{"type":"LineString","coordinates":[[1.2131306,6.1486951],[1.2121513,6.1485502],[1.2111253,6.1483922],[1.2091021,6.1480788],[1.2082548,6.1476659],[1.2068063,6.1468284],[1.2052942,6.1459998],[1.2047818,6.1456751]]},"properties":{"fclass":"secondary"}},{"type":"Feature","geometry":{"type":"LineString","coordinates":[[1.3261645,6.1643561],[1.3259548,6.164209],[1.3253949,6.1640556],[1.3240075,6.1636656],[1.3218717,6.1630651],[1.3198822,6.1625523],[1.3178276,6.1620177],[1.3161204,6.1615562],[1.3145768,6.1611296],[1.3134703,6.1608501],[1.312293,6.1605296],[1.3108968,6.1601029],[1.3100721,6.1598042],[1.3064363,6.1583735],[1.3051086,6.1578589],[1.30408,6.1574389],[1.3013321,6.1563898],[1.299253,6.1556063],[1.2982476,6.1552548],[1.2969739,6.1548159],[1.2968226,6.1547964]]},"properties":{"fclass":"trunk"}},{"type":"Feature","geometry":{"type":"LineString","coordinates":[[1.603369,6.2300054],[1.6033387,6.2308749]]},"properties":{"fclass":"trunk"}},{"type":"Feature","geometry":{"type":"LineString","coordinates":[[1.2557332,6.2267741],[1.2559379,6.2272841]]},"properties":{"fclass":"secondary"}},{"type":"Feature","geometry":{"type":"LineString","coordinates":[[1.323241,6.3129339],[1.3295978,6.3187802],[1.3350078,6.3238428],[1.3360271,6.3245892],[1.3368483,6.3251842],[1.3373145,6.3256583],[1.3377678,6.326354],[1.3386905,6.3278549],[1.3408604,6.3311046],[1.3419387,6.3326161],[1.3423749,6.3329839],[1.3431189,6.3333155],[1.3437076,6.333413],[1.3441349,6.3333967],[1.3447318,6.3332572],[1.345182,6.3330468],[1.3467627,6.3319175],[1.3485617,6.330618],[1.3492524,6.3301596],[1.3496549,6.329874],[1.3500441,6.3294458],[1.3504038,6.3287731],[1.3506819,6.3282659],[1.3508835,6.328],[1.3514959,6.3274895],[1.3522664,6.3271539],[1.3549742,6.3265806]]},"properties":{"fclass":"secondary"}},{"type":"Feature","geometry":{"type":"LineString","coordinates":[[1.4292715,6.3821276],[1.4299205,6.382529],[1.430473,6.3827769],[1.4347229,6.3841179],[1.4357784,6.3844589],[1.4365,6.3846401],[1.4370149,6.3848187],[1.437436,6.3849626],[1.4393485,6.3854958],[1.4417785,6.3860955],[1.4422694,6.3862021],[1.4434415,6.3862181],[1.4439001,6.3862581],[1.4443186,6.3863167],[1.4445975,6.3863594],[1.4450374,6.3863594],[1.4457375,6.3861061],[1.4467889,6.3852398],[1.4473709,6.3849013],[1.4482373,6.3846934],[1.4495569,6.3845815],[1.4519012,6.3843576],[1.4535025,6.3841736],[1.4543306,6.3839909],[1.4562585,6.3835802],[1.4563586,6.3835577]]},"properties":{"fclass":"secondary"}},{"type":"Feature","geometry":{"type":"LineString","coordinates":[[1.4563586,6.3835577],[1.4615169,6.3824783],[1.4625137,6.3822227],[1.466656,6.380767],[1.4726669,6.3790904],[1.4734098,6.3788185],[1.4744908,6.3781814],[1.4787508,6.3753493]]},"properties":{"fclass":"secondary"}},{"type":"Feature","geometry":{"type":"LineString","coordinates":[[0.1537744,10.7178014],[0.1480414,10.7163182],[0.143374,10.7137301],[0.1407994,10.7116751],[0.1376649,10.7105858],[0.1284662,10.7088774],[0.1216349,10.7074962],[0.1125666,10.7020921]]},"properties":{"fclass":"secondary"}},{"type":"Feature","geometry":{"type":"LineString","coordinates":[[0.578794,6.9491784],[0.5787023,6.94886],[0.578816,6.948568],[0.579546,6.947935],[0.579911,6.947313],[0.579654,6.946561],[0.5782561,6.9450211],[0.578187,6.9448737],[0.5782299,6.9447572],[0.5783277,6.9447133],[0.5785366,6.9448815],[0.5796824,6.9460377],[0.580355,6.946725],[0.580565,6.947213],[0.58171,6.947488],[0.5829693,6.9481646],[0.5839491,6.9487339],[0.584818,6.949537],[0.585988,6.950193],[0.586521,6.9510386],[0.5867287,6.9512066],[0.58762,6.950917],[0.588303,6.951127],[0.589268,6.952134],[0.589792,6.9523134],[0.5902174,6.9520806],[0.59046,6.951567],[0.5904196,6.9509808],[0.5905428,6.9506462],[0.5907341,6.9506369],[0.5914899,6.9512134],[0.5919117,6.9513321],[0.5920388,6.951281],[0.5922064,6.9509019],[0.5925225,6.9506576],[0.5933341,6.9507654],[0.5938357,6.9506562],[0.5946484,6.9506136],[0.595312,6.950776],[0.5956886,6.9509391],[0.5960085,6.9508607],[0.596761,6.951183],[0.5973682,6.9514949],[0.5977358,6.9514579],[0.5978655,6.9511928],[0.597776,6.950086],[0.598291,6.949524],[0.598771,6.948735],[0.5990254,6.9481441],[0.5998439,6.9477035],[0.600609,6.947208],[0.602002,6.945449],[0.6029598,6.9446652],[0.6030118,6.9444055],[0.6027272,6.9441703],[0.600593,6.943497],[0.6000283,6.9432713],[0.599272,6.943003],[0.5989574,6.9427905],[0.5989809,6.9425112]]},"properties":{"fclass":"secondary"}},{"type":"Feature","geometry":{"type":"LineString","coordinates":[[0.5139853,6.9710011],[0.5143139,6.9708193],[0.5147157,6.9705128],[0.5148377,6.9703677],[0.514925,6.9701703],[0.5150181,6.9697554],[0.5150598,6.9695777],[0.515124,6.9693036],[0.5152616,6.9690698],[0.5154686,6.9689599],[0.5157201,6.9689327],[0.5160599,6.9689735],[0.5164611,6.9690743],[0.516997,6.9692574],[0.5176067,6.9692944],[0.5178393,6.9693323],[0.5183524,6.9696359],[0.5187012,6.9698167],[0.5191193,6.9699546],[0.5195889,6.9701272],[0.5198114,6.9701575],[0.5200566,6.969973],[0.5203878,6.9695461],[0.5207296,6.969153],[0.5209615,6.9688153],[0.5210513,6.9687337]]},"properties":{"fclass":"secondary"}},{"type":"Feature","geometry":{"type":"LineString","coordinates":[[0.4713288,10.3570676],[0.4713806,10.3571404],[0.4713866,10.3572343],[0.4713484,10.3573087],[0.4712678,10.3573597],[0.4711719,10.3573603],[0.4710828,10.357301],[0.471047,10.3572012],[0.4710861,10.3570901],[0.4711543,10.3570408],[0.471246,10.3570306],[0.4713288,10.3570676]]},"properties":{"fclass":"trunk"}},{"type":"Feature","geometry":{"type":"LineString","coordinates":[[0.4655456,10.363446],[0.4658993,10.3630488],[0.4669109,10.3622615],[0.4681139,10.3615366],[0.469235,10.3608776],[0.4702047,10.3602899],[0.4706861,10.3599588],[0.4709704,10.3596553],[0.4713164,10.3590551],[0.471417,10.3584588],[0.4713231,10.35772],[0.4711719,10.3573603]]},"properties":{"fclass":"trunk"}},{"type":"Feature","geometry":{"type":"LineString","coordinates":[[0.1348078,10.9417791],[0.1314014,10.9421661],[0.1286376,10.9421988],[0.1247499,10.9439315],[0.1214683,10.9461866],[0.1135864,10.9520884],[0.1098402,10.9541235],[0.1068291,10.956289],[0.1044125,10.9590437]]},"properties":{"fclass":"secondary"}},{"type":"Feature","geometry":{"type":"LineString","coordinates":[[0.3582928,10.9064157],[0.358445,10.9062873],[0.3614314,10.9057731],[0.3632665,10.9055828],[0.3668696,10.9053143],[0.3698349,10.9052248],[0.3740401,10.9057554],[0.3801001,10.9062644],[0.3820525,10.9063025],[0.3835648,10.9058402],[0.385211,10.9044923],[0.3882185,10.9007911],[0.3937108,10.8942629],[0.3960414,10.8917522],[0.3963212,10.8886079],[0.3969031,10.8858664],[0.3993872,10.8838746],[0.4008174,10.8828814],[0.4014797,10.8817597],[0.4055752,10.8792308],[0.4073879,10.8775076],[0.4081712,10.8747661],[0.4100393,10.8664398],[0.4112843,10.8585132],[0.4125688,10.8505066],[0.4126031,10.8435805],[0.4135445,10.8368102],[0.4141588,10.8323895],[0.4157198,10.8253741],[0.4159934,10.8243203],[0.416012,10.8233636]]},"properties":{"fclass":"secondary"}},{"type":"Feature","geometry":{"type":"LineString","coordinates":[[0.246492,9.5538653],[0.2487025,9.5542319],[0.2508077,9.5545196],[0.2520985,9.5546999],[0.253462,9.5549341],[0.254959,9.555279],[0.2569537,9.5556773],[0.2598223,9.5562193],[0.2621538,9.556668],[0.2644043,9.5572205],[0.2679147,9.5580229],[0.2691806,9.5581354],[0.2707964,9.5581117],[0.2721663,9.5580286],[0.2732335,9.5577577],[0.2741837,9.5573249],[0.2758957,9.5565496],[0.2769591,9.5560788],[0.2781405,9.555551],[0.2796848,9.5548692],[0.2818808,9.5542103],[0.2839592,9.5536145],[0.2856238,9.55318],[0.2865595,9.5529243],[0.2882286,9.5522725],[0.2896284,9.5517154],[0.2914109,9.5508591],[0.2933841,9.5498362],[0.2948085,9.5490945],[0.2973007,9.5483929],[0.2991423,9.5479406],[0.2999808,9.5477133],[0.3010571,9.5474293],[0.3015321,9.5473083],[0.3023736,9.5470644],[0.3030757,9.5469105],[0.3037082,9.5467864],[0.3039249,9.5467574],[0.304229,9.5466722],[0.3056806,9.5463894],[0.3074862,9.5457617],[0.3091834,9.5451118],[0.3106773,9.5444814],[0.3115483,9.5440905],[0.3129341,9.5433625],[0.3137654,9.5428658],[0.3143539,9.5425003],[0.3158111,9.5416529],[0.3176307,9.5406728],[0.319614,9.5395785],[0.3213045,9.5387947],[0.3226345,9.5383905],[0.3239309,9.538169],[0.3247767,9.5381292],[0.3258603,9.5381714],[0.3274293,9.5382559],[0.3296339,9.5382787],[0.3317323,9.5382856],[0.3345999,9.5382967],[0.3357513,9.538252],[0.3364362,9.5382047],[0.3375055,9.5381378],[0.3389106,9.5380611],[0.3397577,9.5380326],[0.3409408,9.5379891],[0.3422967,9.5381378],[0.343988,9.5384418],[0.3453951,9.5387777],[0.3469382,9.539062],[0.3491483,9.5393942],[0.3506254,9.5396959],[0.3518207,9.5399499],[0.3549407,9.5406332],[0.3571134,9.5410083],[0.3602091,9.541516],[0.3629222,9.5421741],[0.3645604,9.5425448],[0.3664198,9.5429925],[0.3681189,9.5434145],[0.3701365,9.543985],[0.3711837,9.5440712],[0.3721644,9.5440294],[0.374791,9.5438919],[0.3766891,9.5440086],[0.3783688,9.5442993],[0.3803606,9.5446356],[0.382383,9.5449559],[0.3832813,9.5452531],[0.3851974,9.5462488],[0.3880396,9.5477391],[0.3894598,9.548551],[0.389989,9.5486444],[0.3906796,9.5484574],[0.3931261,9.5471415],[0.3946816,9.5463871],[0.3963632,9.546325]]},"properties":{"fclass":"secondary"}},{"type":"Feature","geometry":{"type":"LineString","coordinates":[[1.1919395,9.5399092],[1.19225,9.5395884],[1.1935851,9.5389952],[1.1953791,9.5382766],[1.1963484,9.5379193],[1.196699,9.5380551]]},"properties":{"fclass":"secondary"}},{"type":"Feature","geometry":{"type":"LineString","coordinates":[[1.0423854,9.9597499],[1.0415608,9.960368],[1.0406247,9.9609888],[1.0387492,9.9621148],[1.0365045,9.963479],[1.0341517,9.9648938],[1.0320738,9.9661772],[1.0307112,9.9670278],[1.0299938,9.9675347],[1.0285252,9.968671],[1.0157338,9.9797898],[1.014685,9.980746],[1.0140547,9.9814144],[1.0134914,9.9820959],[1.0008717,9.9985025],[1.0002011,9.9992844],[0.9993911,10.000024],[0.9886676,10.009055],[0.981777,10.014866],[0.9781855,10.017539],[0.9745029,10.0201883],[0.9736553,10.0206901],[0.9698874,10.0225556]]},"properties":{"fclass":"trunk"}},{"type":"Feature","geometry":{"type":"LineString","coordinates":[[1.1451155,9.6241172],[1.144253,9.6233868],[1.1422294,9.6217596],[1.1418617,9.6215247],[1.1415146,9.6213762],[1.1394504,9.6208123],[1.138249,9.6204678],[1.1375839,9.620321],[1.1368972,9.6202827],[1.1361837,9.6202959],[1.1336035,9.6203263],[1.1334529,9.6203272]]},"properties":{"fclass":"trunk"}},{"type":"Feature","geometry":{"type":"LineString","coordinates":[[1.1398343,8.9827846],[1.1399569,8.9832206],[1.1400133,8.9835836],[1.1400021,8.9843653],[1.1401266,8.9851241],[1.1402647,8.9858924],[1.1402207,8.9861654],[1.1400117,8.9866427],[1.139555,8.9875902],[1.1385663,8.9896625],[1.1381313,8.990641],[1.1380145,8.991025],[1.1378505,8.9921033],[1.1374767,8.993354],[1.1363132,8.9968213]]},"properties":{"fclass":"trunk"}},{"type":"Feature","geometry":{"type":"LineString","coordinates":[[1.1490863,7.5590776],[1.1488397,7.5588723],[1.1485914,7.5587288]]},"properties":{"fclass":"primary"}},{"type":"Feature","geometry":{"type":"LineString","coordinates":[[1.1966528,9.5381415],[1.1963832,9.5388094],[1.1962625,9.5395474],[1.1962491,9.5399733],[1.1963269,9.5404997],[1.1965388,9.5412482],[1.1967808,9.5419639]]},"properties":{"fclass":"trunk"}},{"type":"Feature","geometry":{"type":"LineString","coordinates":[[0.5989809,6.9425112],[0.601847,6.9378719],[0.6049468,6.9328111],[0.6061269,6.9307796],[0.6069678,6.9299216],[0.6083518,6.9285777],[0.6092812,6.9279532],[0.6107028,6.9272876],[0.6120597,6.9266489],[0.6130867,6.9261803],[0.6137972,6.9257963],[0.6144947,6.9253259],[0.6160168,6.9241589],[0.6165094,6.923785],[0.6175231,6.9230092],[0.6189558,6.9219084],[0.6211658,6.9201965],[0.6224161,6.9192393],[0.6237067,6.91824],[0.623835,6.9181534]]},"properties":{"fclass":"secondary"}},{"type":"Feature","geometry":{"type":"LineString","coordinates":[[1.0890251,9.8694675],[1.0887384,9.8706739],[1.0887086,9.8714943],[1.0888527,9.8733937],[1.0888776,9.8748608],[1.088832,9.8764199],[1.088825,9.8777923],[1.0887839,9.87909],[1.0884621,9.8803167],[1.0878396,9.8821804],[1.0863215,9.8863686],[1.0861468,9.8874058],[1.0865134,9.8897536],[1.086867,9.89177],[1.0873734,9.8956051],[1.0875902,9.8964474],[1.0880095,9.8976428],[1.0883938,9.8987568],[1.0892531,9.9022912],[1.0894784,9.9035092],[1.0894945,9.9042306],[1.0893041,9.904763],[1.0888749,9.9056204],[1.0886335,9.9064289],[1.0885558,9.9073378],[1.0886174,9.9080565],[1.0890027,9.909016],[1.0895384,9.9100474],[1.0904813,9.9117159],[1.0910114,9.9126821],[1.091576,9.9130686],[1.0929203,9.9138536],[1.0939439,9.9144685],[1.0942149,9.9151911],[1.0940879,9.9155033],[1.0937297,9.9160128],[1.0938671,9.9164359],[1.0941988,9.9166784],[1.0942992,9.9169013],[1.0942819,9.9172607],[1.0944931,9.9177582],[1.0949425,9.9184487],[1.0952786,9.9192319],[1.0953963,9.9198908],[1.0955606,9.9204258],[1.0955575,9.9207412],[1.0950935,9.9210599],[1.0938853,9.9216437],[1.0935353,9.9218736],[1.0927597,9.9226474],[1.0906314,9.9251805],[1.0887697,9.9274124],[1.0867052,9.9298206],[1.085099,9.9316967],[1.0822324,9.9351168],[1.0815711,9.9357505],[1.0810979,9.9360759],[1.0790849,9.93713],[1.0784465,9.9375157],[1.0774998,9.938291],[1.0749609,9.9404909],[1.0738867,9.9413598],[1.07272,9.9422158],[1.0719234,9.9428657],[1.0710336,9.9437691],[1.0666625,9.9482544],[1.0658529,9.9490885]]},"properties":{"fclass":"trunk"}},{"type":"Feature","geometry":{"type":"LineString","coordinates":[[1.1967808,9.5419639],[1.1971329,9.543035]]},"properties":{"fclass":"trunk"}},{"type":"Feature","geometry":{"type":"LineString","coordinates":[[1.1971329,9.543035],[1.1974105,9.5438761],[1.1975406,9.5444686],[1.197613,9.5449461],[1.1976372,9.5453666],[1.1976728,9.5463016],[1.1977167,9.5472232],[1.1977725,9.5485285]]},"properties":{"fclass":"trunk"}},{"type":"Feature","geometry":{"type":"LineString","coordinates":[[1.1323712,9.6508831],[1.1323589,9.6522927],[1.1324984,9.6530305],[1.1335115,9.6565273],[1.1338207,9.6575534],[1.1342257,9.6589958],[1.1346307,9.6596278],[1.1351645,9.6600931],[1.1366853,9.6609102],[1.1372888,9.6614707],[1.1375543,9.6620419],[1.1376563,9.6626117],[1.1378333,9.6643991],[1.1379151,9.6651633],[1.1381069,9.6664999],[1.1387609,9.6705239],[1.1389451,9.671759],[1.1390058,9.6725853],[1.1389303,9.6731313],[1.1387426,9.6736707],[1.1378964,9.6748055],[1.1355776,9.6777769],[1.1351934,9.6785361],[1.1346321,9.6799966],[1.134278,9.6806021],[1.1335471,9.6815645],[1.133287,9.6821197],[1.1331139,9.6826789],[1.1329946,9.6836625],[1.1328819,9.68426],[1.1326016,9.6848946],[1.1307013,9.6887812],[1.1276937,9.6952018],[1.1276136,9.6953803]]},"properties":{"fclass":"trunk"}},{"type":"Feature","geometry":{"type":"LineString","coordinates":[[1.2025827,9.2663117],[1.2032604,9.2674993],[1.2051339,9.2702013],[1.2065872,9.2725212],[1.2067653,9.2734],[1.2069665,9.2741514],[1.2072493,9.2744197],[1.2077048,9.2745792],[1.2080857,9.2745157],[1.2086745,9.2742366],[1.2090293,9.2742371],[1.2099506,9.2744439],[1.2103653,9.274502],[1.2106922,9.2744252],[1.2112492,9.2746848],[1.2115059,9.2747713],[1.2117016,9.274723],[1.2118199,9.2745955],[1.2118485,9.274409],[1.2119287,9.2742373],[1.2121231,9.274197],[1.2124045,9.2743647],[1.2128219,9.2745995],[1.213159,9.2746304],[1.2141311,9.2745351],[1.2149136,9.2746308],[1.2151793,9.2746224],[1.2155153,9.2744681],[1.2161268,9.2738213],[1.2161567,9.2735718],[1.2160548,9.2732524],[1.2161431,9.2731451],[1.2163607,9.2731947],[1.217746,9.274492],[1.2190506,9.2748466],[1.22054,9.2757055],[1.2209621,9.2755947],[1.2212121,9.275121]]},"properties":{"fclass":"trunk"}},{"type":"Feature","geometry":{"type":"LineString","coordinates":[[1.0760473,9.8254072],[1.0758223,9.8256519]]},"properties":{"fclass":"trunk"}},{"type":"Feature","geometry":{"type":"LineString","coordinates":[[1.1331722,9.6203247],[1.1305645,9.6203753],[1.1297411,9.6205154],[1.1280897,9.6209631],[1.1265439,9.6213537],[1.1249426,9.6217689],[1.1135983,9.6246544]]},"properties":{"fclass":"primary"}},{"type":"Feature","geometry":{"type":"LineString","coordinates":[[1.2908735,9.3570334],[1.2870205,9.3566549],[1.2840513,9.3562553],[1.2831529,9.3561],[1.2805108,9.3554243],[1.2765062,9.3547547],[1.2755272,9.3545059],[1.2738347,9.353622],[1.2732366,9.3533864],[1.2726331,9.3533812],[1.2717855,9.3534261],[1.2711901,9.3536617],[1.2703918,9.3540793],[1.2672364,9.3557048],[1.2666062,9.3558345],[1.2657703,9.3555823],[1.2641089,9.354955],[1.2631676,9.3546515],[1.2623409,9.354495],[1.2610403,9.3545178],[1.2599832,9.3545026],[1.2572649,9.35445],[1.2560879,9.3543829],[1.2546226,9.3542938],[1.2536994,9.3543286],[1.2529279,9.354152],[1.2514939,9.3536665],[1.2501148,9.3531822],[1.2500784,9.3531672]]},"properties":{"fclass":"secondary"}},{"type":"Feature","geometry":{"type":"LineString","coordinates":[[1.1914414,9.5421866],[1.1917492,9.540751]]},"properties":{"fclass":"secondary"}},{"type":"Feature","geometry":{"type":"LineString","coordinates":[[1.1463658,7.5173422],[1.1454677,7.5176093]]},"properties":{"fclass":"primary"}},{"type":"Feature","geometry":{"type":"LineString","coordinates":[[1.2403428,9.3615955],[1.2397204,9.3627183],[1.2374988,9.3668148],[1.2370844,9.3676431],[1.236607,9.3691383],[1.2343901,9.3758258],[1.2341085,9.3767891],[1.2340683,9.3777497],[1.2345065,9.3826363],[1.2347347,9.3853822],[1.234594,9.3862233],[1.234327,9.3868642],[1.2326494,9.3896528],[1.2321639,9.3907166],[1.2286234,9.3989411],[1.228264,9.3996291],[1.225394,9.403699],[1.2228097,9.4072527],[1.222494,9.407977],[1.2221405,9.4098195],[1.2220305,9.4107721],[1.2221324,9.4115686],[1.2225804,9.4134817],[1.222693,9.4142914],[1.2223738,9.4173423],[1.2220493,9.4200307],[1.2211078,9.4232721],[1.2207136,9.4242432],[1.2202495,9.4250608],[1.2195575,9.4259154],[1.21467,9.431058],[1.2131363,9.4329431],[1.2128359,9.4335967],[1.2127233,9.4342423],[1.2130639,9.4374333],[1.2131014,9.4383249],[1.2130172,9.4395709],[1.2126136,9.4445906],[1.2124389,9.4465192],[1.212271,9.447388],[1.211696,9.4493264],[1.2115887,9.4499244],[1.211631,9.450514],[1.211887,9.451286],[1.2120795,9.451623],[1.2126211,9.4523687],[1.2135279,9.4536761],[1.2138364,9.4543058],[1.2140831,9.4550969],[1.2144721,9.4564065],[1.2146786,9.4571421],[1.2150806,9.4588957],[1.2157086,9.4615631],[1.2158158,9.4622721],[1.2158212,9.4629759],[1.2153384,9.4663809],[1.2149361,9.4689948],[1.2147215,9.4702304],[1.2144855,9.4709844],[1.2140965,9.4716749],[1.2125516,9.4739607],[1.2119535,9.4748867],[1.2116115,9.4755653],[1.2109714,9.4776022],[1.20993,9.4810699],[1.2086812,9.4853446],[1.2086061,9.4861357],[1.2086195,9.487006],[1.2088475,9.4917732],[1.2089212,9.4936938],[1.2090183,9.4961144],[1.2090709,9.4974054],[1.209172,9.5003075],[1.2090484,9.5035296],[1.2089931,9.5049026],[1.2089237,9.5065852],[1.2088501,9.5085399],[1.208836,9.5096058],[1.2088743,9.5110477],[1.2090379,9.5124709],[1.209176,9.5150025],[1.2092046,9.5158703],[1.2089306,9.5176636],[1.2085256,9.5196926],[1.2082815,9.5205576],[1.2080696,9.5211713],[1.2072784,9.5234224],[1.2068613,9.5242649],[1.2064362,9.5248667],[1.2057066,9.5258587],[1.2050253,9.5267686],[1.203368,9.5289683],[1.2012678,9.5318336],[1.200415,9.5329661],[1.1997246,9.5338786],[1.1994914,9.5342057],[1.1987972,9.5351512],[1.1981079,9.5360929],[1.1973783,9.537061],[1.196699,9.5380551],[1.1966528,9.5381415]]},"properties":{"fclass":"trunk"}},{"type":"Feature","geometry":{"type":"LineString","coordinates":[[1.1882528,9.5614714],[1.1854093,9.5625066],[1.1832813,9.5633183],[1.1810893,9.5641474],[1.1805193,9.5644569],[1.1799145,9.5650692],[1.1787398,9.5674476],[1.1762151,9.5731324],[1.1755599,9.5746331],[1.17466,9.5766167],[1.1740123,9.5781118],[1.1737119,9.5787789]]},"properties":{"fclass":"trunk"}},{"type":"Feature","geometry":{"type":"LineString","coordinates":[[1.1977734,9.5489616],[1.1976907,9.5489535],[1.1976487,9.5488828],[1.197682,9.5488077],[1.1977347,9.5487874],[1.1978109,9.5488203],[1.1978287,9.5489003],[1.1978027,9.5489422],[1.1977734,9.5489616]]},"properties":{"fclass":"trunk"}},{"type":"Feature","geometry":{"type":"LineString","coordinates":[[1.6795345,6.5914801],[1.6780838,6.5902021],[1.6761285,6.5884142],[1.6754633,6.5875989],[1.6749939,6.5866849],[1.6738915,6.5838845],[1.6730252,6.581681],[1.6716734,6.5782437],[1.6702625,6.5746412],[1.669246,6.5720246],[1.6690046,6.5715776],[1.6684104,6.5710893],[1.666254,6.5701354],[1.6655888,6.5697291],[1.6651113,6.5691069],[1.6647559,6.568089],[1.664603,6.5675348]]},"properties":{"fclass":"primary"}},{"type":"Feature","geometry":{"type":"LineString","coordinates":[[1.6667764,6.5810558],[1.665792,6.5816593],[1.6666523,6.5828863],[1.6675113,6.5839441],[1.6677078,6.584441],[1.6676367,6.58492],[1.6673624,6.5852291],[1.6664614,6.5857153],[1.6651579,6.5868983],[1.6643063,6.5882159],[1.6636263,6.5911722],[1.6633346,6.5944288],[1.6633979,6.5951992],[1.6647287,6.6001349],[1.6653071,6.6021939],[1.666075,6.6046394],[1.6674234,6.6067037],[1.6675963,6.6078883],[1.6674764,6.61066],[1.6673103,6.6140378],[1.6665013,6.6162522],[1.6648474,6.6192231],[1.6639681,6.6208601],[1.6629418,6.6227939],[1.6624902,6.6240292],[1.6626969,6.6247463],[1.6631243,6.6256783],[1.6635307,6.6267148],[1.6634655,6.6277931],[1.6631826,6.6296583],[1.6630334,6.6307076],[1.6629202,6.6315985],[1.6628253,6.6324761],[1.6624589,6.6360614],[1.6622594,6.638235],[1.6621005,6.6400337],[1.6619168,6.6420306],[1.6618891,6.6424974],[1.661768,6.6437633],[1.6614421,6.6477207],[1.6614029,6.6481652],[1.6613423,6.6490836],[1.661252,6.6502834],[1.6610897,6.6521166],[1.6609756,6.6527776],[1.6598824,6.6549797],[1.6594573,6.6558016]]},"properties":{"fclass":"secondary"}},{"type":"Feature","geometry":{"type":"LineString","coordinates":[[1.5342717,9.1230305],[1.5353085,9.1234811],[1.5366158,9.12439],[1.5379293,9.1251183],[1.5397006,9.1267899],[1.5417981,9.1285483],[1.5432411,9.1292634],[1.5451506,9.1310447],[1.5464652,9.1316997],[1.5507537,9.1340119]]},"properties":{"fclass":"secondary"}},{"type":"Feature","geometry":{"type":"LineString","coordinates":[[1.6243135,9.0050397],[1.6234303,9.0051828],[1.622507,9.0053218],[1.6218567,9.005347],[1.6185501,9.0057729],[1.6176092,9.0059435],[1.6169094,9.0060241],[1.6155449,9.0061197],[1.6143969,9.0062668],[1.6134427,9.0063991],[1.6124247,9.006578],[1.6117459,9.006649],[1.611208,9.006639],[1.6106111,9.0066937],[1.609561,9.0068501],[1.6088212,9.0069471],[1.6075712,9.0070212],[1.6068888,9.0070801],[1.6060719,9.0071934],[1.6053075,9.0072544],[1.6033396,9.0076032],[1.6026244,9.0077723],[1.6015658,9.0081339],[1.6003722,9.0086081],[1.6000664,9.0086902],[1.5989372,9.0091517],[1.5976357,9.0096107],[1.5971401,9.0097445],[1.5931222,9.0098982],[1.5912232,9.0099989],[1.5900484,9.0100174],[1.5888253,9.0100068],[1.5884419,9.0099431],[1.5876612,9.0096571],[1.5873313,9.0095591],[1.5862378,9.009341],[1.5682853,9.0072394],[1.53762,9.0031766],[1.532569,9.0013528],[1.5231096,8.99985],[1.5186907,8.9980263],[1.5081722,8.9972427],[1.4910226,8.9983753],[1.4842181,9.0003423],[1.4833179,9.0002023]]},"properties":{"fclass":"secondary"}},{"type":"Feature","geometry":{"type":"LineString","coordinates":[[1.2094882,9.5289283],[1.2085754,9.5292692],[1.2075645,9.5295597],[1.2063814,9.5298595],[1.2054106,9.5301902],[1.2039811,9.5307095],[1.2022954,9.5312947],[1.2014232,9.5316354]]},"properties":{"fclass":"secondary"}},{"type":"Feature","geometry":{"type":"LineString","coordinates":[[1.2409747,6.1727388],[1.2408799,6.173665],[1.2407818,6.1747423],[1.2406464,6.1759636]]},"properties":{"fclass":"secondary"}},{"type":"Feature","geometry":{"type":"LineString","coordinates":[[1.2222665,6.1368154],[1.2224959,6.1368179],[1.2243298,6.1368129],[1.2249847,6.1368114],[1.2251788,6.1368056],[1.2262439,6.1366265],[1.2265704,6.1365561],[1.227177,6.1364285],[1.2276946,6.1363153],[1.2278791,6.1362752]]},"properties":{"fclass":"trunk"}},{"type":"Feature","geometry":{"type":"LineString","coordinates":[[1.2574786,6.4433886],[1.2587097,6.4451184],[1.2588083,6.4457054],[1.2588814,6.4465123],[1.2591107,6.4469188],[1.259914,6.4480302],[1.2605001,6.4485272],[1.2612149,6.4488364],[1.2632239,6.4494854],[1.2657237,6.450281],[1.2704726,6.4518095],[1.2733345,6.4527223],[1.2826994,6.4558033],[1.2859127,6.4568187],[1.2868059,6.4573065],[1.2877125,6.4580474],[1.2951609,6.464617],[1.2971792,6.4664554],[1.2979022,6.4673515],[1.3037882,6.4757087],[1.3126931,6.4883518],[1.3159239,6.4927256],[1.3168868,6.4934345],[1.3198647,6.4945801],[1.326111,6.4969043],[1.3276339,6.4974374],[1.3304052,6.49849],[1.3314432,6.4991563],[1.3324732,6.5002809],[1.3356999,6.5043982],[1.3359761,6.504774]]},"properties":{"fclass":"secondary"}},{"type":"Feature","geometry":{"type":"LineString","coordinates":[[1.5994214,9.126586],[1.5981303,9.1267984],[1.5967686,9.1270216],[1.5951546,9.1278092],[1.5920091,9.1287681],[1.5906103,9.1291177],[1.5894301,9.1290939],[1.5872165,9.1290968],[1.5833391,9.1295623],[1.5763837,9.1314116],[1.5744145,9.1320063]]},"properties":{"fclass":"secondary"}},{"type":"Feature","geometry":{"type":"LineString","coordinates":[[1.1823256,9.5596265],[1.1822242,9.5596088],[1.1821762,9.5595333],[1.1821994,9.5594414],[1.1822968,9.5593959],[1.1823836,9.5594364],[1.1824122,9.5595244],[1.1823837,9.5595902],[1.1823256,9.5596265]]},"properties":{"fclass":"secondary"}},{"type":"Feature","geometry":{"type":"LineString","coordinates":[[1.2140931,9.5603362],[1.2136918,9.5600322]]},"properties":{"fclass":"primary"}},{"type":"Feature","geometry":{"type":"LineString","coordinates":[[1.2136918,9.5600322],[1.2130022,9.5595122],[1.2112133,9.5581144],[1.2110146,9.5579711]]},"properties":{"fclass":"primary"}},{"type":"Feature","geometry":{"type":"LineString","coordinates":[[1.1830568,9.5577698],[1.1826067,9.558875],[1.1823836,9.5594364]]},"properties":{"fclass":"secondary"}},{"type":"Feature","geometry":{"type":"LineString","coordinates":[[1.2109428,9.55792],[1.2098526,9.5571324],[1.2080575,9.5560143],[1.2069054,9.5551056],[1.2039303,9.552495],[1.2022841,9.5510694],[1.2019595,9.5508498],[1.2003049,9.5500487],[1.1985049,9.5492033],[1.1983996,9.549153]]},"properties":{"fclass":"primary"}},{"type":"Feature","geometry":{"type":"LineString","coordinates":[[1.2110146,9.5579711],[1.2109428,9.55792]]},"properties":{"fclass":"primary"}},{"type":"Feature","geometry":{"type":"LineString","coordinates":[[1.1616453,9.6005575],[1.1604838,9.6030706],[1.1595551,9.6050695],[1.1592246,9.6057681],[1.1587269,9.6067979],[1.1583227,9.6074911],[1.1567974,9.6100489],[1.1558564,9.6116245],[1.1550987,9.612648],[1.1533243,9.6150578],[1.1525431,9.6162898],[1.1514106,9.6181988],[1.1507562,9.6190742],[1.1502814,9.6194113],[1.1487982,9.6201954],[1.1480743,9.6207105],[1.1475014,9.6212689],[1.1470547,9.6218033],[1.1459624,9.6234963],[1.145605,9.6240683],[1.1454883,9.6242362]]},"properties":{"fclass":"trunk"}},{"type":"Feature","geometry":{"type":"LineString","coordinates":[[1.170014,9.5859545],[1.1697748,9.5862921]]},"properties":{"fclass":"trunk"}},{"type":"Feature","geometry":{"type":"LineString","coordinates":[[1.1697748,9.5862921],[1.1688047,9.587683]]},"properties":{"fclass":"trunk"}},{"type":"Feature","geometry":{"type":"LineString","coordinates":[[0.1661475,10.8634846],[0.1680833,10.8639215],[0.1686533,10.8639162],[0.1690918,10.8638399],[0.1696229,10.8637002],[0.1700212,10.8637266],[0.1711126,10.8636454],[0.1720592,10.8634973],[0.1737431,10.8630486],[0.1750503,10.8627098],[0.1768514,10.8622225],[0.1786529,10.8617474],[0.1807288,10.8612335],[0.1810572,10.8612162],[0.1826195,10.8614349],[0.1836106,10.8615824],[0.1847237,10.8617338],[0.1858221,10.8618958],[0.1866844,10.8620473],[0.1876768,10.8622383],[0.1895745,10.8625662],[0.1902531,10.8626466],[0.1922688,10.8627346],[0.1927784,10.8627796],[0.1934456,10.8629621],[0.1946016,10.8632017],[0.1971114,10.8638799],[0.1985405,10.8642442]]},"properties":{"fclass":"secondary"}},{"type":"Feature","geometry":{"type":"LineString","coordinates":[[0.2018923,10.8496369],[0.2021366,10.8501025],[0.2028689,10.8510745],[0.2037231,10.8518081],[0.2050333,10.8524654],[0.2057675,10.8526808],[0.2076821,10.8531965],[0.208767,10.8537206],[0.2094636,10.8542452],[0.2098158,10.8545596],[0.2101827,10.8549976],[0.2111546,10.8568005],[0.2116062,10.8579538],[0.2127823,10.8610002],[0.2133322,10.8624042],[0.2135229,10.8631694],[0.2135535,10.8647256],[0.2132886,10.8658852],[0.2127926,10.8672606],[0.2124598,10.8682158],[0.2117108,10.8703132],[0.2112615,10.8713523],[0.2105091,10.8724402],[0.2099942,10.8730052],[0.209396,10.8735254],[0.2088934,10.8738643],[0.2082869,10.8742208],[0.2076036,10.8745429],[0.2066186,10.8748437],[0.2051488,10.8752915],[0.2044474,10.8755154],[0.2023748,10.8761677],[0.2010568,10.8765891]]},"properties":{"fclass":"trunk"}},{"type":"Feature","geometry":{"type":"LineString","coordinates":[[0.1965818,10.8782917],[0.1958723,10.8787316]]},"properties":{"fclass":"trunk"}},{"type":"Feature","geometry":{"type":"LineString","coordinates":[[0.2878169,10.6540022],[0.282423,10.6556482],[0.2753466,10.6542124],[0.2699581,10.6562019],[0.2695221,10.655722],[0.2690208,10.6551265],[0.2683799,10.6562062],[0.2668323,10.6569602],[0.2649577,10.65768],[0.260258,10.6613431],[0.2567006,10.6647277],[0.2543029,10.667461],[0.2514081,10.6701687],[0.248121,10.6734246],[0.2453658,10.6789426],[0.2423402,10.6854457],[0.2412678,10.6876219],[0.2388084,10.6910193],[0.2376244,10.6924388],[0.2238902,10.6892294],[0.2203244,10.688513],[0.2163711,10.6904162],[0.2118494,10.6960869],[0.2078716,10.697243]]},"properties":{"fclass":"secondary"}},{"type":"Feature","geometry":{"type":"LineString","coordinates":[[1.2194994,6.1507434],[1.2203941,6.1515765],[1.221048,6.1522182],[1.2214015,6.152552],[1.2225631,6.1536562],[1.2232437,6.1542877],[1.2238366,6.1547464],[1.2241149,6.1549214],[1.2244982,6.1550831],[1.2273248,6.1559121]]},"properties":{"fclass":"secondary"}},{"type":"Feature","geometry":{"type":"LineString","coordinates":[[1.1961031,9.548607],[1.1947578,9.5486426],[1.1932209,9.5487391],[1.1919942,9.5485717],[1.1904491,9.5481186],[1.1900068,9.5479704]]},"properties":{"fclass":"secondary"}},{"type":"Feature","geometry":{"type":"LineString","coordinates":[[1.2274391,6.1559473],[1.2264656,6.1577401],[1.225675,6.1592743],[1.2253961,6.1597635],[1.2245461,6.1613373],[1.2240858,6.162177],[1.2237331,6.1629049],[1.2229218,6.1647756],[1.222901,6.1648228]]},"properties":{"fclass":"trunk"}},{"type":"Feature","geometry":{"type":"LineString","coordinates":[[1.2087047,6.1943553],[1.2082376,6.1943464],[1.2075078,6.1943724],[1.2070723,6.194492],[1.2061551,6.1949248],[1.2052708,6.1954531],[1.2028912,6.1967714],[1.2015197,6.1975235],[1.2004923,6.1981227],[1.2004279,6.1981689]]},"properties":{"fclass":"primary"}},{"type":"Feature","geometry":{"type":"LineString","coordinates":[[1.2346458,6.168807],[1.2342426,6.1687336],[1.2336887,6.1685837],[1.2328626,6.1683663],[1.232518,6.1682117],[1.2320741,6.1679477],[1.2310535,6.1676343],[1.2299699,6.167213],[1.2294455,6.1669903],[1.2282969,6.166677],[1.2262382,6.1661425],[1.2245022,6.1657081],[1.2238052,6.1654592],[1.2230216,6.1651538],[1.2228889,6.1651197]]},"properties":{"fclass":"secondary"}},{"type":"Feature","geometry":{"type":"LineString","coordinates":[[1.2015384,6.1555514],[1.2017358,6.1580193],[1.2018276,6.159146],[1.2018448,6.1595171],[1.201935,6.1613832],[1.2020224,6.1630528],[1.2021373,6.1651829],[1.2021492,6.1657007]]},"properties":{"fclass":"trunk"}},{"type":"Feature","geometry":{"type":"LineString","coordinates":[[1.2632853,6.1595336],[1.2642672,6.15776],[1.2646146,6.1571795],[1.2648708,6.1570275],[1.2653909,6.1570351]]},"properties":{"fclass":"secondary"}},{"type":"Feature","geometry":{"type":"LineString","coordinates":[[1.2727268,6.1399001],[1.2722066,6.1397694],[1.2707569,6.1393694],[1.2697225,6.139095],[1.2682767,6.1386731],[1.266928,6.1382846],[1.2663847,6.1381169],[1.2657153,6.1378979],[1.2645617,6.1375393],[1.2639704,6.1373489],[1.2630412,6.1370496],[1.2616549,6.1365811],[1.2603747,6.1360472],[1.2579298,6.1349642],[1.2552291,6.1338357],[1.2535774,6.1331988],[1.2513183,6.132398],[1.2491547,6.1316804],[1.24903,6.1316558]]},"properties":{"fclass":"trunk"}},{"type":"Feature","geometry":{"type":"LineString","coordinates":[[1.2483841,6.1665858],[1.2475404,6.1655383],[1.2464661,6.1641916],[1.2458089,6.1634011],[1.2447943,6.1621399],[1.2444136,6.1616363],[1.2439308,6.1609642],[1.2434648,6.1601841]]},"properties":{"fclass":"secondary"}},{"type":"Feature","geometry":{"type":"LineString","coordinates":[[1.1993558,6.1131932],[1.1987216,6.1128876],[1.1978619,6.1125289]]},"properties":{"fclass":"trunk"}},{"type":"Feature","geometry":{"type":"LineString","coordinates":[[1.2628347,6.159686],[1.2629292,6.1596441],[1.2629971,6.1596612]]},"properties":{"fclass":"secondary"}},{"type":"Feature","geometry":{"type":"LineString","coordinates":[[1.1993644,6.113148],[1.1999311,6.1134192],[1.2003351,6.1135184],[1.2008505,6.1136206],[1.2017986,6.1139273],[1.2032463,6.1144066],[1.2065944,6.1155141],[1.2075385,6.1159048],[1.2105439,6.117305],[1.2114096,6.117653],[1.2115211,6.1176625]]},"properties":{"fclass":"trunk"}},{"type":"Feature","geometry":{"type":"LineString","coordinates":[[1.2663064,6.1618946],[1.2662717,6.1614562],[1.2660409,6.1587383],[1.265972,6.1579955],[1.2659192,6.157491],[1.2659084,6.1573145]]},"properties":{"fclass":"secondary"}},{"type":"Feature","geometry":{"type":"LineString","coordinates":[[1.222732,6.1223438],[1.2225308,6.1222927],[1.222144,6.1221423],[1.2196746,6.1210686],[1.2189797,6.1208243],[1.2176567,6.1203297],[1.2159683,6.1196212],[1.2145601,6.118981],[1.2129636,6.1183991],[1.2120162,6.1180133],[1.2117789,6.1179458],[1.211732,6.117941]]},"properties":{"fclass":"trunk"}},{"type":"Feature","geometry":{"type":"LineString","coordinates":[[1.2380678,6.1277383],[1.2382518,6.1278539],[1.2393107,6.1282766],[1.2474576,6.1309923],[1.2485648,6.1313599],[1.2487232,6.1313968],[1.2488576,6.1314079]]},"properties":{"fclass":"trunk"}},{"type":"Feature","geometry":{"type":"LineString","coordinates":[[1.2746469,6.1423044],[1.2746552,6.142094],[1.2745657,6.1418847],[1.2738924,6.1409241],[1.2735571,6.1405414],[1.2730852,6.1401512],[1.2728717,6.1399753]]},"properties":{"fclass":"trunk"}},{"type":"Feature","geometry":{"type":"LineString","coordinates":[[1.2663719,6.1622725],[1.2662723,6.1622939],[1.2662113,6.1622616]]},"properties":{"fclass":"secondary"}},{"type":"Feature","geometry":{"type":"LineString","coordinates":[[1.2317982,6.1495546],[1.2308585,6.1495442],[1.230579,6.1495389]]},"properties":{"fclass":"secondary"}},{"type":"Feature","geometry":{"type":"LineString","coordinates":[[1.2699589,6.1863434],[1.2694258,6.1867468],[1.2688988,6.1869534],[1.2684347,6.1869714],[1.2677119,6.1869408],[1.2672905,6.1869644],[1.2664258,6.1871787],[1.2646186,6.1876274],[1.2630428,6.1880387],[1.2625379,6.1880354],[1.2620209,6.1878754],[1.2615951,6.1875887]]},"properties":{"fclass":"secondary"}},{"type":"Feature","geometry":{"type":"LineString","coordinates":[[1.2666373,6.162354],[1.2675944,6.163045],[1.2690564,6.1640896],[1.2696706,6.164489],[1.2706146,6.1650605],[1.2717093,6.165769],[1.273905,6.167092],[1.274995,6.167761],[1.2769006,6.1689115],[1.2777204,6.1693545],[1.2793173,6.1697256],[1.2819768,6.1703085]]},"properties":{"fclass":"secondary"}},{"type":"Feature","geometry":{"type":"LineString","coordinates":[[1.2628009,6.159798],[1.2622764,6.1596762],[1.2606812,6.1593055],[1.2594232,6.1589989],[1.2582216,6.1587235],[1.2570097,6.1584384],[1.2556198,6.1581035],[1.2547293,6.1578782],[1.2536444,6.1574648],[1.2525051,6.1569521],[1.2510995,6.1563375],[1.2491792,6.1555141],[1.2479004,6.1549594],[1.2468349,6.1545521],[1.2465144,6.1544154],[1.2457781,6.153886],[1.2450955,6.153336],[1.2449165,6.153114],[1.2447683,6.1527353],[1.2446487,6.1524684]]},"properties":{"fclass":"secondary"}},{"type":"Feature","geometry":{"type":"LineString","coordinates":[[1.2633872,6.160073],[1.2648796,6.1611095],[1.2660493,6.1619593]]},"properties":{"fclass":"secondary"}},{"type":"Feature","geometry":{"type":"LineString","coordinates":[[1.274926,6.1427287],[1.2747612,6.1430239]]},"properties":{"fclass":"secondary"}},{"type":"Feature","geometry":{"type":"LineString","coordinates":[[1.2849417,6.1586648],[1.2850276,6.1584588],[1.2852153,6.1575662],[1.2857021,6.1553601],[1.286319,6.152314],[1.2864572,6.1515993],[1.2864589,6.1514713],[1.2864355,6.151366]]},"properties":{"fclass":"primary"}},{"type":"Feature","geometry":{"type":"LineString","coordinates":[[1.2373526,6.190734],[1.2347549,6.1912966],[1.2320727,6.1918619],[1.2312962,6.1919859],[1.2304459,6.1919006],[1.2290549,6.1916953],[1.2288856,6.1917398]]},"properties":{"fclass":"secondary"}},{"type":"Feature","geometry":{"type":"LineString","coordinates":[[1.2105025,6.1287122],[1.2098848,6.1280172],[1.2094382,6.1273285],[1.2092062,6.1268185],[1.2091465,6.1265611],[1.2091707,6.1262368],[1.209335,6.1256257],[1.2095908,6.1247016],[1.2099179,6.123537],[1.2102621,6.1222742],[1.2104918,6.1214563],[1.2108666,6.1200865],[1.2113312,6.1184262],[1.2114452,6.1180267],[1.2114629,6.117874]]},"properties":{"fclass":"trunk"}},{"type":"Feature","geometry":{"type":"LineString","coordinates":[[1.4787508,6.3753493],[1.4828029,6.3726742],[1.4832106,6.3725569],[1.4834976,6.3721491],[1.485457,6.3708358],[1.4878669,6.3691955],[1.490504,6.3674744],[1.4933846,6.365603],[1.4999631,6.3613421],[1.5008326,6.3607827],[1.5036247,6.358992],[1.5091825,6.3555925],[1.51003,6.3551154],[1.5107971,6.3548248],[1.5126545,6.3543915],[1.5140641,6.354145],[1.5148674,6.3538798],[1.5154816,6.3534693],[1.5158477,6.3530934],[1.5180363,6.3496723],[1.5204617,6.3457888],[1.5215319,6.3440689],[1.5228895,6.3419241],[1.5238701,6.3403493],[1.5243436,6.339566],[1.5246414,6.3389062],[1.5258741,6.3376312],[1.5284648,6.3356611],[1.5299897,6.3344477],[1.5312441,6.3335865]]},"properties":{"fclass":"secondary"}},{"type":"Feature","geometry":{"type":"LineString","coordinates":[[1.4585504,6.206646],[1.4592739,6.2067558],[1.4600585,6.2068778],[1.4603475,6.2069191],[1.4607163,6.2069531],[1.4613768,6.2070211],[1.4618924,6.2070524],[1.4623759,6.2070804],[1.4626736,6.2071038],[1.4630726,6.2071271],[1.4634347,6.2071438],[1.4641475,6.2071858],[1.4644117,6.2072084],[1.4651426,6.2072471],[1.4659714,6.2072938],[1.4664239,6.2073378],[1.4670663,6.2073746],[1.4677584,6.2074159],[1.4685062,6.2074617],[1.4691248,6.2075003],[1.470692,6.207592],[1.4711541,6.2076024],[1.4717388,6.2076384],[1.4724925,6.2076757],[1.4733186,6.2077517],[1.4739838,6.2078477],[1.474712,6.2079656],[1.4757715,6.2081797],[1.4765051,6.2084183],[1.4772722,6.2086543],[1.4779428,6.2088623],[1.4786348,6.2090863],[1.4793442,6.2093096],[1.4799625,6.2095196],[1.4808838,6.2098116],[1.481545,6.2100089],[1.4824811,6.2103062],[1.483271,6.2105569],[1.4838772,6.2107568],[1.4844739,6.2109635],[1.4847998,6.2111021],[1.4851981,6.2113141],[1.4856327,6.2115914],[1.4859679,6.2118848],[1.486259,6.2121981],[1.4865527,6.2125807],[1.4867981,6.2130013],[1.4869094,6.2132086],[1.4870596,6.213498],[1.4872715,6.2139499],[1.4875022,6.2144192],[1.4877543,6.2149352],[1.4879635,6.2153698],[1.4882277,6.2159498],[1.4884678,6.2164404],[1.4886072,6.2167597],[1.4888057,6.217135],[1.4889881,6.2175296],[1.4892657,6.2180949],[1.4894964,6.2185602],[1.4895809,6.2187788],[1.4899805,6.2196014],[1.490348,6.2203614],[1.4906538,6.2209666],[1.4908804,6.2214613],[1.4911419,6.2220279],[1.4914061,6.2225705],[1.4918071,6.2231771],[1.49192,6.2233063],[1.4921561,6.2235547],[1.4923394,6.2237126],[1.4926036,6.2239216],[1.4929116,6.2241067],[1.4934065,6.2243246],[1.4942412,6.2245969],[1.4948806,6.2247565],[1.4957259,6.2249663],[1.4958894,6.225018]]},"properties":{"fclass":"trunk"}},{"type":"Feature","geometry":{"type":"LineString","coordinates":[[1.2559808,6.2275221],[1.2561335,6.2283765],[1.2562024,6.2290019],[1.2562451,6.2296874],[1.2563199,6.2307736],[1.2565892,6.2324199],[1.2571889,6.2350984],[1.2576181,6.2368796],[1.2579694,6.2384047],[1.2582206,6.2395063],[1.2585613,6.2410903],[1.258821,6.2420096],[1.2591442,6.2424375],[1.2607919,6.243988],[1.2614268,6.2445532],[1.2620732,6.2449318],[1.2628578,6.2451491],[1.2642847,6.2452878],[1.266185,6.2454424],[1.2675342,6.245697],[1.268477,6.245961],[1.2697175,6.2463023],[1.2724129,6.2470773],[1.2752777,6.2478781],[1.2786721,6.2488622],[1.2800814,6.2498269],[1.2810833,6.2505443],[1.2817982,6.2510749],[1.2821589,6.2514789],[1.2824218,6.2519308],[1.2826404,6.252552],[1.2830548,6.2544997],[1.2834638,6.2564874],[1.2837589,6.2577939],[1.2840157,6.258963],[1.2844783,6.2610077],[1.2846985,6.2619629],[1.2849578,6.2629856],[1.2852918,6.2641948],[1.2857043,6.2657175],[1.2859773,6.2666447],[1.2862887,6.2674458],[1.2865111,6.2679113],[1.2870783,6.2690628],[1.28741,6.2696651],[1.2877229,6.2701149],[1.2883092,6.2706196],[1.2889731,6.2711728],[1.2893888,6.2715541],[1.289771,6.2721246],[1.290215,6.2730311],[1.2905556,6.2735977],[1.2908359,6.2738776],[1.2916419,6.2746095],[1.2931077,6.2759052],[1.294764,6.277393]]},"properties":{"fclass":"secondary"}},{"type":"Feature","geometry":{"type":"LineString","coordinates":[[1.2448102,6.1524311],[1.2449094,6.1528119],[1.2450405,6.153134],[1.2452397,6.153356],[1.245819,6.1538034],[1.246269,6.1541227],[1.2466203,6.1543501],[1.2471474,6.1545334],[1.247854,6.1548086],[1.2486226,6.1551401],[1.2497679,6.1556627],[1.2501883,6.1558261],[1.2511453,6.1562314],[1.2517694,6.1565141],[1.2525497,6.1568701],[1.2533474,6.1572262],[1.2544658,6.1576935],[1.255351,6.1579415],[1.2564392,6.1581908],[1.2578863,6.1585475],[1.2585555,6.1586928],[1.2593347,6.1588782],[1.2605497,6.1591842],[1.2618405,6.1594849],[1.2626063,6.1596629],[1.2628347,6.159686]]},"properties":{"fclass":"secondary"}},{"type":"Feature","geometry":{"type":"LineString","coordinates":[[1.2302096,6.1493913],[1.2302525,6.1494956],[1.2302248,6.149617]]},"properties":{"fclass":"trunk"}},{"type":"Feature","geometry":{"type":"LineString","coordinates":[[1.0085321,6.2302536],[1.0092737,6.2300244],[1.0110867,6.229458],[1.0132098,6.2287285],[1.0141888,6.2284325],[1.0161523,6.2278495],[1.0174059,6.2274571],[1.0188622,6.2270387],[1.0205939,6.2265234],[1.0219139,6.2261603],[1.0226968,6.2259261],[1.0242793,6.2254809],[1.0264385,6.2248356],[1.0299093,6.2237157],[1.0309151,6.2233717],[1.032621,6.2226945],[1.0344905,6.2219879],[1.0355553,6.2217052],[1.0367221,6.2215506],[1.0382536,6.2213853],[1.0391693,6.2212731],[1.0403404,6.2211186],[1.0416761,6.220932],[1.0427919,6.220684],[1.0434625,6.220404],[1.0440767,6.2199587],[1.04453,6.2193961],[1.0455224,6.2177509],[1.0461903,6.2166337],[1.0473007,6.2147859],[1.0485801,6.2125887],[1.0513455,6.2079677],[1.0532901,6.2047439],[1.0550576,6.2017388],[1.0557979,6.2005175],[1.0576433,6.197355],[1.0599527,6.1935499],[1.061613,6.190846],[1.0635998,6.1875801],[1.0657677,6.1840142],[1.0673281,6.1814756],[1.0679272,6.1804846],[1.0686994,6.179269],[1.069319,6.1782902],[1.0709739,6.1755716],[1.0717128,6.1744996],[1.0731545,6.1735357],[1.0764643,6.1721313],[1.0796696,6.1707496],[1.0820837,6.1696949],[1.0860747,6.1679823],[1.0884525,6.1669397],[1.089368,6.1663172],[1.0909778,6.1645143],[1.0918414,6.1635756],[1.0930071,6.1622598],[1.0950226,6.1600329],[1.0965916,6.1582675],[1.0975492,6.1572195],[1.0982999,6.1563843],[1.1007679,6.1537243],[1.1017277,6.1526583],[1.104299,6.1497214],[1.1070402,6.1467084],[1.1084792,6.145083],[1.1104043,6.1429205],[1.1114176,6.1417909],[1.1125696,6.1405147],[1.1156634,6.1369629],[1.118806,6.1334555],[1.1216087,6.1304072],[1.1227263,6.129169],[1.1260514,6.1254176],[1.1278867,6.1233299],[1.1315673,6.1192245],[1.1325244,6.1181757],[1.132705,6.1179081]]},"properties":{"fclass":"primary"}},{"type":"Feature","geometry":{"type":"LineString","coordinates":[[0.6071457,6.8709319],[0.6076655,6.8710732],[0.6081347,6.8712599],[0.6088239,6.8715654],[0.6090988,6.8717079],[0.6095834,6.8720874],[0.610221,6.8726379],[0.6105546,6.8729392],[0.6108617,6.8732284],[0.6114297,6.8737497],[0.612064,6.8742996],[0.6126139,6.8746238],[0.6141672,6.8754313],[0.6152594,6.8760088]]},"properties":{"fclass":"secondary"}},{"type":"Feature","geometry":{"type":"LineString","coordinates":[[1.1126616,6.1934368],[1.1131369,6.1937898],[1.1139727,6.19404],[1.1155018,6.194082],[1.1166707,6.1940415],[1.1171107,6.1940176],[1.1183806,6.1939257],[1.1192751,6.193868],[1.1203882,6.1937858],[1.1207758,6.1937778],[1.1212184,6.1937285],[1.1218876,6.1936712],[1.1225058,6.1936138],[1.122939,6.1935845],[1.1236484,6.1935525],[1.1240441,6.1935432],[1.1255434,6.1935334],[1.1265935,6.1935525],[1.1273459,6.1935552],[1.1285917,6.1935498],[1.1296847,6.1935485],[1.1312126,6.1935369],[1.1321336,6.1935578],[1.1332204,6.1935975],[1.1340862,6.1936335],[1.1352931,6.1936858],[1.13683,6.1937609],[1.1377688,6.1937895],[1.1386251,6.1937378],[1.1394379,6.1936038],[1.1400226,6.1934845],[1.140889,6.1932592],[1.1416467,6.1930439],[1.142515,6.1928166],[1.1433763,6.1925927],[1.1449995,6.1921706],[1.1461113,6.191881],[1.1479828,6.1913793],[1.1499803,6.1908705],[1.1511146,6.190498],[1.1532571,6.189933],[1.1539937,6.1897385],[1.1551669,6.189436],[1.1579253,6.1890008],[1.1584192,6.1889527],[1.1598804,6.1887707],[1.1620589,6.1885293]]},"properties":{"fclass":"secondary"}},{"type":"Feature","geometry":{"type":"LineString","coordinates":[[0.3329932,8.5206253],[0.3354531,8.5212734],[0.3384358,8.5236873],[0.3427122,8.5252709],[0.3563254,8.5342556],[0.362345,8.5416077],[0.3648879,8.5450514],[0.3660783,8.5467999],[0.3667766,8.548534],[0.3670174,8.5493462],[0.3673004,8.5507148],[0.3677724,8.5514774],[0.3687239,8.5525288],[0.3695923,8.5535953],[0.3704343,8.5560911],[0.3713909,8.5581496],[0.3726608,8.5593708],[0.3747073,8.5602158],[0.3789961,8.5606519],[0.3820157,8.5602847],[0.387062,8.5611625],[0.3909373,8.5617659],[0.3925252,8.5617765],[0.3970045,8.5629435],[0.3988901,8.5638082],[0.401119,8.5658531],[0.4041404,8.5687223],[0.4064302,8.5720806],[0.4090047,8.574884],[0.410471,8.5784006],[0.4107964,8.5811857],[0.4118103,8.5848457],[0.411939,8.5870894],[0.414165,8.5912778],[0.415843,8.5929381],[0.4173088,8.5953109],[0.4198767,8.5972785],[0.4220831,8.5995489],[0.4225737,8.6019185],[0.4233852,8.6058168],[0.4244013,8.6086949],[0.4250282,8.6107829],[0.4283157,8.6166976],[0.4285723,8.618891],[0.4288101,8.6198061],[0.4294968,8.6205765],[0.4317955,8.6219726],[0.4325625,8.6226953],[0.4354883,8.625158],[0.4380548,8.6298913],[0.4425793,8.6339272],[0.4466173,8.6381025]]},"properties":{"fclass":"secondary"}},{"type":"Feature","geometry":{"type":"LineString","coordinates":[[1.2345223,6.1335878],[1.2357752,6.1326424],[1.2362628,6.1321868],[1.2368276,6.1310503],[1.2372251,6.1300391],[1.2373874,6.1294436],[1.2375143,6.1289857],[1.2375948,6.1286954],[1.2377481,6.128119],[1.2377798,6.1279846],[1.2377886,6.1279016]]},"properties":{"fclass":"trunk"}},{"type":"Feature","geometry":{"type":"LineString","coordinates":[[1.20296,6.1474051],[1.2039045,6.1463428],[1.2050695,6.145275],[1.206115,6.144153],[1.2067394,6.143472]]},"properties":{"fclass":"trunk"}},{"type":"Feature","geometry":{"type":"LineString","coordinates":[[1.0953767,6.2371114],[1.0946879,6.2373921],[1.0935118,6.2377814],[1.0917094,6.238364],[1.0899519,6.2389424],[1.0877875,6.2396532],[1.0848368,6.2406271],[1.0833035,6.2411216],[1.0823799,6.241427],[1.0817051,6.241645],[1.0809222,6.2418626],[1.0802945,6.2419775],[1.0796749,6.2420348],[1.0786165,6.2420202],[1.0773171,6.2419802],[1.0761129,6.2419442],[1.0751902,6.2419322],[1.0746082,6.2419108],[1.0735353,6.2418762],[1.0728058,6.2418602],[1.0725885,6.2418522]]},"properties":{"fclass":"trunk"}},{"type":"Feature","geometry":{"type":"LineString","coordinates":[[1.2087248,6.198169],[1.208851,6.1961143],[1.2089128,6.1952191],[1.2089592,6.1946706],[1.2089715,6.1945353]]},"properties":{"fclass":"trunk"}},{"type":"Feature","geometry":{"type":"LineString","coordinates":[[1.2274391,6.1559473],[1.2273248,6.1559121]]},"properties":{"fclass":"secondary"}},{"type":"Feature","geometry":{"type":"LineString","coordinates":[[1.1626461,6.1887862],[1.1625441,6.1887444],[1.1624897,6.188649]]},"properties":{"fclass":"trunk"}},{"type":"Feature","geometry":{"type":"LineString","coordinates":[[1.1690799,6.1828324],[1.1689677,6.1827423]]},"properties":{"fclass":"trunk"}},{"type":"Feature","geometry":{"type":"LineString","coordinates":[[1.1343899,6.2128399],[1.131864,6.2148925],[1.1297555,6.2166512],[1.1283821,6.2178278],[1.1270937,6.2189342],[1.1254958,6.2202514],[1.1246234,6.2210006],[1.1225737,6.2227367],[1.1206322,6.2242963],[1.1198933,6.2249195],[1.1193914,6.2253423],[1.1185376,6.2260912],[1.1179011,6.2266021],[1.1174331,6.2270025],[1.1156188,6.2284799],[1.1150345,6.2289805],[1.1145155,6.2294397]]},"properties":{"fclass":"trunk"}},{"type":"Feature","geometry":{"type":"LineString","coordinates":[[1.1624868,6.188621],[1.1622531,6.1885885],[1.1620589,6.1885293]]},"properties":{"fclass":"secondary"}},{"type":"Feature","geometry":{"type":"LineString","coordinates":[[1.1628117,6.1886842],[1.1649357,6.1895247],[1.1673613,6.1903511],[1.169329,6.1910788],[1.1704609,6.1918893],[1.1706318,6.1920308]]},"properties":{"fclass":"secondary"}},{"type":"Feature","geometry":{"type":"LineString","coordinates":[[1.6033387,6.2308749],[1.6033441,6.2313122],[1.6035533,6.2315415],[1.6044787,6.2318455],[1.6052806,6.2321335],[1.6058681,6.2323121],[1.607586,6.2327601],[1.6081439,6.2329067],[1.6085222,6.2331332],[1.6103805,6.2346928],[1.6117327,6.2356878],[1.6128703,6.2365016],[1.6142594,6.2373865]]},"properties":{"fclass":"trunk"}},{"type":"Feature","geometry":{"type":"LineString","coordinates":[[1.4960901,6.2250702],[1.4963683,6.2251614]]},"properties":{"fclass":"trunk"}},{"type":"Feature","geometry":{"type":"LineString","coordinates":[[1.4963683,6.2251614],[1.4965895,6.2252302]]},"properties":{"fclass":"trunk"}},{"type":"Feature","geometry":{"type":"LineString","coordinates":[[1.2147973,6.3035829],[1.2145525,6.30215],[1.2142595,6.3004084],[1.2139766,6.2987105],[1.2138599,6.2979578],[1.2137749,6.2974821],[1.2135873,6.296433],[1.2131166,6.2936077],[1.2129858,6.292554],[1.2129449,6.2914512],[1.2129144,6.2900402],[1.2127649,6.2888198],[1.2127407,6.2886425]]},"properties":{"fclass":"trunk"}},{"type":"Feature","geometry":{"type":"LineString","coordinates":[[1.0961835,8.909878],[1.0964366,8.9101312]]},"properties":{"fclass":"trunk"}},{"type":"Feature","geometry":{"type":"LineString","coordinates":[[1.1357839,8.1346616],[1.1357841,8.1348966]]},"properties":{"fclass":"trunk"}},{"type":"Feature","geometry":{"type":"LineString","coordinates":[[1.2121627,6.283573],[1.2122458,6.2841089]]},"properties":{"fclass":"trunk"}},{"type":"Feature","geometry":{"type":"LineString","coordinates":[[1.2127407,6.2886425],[1.2127165,6.2881973]]},"properties":{"fclass":"trunk"}},{"type":"Feature","geometry":{"type":"LineString","coordinates":[[1.1787937,6.7726525],[1.1789175,6.7735728]]},"properties":{"fclass":"trunk"}},{"type":"Feature","geometry":{"type":"LineString","coordinates":[[1.1275521,8.9436383],[1.128239,8.9444631],[1.1285596,8.9449295],[1.1288117,8.945417],[1.128982,8.9459058],[1.1290866,8.946351],[1.1291644,8.9469763],[1.1292757,8.948407],[1.1293897,8.9495993],[1.1294621,8.9499901],[1.1297297,8.9507304],[1.1311975,8.9537247],[1.1316558,8.9546294]]},"properties":{"fclass":"trunk"}},{"type":"Feature","geometry":{"type":"LineString","coordinates":[[1.1142862,8.2676029],[1.1138517,8.2686182],[1.1134936,8.2692539],[1.1129571,8.2699786],[1.1102656,8.2732726],[1.1097707,8.2739653],[1.1089789,8.2754329],[1.1060066,8.2811984],[1.1054885,8.2820024],[1.1048914,8.2827596],[1.1034487,8.2842348],[1.0972032,8.2905901],[1.0965407,8.2912099],[1.0960525,8.2915854],[1.0953805,8.292027],[1.0876707,8.2966472],[1.0841698,8.2987607],[1.0817425,8.3002261],[1.081013,8.3007283],[1.0804439,8.3012838],[1.0801068,8.301699],[1.0797357,8.3023033],[1.0794523,8.3029066],[1.0792539,8.3034454],[1.0787791,8.3050432],[1.0785431,8.305643],[1.0782306,8.3062468],[1.0777733,8.3068878],[1.0745664,8.3101335],[1.0697686,8.3149522],[1.0689461,8.3157881],[1.0680798,8.3165272],[1.0659204,8.3181086],[1.0652809,8.3184952],[1.0644051,8.3189331],[1.0636826,8.3192112],[1.0622383,8.3197104],[1.0557383,8.3219466]]},"properties":{"fclass":"trunk"}},{"type":"Feature","geometry":{"type":"LineString","coordinates":[[1.0896085,7.5261506],[1.0901236,7.5262636],[1.0912907,7.5266088],[1.0928231,7.5270707],[1.0936973,7.5272948],[1.0944003,7.5274789],[1.0947785,7.5276078],[1.0952063,7.527798],[1.0956743,7.5280426],[1.0961612,7.5283444],[1.096589,7.5286409],[1.0969833,7.5290251],[1.0978992,7.530114],[1.0983645,7.5305957],[1.0987025,7.5309383],[1.0991558,7.5312867],[1.0997486,7.5317733],[1.1002647,7.5321641],[1.1009391,7.5326442],[1.101476,7.5329991],[1.1019681,7.5332943],[1.1028761,7.5338367],[1.1034393,7.5341757],[1.1042373,7.5346451],[1.1049628,7.5350692],[1.1054657,7.5353258],[1.1061001,7.5355757],[1.1067505,7.5357755],[1.1073607,7.535964],[1.1079079,7.5361315],[1.1087836,7.5364054],[1.109532,7.5365875],[1.1100072,7.5365852],[1.1104408,7.5364449]]},"properties":{"fclass":"primary"}},{"type":"Feature","geometry":{"type":"LineString","coordinates":[[1.1464919,7.5177418],[1.1470474,7.5194884],[1.1477797,7.5217241],[1.1484893,7.5238902],[1.1489558,7.5253173],[1.1493277,7.5264282],[1.149466,7.5268526],[1.1496246,7.5275012],[1.149686,7.5281702],[1.1496524,7.5287964],[1.1495359,7.529436],[1.1490445,7.5308519],[1.1479516,7.5340146],[1.1472018,7.536045],[1.1469151,7.5369548],[1.1467941,7.5373014],[1.1465087,7.538029],[1.1460078,7.5395028],[1.1458491,7.5400868],[1.1457753,7.540731],[1.1457848,7.5413524],[1.1458692,7.5420731],[1.145943,7.5425503],[1.1461852,7.5441278],[1.1464489,7.5458186],[1.1465365,7.5463804],[1.1468644,7.548481],[1.1471862,7.5501949],[1.1474892,7.551613],[1.1476748,7.5525908],[1.1478261,7.5532242],[1.1479677,7.5538645],[1.1481058,7.554504],[1.1482886,7.5553572],[1.1484553,7.5561452],[1.1486554,7.5570835],[1.1488288,7.557951],[1.1491777,7.5595224],[1.1493432,7.5601075],[1.1497897,7.5613964],[1.1501684,7.5624182],[1.1504863,7.5632936],[1.1509281,7.5645097],[1.1513489,7.565668],[1.1518339,7.5670491],[1.1525425,7.5688418],[1.1552972,7.5752469],[1.15567,7.5761163],[1.1562279,7.5773101],[1.1568099,7.5782167],[1.1575904,7.5791287],[1.1583012,7.5797907],[1.1599401,7.5811361],[1.1607796,7.5819443],[1.1614153,7.5828669],[1.1625633,7.5849833],[1.1629213,7.5856493]]},"properties":{"fclass":"trunk"}},{"type":"Feature","geometry":{"type":"LineString","coordinates":[[1.1464648,7.5176556],[1.1464919,7.5177418]]},"properties":{"fclass":"trunk"}},{"type":"Feature","geometry":{"type":"LineString","coordinates":[[1.1692509,7.5068674],[1.1686599,7.5058173],[1.1682964,7.5052868],[1.1678536,7.5056783],[1.1674311,7.5063352],[1.1664893,7.5078019],[1.16557,7.5092211],[1.1651462,7.5098208],[1.1648096,7.5101505],[1.16451,7.51034],[1.1632405,7.5109158],[1.1596594,7.5123686]]},"properties":{"fclass":"secondary"}},{"type":"Feature","geometry":{"type":"LineString","coordinates":[[1.2023831,7.5176552],[1.2007231,7.5173981],[1.1995429,7.5173795],[1.1976117,7.5174992],[1.1959608,7.5177757],[1.1932719,7.518156],[1.1916143,7.5182145],[1.1903751,7.5181959],[1.1894309,7.5180656],[1.1884332,7.5176481],[1.1839807,7.5159529],[1.1825363,7.5156285],[1.1805931,7.5153187],[1.1790401,7.5151873],[1.1779726,7.515207],[1.1762578,7.5153633],[1.1748145,7.5155931],[1.1743248,7.5156564],[1.1731079,7.5157252],[1.1717496,7.5157548],[1.1716107,7.5157293],[1.1715482,7.5156236],[1.1714629,7.515251],[1.1713623,7.5145454],[1.1711884,7.5135992],[1.1710454,7.5127536],[1.1709425,7.5118218],[1.1706905,7.5103222],[1.1705898,7.5098461],[1.1701495,7.5088497],[1.1697448,7.5078618],[1.1693854,7.50724],[1.1693027,7.5070311]]},"properties":{"fclass":"secondary"}},{"type":"Feature","geometry":{"type":"LineString","coordinates":[[1.1693027,7.5070311],[1.1692822,7.5069664]]},"properties":{"fclass":"secondary"}},{"type":"Feature","geometry":{"type":"LineString","coordinates":[[1.0586392,7.5204993],[1.0573403,7.5212228],[1.0560092,7.5219382],[1.0552451,7.5223671],[1.054367,7.5228374],[1.0541512,7.5229594],[1.053113,7.5235261],[1.0526906,7.5237455],[1.0523365,7.5239436],[1.0510638,7.524627],[1.0504174,7.5249899],[1.0495833,7.5254513],[1.0488886,7.5258302],[1.048446,7.5260669]]},"properties":{"fclass":"secondary"}},{"type":"Feature","geometry":{"type":"LineString","coordinates":[[1.1454677,7.5176093],[1.1452968,7.5176646]]},"properties":{"fclass":"primary"}},{"type":"Feature","geometry":{"type":"LineString","coordinates":[[1.1238874,7.5324541],[1.1237825,7.5324607]]},"properties":{"fclass":"primary"}},{"type":"Feature","geometry":{"type":"LineString","coordinates":[[1.124516,7.5366265],[1.1245186,7.5365492]]},"properties":{"fclass":"primary"}},{"type":"Feature","geometry":{"type":"LineString","coordinates":[[1.1452968,7.5176646],[1.1431969,7.518301],[1.1425155,7.5185121],[1.141766,7.5188424],[1.1412545,7.5192126],[1.1407197,7.5197],[1.1404746,7.519959],[1.1395376,7.5211206],[1.1387495,7.5221353],[1.1380084,7.5229612],[1.1376415,7.5233175],[1.1370671,7.5238048],[1.1364863,7.5242721],[1.1353642,7.5251621],[1.1335595,7.5265512],[1.1325802,7.5272529],[1.1316079,7.5280306],[1.1311964,7.5283383],[1.1309433,7.5284697],[1.1306435,7.5285856],[1.129145,7.5291857],[1.1282203,7.5295609],[1.1279789,7.5296261],[1.127657,7.5296141],[1.1265801,7.5294559],[1.1260933,7.5294426],[1.1257848,7.5295902],[1.1255072,7.5298814],[1.124966,7.5313106]]},"properties":{"fclass":"primary"}},{"type":"Feature","geometry":{"type":"LineString","coordinates":[[1.1242661,7.5324211],[1.1243728,7.5331022]]},"properties":{"fclass":"primary"}},{"type":"Feature","geometry":{"type":"LineString","coordinates":[[1.1237825,7.5324607],[1.1227479,7.5325835],[1.121901,7.5326887]]},"properties":{"fclass":"primary"}},{"type":"Feature","geometry":{"type":"LineString","coordinates":[[1.1245186,7.5365492],[1.124555,7.5345174],[1.1245041,7.5340454],[1.1243728,7.5331022]]},"properties":{"fclass":"primary"}},{"type":"Feature","geometry":{"type":"LineString","coordinates":[[1.2739299,8.0638691],[1.2781368,8.0628045],[1.2905278,8.0615128],[1.301944,8.0609049],[1.3135689,8.0564995],[1.3138184,8.056465]]},"properties":{"fclass":"secondary"}},{"type":"Feature","geometry":{"type":"LineString","coordinates":[[1.6014397,7.3476765],[1.6006109,7.3489826],[1.5994683,7.3501584],[1.5985456,7.3508448],[1.5969872,7.3517359],[1.5958393,7.3523371],[1.5937847,7.3533453],[1.5933394,7.3536512],[1.593183,7.3538351]]},"properties":{"fclass":"secondary"}},{"type":"Feature","geometry":{"type":"LineString","coordinates":[[1.2721101,8.4421521],[1.2744721,8.4417649],[1.2818667,8.4407418],[1.2830758,8.4410868],[1.2878521,8.4445945],[1.2890714,8.4461856],[1.2902217,8.4486239],[1.2913482,8.4500313],[1.2943799,8.4531191],[1.3027378,8.4548648],[1.3039779,8.4558714],[1.3104544,8.4619524],[1.3180945,8.4666705],[1.3193719,8.4695846],[1.3207117,8.4727411],[1.3250686,8.4753424],[1.3272339,8.4770496],[1.3307637,8.4798279],[1.3427096,8.4823231],[1.3524721,8.483969],[1.3554824,8.4852166],[1.367015,8.4910455],[1.3769046,8.4957946],[1.3781799,8.4954767],[1.3820985,8.4945575],[1.3853315,8.4966228],[1.3870695,8.4986408],[1.3908377,8.5031423],[1.3955817,8.5061451],[1.3969016,8.508263],[1.4006903,8.5165843],[1.4028424,8.5196543],[1.4046126,8.5217928],[1.4063416,8.523922],[1.406975,8.525416],[1.4081673,8.5284632],[1.4096448,8.5321907],[1.4107918,8.5349585],[1.4134018,8.541279],[1.4141706,8.545682],[1.4145215,8.5513965]]},"properties":{"fclass":"secondary"}},{"type":"Feature","geometry":{"type":"LineString","coordinates":[[1.4788473,8.0369324],[1.4798138,8.0373313],[1.4834297,8.0372115],[1.4860243,8.0383607],[1.496291,8.0422671],[1.5144875,8.0470973],[1.5236564,8.0492909],[1.5366105,8.0507332],[1.5604377,8.0494168],[1.5662488,8.0491941]]},"properties":{"fclass":"secondary"}},{"type":"Feature","geometry":{"type":"LineString","coordinates":[[1.6036158,7.8981412],[1.6034602,7.8970902],[1.6031029,7.8948755],[1.6028551,7.8933425],[1.6027528,7.8924274],[1.6029389,7.891718],[1.6037371,7.8911776],[1.6055709,7.8900383],[1.6076976,7.8886995],[1.6086912,7.8880223],[1.6095716,7.8871963],[1.6112286,7.8856102],[1.6126427,7.8842658],[1.6134155,7.8835536],[1.6142123,7.8828099],[1.6150322,7.882038],[1.6158071,7.8813051],[1.6167343,7.8804398],[1.6178951,7.8793345],[1.6189681,7.8783281],[1.6193945,7.8779709],[1.6209827,7.8771229],[1.6224525,7.8763651],[1.6241656,7.8754911],[1.6251639,7.8749582],[1.6257368,7.872867],[1.6237961,7.8709723],[1.6205224,7.8676372],[1.6186561,7.8657762],[1.6167216,7.8630317]]},"properties":{"fclass":"secondary"}},{"type":"Feature","geometry":{"type":"LineString","coordinates":[[1.4146919,9.0177098],[1.4145953,9.0158212],[1.4146262,9.014245],[1.4146248,9.0125945],[1.4146095,9.0113764],[1.4147275,9.0096006],[1.4149916,9.0074081],[1.4151212,9.0062473],[1.4152047,9.0056117],[1.4155032,9.0033189],[1.4156689,9.0016665],[1.4157692,9.0000619],[1.4155802,8.9988927],[1.4153435,8.997377],[1.4152565,8.9968155]]},"properties":{"fclass":"secondary"}},{"type":"Feature","geometry":{"type":"LineString","coordinates":[[1.4783799,8.0366584],[1.4788473,8.0369324]]},"properties":{"fclass":"secondary"}},{"type":"Feature","geometry":{"type":"LineString","coordinates":[[1.2688404,7.8002124],[1.271131,7.8002895],[1.2718284,7.8002629],[1.2740654,7.7996756],[1.2854996,7.7965505],[1.2884916,7.7957312],[1.2902284,7.7952404],[1.291084,7.7949109],[1.292299,7.7944033],[1.2928703,7.7942811],[1.2956893,7.7938039],[1.2972633,7.7935475]]},"properties":{"fclass":"primary"}},{"type":"Feature","geometry":{"type":"LineString","coordinates":[[1.5413314,7.0126696],[1.5408916,7.0138947]]},"properties":{"fclass":"secondary"}},{"type":"Feature","geometry":{"type":"LineString","coordinates":[[1.2738253,8.0639422],[1.2739299,8.0638691]]},"properties":{"fclass":"secondary"}},{"type":"Feature","geometry":{"type":"LineString","coordinates":[[1.2972633,7.7935475],[1.2979412,7.7934256]]},"properties":{"fclass":"primary"}},{"type":"Feature","geometry":{"type":"LineString","coordinates":[[1.2687457,8.0655741],[1.2738253,8.0639422]]},"properties":{"fclass":"secondary"}},{"type":"Feature","geometry":{"type":"LineString","coordinates":[[1.6017965,7.8140537],[1.6033112,7.8102315],[1.6032935,7.8094394],[1.6029973,7.8080462],[1.602801,7.8073772],[1.6020808,7.8042908],[1.5990391,7.7983497],[1.598021,7.7964617],[1.5984238,7.7934582],[1.5995739,7.7917884],[1.603252,7.7867999],[1.6083383,7.7783708],[1.6093254,7.7759684]]},"properties":{"fclass":"secondary"}},{"type":"Feature","geometry":{"type":"LineString","coordinates":[[1.4164089,8.0427691],[1.4187821,8.0424321],[1.4266999,8.0420385],[1.4348106,8.0416566],[1.4371407,8.0428362],[1.4433522,8.0406951],[1.455648,8.0387429],[1.4665128,8.0372315],[1.4706016,8.036751],[1.476572,8.0364233],[1.4783799,8.0366584]]},"properties":{"fclass":"secondary"}},{"type":"Feature","geometry":{"type":"LineString","coordinates":[[1.5662488,8.0491941],[1.568533,8.0424785],[1.5728311,8.0388665],[1.5750332,8.0364768],[1.575565,8.0268568],[1.5764098,8.0167519],[1.5795644,8.0051016],[1.5845796,7.9919024],[1.5887619,7.9843241],[1.589594,7.9786736],[1.5897663,7.9681723],[1.5905008,7.9621746],[1.5885146,7.9546848],[1.5867877,7.9503358],[1.586425,7.9490003],[1.5872538,7.9472284],[1.5884648,7.9465222],[1.5927744,7.9361835],[1.5950752,7.9310039],[1.5954851,7.9300182],[1.5961427,7.9284713],[1.5967565,7.9270394],[1.5970404,7.9262241],[1.5971369,7.9253013],[1.5972914,7.9235025],[1.5974438,7.9220912],[1.5976794,7.9214572],[1.5982077,7.9203694],[1.5988292,7.9191058],[1.5994046,7.9179833],[1.6002826,7.9162517],[1.6011134,7.9145375],[1.6016877,7.9131924],[1.602273,7.9115596],[1.6026895,7.9103177],[1.6033296,7.9084938],[1.6043655,7.9054954],[1.6045584,7.9041405],[1.6042208,7.9021733],[1.6037868,7.8992203],[1.6036158,7.8981412]]},"properties":{"fclass":"secondary"}},{"type":"Feature","geometry":{"type":"LineString","coordinates":[[1.5408916,7.0138947],[1.5405267,7.0145731],[1.5398964,7.0155607],[1.5396067,7.0160772],[1.5395182,7.0166708],[1.539596,7.017315],[1.5398803,7.0179087],[1.5410793,7.0193063],[1.5416694,7.0197775],[1.5443274,7.0210074],[1.5450087,7.0214386],[1.5466395,7.0227324],[1.5473583,7.0230625],[1.5480593,7.0231518],[1.5493726,7.0231727],[1.551969,7.0232409],[1.5556276,7.0237174],[1.5591078,7.0244007],[1.5604182,7.0247882],[1.5619274,7.0254443],[1.563748,7.0262522],[1.5685499,7.0283166],[1.5696207,7.0287407],[1.5704843,7.028967],[1.5720871,7.0290832],[1.574636,7.0291849],[1.5758414,7.0292333],[1.576581,7.0292469],[1.5778438,7.0293088],[1.5790299,7.0294249],[1.5811247,7.0297683],[1.5823646,7.0300109],[1.5839103,7.0303818],[1.5860707,7.0310434],[1.5869746,7.0312324],[1.5882647,7.0312989],[1.5896224,7.0312736],[1.5913197,7.0308171],[1.5919955,7.0306079],[1.592516,7.0302368],[1.5927614,7.0299373],[1.5929908,7.0293264],[1.5936908,7.0269838],[1.5939993,7.0265898],[1.594474,7.0263369],[1.5971321,7.0261479],[1.5976711,7.026071],[1.5983123,7.0257911],[1.6020754,7.0237653]]},"properties":{"fclass":"secondary"}},{"type":"Feature","geometry":{"type":"LineString","coordinates":[[1.2687457,8.0655741],[1.2723442,8.070727],[1.2791184,8.07635],[1.2931949,8.0870965],[1.3047381,8.0949042],[1.3071231,8.0971709],[1.3095822,8.1010748],[1.3360076,8.10586],[1.3436394,8.1078014],[1.3471755,8.1076042],[1.3503265,8.1070795],[1.3508031,8.1068659]]},"properties":{"fclass":"secondary"}},{"type":"Feature","geometry":{"type":"LineString","coordinates":[[1.2732581,7.8143796],[1.2732476,7.8150683]]},"properties":{"fclass":"secondary"}},{"type":"Feature","geometry":{"type":"LineString","coordinates":[[1.434671,7.4224548],[1.4346631,7.4223187],[1.4345556,7.4218396],[1.4344264,7.4210882]]},"properties":{"fclass":"secondary"}},{"type":"Feature","geometry":{"type":"LineString","coordinates":[[1.434671,7.4224548],[1.4347565,7.4241036],[1.4349523,7.425121],[1.4353868,7.4263764],[1.4356675,7.4270974]]},"properties":{"fclass":"secondary"}},{"type":"Feature","geometry":{"type":"LineString","coordinates":[[1.2979412,7.7934256],[1.2990866,7.7931725],[1.2996953,7.7928311],[1.3043104,7.7898983],[1.3105442,7.7859052],[1.3159883,7.7821232],[1.3163611,7.7819159],[1.3218462,7.7789979],[1.3239303,7.7779243],[1.330609,7.7749399],[1.3313413,7.774807],[1.3385486,7.7747916],[1.3459503,7.7747645],[1.3470215,7.7746688],[1.3531637,7.7738184],[1.3547883,7.7735093],[1.3571092,7.7729892],[1.3646677,7.7710625],[1.3651572,7.7708786],[1.3724649,7.7657074],[1.373291,7.7650191],[1.3763916,7.7616758],[1.3770729,7.7613436],[1.3780061,7.7611887],[1.3823166,7.7604506],[1.3831265,7.760216],[1.3848484,7.7595649],[1.3882361,7.7582839],[1.3907708,7.7573271],[1.392474,7.7566521],[1.3937241,7.7559831],[1.3956499,7.7548696],[1.396665,7.7542941],[1.3975489,7.7539048],[1.3981623,7.7537177],[1.3989005,7.7534569],[1.4003409,7.7529706],[1.4028168,7.7521109],[1.4059576,7.7510398],[1.4067755,7.750762],[1.4109486,7.7484603],[1.4152647,7.7460578],[1.4221689,7.7421497],[1.4232042,7.7415677],[1.4276406,7.7402122],[1.4292553,7.7396647],[1.4304194,7.738466],[1.432144,7.7366534],[1.433225,7.7368049],[1.4387476,7.7380727],[1.4420494,7.7388727],[1.44526,7.7397072],[1.4459842,7.7398321],[1.4471188,7.739888],[1.4485109,7.7405444],[1.4499673,7.7411398],[1.4509517,7.7411238],[1.4595455,7.7441244],[1.4626273,7.7451822],[1.4634186,7.7453709],[1.4649314,7.7455144],[1.4663127,7.7459078],[1.4707088,7.747412],[1.4742172,7.7485974],[1.4757246,7.7494133],[1.478219,7.7508113],[1.4785275,7.7511036],[1.4798552,7.7523022],[1.4816388,7.7538517],[1.4863166,7.757591],[1.4893985,7.7602806],[1.4899027,7.7606606],[1.4913484,7.7616572],[1.4946878,7.7639667],[1.4955515,7.7643972],[1.4991429,7.7656304],[1.5015596,7.7664516],[1.502839,7.7668768],[1.5037751,7.7672621],[1.5060765,7.7683252],[1.5075463,7.7689338],[1.5094292,7.7692952],[1.5142009,7.7701376],[1.5146837,7.7702865],[1.51954,7.7729534],[1.5216467,7.7741081],[1.525737,7.7765716],[1.5272525,7.7775868],[1.529519,7.7798749],[1.5350588,7.7813155],[1.5395933,7.7820514],[1.5404624,7.78228],[1.5426242,7.7833695],[1.5451951,7.7845946],[1.5453818,7.7846905]]},"properties":{"fclass":"primary"}},{"type":"Feature","geometry":{"type":"LineString","coordinates":[[1.5932833,8.7463899],[1.591563,8.7446946],[1.5898257,8.7427512],[1.589015,8.7417248],[1.587597,8.7399483],[1.5864423,8.7383753],[1.5850726,8.7366254],[1.5836364,8.7347621],[1.5803598,8.7303016],[1.5722061,8.72435],[1.5651076,8.7201987],[1.5626679,8.7191022],[1.5619913,8.7154529],[1.5613129,8.711571],[1.5577408,8.7044567],[1.557444,8.7037285],[1.5566649,8.6986049],[1.5559971,8.6947175],[1.5504375,8.6906311],[1.5373945,8.6815412],[1.5363769,8.6804462],[1.5337428,8.6768731],[1.5243408,8.6714557],[1.5233444,8.6706069],[1.5180807,8.663681],[1.5172935,8.6631302],[1.5118436,8.6611183],[1.5089552,8.6564604],[1.508404,8.6558841],[1.5002898,8.6514462],[1.4983809,8.6520372],[1.4955093,8.6532014],[1.4868917,8.6556064],[1.4782846,8.6551139],[1.47405,8.6547419],[1.472141,8.6539452]]},"properties":{"fclass":"secondary"}},{"type":"Feature","geometry":{"type":"LineString","coordinates":[[1.1744682,6.9471072],[1.1769077,6.9477142],[1.1775528,6.9477102],[1.1781992,6.9476356],[1.1807324,6.9472863],[1.183502,6.9467969],[1.186314,6.9462595],[1.1888069,6.9457885],[1.1938191,6.9447972]]},"properties":{"fclass":"secondary"}},{"type":"Feature","geometry":{"type":"LineString","coordinates":[[1.2845352,7.9556823],[1.2855908,7.9595775],[1.2863055,7.9620746],[1.286566,7.9633267],[1.2868621,7.9634974],[1.2879914,7.963493],[1.2902379,7.9633246],[1.2908954,7.9635779],[1.2924036,7.9660616],[1.2949552,7.970641],[1.2983206,7.9714008],[1.3046446,7.9718801],[1.3049556,7.9721382],[1.3100545,7.9790229],[1.311284,7.9791992],[1.3118025,7.9781111],[1.3128421,7.9747203],[1.3141966,7.9732815],[1.3194298,7.9713237],[1.3219964,7.9707474],[1.3258427,7.9708005],[1.3271889,7.9718066],[1.3289484,7.9830176],[1.3279944,7.9903235],[1.3271465,7.9972304],[1.3273126,7.9991236],[1.3262904,8.0020722],[1.3254505,8.0060686],[1.3252232,8.0142753],[1.3226521,8.0259275],[1.3182426,8.0379137],[1.3176872,8.0407678],[1.3163021,8.054205],[1.3152695,8.0552274],[1.3138157,8.0563721],[1.3140705,8.0567359],[1.3177639,8.0584913],[1.3299733,8.0612586],[1.3345438,8.0620686],[1.3382551,8.0616123],[1.3392352,8.0612034]]},"properties":{"fclass":"secondary"}},{"type":"Feature","geometry":{"type":"LineString","coordinates":[[1.3828638,9.0141327],[1.3822478,9.0141201]]},"properties":{"fclass":"primary"}},{"type":"Feature","geometry":{"type":"LineString","coordinates":[[1.3822478,9.0141201],[1.3790926,9.0142136],[1.3778561,9.0140705],[1.3768986,9.0138612],[1.3761851,9.013644],[1.3753148,9.0131998],[1.3745597,9.0126665]]},"properties":{"fclass":"primary"}},{"type":"Feature","geometry":{"type":"LineString","coordinates":[[1.1923183,6.5181032],[1.1946787,6.5081331],[1.1961016,6.5024262],[1.1976439,6.4959183],[1.1979952,6.4944899],[1.1985035,6.4932],[1.1987932,6.4924964],[1.1989957,6.4916183],[1.199221,6.4897768],[1.1993887,6.4885629],[1.2000257,6.4857939],[1.2015974,6.4790933],[1.2025577,6.4751789],[1.2027884,6.4744727],[1.203135,6.4737107],[1.2039157,6.4724463],[1.204223,6.4717247],[1.2043985,6.4709317],[1.2044022,6.4695182],[1.2043869,6.467578],[1.2046044,6.4663443],[1.205133,6.4640524],[1.2063706,6.4586859],[1.2077045,6.452891],[1.2080721,6.4512599],[1.2091805,6.4464685],[1.2100114,6.4428764],[1.2104054,6.441173],[1.2110067,6.4385735],[1.2115627,6.43617],[1.2120225,6.4342772],[1.2121895,6.4333922],[1.2127796,6.4309241],[1.2130424,6.4297809],[1.2130947,6.4294478],[1.2130494,6.4283369],[1.2129972,6.4272358],[1.2128077,6.4242063],[1.2127273,6.4236093],[1.2123078,6.4222332],[1.2117441,6.420377]]},"properties":{"fclass":"trunk"}},{"type":"Feature","geometry":{"type":"LineString","coordinates":[[1.2152151,6.3060366],[1.2151834,6.3058487]]},"properties":{"fclass":"trunk"}},{"type":"Feature","geometry":{"type":"LineString","coordinates":[[1.1710725,6.982884],[1.1709979,6.9830231]]},"properties":{"fclass":"trunk"}},{"type":"Feature","geometry":{"type":"LineString","coordinates":[[1.1562788,7.040385],[1.1560482,7.0421945],[1.1559436,7.043262],[1.1559677,7.0445929],[1.1560133,7.0461236],[1.1558023,7.0474786],[1.1552818,7.0492439],[1.1543954,7.0519666],[1.1536359,7.0543829],[1.1530843,7.0560845],[1.1529073,7.0570747],[1.1528188,7.0582885],[1.1529261,7.0600587],[1.1530552,7.0621008],[1.153191,7.0642651],[1.1533535,7.0668671],[1.1534368,7.0681129],[1.1535225,7.0693993],[1.1536498,7.0713668],[1.1537421,7.0728715],[1.1538556,7.0746808],[1.1539942,7.0768714],[1.1541919,7.0800491],[1.154386,7.083306],[1.1545497,7.0858692],[1.1547132,7.0883612],[1.1548687,7.090913],[1.1550494,7.0937669],[1.1551577,7.0957198],[1.1553267,7.0977573],[1.1555788,7.0989257],[1.1559758,7.1000063],[1.1566386,7.1016584],[1.1578292,7.1047136],[1.1587445,7.1070092],[1.1598816,7.1100591],[1.1610218,7.1128237],[1.1621031,7.1156045],[1.162928,7.1178204],[1.1631802,7.1190287],[1.1632928,7.1205564],[1.163383,7.1238414],[1.1634383,7.1265929],[1.1635128,7.1299329],[1.1635865,7.1319742],[1.1637238,7.1343622],[1.1638338,7.1363344],[1.1639928,7.1388306],[1.1641876,7.1420417],[1.1644016,7.1457077],[1.1645797,7.1485351],[1.1648603,7.1528846],[1.1650569,7.1559604],[1.1652761,7.1590944],[1.1654802,7.1621002],[1.1655947,7.1640542],[1.1656351,7.1645663],[1.1656429,7.1646705]]},"properties":{"fclass":"trunk"}},{"type":"Feature","geometry":{"type":"LineString","coordinates":[[1.247989,6.9340203],[1.248733,6.9338428]]},"properties":{"fclass":"secondary"}},{"type":"Feature","geometry":{"type":"LineString","coordinates":[[1.337479,6.5064444],[1.3377915,6.5068096]]},"properties":{"fclass":"secondary"}},{"type":"Feature","geometry":{"type":"LineString","coordinates":[[1.3476958,6.5188152],[1.3491029,6.5205769],[1.3565844,6.5303824],[1.3571575,6.5312176],[1.3573876,6.5316672],[1.3589349,6.5343902],[1.3596681,6.5356918],[1.3611811,6.5384705],[1.3622028,6.5404617],[1.3630413,6.5423858],[1.3638764,6.5442816],[1.3646061,6.5459382],[1.3653168,6.5474859],[1.3683397,6.5544088],[1.3755843,6.5710441],[1.3819344,6.5855818],[1.383682,6.5895738],[1.3849868,6.5925588],[1.3859493,6.5947623],[1.3864164,6.5955697],[1.3875812,6.5969113],[1.3894862,6.5990881],[1.3908702,6.6006228],[1.3933809,6.603429],[1.3946527,6.6048442],[1.3965524,6.6069582],[1.3978823,6.6084265],[1.3983253,6.6089265]]},"properties":{"fclass":"secondary"}},{"type":"Feature","geometry":{"type":"LineString","coordinates":[[1.248733,6.9338428],[1.2502758,6.9339069],[1.2520981,6.9351362],[1.2540346,6.9359829],[1.2557064,6.9365326],[1.2581124,6.9373249],[1.2620464,6.9385896],[1.2635189,6.9391354],[1.2647662,6.939841],[1.2683952,6.9420483],[1.269665,6.9429115],[1.2721403,6.9446595]]},"properties":{"fclass":"secondary"}},{"type":"Feature","geometry":{"type":"LineString","coordinates":[[0.1670756,11.0720356],[0.1683676,11.0681443],[0.1687324,11.066894],[0.1694459,11.0647486],[0.1697745,11.0637476],[0.1712644,11.0590627],[0.1719055,11.0566146],[0.1724753,11.0543749],[0.1728586,11.0530104],[0.1731393,11.0519393],[0.1734669,11.0508067],[0.173842,11.0495043],[0.1741102,11.048396],[0.1744133,11.0473825],[0.1746708,11.0467139],[0.1753843,11.0447974],[0.1758644,11.0436022],[0.1761112,11.0428783],[0.1769118,11.0401865],[0.1782529,11.0349186],[0.1784056,11.0342865]]},"properties":{"fclass":"secondary"}},{"type":"Feature","geometry":{"type":"LineString","coordinates":[[0.1670471,11.0721268],[0.1670756,11.0720356]]},"properties":{"fclass":"secondary"}},{"type":"Feature","geometry":{"type":"LineString","coordinates":[[0.1784056,11.0342865],[0.1784252,11.0341971]]},"properties":{"fclass":"secondary"}},{"type":"Feature","geometry":{"type":"LineString","coordinates":[[0.1858512,11.0093149],[0.1858902,11.0091158]]},"properties":{"fclass":"secondary"}},{"type":"Feature","geometry":{"type":"LineString","coordinates":[[0.1289132,11.028583],[0.1280554,11.0289421],[0.1272363,11.0293555],[0.1261013,11.0298859],[0.1235755,11.0304003],[0.1224383,11.0305265],[0.1182266,11.0309697],[0.1178125,11.031021],[0.1154091,11.0313226],[0.114841,11.0316466],[0.1139907,11.0323175],[0.1134372,11.0330836],[0.1127986,11.0342603],[0.1123894,11.0348116]]},"properties":{"fclass":"secondary"}},{"type":"Feature","geometry":{"type":"LineString","coordinates":[[0.1862565,11.0065256],[0.1850697,11.0065785],[0.1844718,11.0065264],[0.1827215,11.0060927],[0.1822695,11.006119],[0.1814447,11.0066693],[0.1809386,11.0070132],[0.1800423,11.007262],[0.1789252,11.0074139],[0.1771814,11.0076448],[0.1747057,11.0081161],[0.1733364,11.0084386],[0.1726769,11.0085843]]},"properties":{"fclass":"secondary"}},{"type":"Feature","geometry":{"type":"LineString","coordinates":[[0.1784252,11.0341971],[0.1796222,11.0293361],[0.179932,11.028129],[0.1810327,11.0240765],[0.1833236,11.0170519],[0.1852426,11.0113482],[0.1858512,11.0093149]]},"properties":{"fclass":"secondary"}},{"type":"Feature","geometry":{"type":"LineString","coordinates":[[0.0098853,11.1137457],[0.0095581,11.114147]]},"properties":{"fclass":"trunk"}},{"type":"Feature","geometry":{"type":"LineString","coordinates":[[1.5453818,7.7846905],[1.545474,7.784737]]},"properties":{"fclass":"primary"}},{"type":"Feature","geometry":{"type":"LineString","coordinates":[[0.2207955,10.8752889],[0.2218234,10.8747733],[0.2222295,10.874679],[0.2225204,10.8746998],[0.2235467,10.8750933],[0.2248932,10.8756649],[0.2261868,10.8762134],[0.2285185,10.8772757],[0.2309077,10.8784339],[0.2318552,10.8788885],[0.2328754,10.8793776],[0.2345861,10.8801723],[0.2375129,10.8814571],[0.2417059,10.8831672]]},"properties":{"fclass":"primary"}},{"type":"Feature","geometry":{"type":"LineString","coordinates":[[0.1029808,10.7131639],[0.1028358,10.7133695]]},"properties":{"fclass":"secondary"}},{"type":"Feature","geometry":{"type":"LineString","coordinates":[[0.1882596,10.7423474],[0.1882148,10.7424258]]},"properties":{"fclass":"secondary"}},{"type":"Feature","geometry":{"type":"LineString","coordinates":[[0.1767898,10.6598804],[0.1755318,10.6570916],[0.1748639,10.6553703]]},"properties":{"fclass":"secondary"}},{"type":"Feature","geometry":{"type":"LineString","coordinates":[[0.1044125,10.9590437],[0.1040352,10.9594819]]},"properties":{"fclass":"secondary"}},{"type":"Feature","geometry":{"type":"LineString","coordinates":[[0.1660039,10.8634888],[0.1637878,10.8628455],[0.1593483,10.8611598],[0.1584944,10.8607842],[0.1573545,10.8601257],[0.1562077,10.8592067],[0.1550652,10.8580447],[0.154238,10.8570576],[0.1534854,10.8553776],[0.1531836,10.8543028],[0.1529127,10.8523245],[0.1527035,10.8505134],[0.1526889,10.8495645],[0.1527585,10.8487617],[0.1529449,10.8473273],[0.1532266,10.8453121],[0.1532346,10.8446482],[0.1530629,10.8441174],[0.1525065,10.8433489],[0.1520101,10.8427831],[0.1518079,10.8425837]]},"properties":{"fclass":"secondary"}},{"type":"Feature","geometry":{"type":"LineString","coordinates":[[0.1483544,10.5457366],[0.152746,10.5558152],[0.1557211,10.5625731],[0.1600837,10.567778],[0.162331,10.5720917],[0.1634078,10.5743964],[0.165421,10.5790112],[0.1680224,10.5839603],[0.1702898,10.5881815],[0.1708165,10.5910689],[0.1717073,10.5956868],[0.1723152,10.5984143],[0.1730406,10.6017127],[0.1739555,10.6066825],[0.1736906,10.6096288],[0.172878,10.6184972],[0.1732302,10.6211062],[0.1740096,10.6222303],[0.1745338,10.6232961],[0.1781342,10.6303886],[0.1801691,10.6351513],[0.1777318,10.6512454],[0.174365,10.6560188],[0.1738998,10.6572618],[0.1740164,10.6576821]]},"properties":{"fclass":"secondary"}},{"type":"Feature","geometry":{"type":"LineString","coordinates":[[0.1316702,10.9816577],[0.1303223,10.9810554],[0.129472,10.9801709],[0.1284334,10.9796611],[0.1267932,10.9794287],[0.1257038,10.9793267],[0.1245106,10.9799433],[0.1236796,10.9803393],[0.1224563,10.9812592],[0.1218945,10.9818332],[0.1198486,10.9817336],[0.1174669,10.9807424],[0.1157978,10.9796397],[0.1149226,10.9788043],[0.1139832,10.9778251],[0.1123349,10.9765206],[0.1115492,10.9760494],[0.1108455,10.9759806],[0.1100786,10.976264],[0.1093066,10.9766547],[0.1088215,10.9774646],[0.1082971,10.978469],[0.1075268,10.9793526],[0.1063312,10.9801659],[0.1058068,10.9802262],[0.105209,10.9800921],[0.1044284,10.9794465],[0.102787,10.9780397],[0.1012805,10.9767151],[0.0997234,10.9760701],[0.0978393,10.9758354],[0.0972982,10.9756836]]},"properties":{"fclass":"secondary"}},{"type":"Feature","geometry":{"type":"LineString","coordinates":[[0.0979382,10.905667],[0.105623,10.9047538],[0.1141302,10.9038407],[0.1219979,10.9062743],[0.133613,10.90963],[0.1371656,10.9101816],[0.1431345,10.9108029],[0.1498049,10.9114702],[0.1508796,10.9118194],[0.1515541,10.912174],[0.1518587,10.9124191],[0.1526338,10.912412],[0.1532963,10.9124779],[0.1534047,10.9124877]]},"properties":{"fclass":"secondary"}},{"type":"Feature","geometry":{"type":"LineString","coordinates":[[0.0953096,10.7207993],[0.0737542,10.7218831],[0.0701451,10.7226194],[0.0619805,10.7269731]]},"properties":{"fclass":"secondary"}},{"type":"Feature","geometry":{"type":"LineString","coordinates":[[1.4042891,8.1161721],[1.408468,8.1174413],[1.4091761,8.1187106],[1.4098228,8.1195154],[1.4106186,8.1199812],[1.4116145,8.1204554],[1.4120329,8.1206307],[1.4128483,8.1209174],[1.4136476,8.1211139],[1.4149673,8.1213635],[1.4177511,8.121799],[1.4209752,8.1223247],[1.4248107,8.1229514],[1.4257441,8.1230735],[1.4264254,8.1236949],[1.4276592,8.1252827],[1.4280401,8.1258191],[1.4283941,8.1261215],[1.4295529,8.126488],[1.4312006,8.1269421],[1.4337363,8.1275088],[1.4357325,8.1274242],[1.4392414,8.1282341],[1.4470044,8.1302163],[1.4535094,8.1352407],[1.4546269,8.1357521],[1.4570082,8.1362732],[1.4603462,8.1356253],[1.4615534,8.1351897],[1.466686,8.133952],[1.4671653,8.1336982]]},"properties":{"fclass":"secondary"}},{"type":"Feature","geometry":{"type":"LineString","coordinates":[[1.3876557,8.4992792],[1.387509,8.4981045],[1.3875109,8.4949714],[1.386894,8.4940323],[1.3851594,8.4920893],[1.3849084,8.4913291],[1.3845777,8.4891955],[1.3840474,8.4854997],[1.3837883,8.4847917],[1.3826376,8.4837685],[1.3812833,8.4826177],[1.3802178,8.4807155],[1.3787169,8.4776626],[1.3777613,8.4753854],[1.3774073,8.4750564],[1.3764202,8.4743773],[1.3756853,8.4738043],[1.3747916,8.4725743],[1.3741106,8.4717854],[1.3724881,8.4701591],[1.3709271,8.4686363],[1.3695645,8.4673364],[1.3684326,8.4665617],[1.3671291,8.4658082],[1.3667321,8.4650177],[1.365729,8.4628793],[1.3649549,8.4612682],[1.3643825,8.459701],[1.3637709,8.458279],[1.3629287,8.4569472],[1.3623708,8.4558064],[1.3619202,8.4546231],[1.3610536,8.4522911],[1.3608152,8.4516557],[1.3607025,8.4506117],[1.3602561,8.448431],[1.3598978,8.4460218],[1.3596841,8.4449233],[1.3596411,8.4411539],[1.3596564,8.4375582],[1.3597286,8.4359425],[1.3607132,8.4324853],[1.3612453,8.4302582],[1.3615937,8.4287393],[1.3624088,8.4279565],[1.3633206,8.4265504],[1.3644546,8.4248042],[1.3645872,8.4239806],[1.3651642,8.4209263],[1.3653031,8.4185288],[1.3651228,8.4161041],[1.3655475,8.4132285],[1.365931,8.410522],[1.3663334,8.4078395],[1.3662609,8.4068206],[1.3659149,8.405263],[1.3651264,8.4019489],[1.3645792,8.3995794],[1.3642037,8.3978653],[1.3639006,8.3964192],[1.3637356,8.395119],[1.3636538,8.3943839],[1.3632756,8.3912422],[1.3630557,8.3894511],[1.3628063,8.3874663],[1.3626748,8.3862138],[1.3624468,8.3831622],[1.3622725,8.3809226],[1.3621464,8.378829],[1.3621223,8.3765628],[1.362066,8.3735669],[1.3621303,8.3721445],[1.3624629,8.3691008],[1.3628143,8.3658581],[1.3629116,8.3651816]]},"properties":{"fclass":"secondary"}},{"type":"Feature","geometry":{"type":"LineString","coordinates":[[1.2114483,6.117799],[1.2113164,6.117725],[1.2099592,6.1171273],[1.2071939,6.1158568],[1.2053962,6.1152038],[1.2034569,6.114582],[1.2017034,6.1140033],[1.2007572,6.1136852],[1.20032,6.1136066],[1.1998916,6.1134899],[1.1995114,6.1132845],[1.1993558,6.1131932]]},"properties":{"fclass":"trunk"}},{"type":"Feature","geometry":{"type":"LineString","coordinates":[[1.2490722,6.1314967],[1.2492462,6.1315855],[1.2513436,6.1322847],[1.2536492,6.1330727],[1.2552663,6.1337228],[1.2579814,6.1348576],[1.2603519,6.135905],[1.2612881,6.1363171],[1.262389,6.1367227],[1.2635652,6.1370939],[1.2645362,6.1374039],[1.2653162,6.1376604],[1.2664177,6.1380112],[1.267042,6.1381913],[1.2682031,6.1385299],[1.2690436,6.1387367],[1.2703814,6.1389787],[1.2716889,6.139312],[1.2724733,6.1395385],[1.2726358,6.1395244],[1.2727627,6.1394952]]},"properties":{"fclass":"trunk"}},{"type":"Feature","geometry":{"type":"LineString","coordinates":[[1.248778,6.1315795],[1.2485851,6.1314819],[1.2477997,6.1312275],[1.2412982,6.12909],[1.2389692,6.1282753],[1.2382766,6.1279964],[1.2381037,6.1279366],[1.2380194,6.1279132]]},"properties":{"fclass":"trunk"}},{"type":"Feature","geometry":{"type":"LineString","coordinates":[[1.2906845,6.1526447],[1.290276,6.1525055]]},"properties":{"fclass":"trunk"}},{"type":"Feature","geometry":{"type":"LineString","coordinates":[[0.6407402,8.0816821],[0.6404376,8.0842114],[0.6402856,8.0860926],[0.6396169,8.0876457],[0.6390206,8.0896102],[0.6391726,8.0926661],[0.6394215,8.0955844],[0.6401465,8.0959673],[0.6417226,8.0965476],[0.6421465,8.0969631],[0.6426665,8.0978488],[0.6428521,8.0985369],[0.64267,8.0990483],[0.6423892,8.0996785],[0.6414281,8.1010402],[0.6413199,8.1014345],[0.6413948,8.1019915],[0.6422428,8.1057103],[0.6422057,8.1060803],[0.6415909,8.1072965],[0.6411558,8.1087802],[0.6403928,8.1112315],[0.6403068,8.1129573],[0.6404226,8.1149091],[0.6410453,8.1164705],[0.6411161,8.1171338],[0.6409866,8.1189416],[0.6411395,8.1207386],[0.6415216,8.1228098],[0.641598,8.1233773],[0.6414165,8.1239164],[0.6395437,8.1284837],[0.6393598,8.1292604],[0.6391346,8.1303808],[0.6392192,8.1317282],[0.6393189,8.1322175],[0.6412255,8.1337805],[0.6431033,8.1353045],[0.6444914,8.1370614],[0.6447825,8.1382549],[0.6454835,8.1416555],[0.6454605,8.142943],[0.6453915,8.1440218],[0.6451958,8.1450896],[0.6453717,8.1472475],[0.6452475,8.1493186],[0.6452617,8.1499627],[0.6456077,8.1502946],[0.64715,8.1509557],[0.6490625,8.1528907],[0.6513852,8.1573598],[0.6522462,8.1583528],[0.6524634,8.1587908],[0.6523508,8.1601966],[0.6542533,8.1669405],[0.654688,8.1708555],[0.6544375,8.1728253],[0.6542149,8.1736217],[0.6538596,8.1743954],[0.6531088,8.1762078],[0.653134,8.1765156],[0.6532918,8.1765789],[0.6551628,8.1769454],[0.6559068,8.1772251],[0.6568679,8.1776848],[0.6591309,8.1788636],[0.6608096,8.1797568],[0.6608856,8.1799126]]},"properties":{"fclass":"secondary"}},{"type":"Feature","geometry":{"type":"LineString","coordinates":[[0.9616638,8.1858659],[0.961211,8.1859826]]},"properties":{"fclass":"primary"}},{"type":"Feature","geometry":{"type":"LineString","coordinates":[[0.6608856,8.1799126],[0.6617224,8.1802352],[0.662798,8.1807901],[0.6637904,8.1814671],[0.6644315,8.1821733],[0.665043,8.1830813],[0.6662902,8.1851335],[0.6669903,8.1860069],[0.6684333,8.1875654],[0.6689939,8.1882981],[0.6693828,8.1890946],[0.6697986,8.1897795],[0.6703538,8.1903105],[0.6711826,8.1908096],[0.6730172,8.191476],[0.6756887,8.1924317],[0.6769493,8.1929467],[0.6777298,8.1933901],[0.679476,8.1947759],[0.6805696,8.1956022],[0.6826892,8.1972529],[0.6835408,8.1978382],[0.6842946,8.198255],[0.6850523,8.1985524],[0.6860299,8.198859],[0.6868567,8.1990336],[0.6872758,8.1990873],[0.6879893,8.1991524],[0.6891261,8.1992746],[0.6902846,8.1993946],[0.6910148,8.199467],[0.6917833,8.1996448],[0.6922479,8.1998114],[0.6927851,8.200059],[0.6936602,8.200509],[0.6953949,8.2014395],[0.6962559,8.201697],[0.6970739,8.201774],[0.6986135,8.201843],[0.6995952,8.2021032],[0.7004803,8.2025412],[0.7013145,8.2030217],[0.7023686,8.2036058],[0.7039806,8.2044792],[0.7048202,8.2050393],[0.7054102,8.2056473],[0.7059601,8.2064384],[0.7067031,8.2074153],[0.7072422,8.207925],[0.7079181,8.2083578],[0.7100518,8.2095267],[0.7113594,8.210224],[0.7123263,8.2106196],[0.7151489,8.2114194],[0.7214606,8.213107],[0.7222343,8.213321]]},"properties":{"fclass":"primary"}},{"type":"Feature","geometry":{"type":"LineString","coordinates":[[0.7748455,9.2571708],[0.7730992,9.2573628],[0.772138,9.257472],[0.7709715,9.2570958],[0.769351,9.2561035],[0.7684469,9.2554728],[0.767748,9.2551195],[0.7661279,9.2542079],[0.7645914,9.2532565],[0.7638956,9.2526339],[0.7624971,9.2522018],[0.7612684,9.2522307],[0.7608073,9.2522403],[0.7587274,9.2522551],[0.7565986,9.2522807],[0.7550932,9.2523129],[0.7543089,9.2523701],[0.7524694,9.252513],[0.7510163,9.2528807],[0.7498217,9.2536088],[0.7485767,9.2543446],[0.7474263,9.254612],[0.7463369,9.254899],[0.7437526,9.2555845],[0.7427435,9.2560361],[0.7414195,9.2568651],[0.7399371,9.2577419],[0.7381083,9.2585319],[0.7366134,9.2592351],[0.7339231,9.260119],[0.7311827,9.2605548],[0.7289698,9.2609568],[0.7257968,9.2616158],[0.723785,9.2620462],[0.7228097,9.2622157]]},"properties":{"fclass":"secondary"}},{"type":"Feature","geometry":{"type":"LineString","coordinates":[[0.6892551,9.0161886],[0.6886843,9.0152524]]},"properties":{"fclass":"secondary"}},{"type":"Feature","geometry":{"type":"LineString","coordinates":[[0.9479218,7.9579617],[0.956153,7.9607966],[0.9588373,7.9636314],[0.9627048,7.9668316],[0.9675318,7.969568],[0.9696186,7.9707952],[0.9710348,7.9709386],[0.9729767,7.9711458],[0.973811,7.9709641],[0.9793323,7.9684065],[0.9819787,7.9666631],[0.9885303,7.9638456],[0.9936064,7.961036],[0.9966724,7.95965],[1.0016627,7.9547487],[1.004879,7.9516323],[1.0079767,7.9519543],[1.0104782,7.9510062],[1.0158968,7.9477773],[1.0182448,7.9459438],[1.0226068,7.9464089],[1.026505,7.948072]]},"properties":{"fclass":"secondary"}},{"type":"Feature","geometry":{"type":"LineString","coordinates":[[1.1276136,9.6953803],[1.1275249,9.6955803]]},"properties":{"fclass":"trunk"}},{"type":"Feature","geometry":{"type":"LineString","coordinates":[[1.1275249,9.6955803],[1.1262327,9.6983945],[1.1260048,9.6990343],[1.125825,9.699809],[1.1248299,9.7043352],[1.1243874,9.7054826],[1.1232877,9.7083148]]},"properties":{"fclass":"trunk"}},{"type":"Feature","geometry":{"type":"LineString","coordinates":[[1.1800119,9.749656],[1.1778933,9.7517153],[1.1773622,9.752188],[1.1760909,9.7524731],[1.1746701,9.752651]]},"properties":{"fclass":"secondary"}},{"type":"Feature","geometry":{"type":"LineString","coordinates":[[0.996825,8.2722367],[0.9971816,8.272791],[0.9983331,8.2731567],[0.9995336,8.2732494],[1.0077941,8.2740189],[1.009381,8.2736389],[1.0138762,8.2712307],[1.0248553,8.2704352],[1.0304963,8.2700659],[1.0328854,8.2699298],[1.034771,8.2698045],[1.0394334,8.2694329],[1.0406143,8.2694005],[1.0426785,8.2696],[1.0457478,8.2699741],[1.047701,8.2701685],[1.048384,8.2703426],[1.0504377,8.2711881],[1.051388,8.2714232],[1.0530739,8.2715904],[1.0559706,8.2730486],[1.0571328,8.2735654],[1.0591299,8.2734035],[1.0637102,8.2730463],[1.0657808,8.2729297],[1.0663259,8.2730214],[1.0673973,8.2749732],[1.0688753,8.2780853],[1.0706023,8.2816186],[1.0726035,8.2840714],[1.0735426,8.2853226],[1.0733962,8.2862799],[1.0728319,8.2883936],[1.0730574,8.2898798],[1.073451,8.2908847],[1.0752963,8.2933571],[1.0758112,8.2940498],[1.0767956,8.296055],[1.0775661,8.2977437],[1.0781353,8.2990982],[1.0789258,8.3007453],[1.0794734,8.3017986],[1.0793696,8.303118]]},"properties":{"fclass":"secondary"}},{"type":"Feature","geometry":{"type":"LineString","coordinates":[[0.9708568,8.3158548],[0.9713325,8.3159447]]},"properties":{"fclass":"secondary"}},{"type":"Feature","geometry":{"type":"LineString","coordinates":[[0.8844935,8.2152522],[0.8846371,8.2156663],[0.8846834,8.2166689],[0.8845087,8.2182183],[0.8837956,8.2196299],[0.8837534,8.2212671],[0.8836985,8.2218225],[0.8832541,8.2227913],[0.8834794,8.2234071],[0.8845389,8.2255786],[0.8842016,8.2269067],[0.8839872,8.2277786],[0.8838715,8.2293023],[0.8841761,8.2311892],[0.8841796,8.2335036],[0.8842597,8.2349652],[0.8844834,8.2368153],[0.8848236,8.2388275],[0.8850688,8.240099],[0.885079,8.2414054],[0.8852598,8.242119],[0.8858632,8.2427788],[0.8864287,8.2436767],[0.8877241,8.2457981],[0.8879857,8.2475479],[0.888222,8.2495858],[0.8880617,8.2526886],[0.8879182,8.2532189],[0.8888001,8.2545177],[0.8900618,8.2572362],[0.8907117,8.2581675],[0.8915851,8.2590903],[0.8914501,8.2600007],[0.8914206,8.2605603],[0.8916991,8.2620427],[0.8920755,8.2648749],[0.8930243,8.2651273],[0.8934212,8.2653872],[0.8937912,8.2653399],[0.8944655,8.2653886],[0.8959691,8.2670353],[0.8952349,8.2698373],[0.8951378,8.2717039],[0.8948255,8.2773495],[0.895045,8.2781596],[0.894719,8.2794941],[0.8947399,8.281744],[0.8943997,8.2836485],[0.8944654,8.2848532],[0.8942744,8.2866366],[0.8941431,8.287233],[0.8942804,8.288851],[0.8942565,8.2907525],[0.8945608,8.2921875],[0.8945549,8.2951046],[0.8948678,8.2961836],[0.8946779,8.2969018],[0.8949226,8.2981378],[0.8950957,8.2997704],[0.8950661,8.301545],[0.8942939,8.3035116],[0.8948762,8.305804],[0.8952729,8.3071818],[0.8959734,8.3086808],[0.8968679,8.3096119],[0.8976233,8.3102633],[0.898425,8.3107811],[0.9005686,8.3116996],[0.9044929,8.3114867],[0.9054761,8.3108019],[0.9076028,8.3100963],[0.9087211,8.3097247],[0.909776,8.3093698],[0.9121432,8.3096579],[0.9186838,8.3090984],[0.9226419,8.3080044],[0.9238698,8.3078666],[0.9264095,8.3076574],[0.9283101,8.3075036],[0.931448,8.3074464],[0.9367568,8.3075242],[0.9435447,8.3070093],[0.9474953,8.3073164],[0.953618,8.3091823],[0.9612923,8.3103515],[0.9645506,8.3116978],[0.9678208,8.3143432],[0.9686847,8.3150074],[0.9703451,8.31584],[0.9708568,8.3158548]]},"properties":{"fclass":"secondary"}},{"type":"Feature","geometry":{"type":"LineString","coordinates":[[0.9713325,8.3159447],[0.9724376,8.3166135],[0.9732114,8.317273],[0.9739637,8.3180082],[0.9746101,8.3188017],[0.975673,8.3198892],[0.9774559,8.3210561]]},"properties":{"fclass":"secondary"}},{"type":"Feature","geometry":{"type":"LineString","coordinates":[[0.8126798,9.2445275],[0.8137044,9.2442151],[0.8143616,9.2440351],[0.8164819,9.2435851],[0.8168145,9.2436168],[0.818696,9.2461107],[0.8204448,9.2488586],[0.8207211,9.2495098],[0.8208525,9.2500314],[0.8211556,9.2505291],[0.8216411,9.2509315],[0.8239155,9.25166],[0.8248238,9.2520547],[0.8303194,9.2560741],[0.8306238,9.2564617],[0.8313815,9.2578886],[0.833085,9.2611134],[0.8331893,9.2614213],[0.8330592,9.2622817],[0.8318107,9.2689646],[0.8315424,9.2707725],[0.8326886,9.2725328],[0.8331673,9.2732028],[0.8337942,9.2740207],[0.8340839,9.2742007],[0.8375515,9.2744272],[0.8378336,9.274566],[0.8435333,9.2785049],[0.8443218,9.2789576],[0.8492375,9.2810907],[0.8514196,9.2820264],[0.8540597,9.2831585],[0.8582023,9.2848712],[0.8588889,9.2850088],[0.8639958,9.2857103],[0.867067,9.2861391],[0.8714417,9.2867241],[0.8735043,9.2870709],[0.8746442,9.2874123],[0.8770904,9.2879417],[0.8786903,9.288585],[0.8792683,9.288757],[0.8813524,9.2885479],[0.8816582,9.2886511],[0.8821732,9.2891117],[0.8823931,9.289117],[0.8831736,9.2888364],[0.8833748,9.2885638],[0.8836564,9.2880556],[0.8839408,9.2878173],[0.8846891,9.2877459],[0.8851987,9.2879762],[0.8860677,9.2886485],[0.8868295,9.288937],[0.8892113,9.2897007],[0.8902372,9.2897404],[0.8906704,9.2898132],[0.8913369,9.2899813],[0.892446,9.2899005],[0.8928832,9.2899972],[0.8933513,9.2900964],[0.8942646,9.2902102],[0.8946709,9.2903135],[0.8957465,9.2910322],[0.8960617,9.2911221],[0.8969119,9.2912439],[0.8974484,9.291281],[0.8982906,9.2912082],[0.8996209,9.2910639],[0.9005021,9.2908879],[0.9009111,9.2908561],[0.9013483,9.2910216],[0.9018096,9.2913445],[0.9019639,9.2916741],[0.9022173,9.292574],[0.9038213,9.295937],[0.9040238,9.2964439],[0.9041445,9.2970514],[0.9042612,9.2973969],[0.9050015,9.2982981],[0.9052321,9.2986039],[0.9053052,9.2988322]]},"properties":{"fclass":"secondary"}},{"type":"Feature","geometry":{"type":"LineString","coordinates":[[1.2548172,9.0380619],[1.2537825,9.03764],[1.2525564,9.0371332],[1.2509477,9.0362763],[1.2500598,9.0359579],[1.238376,9.0356204],[1.2345094,9.0354941],[1.2309939,9.0351394],[1.2271545,9.0353382],[1.2234308,9.0349284],[1.2195248,9.0343198],[1.2173058,9.0339476],[1.2167194,9.0339529],[1.2142514,9.0348532],[1.2137304,9.0349499],[1.2113957,9.0336674],[1.2082992,9.0322338],[1.2067673,9.0315431],[1.2057278,9.0303043],[1.2045973,9.0284971],[1.2028996,9.0264772],[1.2001355,9.0232929],[1.197524,9.0206633],[1.1969683,9.0196271],[1.1951819,9.0189818],[1.1935618,9.0183528],[1.188363,9.0152178],[1.1864989,9.0131702],[1.1802303,9.0073],[1.1783302,9.0056033],[1.1777156,9.0051921],[1.1761933,9.0048701],[1.1733406,9.0042766],[1.1727444,9.0039084],[1.1719484,9.003252],[1.1676266,8.9972428],[1.1670536,8.995636],[1.1666534,8.9948829],[1.1659307,8.9947798]]},"properties":{"fclass":"secondary"}},{"type":"Feature","geometry":{"type":"LineString","coordinates":[[0.4667741,10.2937061],[0.46658,10.2925349],[0.4665165,10.2917784],[0.4652006,10.2793996],[0.4617303,10.2616204],[0.4597349,10.2538647],[0.459284,10.2520791],[0.4591486,10.2514694],[0.4590479,10.2494378],[0.4590413,10.2483761],[0.458934,10.2433519],[0.4587255,10.2363023],[0.4585889,10.2294583],[0.4584875,10.2252857],[0.4583443,10.2208348],[0.4582034,10.2184979],[0.4578369,10.216711],[0.4570662,10.213169],[0.4566883,10.2113306],[0.4564733,10.2101797],[0.4561898,10.2091459],[0.4559497,10.2083536],[0.4539478,10.2065425],[0.4523331,10.204626]]},"properties":{"fclass":"primary"}},{"type":"Feature","geometry":{"type":"LineString","coordinates":[[0.7393174,9.6907774],[0.7390921,9.6906783],[0.7387635,9.6906412],[0.7373822,9.6906941],[0.7368645,9.6907523],[0.7363576,9.6908805],[0.7358372,9.6910563],[0.7353142,9.69133],[0.7338177,9.6923537],[0.7305774,9.6946402],[0.7285305,9.6961201],[0.7257119,9.6980085],[0.7237887,9.6992782],[0.7229083,9.6998711],[0.7224248,9.7001295],[0.7219749,9.7002069],[0.721075,9.7002716],[0.7203897,9.7002968],[0.7198627,9.7003252],[0.7189903,9.7003714],[0.7183512,9.7004151],[0.7176881,9.7004521],[0.7169344,9.7005043],[0.7163523,9.7005367],[0.7155966,9.7004964],[0.7149891,9.7004402],[0.7142702,9.7003212],[0.7134227,9.7002042],[0.7120306,9.7000099],[0.7115176,9.6999478],[0.7106479,9.6998361],[0.7096119,9.6997032],[0.708758,9.6995835],[0.7071081,9.6993463],[0.704788,9.6989576],[0.7007647,9.6983178],[0.6978482,9.6978909]]},"properties":{"fclass":"secondary"}},{"type":"Feature","geometry":{"type":"LineString","coordinates":[[0.9718113,9.7222665],[0.9699941,9.7228415],[0.9682533,9.7226961],[0.9674467,9.7226262],[0.9669095,9.7227199],[0.966239,9.723127],[0.9608504,9.7267303],[0.9605259,9.7270767],[0.9600565,9.727883],[0.9579563,9.7318246],[0.9579188,9.7331306],[0.9577686,9.7335483],[0.9543273,9.7362077],[0.9536943,9.7366016],[0.9490597,9.738168],[0.9457356,9.7392924],[0.9389046,9.741664],[0.9384379,9.741701],[0.9324121,9.7409304],[0.9306758,9.7407207],[0.9280282,9.7404242],[0.9230205,9.7398592],[0.9223348,9.7397819],[0.9198689,9.7395181],[0.9173048,9.7392187],[0.9135688,9.7388201],[0.9115566,9.738625],[0.9049478,9.737926],[0.9042585,9.7378917],[0.9038562,9.7381428],[0.8972337,9.7434378],[0.8968127,9.7434272],[0.8872828,9.742428],[0.8869341,9.7422059],[0.8864459,9.7415926],[0.8859578,9.7413864],[0.8814409,9.7409212],[0.8806685,9.7410296],[0.8797699,9.7413283],[0.87852,9.741931],[0.8777469,9.7424422],[0.8769777,9.7431172],[0.8764068,9.7434708],[0.8756983,9.7438449],[0.874963,9.7441133],[0.8743308,9.7441693],[0.8738312,9.7441412],[0.8731236,9.7439053]]},"properties":{"fclass":"secondary"}},{"type":"Feature","geometry":{"type":"LineString","coordinates":[[0.8658755,9.4783381],[0.8661067,9.4781566]]},"properties":{"fclass":"primary"}},{"type":"Feature","geometry":{"type":"LineString","coordinates":[[0.9019531,9.4871727],[0.9025016,9.4876304],[0.9030837,9.4878658],[0.9089716,9.4896462],[0.9124435,9.4906902],[0.9149846,9.4914478],[0.9159073,9.4916436],[0.9168005,9.4916304],[0.9175488,9.4914928],[0.9207931,9.4903408],[0.9254032,9.4885351],[0.9265155,9.4879161],[0.9274515,9.4871357],[0.9307275,9.4840845],[0.931558,9.4835086],[0.9327951,9.4829821],[0.9338272,9.4828023],[0.940203,9.4828136],[0.9435556,9.4827499],[0.9450951,9.4827282],[0.945885,9.4828658],[0.9466669,9.4833049],[0.9474125,9.4837309],[0.9480724,9.4839002],[0.9515914,9.4839319],[0.9600216,9.4841991],[0.964576,9.484334],[0.9657776,9.4841833],[0.9680602,9.4837097],[0.9692404,9.4835139],[0.9701979,9.4835933],[0.9710388,9.4838922],[0.9716839,9.4842891],[0.9724983,9.4850153],[0.9732127,9.4857177],[0.9737223,9.485969],[0.974354,9.4860973],[0.9751064,9.4860166],[0.9758268,9.485651],[0.9780054,9.4836389],[0.9789205,9.4828552],[0.9809391,9.4814713],[0.9831241,9.4800063],[0.9848012,9.4788868],[0.9852827,9.4787268],[0.9859613,9.4786712],[0.9867364,9.4788498],[0.9874029,9.4792916],[0.9878308,9.4798525],[0.9881043,9.4805867]]},"properties":{"fclass":"primary"}},{"type":"Feature","geometry":{"type":"LineString","coordinates":[[0.3119531,10.9128744],[0.314595,10.9159873],[0.3170203,10.9207005],[0.318519,10.9221764],[0.3212246,10.924007],[0.3251888,10.9294456],[0.3271271,10.9352543],[0.3277493,10.941736],[0.3278622,10.9423595]]},"properties":{"fclass":"secondary"}},{"type":"Feature","geometry":{"type":"LineString","coordinates":[[0.3571252,9.7213506],[0.3587055,9.7224755],[0.3615943,9.7231505],[0.3750351,9.7263481],[0.3911839,9.7358564],[0.3948415,9.7371872],[0.4140096,9.7391756],[0.4219611,9.7407084],[0.4326607,9.7522447],[0.4421033,9.7624998],[0.4575684,9.7793161],[0.4610317,9.7830917],[0.4626703,9.7848883],[0.4628232,9.7850548]]},"properties":{"fclass":"secondary"}},{"type":"Feature","geometry":{"type":"LineString","coordinates":[[0.4015039,9.6401007],[0.397411,9.6500375],[0.3984446,9.6577814],[0.4002352,9.6685237],[0.4003215,9.6735947],[0.3962203,9.6820879],[0.3929625,9.6866115],[0.376566,9.6977778],[0.374102,9.7010542],[0.3676608,9.7064578],[0.3584299,9.7192148],[0.3571252,9.7213506]]},"properties":{"fclass":"secondary"}},{"type":"Feature","geometry":{"type":"LineString","coordinates":[[0.3316069,10.2165325],[0.3369076,10.2329005],[0.3446491,10.2569593],[0.3527273,10.2816768],[0.3555356,10.2902803],[0.3568035,10.2941798],[0.3600302,10.2982083],[0.3613182,10.2994673],[0.3631545,10.301098],[0.3638712,10.3017577],[0.3648048,10.302339],[0.3656251,10.302643],[0.3711004,10.303259],[0.3817542,10.3044716],[0.3840421,10.3050337],[0.3848012,10.3056274],[0.3853878,10.3059589],[0.3861429,10.306108],[0.3871782,10.3059536],[0.3880754,10.3052886],[0.3893554,10.3048849],[0.3903097,10.3045655],[0.3915569,10.3036921],[0.3920893,10.3030745],[0.3922448,10.302912]]},"properties":{"fclass":"primary"}},{"type":"Feature","geometry":{"type":"LineString","coordinates":[[0.4697638,10.3394546],[0.4693215,10.3394201],[0.4670973,10.3393687],[0.4659172,10.3393228],[0.4649569,10.3392855],[0.4642805,10.3392218],[0.4612728,10.3387396],[0.4598942,10.3385388],[0.4595706,10.3384807],[0.4536621,10.3372868],[0.449565,10.3364318],[0.4446995,10.3353803],[0.4412126,10.3346072],[0.4405582,10.3342694],[0.4401223,10.3338618],[0.4384714,10.3316558],[0.436276,10.3287057],[0.4344226,10.3262912],[0.433976,10.3257595],[0.4320824,10.3242158],[0.4288168,10.3216259],[0.4274529,10.3205704]]},"properties":{"fclass":"primary"}},{"type":"Feature","geometry":{"type":"LineString","coordinates":[[1.054602,8.7485977],[1.0546711,8.7490549]]},"properties":{"fclass":"trunk"}},{"type":"Feature","geometry":{"type":"LineString","coordinates":[[1.0546711,8.7490549],[1.0553781,8.7521356],[1.0555512,8.7528807],[1.0557296,8.753941],[1.0558248,8.7571991],[1.0559347,8.7581243],[1.0562003,8.7590601],[1.0572342,8.7616331],[1.0584426,8.7646243],[1.0591561,8.7659365],[1.0600305,8.7673547],[1.0603684,8.7682852],[1.0604838,8.7691176],[1.0606608,8.7719036],[1.0609263,8.7728526],[1.06179,8.7744935],[1.0623613,8.7756253],[1.062735,8.776648],[1.0641396,8.7812318],[1.0644239,8.7820243],[1.0655129,8.7845717],[1.0666689,8.7882006],[1.0669157,8.7891283],[1.067149,8.7905703],[1.0674709,8.7919381],[1.0679457,8.7932502],[1.0693189,8.7964813],[1.0699559,8.798657],[1.0704213,8.8001922],[1.0709631,8.8015123],[1.0717383,8.8036646],[1.0735327,8.8101558],[1.0739573,8.811812],[1.0740898,8.8128566],[1.0740048,8.8152661],[1.0741067,8.8164244],[1.075128,8.8230308],[1.0755309,8.8259051],[1.0758287,8.826907],[1.0780582,8.8318638],[1.078417,8.8328996],[1.0785082,8.8338113],[1.0783419,8.8350915],[1.0780388,8.8358256],[1.0768828,8.8376756],[1.0721031,8.8451655],[1.0718697,8.8458837],[1.0712877,8.8486135],[1.0711911,8.8493238],[1.0712427,8.8500881],[1.072769,8.855921],[1.0760218,8.8678249],[1.0778055,8.8744529],[1.078181,8.8753884],[1.078696,8.8763291],[1.0834005,8.8852439],[1.0863698,8.8908911],[1.0867828,8.8917086],[1.0870497,8.8924135],[1.08771,8.89472],[1.0899974,8.9029152],[1.0902456,8.9035499],[1.0906224,8.9041818],[1.0911629,8.9047714],[1.0919434,8.9055558]]},"properties":{"fclass":"trunk"}},{"type":"Feature","geometry":{"type":"LineString","coordinates":[[1.2397754,6.1521162],[1.2389452,6.151811],[1.2365091,6.1508726],[1.2353598,6.1503713],[1.2340146,6.1497819],[1.2333903,6.1496158],[1.2327387,6.1495519],[1.2319156,6.1495583]]},"properties":{"fclass":"secondary"}},{"type":"Feature","geometry":{"type":"LineString","coordinates":[[1.6308234,6.6031823],[1.6351339,6.6017532],[1.6371652,6.5994588],[1.6386603,6.5976279],[1.6403462,6.5977149],[1.644682,6.5979249],[1.6485977,6.5975152],[1.6500593,6.5977303],[1.651655,6.5977585],[1.6572127,6.5958994],[1.660831,6.5943205],[1.6626291,6.5923202],[1.6636183,6.5912734]]},"properties":{"fclass":"secondary"}},{"type":"Feature","geometry":{"type":"LineString","coordinates":[[1.6308234,6.6031823],[1.6299818,6.6054482],[1.6293075,6.6077464],[1.6275597,6.6126824],[1.6260071,6.6150225],[1.6252801,6.6168329],[1.6251092,6.6201797],[1.6247703,6.6208026],[1.6237808,6.6212444],[1.6224776,6.6216321],[1.6210448,6.6232498],[1.6172764,6.6278066],[1.6183645,6.6300182],[1.6212877,6.6335262],[1.621169,6.6362075],[1.621061,6.637394],[1.6221788,6.640424],[1.6229832,6.6429028],[1.6240453,6.6440389],[1.6246329,6.6445242]]},"properties":{"fclass":"secondary"}},{"type":"Feature","geometry":{"type":"LineString","coordinates":[[1.6300656,7.2263703],[1.6294505,7.2260163],[1.628758,7.2256247],[1.6281265,7.2253181],[1.6277066,7.22527],[1.6272493,7.225399],[1.626631,7.2256247],[1.6261804,7.2256957],[1.6253973,7.2256672],[1.6244251,7.2255867],[1.6234349,7.2254994],[1.6229094,7.2254412],[1.622368,7.2251973],[1.6218041,7.2247184],[1.6212605,7.2242441],[1.62062,7.2237093],[1.6198734,7.223038],[1.6192305,7.2224897],[1.6185623,7.2219232],[1.6177622,7.221221],[1.6171058,7.220666],[1.6164697,7.2201245],[1.6155946,7.2193704],[1.6148344,7.2187058],[1.6140991,7.2180748],[1.6133909,7.2174617],[1.6127413,7.2168955],[1.6118954,7.2162175],[1.6111894,7.2156827],[1.6086068,7.2136732],[1.6080858,7.2132682],[1.6072963,7.2126506],[1.6063986,7.2119502],[1.6057152,7.2113952],[1.605052,7.2108895],[1.604116,7.21016],[1.6030435,7.2093144],[1.6021504,7.2085929],[1.6011232,7.2077954],[1.5999001,7.2068363],[1.5977903,7.2051346],[1.5956148,7.2035689],[1.5933263,7.2019971],[1.5914962,7.2006532],[1.5885404,7.1982472],[1.5878463,7.197601],[1.5872776,7.1967628],[1.5857032,7.1943917],[1.584346,7.1922868],[1.5833509,7.1907647],[1.5829083,7.1902058],[1.582675,7.1898146],[1.5825714,7.1885193],[1.5825382,7.187707],[1.582742,7.187087],[1.5833294,7.1856633],[1.5837774,7.1846254],[1.584287,7.1836967],[1.586186,7.1810222],[1.5878087,7.1789545],[1.5893108,7.1769373],[1.590617,7.1752687],[1.593554,7.1712929],[1.5958822,7.1680757],[1.59709,7.1661896],[1.5979958,7.1624841],[1.598169,7.1611465],[1.5983525,7.1601981],[1.5986046,7.1588754],[1.5986958,7.1577497],[1.5988184,7.1542568],[1.5989198,7.152765],[1.5988487,7.1523712],[1.5985697,7.1518256],[1.5979153,7.1508915],[1.5974875,7.1502274],[1.5971361,7.1497205],[1.5968022,7.1492308],[1.596365,7.1485894],[1.5960243,7.1480704],[1.5958433,7.147767],[1.5956864,7.1471656],[1.595567,7.1461369],[1.5954959,7.1457058],[1.5952384,7.1452893],[1.5948362,7.1449673],[1.5941843,7.1444004],[1.5936586,7.1441023],[1.5931047,7.1438654],[1.5927856,7.1436233],[1.5926266,7.1434956]]},"properties":{"fclass":"secondary"}},{"type":"Feature","geometry":{"type":"LineString","coordinates":[[1.6004662,7.1351172],[1.599708,7.1363608],[1.5993556,7.1370802],[1.5990418,7.1376874],[1.5985982,7.1384716],[1.5982157,7.1393158],[1.5977483,7.1394976],[1.5967083,7.1403045],[1.5951499,7.1415873],[1.5940033,7.1424523],[1.5926467,7.1434026]]},"properties":{"fclass":"secondary"}},{"type":"Feature","geometry":{"type":"LineString","coordinates":[[0.3041146,10.5554306],[0.3089611,10.5605426],[0.3152954,10.5665917],[0.3265962,10.5769461],[0.3308694,10.5779043],[0.3364338,10.5808358],[0.3436974,10.5872541],[0.3482841,10.5886823],[0.3520147,10.5896144],[0.3576281,10.5908672],[0.3718889,10.5883254],[0.3797025,10.5886582],[0.3886856,10.5918993],[0.393755,10.5922404],[0.3971575,10.5929361]]},"properties":{"fclass":"secondary"}},{"type":"Feature","geometry":{"type":"LineString","coordinates":[[0.1431857,10.5338651],[0.1457718,10.5398589],[0.1483544,10.5457366]]},"properties":{"fclass":"secondary"}},{"type":"Feature","geometry":{"type":"LineString","coordinates":[[0.2599356,10.5838471],[0.2547711,10.5813558],[0.2544929,10.5807205]]},"properties":{"fclass":"secondary"}},{"type":"Feature","geometry":{"type":"LineString","coordinates":[[1.1901136,7.9906239],[1.191977,7.9872989]]},"properties":{"fclass":"secondary"}},{"type":"Feature","geometry":{"type":"LineString","coordinates":[[1.1914191,7.984909],[1.1918633,7.9872426]]},"properties":{"fclass":"secondary"}},{"type":"Feature","geometry":{"type":"LineString","coordinates":[[1.2687457,8.0655741],[1.2659364,8.0641944],[1.2639454,8.0635783],[1.261786,8.0629226],[1.2599368,8.0623435]]},"properties":{"fclass":"secondary"}},{"type":"Feature","geometry":{"type":"LineString","coordinates":[[1.2302326,8.0087778],[1.2279843,8.0078074],[1.2252151,8.0065982],[1.2214629,8.0049453],[1.2183767,8.0035621],[1.2159102,8.0024368],[1.2129351,8.0010977],[1.210547,8.0000193],[1.2070983,7.9983559],[1.2036164,7.9959261]]},"properties":{"fclass":"secondary"}},{"type":"Feature","geometry":{"type":"LineString","coordinates":[[1.133738,8.977692],[1.1345302,8.9775564],[1.1368113,8.9771695],[1.1377273,8.977]]},"properties":{"fclass":"secondary"}},{"type":"Feature","geometry":{"type":"LineString","coordinates":[[0.8183573,7.3113821],[0.8188248,7.3112583],[0.819437,7.3111118],[0.8199287,7.311003],[0.8206411,7.3108381],[0.8211899,7.310707],[0.8219297,7.3105353],[0.8223775,7.3104301],[0.8229091,7.3103168],[0.8234737,7.31022],[0.8237014,7.3102187],[0.823932,7.3102605],[0.8242451,7.310367],[0.8246087,7.3105624],[0.8250242,7.3108264],[0.8254029,7.3110855],[0.8281789,7.3130569],[0.8289058,7.3136448],[0.829453,7.3144217],[0.8301986,7.3156242],[0.8343131,7.3221314],[0.8398278,7.3302932],[0.8443929,7.3374494],[0.8452458,7.3389976],[0.8456321,7.3398808],[0.8461041,7.3408385],[0.8487622,7.3460871],[0.8494462,7.347513],[0.8499435,7.3487283],[0.8510864,7.3518051],[0.8526595,7.3555174],[0.8538772,7.3585286],[0.8549179,7.3609919],[0.8563609,7.3643809],[0.858099,7.3684029],[0.8599229,7.3725698],[0.8609971,7.3748442],[0.861441,7.3755956],[0.8619037,7.3762407],[0.8630731,7.3778221],[0.8633816,7.378382],[0.8635707,7.3789898],[0.8642198,7.3812907],[0.8644049,7.3817961],[0.865177,7.3833553],[0.8655019,7.3840224],[0.8662067,7.3855305],[0.8666367,7.3865015],[0.8669439,7.3870905],[0.8675784,7.388401],[0.8679986,7.3890925],[0.8682957,7.3896101],[0.8686365,7.3901314],[0.8690637,7.3908031],[0.8694056,7.3913819],[0.8697347,7.3919234],[0.8700681,7.3924311],[0.8704714,7.3930373],[0.8710133,7.3937946],[0.8713607,7.3942872],[0.8717143,7.3947356],[0.8720704,7.3951374],[0.8723657,7.3955227],[0.8726379,7.3960107],[0.8727988,7.3964536],[0.8729034,7.3968461]]},"properties":{"fclass":"primary"}},{"type":"Feature","geometry":{"type":"LineString","coordinates":[[1.0965204,9.8010902],[1.0971907,9.8023009],[1.0987002,9.8035489],[1.100054,9.8038703],[1.1067032,9.8050562],[1.1088804,9.8052349],[1.1202278,9.803568],[1.1229132,9.803124],[1.1248187,9.8031498],[1.1288649,9.8042324],[1.1301729,9.8051768],[1.131463,9.8065009],[1.1334674,9.8081916]]},"properties":{"fclass":"secondary"}},{"type":"Feature","geometry":{"type":"LineString","coordinates":[[1.1083946,9.7638263],[1.1091997,9.7649168]]},"properties":{"fclass":"secondary"}},{"type":"Feature","geometry":{"type":"LineString","coordinates":[[1.2731796,6.1397408],[1.2732996,6.1400188],[1.2735692,6.1402614],[1.2739997,6.1407041],[1.2744167,6.1412815],[1.2747923,6.1419215],[1.2749713,6.1421061]]},"properties":{"fclass":"trunk"}},{"type":"Feature","geometry":{"type":"LineString","coordinates":[[1.2769525,6.1456449],[1.2768265,6.1454503]]},"properties":{"fclass":"trunk"}},{"type":"Feature","geometry":{"type":"LineString","coordinates":[[1.290276,6.1525055],[1.2889074,6.1520593],[1.2884192,6.151942],[1.2868575,6.1514266],[1.2867114,6.1513795]]},"properties":{"fclass":"trunk"}},{"type":"Feature","geometry":{"type":"LineString","coordinates":[[1.2490058,6.1316738],[1.2489287,6.1318919],[1.2489525,6.1321362],[1.2489752,6.1323621]]},"properties":{"fclass":"secondary"}},{"type":"Feature","geometry":{"type":"LineString","coordinates":[[1.2442775,6.1487424],[1.2441629,6.1482129],[1.2440028,6.1476215],[1.2436044,6.1461959],[1.2433999,6.145465],[1.2432762,6.1450337],[1.2432807,6.1446617],[1.2436137,6.1440971],[1.2439113,6.143506]]},"properties":{"fclass":"secondary"}},{"type":"Feature","geometry":{"type":"LineString","coordinates":[[1.2089482,6.1931966],[1.2091004,6.1934968]]},"properties":{"fclass":"primary"}},{"type":"Feature","geometry":{"type":"LineString","coordinates":[[0.5266772,9.8873013],[0.5235734,9.8819537],[0.519847,9.8754659],[0.5179802,9.8722765],[0.5167383,9.870062],[0.5160787,9.8691796],[0.5128276,9.8653953],[0.5109903,9.8631729],[0.5099773,9.8618623],[0.5083296,9.859587],[0.5071709,9.8574174],[0.5048695,9.8530491],[0.5038476,9.8512336],[0.5024126,9.849175],[0.4989633,9.8446322],[0.4972574,9.8425629],[0.495176,9.8406972],[0.4915792,9.8376739],[0.4857607,9.8332547],[0.4764354,9.8262675],[0.4744452,9.8246976],[0.4696979,9.8207863],[0.4623833,9.8149188],[0.461867,9.8144669],[0.4617181,9.8141563],[0.4615572,9.8123631],[0.4615459,9.8116145]]},"properties":{"fclass":"secondary"}},{"type":"Feature","geometry":{"type":"LineString","coordinates":[[0.5266772,9.8873013],[0.5287523,9.8871748],[0.5308521,9.8870635],[0.5389148,9.8864875],[0.5424875,9.8862708],[0.5477768,9.8859749],[0.5506682,9.8857106],[0.5552599,9.8853049],[0.5572128,9.8849443],[0.5587524,9.884474],[0.5611074,9.8834752],[0.5632183,9.8822253],[0.564664,9.8811155],[0.5660534,9.8797758],[0.5694813,9.8762322],[0.5721527,9.8734735],[0.5755082,9.8699973],[0.5757938,9.869815],[0.5759977,9.869733]]},"properties":{"fclass":"primary"}},{"type":"Feature","geometry":{"type":"LineString","coordinates":[[0.5771375,9.7037262],[0.590162,9.6967192],[0.59269,9.6953774],[0.5957685,9.6936743],[0.5979002,9.6925279],[0.6014221,9.6906305],[0.6057495,9.6883117],[0.6067152,9.6877598],[0.608388,9.6869758]]},"properties":{"fclass":"secondary"}},{"type":"Feature","geometry":{"type":"LineString","coordinates":[[0.4473643,10.0190472],[0.4470974,10.0181703],[0.4471537,10.01709],[0.4475427,10.0162633],[0.4482032,10.0155467],[0.4491225,10.0148449],[0.4502517,10.0139072],[0.4508069,10.0131993],[0.4513031,10.012045],[0.4515848,10.0109911],[0.45203,10.0100799],[0.4526713,10.0095255],[0.4537095,10.0089721],[0.4547753,10.0084237],[0.4554089,10.0081325],[0.4564346,10.0077255],[0.4574587,10.0072766],[0.4595004,10.006121],[0.4612498,10.0054829],[0.4629362,10.0041306],[0.4638721,10.0032652],[0.4646139,10.0020968],[0.4657952,10.000827],[0.4667181,9.9999544],[0.4671643,10.0000759],[0.4680312,10.0003794],[0.469147,10.0009748],[0.4712643,10.0019814],[0.4736676,10.0023143],[0.4756149,10.0021029],[0.4770793,10.001918],[0.47798,10.0021027],[0.4794826,10.001992],[0.480772,10.0012646],[0.4823887,10.0004325],[0.4841076,9.9989325],[0.4853565,9.9983507],[0.4875168,9.9977013],[0.495748,9.9950813],[0.506269,9.992631],[0.5139355,9.991351],[0.5239367,9.9900518],[0.5282865,9.9895865],[0.5336214,9.9886368],[0.5357801,9.9877565],[0.5421558,9.9846487],[0.5431077,9.9841811],[0.5464252,9.982561],[0.5474509,9.9821901],[0.5484905,9.9817738],[0.5499174,9.9809707],[0.5517209,9.9796753],[0.5530395,9.9790846],[0.5554491,9.977959],[0.5565114,9.9774326],[0.5589553,9.976358],[0.5607501,9.9755892],[0.5619176,9.9751116],[0.5630635,9.9746461],[0.5646511,9.973996],[0.5670524,9.9729241],[0.5682562,9.9723857],[0.5687297,9.9721972]]},"properties":{"fclass":"primary"}},{"type":"Feature","geometry":{"type":"LineString","coordinates":[[0.8120232,9.45415],[0.8115447,9.4556522],[0.810966,9.4574616],[0.8104812,9.4586061],[0.8102452,9.4588596],[0.8096892,9.4591581],[0.8073663,9.4602532],[0.8030319,9.4622416],[0.8015192,9.4629944],[0.796725,9.4669],[0.7844137,9.4766569]]},"properties":{"fclass":"primary"}},{"type":"Feature","geometry":{"type":"LineString","coordinates":[[0.7748455,9.2571708],[0.7730001,9.2549473],[0.7718426,9.2530993],[0.7707466,9.251729],[0.7697911,9.2506661],[0.7689118,9.247913],[0.7668272,9.2433914],[0.7664333,9.2401328],[0.7665196,9.2383363],[0.7668071,9.2363701],[0.7666225,9.2356034],[0.7661748,9.2346429],[0.7658538,9.2338788],[0.7654446,9.2324908],[0.7654722,9.2290616],[0.7655838,9.2275416],[0.7660196,9.2259645],[0.7667025,9.2229552],[0.7672837,9.2200138],[0.7677884,9.2176676],[0.7688384,9.2156554],[0.7707055,9.2127269],[0.7710503,9.2119548],[0.7704636,9.2101348],[0.7700364,9.2089666],[0.7694457,9.2073336],[0.7687806,9.2055274],[0.7683041,9.2042337],[0.7678854,9.2030685],[0.7672271,9.2012445],[0.766855,9.2002645],[0.76635,9.1989259],[0.7656847,9.1971219],[0.7648144,9.1947788],[0.7643386,9.1934959],[0.7636249,9.1916574],[0.7630082,9.1906206],[0.7625164,9.1898165],[0.7624264,9.1888988],[0.7623567,9.1882507],[0.761662,9.1871059],[0.761087,9.1857494],[0.7606662,9.1847777],[0.7604421,9.1842415],[0.7595966,9.1822498],[0.7591905,9.1812301],[0.7586764,9.1800764],[0.7572986,9.176811],[0.7564124,9.1746749],[0.7554202,9.1726168],[0.7545766,9.1716612],[0.7541125,9.1708932],[0.7533024,9.1691107],[0.7520645,9.1660881],[0.7513989,9.1650469],[0.7508126,9.1645533],[0.7500273,9.163902],[0.7493457,9.1633565],[0.7477644,9.1620956],[0.7467818,9.1613108],[0.7461088,9.160623],[0.7455541,9.1593645],[0.7447378,9.1572951],[0.7438313,9.1551211],[0.7426316,9.1522298],[0.7418288,9.1502673],[0.7409821,9.1482611],[0.7397747,9.1453332],[0.7391726,9.1438586],[0.7385839,9.1424552],[0.7376391,9.1405963],[0.7363061,9.1387327],[0.7352665,9.1370107],[0.7345503,9.1352976],[0.7336586,9.1336091],[0.7327123,9.132177],[0.7318587,9.1309424],[0.730898,9.1294654],[0.7304097,9.1282233],[0.7293037,9.1255981],[0.7285844,9.1238517],[0.727716,9.1224971],[0.7266966,9.1210824],[0.7253952,9.1190328],[0.7246759,9.1178721],[0.7237895,9.1164752],[0.7230238,9.1154549],[0.7218059,9.1150189],[0.7203249,9.1146243],[0.7195286,9.1139403],[0.7185576,9.1129132],[0.7176554,9.1119941],[0.7169188,9.1112321],[0.7157347,9.1100195],[0.7146373,9.108945],[0.7130535,9.1073412],[0.7118956,9.1061926],[0.7106277,9.1048094],[0.7094952,9.1035821],[0.7090137,9.1028779],[0.7084539,9.1017011],[0.7075449,9.0994884],[0.7068876,9.0980491],[0.7053226,9.0944288],[0.7046155,9.0928786],[0.7029824,9.0906382],[0.7017065,9.0888106],[0.7011005,9.088015],[0.7000522,9.0877336],[0.698484,9.0875821],[0.6976465,9.0874354],[0.6967628,9.086917],[0.6955282,9.0860898],[0.695179,9.085595],[0.6947278,9.0838449],[0.6945246,9.0823007],[0.6943474,9.0803676],[0.6941242,9.0790428],[0.6939748,9.0771864],[0.6938246,9.0755321],[0.6937079,9.0742725],[0.6936123,9.0725998],[0.6934947,9.070725],[0.6933434,9.0701426],[0.6932362,9.068949],[0.6926513,9.0676397]]},"properties":{"fclass":"secondary"}},{"type":"Feature","geometry":{"type":"LineString","coordinates":[[1.1713055,8.4237447],[1.1726398,8.4256775],[1.1828644,8.4256245],[1.1966295,8.4253485],[1.201951,8.4225679],[1.2088901,8.4210267],[1.2099784,8.4210097],[1.2149951,8.4207552],[1.2213702,8.418641],[1.2231603,8.4185789],[1.2255759,8.4184288],[1.2301448,8.4201603]]},"properties":{"fclass":"secondary"}},{"type":"Feature","geometry":{"type":"LineString","coordinates":[[1.2183017,8.436577],[1.2185914,8.4307293],[1.2236232,8.428681],[1.2261,8.421402],[1.2262605,8.4210188],[1.2267652,8.4206803],[1.2288911,8.4209441],[1.2299087,8.4205424],[1.2301448,8.4201603]]},"properties":{"fclass":"secondary"}},{"type":"Feature","geometry":{"type":"LineString","coordinates":[[1.1765971,8.5022446],[1.178421,8.5001754],[1.1806435,8.4942635],[1.1832598,8.4898933],[1.1895898,8.4865295],[1.1921234,8.484586],[1.1957175,8.4782722],[1.1974342,8.4766274],[1.2000397,8.4755996],[1.2005562,8.4697722],[1.2024322,8.4668661],[1.2061923,8.4579164],[1.2070778,8.454832],[1.2074747,8.4505128],[1.2118108,8.4422866],[1.2183017,8.436577]]},"properties":{"fclass":"secondary"}},{"type":"Feature","geometry":{"type":"LineString","coordinates":[[1.1765971,8.5022446],[1.1741204,8.5023279],[1.1698487,8.5031677],[1.1635418,8.5023067],[1.157768,8.5035179],[1.1394126,8.503962],[1.1356988,8.5029131],[1.1293688,8.5039423],[1.1228921,8.5053257],[1.1214195,8.5054981],[1.120128,8.5057209],[1.1196694,8.5057461],[1.1188714,8.5057753],[1.1179434,8.5057474],[1.1165017,8.5056334],[1.1156461,8.5056015],[1.1145075,8.5055989],[1.113672,8.5054052],[1.1115101,8.5051466],[1.1093603,8.5051599],[1.1076182,8.5052036],[1.106265,8.5051108]]},"properties":{"fclass":"secondary"}},{"type":"Feature","geometry":{"type":"LineString","coordinates":[[1.2301448,8.4201603],[1.2323839,8.4212982]]},"properties":{"fclass":"secondary"}},{"type":"Feature","geometry":{"type":"LineString","coordinates":[[0.086976,11.0928924],[0.0886792,11.090355],[0.0916242,11.0891126],[0.0918362,11.0870094],[0.0925893,11.0818319],[0.0980589,11.0731634],[0.1038932,11.0653634],[0.1031122,11.0602339],[0.1034903,11.0550562],[0.103786,11.0536913],[0.1039088,11.0529897]]},"properties":{"fclass":"secondary"}},{"type":"Feature","geometry":{"type":"LineString","coordinates":[[1.0265028,6.2554289],[1.0252808,6.2544131],[1.0243081,6.2537085],[1.0207958,6.2521463],[1.0184254,6.2509816],[1.0163815,6.2495338],[1.0148205,6.2483473],[1.0139025,6.2475141]]},"properties":{"fclass":"primary"}},{"type":"Feature","geometry":{"type":"LineString","coordinates":[[0.8226402,6.8795289],[0.8230814,6.8787047],[0.8232786,6.8784238],[0.823579,6.8781775],[0.8239518,6.8780816],[0.8243823,6.8781242],[0.8250569,6.8783426],[0.8266906,6.8787743],[0.8299157,6.8796714],[0.8326676,6.8804356],[0.8338559,6.8808377],[0.8347812,6.8812851],[0.8357978,6.8819162],[0.8374473,6.8832236],[0.8394295,6.8847734],[0.8413525,6.8862887],[0.8423826,6.8870901],[0.843375,6.887889],[0.8444265,6.8886932],[0.8453223,6.889255],[0.8464488,6.8897423],[0.8490863,6.8906952],[0.8509067,6.8912628],[0.8518293,6.8914758],[0.8528501,6.8916344],[0.8551199,6.8919966],[0.8576123,6.8923889],[0.8588778,6.8926337],[0.8616677,6.8931507],[0.8643177,6.893662],[0.8679762,6.8943437],[0.8700871,6.8947484],[0.8723509,6.8951745],[0.8760068,6.8958642],[0.8783731,6.8963144],[0.8805102,6.8967269],[0.8820578,6.8969719],[0.8841649,6.8973019],[0.886918,6.8977201],[0.8888277,6.8980503],[0.8906624,6.8983378],[0.8942116,6.8988782],[0.8975617,6.8994139],[0.8999596,6.8997877],[0.9019276,6.90009],[0.9047922,6.9005427],[0.9088627,6.9011948],[0.9108835,6.9014986],[0.9166155,6.9023853],[0.9203678,6.9029818],[0.9219047,6.90328],[0.924764,6.9041055],[0.9309357,6.9058868],[0.9357718,6.9072635],[0.9373006,6.9077295],[0.9383628,6.9079851],[0.9398031,6.9082514],[0.9421644,6.9085641],[0.9462616,6.9091366],[0.9518757,6.9099342],[0.9535977,6.9101446],[0.9548852,6.9101419],[0.9563121,6.9100381],[0.9606895,6.9097744],[0.9656301,6.909391],[0.967167,6.9093085],[0.9681836,6.9093537],[0.9692457,6.9095588],[0.9702811,6.9099848],[0.9728131,6.9114786],[0.975219,6.9129165],[0.9775043,6.9142292],[0.9804413,6.9159599],[0.9820023,6.9168173],[0.9833139,6.9175735],[0.9843439,6.9180874],[0.9853336,6.9184096],[0.9864211,6.9185986],[0.987694,6.9186972],[0.9917951,6.9189208],[0.9953007,6.9191152],[0.9964809,6.919227],[0.9977898,6.9195306],[0.9989861,6.9200684],[0.9998953,6.9206409],[1.0011452,6.9216953],[1.0029316,6.9231731],[1.0087017,6.9279009],[1.0115617,6.9302563],[1.0127968,6.9312222],[1.0137248,6.9317627],[1.014677,6.9321568],[1.0155621,6.9323805],[1.0167718,6.9324923],[1.0252637,6.9323481],[1.0300341,6.9322767],[1.0405764,6.9320876],[1.0416546,6.9321488],[1.0424137,6.9323991],[1.0430709,6.9327799],[1.043677,6.9333257],[1.0438821,6.9335913]]},"properties":{"fclass":"secondary"}},{"type":"Feature","geometry":{"type":"LineString","coordinates":[[1.1251074,6.9440376],[1.1330164,6.9450205],[1.1340836,6.9449318],[1.1349419,6.9447428],[1.1360121,6.9443301],[1.1372244,6.9435473],[1.1380559,6.9429988],[1.1391073,6.942461],[1.1402339,6.9420563],[1.1417976,6.9416622],[1.1442384,6.9410498],[1.1453247,6.9409699],[1.1463064,6.9409673],[1.1473337,6.9411057],[1.1493394,6.9415608],[1.1524415,6.942281],[1.1540124,6.9426207],[1.154809,6.9428657],[1.1559884,6.9433985],[1.1566544,6.9437736],[1.1576548,6.9444658],[1.1592091,6.9455152],[1.1600956,6.9460128],[1.1627399,6.9472645],[1.1653473,6.9484773],[1.1671403,6.9490235],[1.1680685,6.9491186],[1.1683823,6.9491985],[1.169526,6.9496816],[1.1726966,6.9510289]]},"properties":{"fclass":"secondary"}},{"type":"Feature","geometry":{"type":"LineString","coordinates":[[1.043937,6.9336791],[1.0452515,6.9355516],[1.0458657,6.936164],[1.0465389,6.9365261],[1.0473731,6.9366885],[1.0482261,6.93663],[1.0518496,6.9361818],[1.0548967,6.9357992],[1.0558623,6.9357939],[1.0567877,6.9360974],[1.0584131,6.9369548],[1.0593277,6.9374287],[1.0601638,6.9376946],[1.061157,6.9377136],[1.0621548,6.93745],[1.0689247,6.9350138],[1.0717061,6.9340286],[1.0726476,6.933765],[1.0737392,6.93356],[1.0747853,6.9334881],[1.0759842,6.9335121],[1.0791979,6.933925],[1.0951769,6.935988],[1.0988232,6.9364462],[1.0999605,6.9365927],[1.1012721,6.9367152],[1.105618,6.9369004],[1.1076382,6.9371527],[1.1097667,6.9374767],[1.1109495,6.9378095],[1.113415,6.9389795],[1.1191857,6.9417601],[1.1223328,6.9432917],[1.1232153,6.9436378],[1.1244062,6.9439333],[1.1251074,6.9440376]]},"properties":{"fclass":"secondary"}},{"type":"Feature","geometry":{"type":"LineString","coordinates":[[0.7578032,6.833135],[0.7605605,6.8362377],[0.7625976,6.8385891],[0.7650304,6.841364],[0.7667685,6.8436916],[0.7689786,6.8470897],[0.7704592,6.8493853],[0.7721888,6.8520532],[0.7737764,6.8545067],[0.7756734,6.857646],[0.7775778,6.8615234],[0.7785916,6.8635526],[0.779171,6.8644527],[0.7798898,6.8651823],[0.7811898,6.8661065],[0.7820302,6.8665617],[0.7842082,6.867776],[0.7853132,6.8685989],[0.7858926,6.8693179],[0.786311,6.8701754],[0.7870594,6.8722285],[0.78751,6.8734428],[0.7880518,6.8743695],[0.7888323,6.8751284],[0.789708,6.8756783],[0.7902566,6.875906],[0.7909539,6.8760818],[0.7918471,6.8761137],[0.7927269,6.8760019],[0.7944301,6.8756024],[0.7975307,6.8748861],[0.8010498,6.87401],[0.8024365,6.8736825],[0.8033377,6.8735919],[0.8040941,6.8736345],[0.8047371,6.8737611],[0.8054003,6.873978],[0.8063686,6.8744733],[0.8099601,6.8763241],[0.8122185,6.8774638],[0.8141685,6.8784943],[0.8154532,6.8791494],[0.8180509,6.8805008],[0.8193451,6.8811706],[0.8198722,6.8814089],[0.8203264,6.881524],[0.820878,6.8814675],[0.8213487,6.8812931],[0.8217135,6.8810268],[0.8219455,6.8806966],[0.8225302,6.8797366]]},"properties":{"fclass":"secondary"}},{"type":"Feature","geometry":{"type":"LineString","coordinates":[[1.0438821,6.9335913],[1.043937,6.9336791]]},"properties":{"fclass":"secondary"}},{"type":"Feature","geometry":{"type":"LineString","coordinates":[[0.8225302,6.8797366],[0.8226402,6.8795289]]},"properties":{"fclass":"secondary"}},{"type":"Feature","geometry":{"type":"LineString","coordinates":[[1.3673191,9.6733574],[1.3691913,9.6741056],[1.3703473,9.6745499],[1.3705763,9.6746349]]},"properties":{"fclass":"primary"}},{"type":"Feature","geometry":{"type":"LineString","coordinates":[[0.8612903,10.8360069],[0.8625535,10.834515],[0.8630046,10.833904],[0.8635887,10.8335526],[0.863914,10.8330939],[0.8647402,10.8328403],[0.8657164,10.8327784],[0.8666287,10.8327166],[0.8676675,10.832456],[0.868232,10.8322524],[0.86869,10.8321532],[0.8692279,10.8321459],[0.8699806,10.8322647],[0.8707751,10.8325508],[0.8718466,10.8329327],[0.8731254,10.8334487],[0.874043,10.8336167],[0.8756499,10.833968],[0.8777498,10.834362],[0.8805075,10.8348274],[0.8820887,10.8350869],[0.8835652,10.835378],[0.8849555,10.8356509]]},"properties":{"fclass":"primary"}},{"type":"Feature","geometry":{"type":"LineString","coordinates":[[0.8282547,10.8470601],[0.8223358,10.8478844],[0.819093,10.8480425],[0.8173572,10.8484327],[0.8160206,10.8488244],[0.814671,10.8491881],[0.8120925,10.849715]]},"properties":{"fclass":"primary"}},{"type":"Feature","geometry":{"type":"LineString","coordinates":[[0.7773873,10.3829497],[0.7762983,10.3816094],[0.7734863,10.3783487],[0.7725003,10.3772087],[0.771587,10.3763191],[0.7709071,10.3755624],[0.7694453,10.3735678],[0.7687358,10.3726211],[0.7674792,10.3704492],[0.7661837,10.3682039],[0.7645315,10.3653544],[0.7632923,10.3626474],[0.7621014,10.3605946],[0.7612538,10.3592226],[0.760712,10.3583941],[0.759159,10.3559852],[0.7584938,10.3549614],[0.7579654,10.3543889],[0.7573217,10.3537424],[0.7560933,10.3524733],[0.7546341,10.3507952],[0.7536069,10.3495841],[0.7528129,10.3485418],[0.7517186,10.3469561],[0.7503077,10.3449718],[0.7495192,10.3436842],[0.7486474,10.3418002],[0.7483631,10.3410772],[0.748229,10.339713],[0.747875,10.3380798],[0.7480788,10.3372169],[0.7481271,10.3361561],[0.7477891,10.3343011],[0.7474646,10.333177],[0.747165,10.3322139],[0.7468812,10.3316796],[0.746326,10.3311056],[0.745858,10.3306755],[0.7451391,10.3298892],[0.7430952,10.3277423],[0.7408369,10.3253057],[0.7395491,10.3243268],[0.73735,10.3232633],[0.7360937,10.3227427],[0.7346826,10.3215859],[0.732082,10.3194706],[0.7307705,10.3185081],[0.729695,10.3180358],[0.7279094,10.317795],[0.7256609,10.3174077],[0.7229069,10.3166254],[0.7209885,10.3157426],[0.7177806,10.313716],[0.7164175,10.3127753],[0.7151511,10.3115649],[0.7143631,10.310479],[0.7132868,10.3084951],[0.7124322,10.3069464],[0.7109622,10.3047267],[0.7094818,10.3023],[0.7087875,10.3012079],[0.7081558,10.3001455],[0.7069445,10.2983864],[0.7062417,10.297278],[0.7052734,10.2960852],[0.7032228,10.2942076],[0.7019502,10.2932614],[0.7009377,10.2926295],[0.6988576,10.2916384],[0.6976304,10.2910179],[0.6963927,10.290113],[0.6947106,10.2887416],[0.6931686,10.2875505],[0.6909209,10.285558],[0.6897274,10.2846237],[0.6877774,10.2829875],[0.6860661,10.2814937],[0.6827778,10.27891],[0.6798193,10.2765031],[0.6783649,10.2752831],[0.6771907,10.2745157],[0.6760481,10.2739747],[0.6715517,10.272071],[0.6660917,10.2697836],[0.6650618,10.2694643],[0.6632996,10.2691766],[0.6605211,10.2681824],[0.6583471,10.2673592],[0.6546039,10.2657032],[0.6525055,10.2644674],[0.6514562,10.2632073],[0.6505389,10.2611688],[0.6499609,10.259534],[0.6489712,10.2563523],[0.6481942,10.2544693],[0.647158,10.2526651],[0.6465358,10.2513137],[0.645259,10.2483972],[0.6442505,10.2461484],[0.6434619,10.2443351],[0.643356,10.2440764]]},"properties":{"fclass":"secondary"}},{"type":"Feature","geometry":{"type":"LineString","coordinates":[[0.5518275,10.3006207],[0.5526905,10.3040755],[0.5535732,10.3086413],[0.5543917,10.3126752],[0.5553271,10.3165527],[0.5559622,10.3192391],[0.5563524,10.3208064],[0.5566656,10.3220664],[0.5568857,10.3231018],[0.5571368,10.3241657],[0.5575861,10.3260851],[0.5580097,10.3278011],[0.5589306,10.3317106],[0.5599174,10.3364949],[0.5594258,10.3395907],[0.5583979,10.3425998],[0.557062,10.3463187],[0.5564296,10.3485643],[0.5565141,10.3489719],[0.5567756,10.3492239],[0.5604161,10.3510295],[0.5654372,10.3534563],[0.5710787,10.3562108],[0.5725412,10.3571208],[0.5743788,10.3586565],[0.5759861,10.3594409],[0.5827186,10.3622841],[0.5876026,10.3658628],[0.5940378,10.3705629],[0.5961727,10.3717539],[0.6019606,10.3745402],[0.6068197,10.3762743],[0.6105339,10.3773894],[0.6133795,10.3781136],[0.6154719,10.3785973],[0.6172536,10.3791549],[0.6206108,10.3801363],[0.6241826,10.3812655],[0.6284942,10.3826168],[0.6313349,10.3834563],[0.6336835,10.3835666],[0.637722,10.3836857],[0.6402552,10.3835704],[0.6443487,10.3826296],[0.6464443,10.3822746],[0.649433,10.3821647],[0.6524456,10.3801511],[0.6556274,10.379038],[0.6577222,10.3783359],[0.6602543,10.3770993],[0.6627461,10.3760068],[0.6645631,10.3753054],[0.6670061,10.3747401],[0.6685463,10.3736],[0.669954,10.3721773],[0.6721421,10.3704987],[0.6745607,10.3686073],[0.6780612,10.3660333],[0.6805362,10.363523],[0.6819309,10.3623705],[0.6843951,10.3601808],[0.6875038,10.3579325],[0.6895396,10.3563071],[0.6912998,10.354543],[0.6937609,10.3532347],[0.6982822,10.3501869],[0.7010952,10.3489407],[0.7034931,10.34711],[0.705398,10.3455913],[0.7077695,10.3442821],[0.7115501,10.3420651],[0.7143304,10.3404297],[0.7160872,10.3388372],[0.7179892,10.3379516],[0.7206159,10.3364786],[0.7229389,10.3355788],[0.7247813,10.3349368],[0.7266259,10.333401],[0.7275201,10.3333],[0.7297399,10.3330717],[0.7324824,10.3326313],[0.7356909,10.3323028],[0.7382369,10.3322624],[0.7413637,10.3318693],[0.7435847,10.3315201],[0.7448151,10.3313062],[0.7461114,10.3309855]]},"properties":{"fclass":"secondary"}},{"type":"Feature","geometry":{"type":"LineString","coordinates":[[0.9141073,9.3004536],[0.9154835,9.3004832],[0.9162957,9.3004059],[0.9166953,9.3006786],[0.9169614,9.3010973],[0.9177768,9.3019999],[0.9181792,9.3022601],[0.9193978,9.3024947],[0.9200299,9.3028549],[0.9210684,9.3037108],[0.9211591,9.3042445],[0.9213087,9.3044796],[0.9219289,9.3048268],[0.9228993,9.3053186],[0.9238252,9.3060232],[0.9243986,9.3062451],[0.9250241,9.3063117],[0.9259361,9.3065685],[0.9269902,9.3066373],[0.9272316,9.3067285],[0.9273759,9.3072244],[0.9276715,9.3078284],[0.9283559,9.308953],[0.9285876,9.3091702],[0.9291628,9.309533],[0.9310988,9.3102789],[0.9323143,9.3106857],[0.9325813,9.3106871],[0.9330735,9.3104462],[0.9348136,9.3094134],[0.9355223,9.3093557],[0.9367079,9.309488],[0.937475,9.3095304],[0.93822,9.3094928],[0.9397838,9.3100006],[0.9416472,9.3107256],[0.9425471,9.3107679],[0.9432391,9.3106779],[0.9450335,9.3098389],[0.9454904,9.3096591],[0.9459455,9.3098653],[0.9468681,9.3106315],[0.9471726,9.3110128],[0.9483406,9.3131089],[0.9485862,9.3133682],[0.9496683,9.3142021],[0.950071,9.314541],[0.9511101,9.3145225],[0.9517431,9.314471],[0.952246,9.3141069],[0.9528118,9.3134663],[0.9531915,9.3121602],[0.9536407,9.3107256],[0.9542549,9.309631],[0.9544775,9.3092154],[0.9550032,9.3088263],[0.9553197,9.3086251],[0.956229,9.3075029],[0.9566742,9.3071402],[0.9576613,9.3065817]]},"properties":{"fclass":"secondary"}},{"type":"Feature","geometry":{"type":"LineString","coordinates":[[0.9053052,9.2988322],[0.9053752,9.2991524]]},"properties":{"fclass":"secondary"}},{"type":"Feature","geometry":{"type":"LineString","coordinates":[[0.2669614,10.8862469],[0.2672288,10.8862686]]},"properties":{"fclass":"primary"}},{"type":"Feature","geometry":{"type":"LineString","coordinates":[[1.2061623,6.1820578],[1.2058134,6.1806713],[1.2056091,6.1798841],[1.2048419,6.1768519],[1.2046939,6.1763194],[1.2043442,6.1749921],[1.2039839,6.1735169],[1.2036842,6.1723171],[1.2035295,6.1716916],[1.2031035,6.169941],[1.2025202,6.1675522],[1.2023974,6.1671449],[1.2023739,6.1669643],[1.2023627,6.1668814]]},"properties":{"fclass":"primary"}},{"type":"Feature","geometry":{"type":"LineString","coordinates":[[1.1995531,6.1700115],[1.1994462,6.1700218],[1.1994035,6.1699965]]},"properties":{"fclass":"secondary"}},{"type":"Feature","geometry":{"type":"LineString","coordinates":[[1.2445841,6.1524101],[1.2442727,6.1524427],[1.2439831,6.152526]]},"properties":{"fclass":"secondary"}},{"type":"Feature","geometry":{"type":"LineString","coordinates":[[1.2629971,6.1596612],[1.2632853,6.1595336]]},"properties":{"fclass":"secondary"}},{"type":"Feature","geometry":{"type":"LineString","coordinates":[[1.2633384,6.1601423],[1.2629553,6.1599057]]},"properties":{"fclass":"secondary"}},{"type":"Feature","geometry":{"type":"LineString","coordinates":[[1.263059,6.1598129],[1.2633872,6.160073]]},"properties":{"fclass":"secondary"}},{"type":"Feature","geometry":{"type":"LineString","coordinates":[[1.234532,6.1715574],[1.2337746,6.1713657],[1.2327661,6.1710703],[1.2313446,6.1706735],[1.2296973,6.1702037],[1.228843,6.1699423],[1.2275906,6.1695716],[1.2268064,6.1693529]]},"properties":{"fclass":"secondary"}},{"type":"Feature","geometry":{"type":"LineString","coordinates":[[0.6492906,9.4289059],[0.649615,9.4289731]]},"properties":{"fclass":"primary"}},{"type":"Feature","geometry":{"type":"LineString","coordinates":[[0.6625386,9.4315124],[0.6627398,9.4315547]]},"properties":{"fclass":"primary"}},{"type":"Feature","geometry":{"type":"LineString","coordinates":[[0.649615,9.4289731],[0.6591361,9.4308098],[0.6625386,9.4315124]]},"properties":{"fclass":"primary"}},{"type":"Feature","geometry":{"type":"LineString","coordinates":[[0.7447813,9.4473212],[0.7472447,9.4477998],[0.7485241,9.4481781],[0.7493395,9.4483898],[0.7541701,9.4493158],[0.7614612,9.4507098],[0.7725615,9.4529207],[0.7798898,9.4543375],[0.7909524,9.4563084],[0.7987698,9.4576558],[0.8001413,9.4578325]]},"properties":{"fclass":"primary"}},{"type":"Feature","geometry":{"type":"LineString","coordinates":[[0.6716824,10.8867668],[0.6709781,10.8882369],[0.6697947,10.8891548],[0.6690851,10.8912699],[0.6678511,10.8960261],[0.6671646,10.9010048],[0.6660914,10.9071581],[0.6644719,10.911919],[0.6616257,10.9159026],[0.6592503,10.9175782],[0.6563432,10.9220494],[0.6559745,10.9231525],[0.6557661,10.923687],[0.6552824,10.924927],[0.6549296,10.9258315],[0.6530246,10.9290626],[0.6498854,10.9317387],[0.6450568,10.9363472],[0.6433317,10.9390185],[0.6426496,10.9392552],[0.6413136,10.9399828],[0.6382551,10.9416193],[0.6366051,10.9424353],[0.6350204,10.9430955],[0.6294226,10.9435574],[0.6240259,10.941544],[0.6211799,10.9408251],[0.6168567,10.9405058],[0.6088237,10.9418603],[0.6058336,10.9423584],[0.6038741,10.9429205],[0.5997133,10.9417646],[0.5957611,10.941107],[0.5905296,10.939109],[0.5875414,10.938025],[0.5840557,10.9369207],[0.5826122,10.9366892],[0.5787483,10.9366306],[0.5761358,10.9364542],[0.5741993,10.9364647],[0.5724934,10.9364542],[0.5693659,10.9360486],[0.5659143,10.935618],[0.5620623,10.9368486],[0.5599112,10.9375175]]},"properties":{"fclass":"secondary"}},{"type":"Feature","geometry":{"type":"LineString","coordinates":[[1.1813554,6.2006793],[1.1818409,6.2012795],[1.182478,6.2019035],[1.1834872,6.2028487],[1.1842375,6.2035387],[1.1851006,6.204278],[1.1854278,6.2044573],[1.1857503,6.2045532]]},"properties":{"fclass":"secondary"}},{"type":"Feature","geometry":{"type":"LineString","coordinates":[[1.1898735,6.2072658],[1.1897461,6.2077431],[1.1895651,6.2083343],[1.1889889,6.2096045],[1.1887778,6.2101289],[1.1886209,6.2107831],[1.1886296,6.2123834],[1.1886219,6.213376],[1.1886135,6.2138592],[1.1886139,6.2156306],[1.188627,6.217111],[1.1886529,6.2175862]]},"properties":{"fclass":"primary"}},{"type":"Feature","geometry":{"type":"LineString","coordinates":[[1.1964691,6.200272],[1.1965179,6.2001533],[1.1966137,6.2001016],[1.1967138,6.2001158]]},"properties":{"fclass":"primary"}},{"type":"Feature","geometry":{"type":"LineString","coordinates":[[1.1909969,6.2031344],[1.1911323,6.2031971],[1.1911623,6.2033073]]},"properties":{"fclass":"primary"}},{"type":"Feature","geometry":{"type":"LineString","coordinates":[[1.190105,6.2054944],[1.1902607,6.2054939],[1.1903361,6.2055679]]},"properties":{"fclass":"primary"}},{"type":"Feature","geometry":{"type":"LineString","coordinates":[[1.1810673,6.2006273],[1.1805703,6.2001069],[1.1796765,6.1991053],[1.1789004,6.1982433],[1.1771086,6.1964416],[1.176099,6.1955857],[1.1746379,6.1947242],[1.1737912,6.1942172],[1.1721293,6.1932025],[1.1704234,6.1919303],[1.1693108,6.1911461],[1.1673285,6.1904418],[1.1644632,6.1894542],[1.1627711,6.1887807],[1.1627373,6.1887658]]},"properties":{"fclass":"secondary"}},{"type":"Feature","geometry":{"type":"LineString","coordinates":[[1.2001945,6.1981242],[1.2002888,6.1980489],[1.20037,6.198065]]},"properties":{"fclass":"primary"}},{"type":"Feature","geometry":{"type":"LineString","coordinates":[[1.1706318,6.1920308],[1.1724393,6.1933208],[1.1747244,6.1946885],[1.1760614,6.1954801],[1.1771621,6.1963914],[1.1785077,6.1977108],[1.1791548,6.1983348],[1.1799497,6.1991906],[1.180634,6.1999195],[1.1811888,6.2005084]]},"properties":{"fclass":"secondary"}},{"type":"Feature","geometry":{"type":"LineString","coordinates":[[1.1810673,6.2006273],[1.1811603,6.2005214],[1.1811888,6.2005084]]},"properties":{"fclass":"secondary"}},{"type":"Feature","geometry":{"type":"LineString","coordinates":[[1.1956433,6.2085486],[1.1961929,6.2088362],[1.197428,6.2095836],[1.1996306,6.2113986],[1.2005149,6.2123149],[1.201461,6.2132813],[1.2017219,6.2136806],[1.2019558,6.2144854],[1.202285,6.2153078],[1.2032339,6.2173763],[1.204136,6.2186716],[1.2047872,6.2194508],[1.2056348,6.2204474],[1.2059119,6.2206657]]},"properties":{"fclass":"secondary"}},{"type":"Feature","geometry":{"type":"LineString","coordinates":[[1.1868467,6.2047412],[1.1881932,6.2050513],[1.1888603,6.2052039],[1.1898534,6.2054665],[1.1900745,6.2055143]]},"properties":{"fclass":"secondary"}},{"type":"Feature","geometry":{"type":"LineString","coordinates":[[1.1812713,6.2005069],[1.1818215,6.2001056],[1.1831244,6.1993082],[1.1843073,6.1984963],[1.186341,6.1970737],[1.1872017,6.1964983],[1.1875119,6.1963179]]},"properties":{"fclass":"secondary"}},{"type":"Feature","geometry":{"type":"LineString","coordinates":[[1.1785077,6.1977108],[1.1786541,6.1976744],[1.1787057,6.1975981]]},"properties":{"fclass":"secondary_link"}},{"type":"Feature","geometry":{"type":"LineString","coordinates":[[1.2090446,6.2207413],[1.20721,6.22082],[1.2065365,6.2208425],[1.2060289,6.2208638]]},"properties":{"fclass":"secondary"}},{"type":"Feature","geometry":{"type":"LineString","coordinates":[[1.206052,6.2207613],[1.2064831,6.2207773],[1.2070963,6.2207573],[1.2088582,6.2206853],[1.2090312,6.2206773]]},"properties":{"fclass":"secondary"}},{"type":"Feature","geometry":{"type":"LineString","coordinates":[[1.2238732,6.1959944],[1.2236794,6.1961464],[1.2235198,6.1960817],[1.2234651,6.1959285]]},"properties":{"fclass":"secondary"}},{"type":"Feature","geometry":{"type":"LineString","coordinates":[[1.2234651,6.1959285],[1.2226662,6.1952164],[1.2218189,6.1948354],[1.2209673,6.1946864],[1.2198827,6.1947838],[1.2188186,6.1951738],[1.2181621,6.1952564],[1.2155839,6.1950485]]},"properties":{"fclass":"secondary"}},{"type":"Feature","geometry":{"type":"LineString","coordinates":[[1.1955054,6.2304867],[1.1952819,6.2300744],[1.1946606,6.2287707],[1.1943411,6.2281042],[1.1940084,6.2274441],[1.1935132,6.2264777],[1.1933296,6.2260539]]},"properties":{"fclass":"primary"}},{"type":"Feature","geometry":{"type":"LineString","coordinates":[[1.2818975,6.174313],[1.281739,6.1754251],[1.2815487,6.1769196],[1.2813215,6.1784164],[1.281066,6.1797569],[1.2806729,6.181138],[1.2801821,6.1824742],[1.2795954,6.1836913],[1.2788692,6.1848728],[1.2776019,6.1865194],[1.2768665,6.1872896],[1.2753448,6.1886674],[1.2736671,6.1902553]]},"properties":{"fclass":"primary"}},{"type":"Feature","geometry":{"type":"LineString","coordinates":[[1.2735903,6.1901854],[1.2760314,6.1879007],[1.2773011,6.1867035],[1.2785929,6.1850881],[1.2791026,6.1843262],[1.2798234,6.1830395],[1.2804289,6.1815916],[1.2808249,6.1803201],[1.2811752,6.1787172],[1.2813389,6.1776765],[1.2816129,6.1756541],[1.2818007,6.1743153]]},"properties":{"fclass":"primary"}},{"type":"Feature","geometry":{"type":"LineString","coordinates":[[1.2039846,6.2410244],[1.202217,6.2414936],[1.1996409,6.2422326],[1.1980435,6.2426895],[1.195718,6.2433614],[1.1939844,6.2438188],[1.1921796,6.2443539],[1.1912414,6.2445199],[1.189706,6.2446665],[1.1873455,6.2446892],[1.1854076,6.2447399],[1.1848162,6.2448665],[1.1842087,6.2451185],[1.1825256,6.2463343],[1.1796691,6.2484913],[1.1774535,6.2501524],[1.1771074,6.2503965],[1.176669,6.250723]]},"properties":{"fclass":"primary"}},{"type":"Feature","geometry":{"type":"LineString","coordinates":[[1.2389646,6.1712977],[1.2388044,6.171239],[1.2373486,6.171373],[1.2347328,6.1716804],[1.234533,6.171633]]},"properties":{"fclass":"secondary"}},{"type":"Feature","geometry":{"type":"LineString","coordinates":[[1.198515,7.7390442],[1.1988172,7.7395584]]},"properties":{"fclass":"trunk"}},{"type":"Feature","geometry":{"type":"LineString","coordinates":[[1.190105,6.2054944],[1.190308,6.2047199],[1.1905441,6.2038253],[1.1907353,6.2034204],[1.1908455,6.2032925]]},"properties":{"fclass":"primary"}},{"type":"Feature","geometry":{"type":"LineString","coordinates":[[1.1910196,6.2034508],[1.190823,6.2037626],[1.1903361,6.2055679]]},"properties":{"fclass":"primary"}},{"type":"Feature","geometry":{"type":"LineString","coordinates":[[1.20037,6.198065],[1.2011113,6.1976558],[1.2028475,6.1966999],[1.2043148,6.1958835],[1.2060864,6.1948837],[1.2067816,6.1944901],[1.2073839,6.1942994],[1.2082118,6.1942525],[1.2087363,6.1942484],[1.2088866,6.1942242],[1.2090149,6.1941676]]},"properties":{"fclass":"primary"}},{"type":"Feature","geometry":{"type":"LineString","coordinates":[[1.2002843,6.1982854],[1.1994695,6.1987877],[1.1969156,6.2002608],[1.1967997,6.2003189]]},"properties":{"fclass":"primary"}},{"type":"Feature","geometry":{"type":"LineString","coordinates":[[1.1967138,6.2001158],[1.1978705,6.1994712],[1.1987376,6.1989108],[1.1999998,6.1982223],[1.2001945,6.1981242]]},"properties":{"fclass":"primary"}},{"type":"Feature","geometry":{"type":"LineString","coordinates":[[1.1811174,8.0084066],[1.1760904,8.0174127],[1.1720449,8.0245418],[1.1673368,8.032861],[1.1615025,8.0431831],[1.1565869,8.0518466],[1.1530889,8.0579799],[1.1521312,8.0597399],[1.1514723,8.0608257],[1.1509366,8.0615792],[1.150151,8.06259],[1.1492663,8.0636936],[1.1468741,8.0667601],[1.1401749,8.0751291],[1.1398208,8.0756868],[1.1393031,8.0768845],[1.1391181,8.077547],[1.1389598,8.0784991],[1.1386885,8.0807701],[1.1383838,8.0832008]]},"properties":{"fclass":"trunk"}},{"type":"Feature","geometry":{"type":"LineString","coordinates":[[1.1916704,7.9837951],[1.1916884,7.9837148]]},"properties":{"fclass":"trunk"}},{"type":"Feature","geometry":{"type":"LineString","coordinates":[[1.1868694,6.2048159],[1.1855961,6.2046026],[1.1851803,6.2044239],[1.1843857,6.203756],[1.1837581,6.20322],[1.1829225,6.2024287],[1.1817398,6.2012695],[1.1815922,6.2011041]]},"properties":{"fclass":"secondary"}},{"type":"Feature","geometry":{"type":"LineString","coordinates":[[1.1903553,6.2056449],[1.1910088,6.2060518],[1.192541,6.2068491],[1.1940209,6.2076564],[1.1953184,6.208365],[1.1956433,6.2085486]]},"properties":{"fclass":"secondary"}},{"type":"Feature","geometry":{"type":"LineString","coordinates":[[0.6543478,6.9916431],[0.6549002,6.9928363],[0.6552422,6.9935111],[0.655733,6.994017],[0.6562936,6.9944575],[0.6569132,6.9949407],[0.6576213,6.9953547],[0.6595311,6.9963424],[0.6611833,6.9971943],[0.6618458,6.9976363],[0.6623997,6.9981581]]},"properties":{"fclass":"primary"}},{"type":"Feature","geometry":{"type":"LineString","coordinates":[[0.6543138,6.991568],[0.6543478,6.9916431]]},"properties":{"fclass":"primary"}},{"type":"Feature","geometry":{"type":"LineString","coordinates":[[0.652938,6.9788481],[0.6536087,6.9808892],[0.6539011,6.9819541],[0.6539467,6.9829805],[0.6538729,6.9837445]]},"properties":{"fclass":"primary"}},{"type":"Feature","geometry":{"type":"LineString","coordinates":[[0.6538729,6.9837445],[0.6537535,6.9850624],[0.6537214,6.9866225],[0.653708,6.9884408],[0.653708,6.9896229],[0.6538045,6.9903284],[0.6540567,6.9909514],[0.6543138,6.991568]]},"properties":{"fclass":"primary"}},{"type":"Feature","geometry":{"type":"LineString","coordinates":[[0.4713484,10.3573087],[0.4714438,10.3578018],[0.4714867,10.3586474],[0.4712588,10.3593414],[0.4709369,10.3598202],[0.4706083,10.3601065],[0.470041,10.3604634],[0.4690065,10.361066],[0.4673934,10.3620495],[0.4665501,10.3626078],[0.4656878,10.3633413],[0.4655456,10.363446]]},"properties":{"fclass":"trunk"}},{"type":"Feature","geometry":{"type":"LineString","coordinates":[[0.4689506,10.3611043],[0.4691531,10.3611755],[0.4703144,10.3615682],[0.4719612,10.3620691],[0.4736041,10.3625597],[0.4741824,10.3627397]]},"properties":{"fclass":"secondary"}},{"type":"Feature","geometry":{"type":"LineString","coordinates":[[0.4655456,10.363446],[0.4645268,10.3646093],[0.4607404,10.3692095],[0.4581186,10.3724966],[0.4505367,10.3822341],[0.440992,10.3945475],[0.4269487,10.4121357],[0.4243971,10.4153316],[0.4218959,10.4185001],[0.4119229,10.4310973],[0.401752,10.4436455],[0.4010466,10.4446347],[0.4004967,10.4456924],[0.4001668,10.4465734],[0.3990296,10.4514347],[0.3988069,10.452263],[0.3984041,10.4532291],[0.3979218,10.4541146],[0.3932072,10.4623692],[0.3853127,10.4752101],[0.384669,10.4760752],[0.3839931,10.4768005],[0.3811191,10.4791927],[0.3701435,10.488098],[0.3604138,10.4960879],[0.3595555,10.4969292],[0.3548905,10.5015779],[0.3474505,10.5090833]]},"properties":{"fclass":"trunk"}},{"type":"Feature","geometry":{"type":"LineString","coordinates":[[0.6701616,7.0064597],[0.6702287,7.0065056]]},"properties":{"fclass":"primary"}},{"type":"Feature","geometry":{"type":"LineString","coordinates":[[0.6689247,7.0052457],[0.6701616,7.0064597]]},"properties":{"fclass":"primary"}},{"type":"Feature","geometry":{"type":"LineString","coordinates":[[0.6688905,7.0052068],[0.6689247,7.0052457]]},"properties":{"fclass":"primary"}},{"type":"Feature","geometry":{"type":"LineString","coordinates":[[1.6418216,7.8238535],[1.6411686,7.8236606],[1.6372445,7.8225897],[1.6362441,7.8222894],[1.6336852,7.8219626],[1.6308434,7.8217114],[1.6280419,7.8214179],[1.6262658,7.8211702],[1.6251918,7.8208526],[1.6229684,7.8202074],[1.6195773,7.8192484]]},"properties":{"fclass":"primary"}},{"type":"Feature","geometry":{"type":"LineString","coordinates":[[1.3177085,7.474424],[1.3166079,7.4747139],[1.3159266,7.4747631],[1.3154727,7.4748393],[1.3137945,7.4755768],[1.3124585,7.4761897],[1.3108992,7.4768971],[1.3085599,7.4779491],[1.3071015,7.4786231]]},"properties":{"fclass":"secondary"}},{"type":"Feature","geometry":{"type":"LineString","coordinates":[[1.4344264,7.4210882],[1.4343995,7.4204089],[1.4342274,7.4177364],[1.4341884,7.4169051],[1.4341755,7.4165187],[1.4341595,7.4160431],[1.434117,7.4151701],[1.4340741,7.4138369],[1.433984,7.4123196],[1.4336772,7.411253],[1.4331366,7.4103862],[1.432543,7.4097927],[1.4316509,7.4092261],[1.4306632,7.4089327],[1.4295477,7.4089017],[1.4265516,7.4091411],[1.4200446,7.4100082],[1.4166505,7.4101318],[1.4122481,7.4101571],[1.4085898,7.4101012],[1.3978405,7.4103009],[1.3970634,7.4103885],[1.3965055,7.4105308],[1.3958967,7.4108327],[1.393885,7.4121505]]},"properties":{"fclass":"secondary"}},{"type":"Feature","geometry":{"type":"LineString","coordinates":[[1.593156,7.3538709],[1.5919098,7.3556091],[1.5912205,7.3562874],[1.5900074,7.3572205],[1.5889496,7.3582686],[1.5870435,7.3599794],[1.586553,7.3603633]]},"properties":{"fclass":"secondary"}},{"type":"Feature","geometry":{"type":"LineString","coordinates":[[1.586553,7.3603633],[1.5865183,7.3603942]]},"properties":{"fclass":"secondary"}},{"type":"Feature","geometry":{"type":"LineString","coordinates":[[1.4896755,7.4262143],[1.4896161,7.4263028]]},"properties":{"fclass":"secondary"}},{"type":"Feature","geometry":{"type":"LineString","coordinates":[[1.541794,7.3669706],[1.5416935,7.3670262]]},"properties":{"fclass":"secondary"}},{"type":"Feature","geometry":{"type":"LineString","coordinates":[[1.593183,7.3538351],[1.593156,7.3538709]]},"properties":{"fclass":"secondary"}},{"type":"Feature","geometry":{"type":"LineString","coordinates":[[1.4380784,7.4297636],[1.4363789,7.4279158],[1.4357165,7.4272004]]},"properties":{"fclass":"secondary"}},{"type":"Feature","geometry":{"type":"LineString","coordinates":[[1.4896161,7.4263028],[1.4885294,7.4276264],[1.4876738,7.4285307],[1.4863917,7.4296504],[1.485815,7.4300361],[1.4829209,7.4312702],[1.481722,7.4317835],[1.4806706,7.4324458],[1.4777899,7.4344113],[1.4772239,7.434636],[1.4738996,7.4346319],[1.4733619,7.4344005],[1.473048,7.4341364],[1.4707253,7.4321457],[1.4693409,7.4310388],[1.4680642,7.4299457],[1.4674339,7.4291717],[1.4668615,7.4288984],[1.4658916,7.4286185],[1.4654477,7.4286956],[1.4637431,7.4293765],[1.4631732,7.4297778],[1.4622988,7.4304882],[1.4618138,7.4304776],[1.4592666,7.4295896],[1.4582245,7.4292754],[1.4576372,7.4292445],[1.4546744,7.4294277],[1.4515887,7.4296332],[1.4498574,7.4297462],[1.4481729,7.4298805],[1.4468868,7.4300461],[1.4457978,7.4301917],[1.4436581,7.4305169],[1.440298,7.4310308],[1.4395362,7.4310042],[1.4390346,7.4306877],[1.4380784,7.4297636]]},"properties":{"fclass":"secondary"}},{"type":"Feature","geometry":{"type":"LineString","coordinates":[[1.5865183,7.3603942],[1.5861217,7.3606226],[1.5850579,7.3608957],[1.5819997,7.3617547],[1.5800169,7.3623791],[1.578488,7.363092],[1.5778229,7.363233],[1.5773734,7.3631732],[1.5754464,7.3626105],[1.5728647,7.3618672],[1.5715063,7.3614986],[1.5704066,7.361464],[1.5692371,7.361472],[1.5686883,7.361165],[1.5679357,7.3603781],[1.5673445,7.3592037],[1.5668097,7.3584421],[1.5661687,7.3582107],[1.5655357,7.3582426],[1.5651172,7.3583464],[1.5646532,7.3586097],[1.5597862,7.3619448],[1.5582374,7.3630122],[1.5576231,7.3632782],[1.5547194,7.364421],[1.5507889,7.3658186],[1.5496221,7.3659941],[1.5458755,7.3661832],[1.5434966,7.3663106],[1.5428978,7.3664251],[1.541794,7.3669706]]},"properties":{"fclass":"secondary"}},{"type":"Feature","geometry":{"type":"LineString","coordinates":[[1.5416935,7.3670262],[1.5410836,7.3673551],[1.5381052,7.3685063],[1.5362338,7.3693081],[1.5349392,7.3698267],[1.5343764,7.3701492],[1.5330994,7.3712076],[1.5326654,7.3717306],[1.5317959,7.3733892],[1.5312478,7.3745071],[1.5306834,7.3756045],[1.5298661,7.3771904],[1.5294331,7.377826],[1.5278059,7.3795429],[1.5249221,7.3824318],[1.5234647,7.3838329],[1.5193883,7.3877335],[1.5174866,7.3895618],[1.5167087,7.3904342],[1.5159455,7.3918606],[1.5150329,7.3936387],[1.5125297,7.3984753],[1.5106913,7.4021407],[1.5093679,7.4044077],[1.5079945,7.4067011],[1.5057984,7.410417],[1.5045234,7.4123742],[1.5039012,7.4131813],[1.5028654,7.4139938],[1.5006752,7.4156605],[1.4985778,7.4173227],[1.4958277,7.419469],[1.4943927,7.4206792],[1.493006,7.4225597],[1.4921048,7.4237033],[1.4911796,7.4245946],[1.4901508,7.4255705],[1.4896755,7.4262143]]},"properties":{"fclass":"secondary"}},{"type":"Feature","geometry":{"type":"LineString","coordinates":[[1.6021786,7.1038087],[1.6019335,7.1044145]]},"properties":{"fclass":"secondary"}},{"type":"Feature","geometry":{"type":"LineString","coordinates":[[1.1933296,6.2260539],[1.1930534,6.2254489]]},"properties":{"fclass":"primary"}},{"type":"Feature","geometry":{"type":"LineString","coordinates":[[1.1789175,6.7735728],[1.1794481,6.7777023],[1.1796838,6.7790485],[1.1796731,6.7796678],[1.179551,6.7804788],[1.1792801,6.7818571],[1.1792225,6.7827241],[1.1791889,6.7844873]]},"properties":{"fclass":"trunk"}},{"type":"Feature","geometry":{"type":"LineString","coordinates":[[1.1791889,6.7844873],[1.1791815,6.7847867]]},"properties":{"fclass":"trunk"}},{"type":"Feature","geometry":{"type":"LineString","coordinates":[[1.1807098,6.8889155],[1.1806921,6.8912793],[1.1806891,6.8929971],[1.1806689,6.8944914],[1.1806564,6.8964189],[1.1806467,6.8979997],[1.1806609,6.8987149],[1.1807728,6.8997359],[1.1809874,6.9006732],[1.1816096,6.9033519],[1.1817518,6.9041028],[1.1818641,6.9051723],[1.1818349,6.9062836],[1.1815575,6.9095906],[1.1810755,6.9155238],[1.1808586,6.9180741],[1.1807084,6.918809],[1.1803989,6.919723],[1.1788228,6.9234207],[1.1768383,6.9280251],[1.1758842,6.9303436],[1.1747593,6.9330008],[1.173511,6.9361942],[1.173148,6.9370918],[1.1726418,6.9383526],[1.1724579,6.9391141],[1.172414,6.9395895],[1.1724523,6.9408703],[1.1727181,6.9419151],[1.1732718,6.9430723],[1.1737007,6.9437533],[1.1741263,6.9444765],[1.1743641,6.9449899],[1.1745084,6.9454784],[1.1745527,6.9457745],[1.1745621,6.9463709],[1.1745129,6.9469227],[1.1742443,6.9476449],[1.1730392,6.9503191],[1.1723721,6.9516174],[1.1716354,6.9527806],[1.1711477,6.9535397],[1.1708063,6.9543267],[1.1706566,6.9550127],[1.1706099,6.9559146],[1.1708594,6.9583],[1.1712373,6.9612669],[1.17137,6.9621871],[1.171556,6.9635038],[1.1716358,6.9641503],[1.171711,6.9647602],[1.1720088,6.9678118],[1.1721358,6.9692279],[1.1721575,6.9702278],[1.1720958,6.9708721],[1.1717969,6.9727174],[1.1715982,6.9742581],[1.1715996,6.9755366],[1.1716881,6.976322],[1.1721924,6.9786755],[1.172289,6.979554],[1.1721978,6.9804273],[1.1719611,6.9812108],[1.1710725,6.982884]]},"properties":{"fclass":"trunk"}},{"type":"Feature","geometry":{"type":"LineString","coordinates":[[1.1536242,7.4905784],[1.153666,7.4907409]]},"properties":{"fclass":"trunk"}},{"type":"Feature","geometry":{"type":"LineString","coordinates":[[1.153666,7.4907409],[1.1538165,7.4913404],[1.1541063,7.4929732],[1.154346,7.494736],[1.1545031,7.4961811],[1.1547073,7.4977231],[1.1549309,7.4993627],[1.1550269,7.5000476],[1.1552275,7.5015851],[1.1552471,7.5023533],[1.1551601,7.5033125],[1.154966,7.5041739],[1.1547615,7.504773],[1.1537504,7.5074098],[1.1528125,7.5098387],[1.1524376,7.5108308],[1.1522324,7.5113825],[1.1518176,7.5124978],[1.1513624,7.5137147],[1.1506957,7.5154683],[1.1505058,7.5158168],[1.1504752,7.5158725]]},"properties":{"fclass":"trunk"}},{"type":"Feature","geometry":{"type":"LineString","coordinates":[[1.27523,6.1425335],[1.2753687,6.1428367],[1.2756173,6.1431952],[1.2766358,6.1446673]]},"properties":{"fclass":"trunk"}},{"type":"Feature","geometry":{"type":"LineString","coordinates":[[1.1860578,6.2149924],[1.1854177,6.214208],[1.1847029,6.2133793],[1.1844755,6.2131209],[1.1841497,6.2127514],[1.1836186,6.2121114],[1.1835161,6.2118967],[1.1833537,6.2111335],[1.1833091,6.2108992]]},"properties":{"fclass":"secondary"}},{"type":"Feature","geometry":{"type":"LineString","coordinates":[[1.2082279,6.2619985],[1.2083057,6.2628197],[1.2084264,6.2636035],[1.208542,6.2641354],[1.2086651,6.2647153],[1.2087463,6.2650433]]},"properties":{"fclass":"trunk"}},{"type":"Feature","geometry":{"type":"LineString","coordinates":[[1.1883842,6.2175989],[1.1884157,6.216815],[1.1884158,6.215617],[1.1884077,6.2142299],[1.1884124,6.2133821],[1.1884248,6.2127793],[1.1884179,6.2108057],[1.1884715,6.2103706],[1.1885901,6.2099849],[1.1889468,6.2091423],[1.1893679,6.2081544],[1.1895286,6.2075955],[1.1896241,6.2072411]]},"properties":{"fclass":"primary"}},{"type":"Feature","geometry":{"type":"LineString","coordinates":[[1.388931,6.1805022],[1.3893105,6.1806236],[1.3898255,6.1807996],[1.3907321,6.1811623],[1.3913785,6.1816382],[1.3918438,6.1820649],[1.3922797,6.1825062],[1.3925748,6.1829049],[1.3929637,6.1835009],[1.3933633,6.1844221],[1.3935561,6.1850303],[1.393944,6.1867261],[1.3942001,6.1879961],[1.3945287,6.189382],[1.3947219,6.1900407],[1.3949606,6.1905926],[1.3952865,6.1911339],[1.3957264,6.1916553],[1.3961917,6.1920832],[1.3967697,6.1925652],[1.3975248,6.1931992],[1.39832,6.1938672],[1.3996384,6.1949511],[1.4003625,6.1955658],[1.4008641,6.1959764],[1.4016956,6.1966924],[1.4023554,6.197223],[1.402963,6.197739],[1.403887,6.1985029],[1.4043818,6.1989149],[1.4047734,6.1992509],[1.4050162,6.1994509],[1.4054038,6.1997682],[1.4056968,6.2000235],[1.4062875,6.2005215],[1.4066268,6.2007962],[1.4071244,6.2012175],[1.4080484,6.2019814],[1.4089114,6.2027034],[1.4094163,6.2031294],[1.4100487,6.2036573],[1.4103772,6.20392],[1.4107011,6.2041466],[1.411078,6.2043746],[1.4115344,6.2046353],[1.4121684,6.2049288],[1.4127335,6.2051539],[1.4134124,6.2053879],[1.4138129,6.2055269],[1.41412,6.2056346],[1.4145369,6.2057817],[1.4153374,6.2060589],[1.415745,6.2061918],[1.4162414,6.206371],[1.4168686,6.2065871],[1.4173127,6.2067432],[1.4183154,6.2070948],[1.4190495,6.2073511],[1.4198193,6.2076164],[1.4205104,6.2078605],[1.4212441,6.2081058],[1.4218361,6.2083133],[1.422068,6.2083937],[1.4228254,6.2086565],[1.4234225,6.2088637],[1.4242134,6.2091381],[1.4262603,6.209836],[1.4267808,6.2100157],[1.4278801,6.2103675],[1.4284298,6.2105298],[1.4299522,6.2109567],[1.4305712,6.211133],[1.4312751,6.2113332],[1.4318491,6.2114992],[1.4323004,6.2116263],[1.4331226,6.2118593],[1.4339089,6.2120924],[1.4345338,6.2122723],[1.4350187,6.2123823],[1.4356738,6.2124861],[1.4361731,6.2125363],[1.4365401,6.2125556],[1.4372653,6.2125628],[1.4377909,6.2125622],[1.4386105,6.2125484],[1.4394244,6.2125138],[1.4399445,6.2124465],[1.4407098,6.2122795],[1.4412758,6.2120918],[1.441961,6.2118172],[1.4424928,6.2115964],[1.4433618,6.21123],[1.4439653,6.210967],[1.4445061,6.2107026],[1.4448572,6.2105097],[1.44551,6.2101204],[1.4467713,6.2093424],[1.44748,6.2089037],[1.4478948,6.208647],[1.4484635,6.208295],[1.4492043,6.207836],[1.4494347,6.2076913],[1.4503342,6.2071244],[1.4508952,6.2067772],[1.4511407,6.2066278],[1.4514342,6.2064528],[1.451706,6.2063069],[1.4521024,6.2061477],[1.4527236,6.2059848],[1.4530391,6.2059226],[1.4533275,6.2058944],[1.4538476,6.2058971],[1.4542935,6.2059427],[1.4550061,6.2060506],[1.4557179,6.2061702],[1.4560764,6.2062304],[1.4565427,6.2063087],[1.4571406,6.2064092],[1.4579939,6.2065525],[1.4585504,6.206646]]},"properties":{"fclass":"trunk"}},{"type":"Feature","geometry":{"type":"LineString","coordinates":[[1.2968638,6.1546102],[1.2970903,6.1547554],[1.2982799,6.1551696],[1.3000814,6.1558267],[1.3027374,6.1568407],[1.3040927,6.1573548],[1.3049167,6.1576808],[1.3057487,6.1580048],[1.3076913,6.1587603],[1.3101658,6.1597551],[1.31134,6.1601636],[1.3120743,6.1603882],[1.3130233,6.160641],[1.3136179,6.1607949],[1.3148866,6.1611295],[1.3169371,6.1616869],[1.3192294,6.1622956],[1.3200713,6.1625249],[1.3218264,6.1629914],[1.3226847,6.1632309],[1.3246328,6.1637566],[1.3259554,6.1641332],[1.3261304,6.1641576],[1.3262368,6.1641623]]},"properties":{"fclass":"trunk"}},{"type":"Feature","geometry":{"type":"LineString","coordinates":[[1.3264572,6.1642813],[1.3267764,6.1643916],[1.3276079,6.164637],[1.3282724,6.1648183],[1.3294051,6.1651658],[1.3308611,6.1655904],[1.3324279,6.1660429],[1.3337825,6.166419],[1.3346917,6.1666786],[1.3359599,6.1670205],[1.3370124,6.1673252],[1.3397398,6.1680953],[1.3423699,6.1688252],[1.3432913,6.1690617],[1.3437537,6.1691994],[1.3454042,6.1696843],[1.3473618,6.170232],[1.34982,6.1709062],[1.3506462,6.1711689]]},"properties":{"fclass":"trunk"}},{"type":"Feature","geometry":{"type":"LineString","coordinates":[[1.4960557,6.2252702],[1.4950676,6.2249562],[1.4940092,6.2246143],[1.4931522,6.2243343],[1.4926305,6.2240783],[1.4921249,6.22369],[1.4917226,6.2232677],[1.4912787,6.2225145],[1.4907329,6.2214239],[1.4903721,6.220644],[1.4899477,6.2197561],[1.4894901,6.2188182],[1.4891926,6.2181536],[1.4887306,6.2171763],[1.4881606,6.2160031],[1.4877731,6.2151885],[1.4872205,6.2140539],[1.4867102,6.213012],[1.4860202,6.2120754],[1.4850245,6.2113288],[1.4841937,6.2109822],[1.4835338,6.2107688],[1.4824878,6.2104289],[1.4808489,6.2099036],[1.4799169,6.2096049],[1.4789969,6.2093009],[1.4783397,6.2090876],[1.4776464,6.208861],[1.4767559,6.2085757],[1.4755838,6.2082544],[1.474468,6.208021],[1.4733374,6.2078524],[1.4721479,6.2077611],[1.4711326,6.2076837],[1.4697728,6.2075997],[1.4684994,6.2075157],[1.4671308,6.2074224],[1.4659694,6.2073717],[1.4646564,6.2072984],[1.4631115,6.2071771],[1.462099,6.2071091],[1.4610952,6.2070588],[1.4601074,6.2069304],[1.457973,6.2066238],[1.4561914,6.2063265],[1.454987,6.2061258],[1.4540637,6.2060018],[1.4534408,6.2059852],[1.4531457,6.2060025],[1.4524142,6.2061365],[1.4519776,6.2062852],[1.4515847,6.2064625],[1.4505561,6.2070718],[1.4488864,6.2081184],[1.4472449,6.2091436],[1.4459963,6.2098996],[1.4448349,6.2105968],[1.4436936,6.2111728],[1.4425161,6.2116741],[1.4418121,6.2119541],[1.4407157,6.21235],[1.4395134,6.2125807],[1.4372523,6.2126434],[1.4361801,6.212612],[1.434035,6.2122141],[1.4317927,6.2115648],[1.4294712,6.2108942],[1.4282092,6.2105342],[1.4276285,6.2103675],[1.4262164,6.2099049],[1.4241014,6.209177],[1.4231104,6.2088396],[1.4224023,6.208589],[1.4216231,6.2083117],[1.4207326,6.208005],[1.4200909,6.2077984],[1.4191105,6.2074431],[1.4182334,6.2071251],[1.4170036,6.2067125],[1.4164571,6.2065238],[1.4159676,6.2063538],[1.4153823,6.2061465],[1.4149001,6.2059892],[1.4138018,6.2055985],[1.4134021,6.2054545],[1.4127108,6.2052219],[1.4121535,6.2049986],[1.4115118,6.2047073],[1.4110404,6.2044399],[1.410677,6.2042093],[1.4103337,6.2039613],[1.4100064,6.2037227],[1.4089671,6.202836],[1.4083207,6.2023014],[1.4074094,6.2015434],[1.4067891,6.2010268],[1.4063278,6.2006295],[1.4059134,6.2002875],[1.4054547,6.1999069],[1.4050993,6.1995909],[1.4048043,6.1993482],[1.4044891,6.1991003],[1.4039916,6.1986856],[1.4031976,6.1980243],[1.4024647,6.1974197],[1.4020094,6.1970297],[1.401017,6.1962004],[1.3998717,6.1952444],[1.3989115,6.1944458],[1.3979271,6.1936272],[1.3967496,6.1926339],[1.3961488,6.1921299],[1.3956539,6.1916846],[1.3951966,6.1911299],[1.3948922,6.1906593],[1.3946387,6.190078],[1.3942552,6.188554],[1.3939695,6.1873447],[1.3936476,6.1859568],[1.393244,6.1844662],[1.3927129,6.1833529],[1.3921443,6.1825889],[1.391469,6.1818315],[1.3904048,6.1810809],[1.3896686,6.1808062],[1.3887727,6.1805303],[1.3875255,6.1803049],[1.3853274,6.1798903],[1.3837168,6.1795956],[1.3823703,6.1793289],[1.3806188,6.1789956],[1.3794816,6.1787823],[1.3781056,6.1785116],[1.3767886,6.1782569],[1.3745369,6.177837],[1.3731757,6.1775823],[1.3721511,6.1774023],[1.3707322,6.1771236],[1.3692865,6.1768543],[1.367594,6.176529],[1.3664031,6.176305],[1.3652645,6.1761076],[1.3640428,6.1758463],[1.3634446,6.1756596],[1.3626131,6.1753343],[1.3611379,6.174737],[1.3601992,6.174577],[1.3592792,6.1743263],[1.357753,6.1737743],[1.3561141,6.1731863],[1.3548857,6.172725],[1.3542822,6.1725183],[1.3537169,6.1723023],[1.3533776,6.1721857],[1.3524248,6.1718343],[1.3516912,6.1716117],[1.3508053,6.1713242],[1.3506189,6.171268]]},"properties":{"fclass":"trunk"}},{"type":"Feature","geometry":{"type":"LineString","coordinates":[[1.3507609,6.1712061],[1.351004,6.1712885]]},"properties":{"fclass":"trunk"}},{"type":"Feature","geometry":{"type":"LineString","coordinates":[[1.3330042,9.6580492],[1.3327069,9.6580772]]},"properties":{"fclass":"primary"}},{"type":"Feature","geometry":{"type":"LineString","coordinates":[[1.2540793,9.6406161],[1.253981,9.6400761],[1.2538925,9.6391559],[1.2537074,9.6382251],[1.2531978,9.6369955],[1.2528328,9.6360357],[1.2526855,9.6351576],[1.2524199,9.6321272],[1.2516099,9.6288772],[1.2512531,9.6275656],[1.2508133,9.6265316],[1.2501106,9.6252913],[1.248976,9.6235407],[1.2486836,9.6227923],[1.248064,9.6209491],[1.24771,9.6201029]]},"properties":{"fclass":"primary"}},{"type":"Feature","geometry":{"type":"LineString","coordinates":[[1.1895269,6.2192435],[1.1886668,6.2180495],[1.1884738,6.2178195]]},"properties":{"fclass":"primary"}},{"type":"Feature","geometry":{"type":"LineString","coordinates":[[1.6147944,7.0237516],[1.6147344,7.023705],[1.6147071,7.0236458],[1.6147105,7.0235701],[1.614751,7.0235059],[1.6148153,7.0234703],[1.6149242,7.0234825],[1.6150009,7.0235819],[1.6149785,7.0236983],[1.6149269,7.0237451],[1.6148477,7.0237636],[1.6147944,7.0237516]]},"properties":{"fclass":"secondary"}},{"type":"Feature","geometry":{"type":"LineString","coordinates":[[1.501515,7.013721],[1.5027371,7.0137425],[1.5032199,7.0136307],[1.5037456,7.0135268],[1.5043572,7.0136307],[1.5052342,7.0137904],[1.5090966,7.0138969],[1.5111136,7.0137851],[1.5145817,7.0133937],[1.516046,7.0131691],[1.517264,7.0130346],[1.5182905,7.0129728],[1.5192005,7.013013],[1.520606,7.0131036],[1.5213811,7.0131648],[1.5223548,7.0133165],[1.5239024,7.0135934],[1.5259328,7.01362],[1.5273732,7.0135694],[1.5279552,7.0133964],[1.5311337,7.0115209]]},"properties":{"fclass":"secondary"}},{"type":"Feature","geometry":{"type":"LineString","coordinates":[[1.6149497,7.0237298],[1.614791,7.0239751]]},"properties":{"fclass":"secondary"}},{"type":"Feature","geometry":{"type":"LineString","coordinates":[[1.3637698,9.6718661],[1.361551,9.6709103],[1.3609678,9.6706205],[1.3604513,9.6703339],[1.3599739,9.6700272],[1.3584986,9.6689034],[1.3568732,9.6675285],[1.3552524,9.6663465],[1.3539523,9.6654132],[1.3526944,9.6646358],[1.3518682,9.6642259],[1.3497654,9.6634618],[1.3474587,9.6627267],[1.3455704,9.6620577],[1.3437465,9.6612301],[1.337564,9.6586917],[1.3362578,9.6581708],[1.3353619,9.6579725],[1.3345519,9.6579143],[1.3330042,9.6580492]]},"properties":{"fclass":"primary"}},{"type":"Feature","geometry":{"type":"LineString","coordinates":[[0.8482804,10.842085],[0.8432972,10.8434641],[0.8336198,10.8460668],[0.8282547,10.8470601]]},"properties":{"fclass":"primary"}},{"type":"Feature","geometry":{"type":"LineString","coordinates":[[0.8888757,10.8336482],[0.8900474,10.8318805],[0.892183,10.8295571],[0.8954942,10.8247431],[0.8979544,10.8211929],[0.9029829,10.812734],[0.9062224,10.807944],[0.9086201,10.8042887],[0.9108867,10.8004404],[0.9114791,10.7990531],[0.9119056,10.7975684],[0.9120965,10.7960689],[0.9127242,10.7903767],[0.9129984,10.7888015],[0.9133215,10.7879215],[0.9136782,10.7874202],[0.9171098,10.7856867],[0.9190101,10.7848123],[0.9201946,10.7842729]]},"properties":{"fclass":"primary"}},{"type":"Feature","geometry":{"type":"LineString","coordinates":[[1.2058058,6.2207812],[1.205201,6.2201214],[1.2038916,6.2185501],[1.2031491,6.2174293],[1.2020719,6.2150845],[1.2018791,6.2145712],[1.2016074,6.2136956],[1.2012062,6.2131732],[1.199694,6.2116141],[1.197713,6.2099249],[1.1968041,6.2093394],[1.1958348,6.2088557],[1.1949608,6.2084561],[1.1935436,6.2076933],[1.1905501,6.2060639],[1.1902258,6.2058236]]},"properties":{"fclass":"secondary"}},{"type":"Feature","geometry":{"type":"LineString","coordinates":[[1.1352047,8.1243572],[1.1325091,8.1241647],[1.131581,8.1241806],[1.1306772,8.1242815],[1.1296526,8.1244939],[1.1249024,8.1253782],[1.1233467,8.1258189],[1.1156219,8.1287344],[1.1147207,8.1290504],[1.1086965,8.1306621],[1.1078596,8.1309197],[1.1011902,8.1342513],[1.0985443,8.1356274],[1.08917,8.141591],[1.0877404,8.1423663],[1.0863027,8.1428522],[1.0797608,8.1446073],[1.0783634,8.1450454],[1.0773414,8.145502],[1.0707083,8.1495538],[1.0699627,8.1501007],[1.0664565,8.1533514],[1.062533,8.1570093],[1.0615432,8.1577686],[1.0606259,8.1582864],[1.0591105,8.1589156],[1.0512114,8.1620645],[1.038554,8.1682321],[1.0369657,8.1690429],[1.0350122,8.1701477]]},"properties":{"fclass":"primary"}},{"type":"Feature","geometry":{"type":"LineString","coordinates":[[1.2327911,8.4215384],[1.24261,8.4261997],[1.2564073,8.4294685],[1.2580392,8.4308574],[1.2649348,8.4389707],[1.2672016,8.4416341],[1.2678861,8.4421741],[1.2685357,8.4424671],[1.2692725,8.4425443],[1.2721101,8.4421521]]},"properties":{"fclass":"secondary"}},{"type":"Feature","geometry":{"type":"LineString","coordinates":[[1.2323839,8.4212982],[1.2327911,8.4215384]]},"properties":{"fclass":"secondary"}},{"type":"Feature","geometry":{"type":"LineString","coordinates":[[1.1153296,8.9306041],[1.1133416,8.9312477],[1.1109561,8.9328373],[1.1078645,8.9347077],[1.1051656,8.9365798],[1.1044312,8.9372764],[1.1022364,8.9393877],[1.0992819,8.9412044],[1.0982316,8.9417127],[1.0967347,8.9434585],[1.0961827,8.944182],[1.0966158,8.9483964],[1.0979378,8.9509399],[1.1007518,8.9549275],[1.1017685,8.9559325]]},"properties":{"fclass":"secondary"}},{"type":"Feature","geometry":{"type":"LineString","coordinates":[[1.5602292,6.2262206],[1.5592349,6.2260436],[1.5586915,6.2259677]]},"properties":{"fclass":"trunk_link"}},{"type":"Feature","geometry":{"type":"LineString","coordinates":[[1.5587084,6.2258819],[1.5596604,6.2260469],[1.5602453,6.2261238]]},"properties":{"fclass":"trunk_link"}},{"type":"Feature","geometry":{"type":"LineString","coordinates":[[1.5949052,6.2276779],[1.5943225,6.227556],[1.5936399,6.227522],[1.5930109,6.2275193],[1.592345,6.2276373],[1.5919018,6.2277033],[1.5915209,6.2276687],[1.5903971,6.227442],[1.5889916,6.2271514],[1.5877571,6.2269067],[1.5869746,6.2267847],[1.5858454,6.2267434],[1.5851748,6.2267567],[1.5847309,6.2268434],[1.5833361,6.227362],[1.5828849,6.2275306],[1.5814894,6.2280206],[1.5801088,6.2285245],[1.5789393,6.2289552],[1.5785497,6.2290825],[1.5780026,6.2292565],[1.577733,6.2293364],[1.5773984,6.2294331],[1.577222,6.2294784],[1.5766306,6.2296024],[1.5762477,6.2296597],[1.5758615,6.2296931],[1.5754887,6.2297171],[1.5748838,6.2297204],[1.5743293,6.2296951],[1.5736078,6.2296171],[1.573194,6.2295398],[1.5725349,6.2294058],[1.5721312,6.2292931],[1.571838,6.2292056],[1.5714298,6.2290825],[1.5710966,6.2289745],[1.5705963,6.2288198],[1.5700874,6.2286572],[1.5695845,6.2285025],[1.5690554,6.2283319],[1.5686738,6.2282152],[1.5680529,6.2280153],[1.5675285,6.2278479],[1.5669961,6.2276886],[1.5666159,6.227568],[1.5660996,6.227406],[1.5657838,6.227308],[1.5653955,6.227184],[1.5651628,6.2271114],[1.5647437,6.2269807],[1.5644232,6.226902],[1.5641959,6.22685],[1.5638942,6.2267954],[1.5634067,6.2267121],[1.5627442,6.2266094],[1.5620173,6.2264968],[1.5615445,6.2264274],[1.5608565,6.2263168],[1.5605468,6.2262674]]},"properties":{"fclass":"trunk"}},{"type":"Feature","geometry":{"type":"LineString","coordinates":[[1.5582006,6.2258371],[1.5592488,6.2259406],[1.5602453,6.2261238],[1.5605601,6.2261877]]},"properties":{"fclass":"trunk"}},{"type":"Feature","geometry":{"type":"LineString","coordinates":[[1.5605468,6.2262674],[1.5596468,6.2261478],[1.5591102,6.2260671],[1.5584265,6.2259398],[1.5579249,6.2258648]]},"properties":{"fclass":"trunk"}},{"type":"Feature","geometry":{"type":"LineString","coordinates":[[1.1539778,9.4841545],[1.1541479,9.4842525]]},"properties":{"fclass":"primary"}},{"type":"Feature","geometry":{"type":"LineString","coordinates":[[1.120746,9.4747822],[1.1209783,9.4750203]]},"properties":{"fclass":"primary"}},{"type":"Feature","geometry":{"type":"LineString","coordinates":[[1.1778016,9.5149719],[1.177853,9.5150455]]},"properties":{"fclass":"primary"}},{"type":"Feature","geometry":{"type":"LineString","coordinates":[[1.1209783,9.4750203],[1.122483,9.4763576],[1.123344,9.4769159],[1.1241642,9.4773537],[1.1253962,9.4778613],[1.128974,9.4792407],[1.1300991,9.4796488],[1.1310272,9.4798062],[1.1318533,9.4797903],[1.132674,9.4796263],[1.1334892,9.4792925],[1.1362535,9.4779926],[1.1374202,9.4775085],[1.1379755,9.4774238],[1.1387412,9.4774661],[1.1395057,9.4777333],[1.1457136,9.4806303],[1.1467141,9.4810324],[1.148947,9.4818697]]},"properties":{"fclass":"primary"}},{"type":"Feature","geometry":{"type":"LineString","coordinates":[[1.1106177,9.4765797],[1.1182076,9.4739554],[1.1191115,9.4738813],[1.1197767,9.474056],[1.1203245,9.4744102],[1.120746,9.4747822]]},"properties":{"fclass":"primary"}},{"type":"Feature","geometry":{"type":"LineString","coordinates":[[1.1803965,9.5186522],[1.1810878,9.5198353],[1.1824241,9.5221005],[1.183346,9.5236784],[1.1841148,9.5249765],[1.1849635,9.5264117],[1.1859964,9.5281706],[1.1870455,9.5299671],[1.1877923,9.53121],[1.1879377,9.5314673],[1.1882628,9.5319492],[1.1888194,9.5326449],[1.1899152,9.5335902],[1.1905856,9.534023],[1.1912434,9.5343649],[1.191812,9.534603],[1.1926587,9.5349693]]},"properties":{"fclass":"primary"}},{"type":"Feature","geometry":{"type":"LineString","coordinates":[[0.9897992,9.3130132],[0.9900117,9.3129593]]},"properties":{"fclass":"secondary"}},{"type":"Feature","geometry":{"type":"LineString","coordinates":[[0.9900117,9.3129593],[0.9910117,9.3126891],[0.9913111,9.3127101],[0.9917709,9.3130216],[0.9921346,9.3133836],[0.9928411,9.3137204],[0.9934553,9.3140989],[0.9951666,9.3153138],[0.9956574,9.315732],[0.9971219,9.3174921],[0.997417,9.3178388],[0.9991121,9.3190828],[0.999501,9.3195116],[1.0002252,9.3204274],[1.0013128,9.3209456],[1.0019553,9.3212214],[1.0022718,9.3214464],[1.002916,9.3224366],[1.0030684,9.3227566],[1.003181,9.3237081],[1.0033473,9.3241925],[1.0035586,9.3244782],[1.0038489,9.3245048],[1.0041695,9.3243663],[1.0044095,9.3244743],[1.0045269,9.3247389],[1.0044685,9.3250394],[1.0044618,9.3253292],[1.0047689,9.3256283],[1.0051846,9.3258136],[1.0055548,9.3257461],[1.0060215,9.3253848],[1.0062385,9.3253029],[1.0064439,9.3254272],[1.0066143,9.3255542],[1.0068235,9.3255317],[1.007195,9.3253306],[1.0077757,9.3251387],[1.0084382,9.3250672],[1.0095634,9.3250868],[1.0108023,9.3251574],[1.0112572,9.3251149],[1.0116515,9.3251572],[1.0119868,9.3254922],[1.0122867,9.3257271],[1.0128638,9.3256654],[1.0141709,9.3257125],[1.0146368,9.3258215],[1.0151244,9.3260073],[1.0156589,9.3259543],[1.0159618,9.3261683],[1.0161656,9.3267532],[1.0164794,9.3272058],[1.0169515,9.3275446],[1.0178018,9.3279601],[1.0182604,9.3282327],[1.0186198,9.3284127],[1.0194862,9.3284604],[1.0206851,9.3281904],[1.02109,9.3282235],[1.0214227,9.3284471],[1.0217741,9.3285424],[1.0221688,9.3283959],[1.0228202,9.3279231],[1.0232493,9.3274625],[1.0239521,9.3270311],[1.0244831,9.3266712],[1.0255051,9.325713],[1.0259584,9.3255198],[1.026535,9.3256257],[1.0276562,9.3260518],[1.028713,9.3260677],[1.0292226,9.3259698],[1.0308756,9.3252716],[1.0325083,9.3246596],[1.0328999,9.3244373],[1.0333317,9.3238232],[1.0336509,9.3235824],[1.034174,9.3234977],[1.0346219,9.3236777],[1.0350269,9.32399],[1.0352498,9.3240494],[1.0354963,9.3243314],[1.0357967,9.3248714],[1.0360676,9.3253769],[1.0365584,9.325586],[1.0370573,9.3254484],[1.037567,9.3254642],[1.0386877,9.3258182],[1.040283,9.3253527],[1.0416463,9.3249314],[1.041882,9.3248859],[1.0420268,9.3249739],[1.0421374,9.3252101],[1.042513,9.3260465],[1.0429153,9.3262397],[1.0435724,9.3264065],[1.0443471,9.3262597],[1.0451978,9.3260845],[1.0460535,9.3260783],[1.0466142,9.3260191],[1.0473651,9.3258162],[1.0480168,9.3255066],[1.0486016,9.3252551],[1.0492051,9.325095],[1.0498327,9.3248727],[1.0501935,9.3246742],[1.0504845,9.3244148],[1.0507473,9.3243195],[1.0510424,9.3243989],[1.0519168,9.3246768],[1.0525779,9.3248197],[1.0529467,9.3247655],[1.053773,9.3244087],[1.0543254,9.3245934],[1.0550262,9.3248633],[1.0553661,9.3249256],[1.0564443,9.3246755],[1.0570291,9.3245087],[1.0577157,9.3243261],[1.0582535,9.3243063],[1.0598601,9.3243354],[1.0605575,9.3242851],[1.0609008,9.3241025],[1.0612723,9.3238643],[1.06179,9.3236684],[1.0624954,9.3234686],[1.0629446,9.323228],[1.063807,9.3226825],[1.0651388,9.3227717],[1.0665896,9.3228593],[1.0675031,9.3229075],[1.0678071,9.3228529],[1.0682675,9.3225766],[1.0687664,9.3223172],[1.0697266,9.321993],[1.070196,9.3219599],[1.0707298,9.3220353],[1.0712716,9.3220578],[1.0718966,9.3218011],[1.0729989,9.3211791],[1.07342,9.3208853],[1.0739887,9.3199298],[1.0742496,9.3197544],[1.0747585,9.3199695],[1.0753818,9.3203474],[1.0772624,9.3214355],[1.0794632,9.3227456],[1.0817012,9.3239403],[1.0827756,9.3244082],[1.0833174,9.3245035],[1.0840595,9.3243799],[1.0853907,9.3241461],[1.0861028,9.3239627],[1.0868311,9.323683],[1.0874319,9.3234474],[1.087963,9.3234236],[1.0885209,9.3234421],[1.089119,9.3232409],[1.0894623,9.3228863],[1.0906211,9.3213061],[1.0911038,9.3209303],[1.0917395,9.3206603],[1.0923699,9.3205174],[1.0939443,9.3201918],[1.0946819,9.3198848],[1.0961558,9.319022],[1.0970825,9.318527],[1.0974526,9.3184696],[1.0978067,9.3186779],[1.0981071,9.3191093],[1.0990217,9.3209171],[1.1006203,9.3226507],[1.102404,9.3247602],[1.1029753,9.325324],[1.1036485,9.325848],[1.1043057,9.326245],[1.105679,9.3269252],[1.1061081,9.3273355],[1.106481,9.3278093],[1.1077604,9.328508],[1.1083397,9.3289182],[1.1088076,9.3293631],[1.1090988,9.3298022],[1.1091927,9.3303554],[1.1092812,9.3315835],[1.1094314,9.3320043],[1.109882,9.3324595],[1.112068,9.3344102],[1.1125588,9.3353736],[1.1128918,9.3364394],[1.1128941,9.3377873],[1.1129048,9.3387031],[1.1134976,9.3396903],[1.1146644,9.3414635],[1.1151579,9.3418182],[1.1157212,9.3420564],[1.1164212,9.3422311],[1.1177681,9.3423753],[1.1185804,9.3423184],[1.1192456,9.3423131],[1.120643,9.3426069],[1.121276,9.3426042],[1.1244491,9.3423581],[1.1251947,9.342419],[1.127311,9.3427604],[1.1289056,9.3433625],[1.129953,9.3437926],[1.1320412,9.3439515],[1.13608,9.3442189],[1.1368248,9.3440996],[1.1380237,9.3437661],[1.1386058,9.3433321],[1.1402151,9.3418235],[1.140663,9.3416753],[1.1420336,9.3417732],[1.1424413,9.3416885],[1.1435834,9.3410326],[1.1441794,9.3407172],[1.1448258,9.3405054],[1.1453782,9.3402899],[1.1458424,9.3398967],[1.1479184,9.3379938],[1.1486399,9.3376973],[1.1493856,9.3376047],[1.1499919,9.3377177],[1.1536825,9.338494],[1.1543986,9.3384463],[1.1574107,9.3378853]]},"properties":{"fclass":"secondary"}},{"type":"Feature","geometry":{"type":"LineString","coordinates":[[1.1375798,9.4774556],[1.1384723,9.4770414],[1.1413163,9.4757928],[1.1437543,9.4747292],[1.1448871,9.4741832],[1.1452559,9.4737989],[1.1463944,9.4722156],[1.1470304,9.4713437],[1.1493185,9.4682249],[1.1522142,9.4641629],[1.1568689,9.4583445],[1.1595494,9.4551305],[1.1623976,9.4534159],[1.1647979,9.4519718],[1.1681606,9.4491852],[1.1689631,9.4486509],[1.1698217,9.4486569]]},"properties":{"fclass":"secondary"}},{"type":"Feature","geometry":{"type":"LineString","coordinates":[[0.8126983,9.4524369],[0.8126932,9.4537833],[0.8128051,9.4543579]]},"properties":{"fclass":"primary"}},{"type":"Feature","geometry":{"type":"LineString","coordinates":[[0.3941804,9.685182],[0.3977765,9.6881712],[0.4141816,9.6905209],[0.4218791,9.6922645],[0.4292656,9.6919668],[0.4323405,9.6902554],[0.4429184,9.6858955],[0.4496409,9.6852985],[0.4515544,9.6851286],[0.45285,9.6850135],[0.454731,9.6844316],[0.4554222,9.6842178],[0.4563291,9.6839372],[0.4623278,9.6820765],[0.4689084,9.680208],[0.4706278,9.6797212],[0.4720293,9.679324],[0.4738233,9.6788155],[0.4769604,9.6775374],[0.4789628,9.6759082],[0.4872019,9.6695972],[0.500662,9.6602411],[0.5016782,9.6592907]]},"properties":{"fclass":"secondary"}},{"type":"Feature","geometry":{"type":"LineString","coordinates":[[0.5016782,9.6592907],[0.5025701,9.6607689],[0.5054404,9.6651836],[0.5106724,9.6679181],[0.5128804,9.6689166],[0.5180699,9.6726823],[0.5220854,9.6737234],[0.52589,9.6781109],[0.5278983,9.679516],[0.5316826,9.6820621],[0.5338453,9.6832518],[0.5351812,9.6835396],[0.5372038,9.6832356],[0.5437787,9.6823625],[0.5473701,9.6809209],[0.552145,9.6801482],[0.5546058,9.680096],[0.5578234,9.6793512],[0.5600747,9.6803253],[0.5657112,9.683004],[0.5688193,9.6842466],[0.5738441,9.6868097],[0.5748987,9.6875275],[0.5771974,9.6893473],[0.5791176,9.6898202],[0.5835345,9.6890931],[0.5863112,9.688346],[0.5894123,9.689629],[0.5915276,9.6909195],[0.5933408,9.6918601],[0.5951299,9.6924659],[0.5967258,9.6928164],[0.5970768,9.6929748]]},"properties":{"fclass":"secondary"}},{"type":"Feature","geometry":{"type":"LineString","coordinates":[[1.1925557,7.9789207],[1.1889133,7.9789012],[1.1799036,7.9763979],[1.1739144,7.975498],[1.1491404,7.9686192],[1.1372611,7.9648953],[1.1231725,7.9637575],[1.1175762,7.9647406],[1.1082701,7.9606831]]},"properties":{"fclass":"secondary"}},{"type":"Feature","geometry":{"type":"LineString","coordinates":[[1.6364142,7.0031829],[1.6380411,7.0019464],[1.6388337,7.0011544],[1.6393125,7.0004635],[1.6400568,6.9992056],[1.6411498,6.997386],[1.6421905,6.9956103]]},"properties":{"fclass":"secondary"}},{"type":"Feature","geometry":{"type":"LineString","coordinates":[[1.6020754,7.0237653],[1.6043083,7.0226645],[1.604999,7.0225248],[1.6057809,7.0224729],[1.6076249,7.0223704],[1.6087326,7.0223784],[1.6100841,7.0224793],[1.6122034,7.0226659],[1.6127948,7.0227191],[1.6133112,7.0228509],[1.613735,7.0230226],[1.6141103,7.023125],[1.6145101,7.0233733]]},"properties":{"fclass":"secondary"}},{"type":"Feature","geometry":{"type":"LineString","coordinates":[[1.615307,7.0236442],[1.6149785,7.0236983]]},"properties":{"fclass":"secondary"}},{"type":"Feature","geometry":{"type":"LineString","coordinates":[[1.1938191,6.9447972],[1.1938794,6.9447451]]},"properties":{"fclass":"secondary"}},{"type":"Feature","geometry":{"type":"LineString","coordinates":[[1.6145101,7.0233733],[1.6147938,7.0234778]]},"properties":{"fclass":"secondary"}},{"type":"Feature","geometry":{"type":"LineString","coordinates":[[1.6147071,7.0236458],[1.6145101,7.0233733]]},"properties":{"fclass":"secondary"}},{"type":"Feature","geometry":{"type":"LineString","coordinates":[[1.2721403,6.9446595],[1.2722099,6.9447087]]},"properties":{"fclass":"secondary"}},{"type":"Feature","geometry":{"type":"LineString","coordinates":[[1.2004939,6.9433764],[1.2005792,6.9433508]]},"properties":{"fclass":"secondary"}},{"type":"Feature","geometry":{"type":"LineString","coordinates":[[1.6363151,7.0032531],[1.6364142,7.0031829]]},"properties":{"fclass":"secondary"}},{"type":"Feature","geometry":{"type":"LineString","coordinates":[[1.615307,7.0236442],[1.6159384,7.0237547],[1.616367,7.0237844],[1.616526,7.0237256],[1.6166975,7.0235497],[1.6171953,7.0229493],[1.6181326,7.021839],[1.6189633,7.0208711],[1.620537,7.0191838],[1.6242744,7.0154685],[1.626285,7.0134124],[1.6277173,7.0118923],[1.6287875,7.0107795],[1.6303942,7.0090092],[1.6324355,7.0068736],[1.6336209,7.0055936],[1.6341642,7.0050494],[1.6347136,7.0045225],[1.6351537,7.0041427],[1.6355675,7.0038204],[1.6363151,7.0032531]]},"properties":{"fclass":"secondary"}},{"type":"Feature","geometry":{"type":"LineString","coordinates":[[1.1938794,6.9447451],[1.199854,6.9435232],[1.2004939,6.9433764]]},"properties":{"fclass":"secondary"}},{"type":"Feature","geometry":{"type":"LineString","coordinates":[[1.2005792,6.9433508],[1.2073275,6.9419593],[1.2124472,6.9408976],[1.2148845,6.9404009],[1.2164354,6.9404694],[1.2189389,6.9408104],[1.2223391,6.941239],[1.2240878,6.9414678],[1.2252706,6.941553],[1.2264835,6.9413762],[1.2345289,6.940012],[1.2373298,6.9395508],[1.2382981,6.9393058],[1.2391376,6.9389304],[1.2400094,6.938326],[1.2405136,6.9378121],[1.2411832,6.9368156],[1.2418842,6.935967],[1.2428391,6.9352774],[1.2439497,6.93489],[1.247989,6.9340203]]},"properties":{"fclass":"secondary"}},{"type":"Feature","geometry":{"type":"LineString","coordinates":[[1.3442963,6.9973115],[1.348494,6.9977268],[1.3517046,6.9981474],[1.3544351,6.9984882],[1.3600248,6.9990393],[1.3613995,6.9991732],[1.3626105,6.9992815],[1.3635492,6.9993747],[1.3647106,6.9995451],[1.3668453,6.9998289],[1.3769791,7.0011637],[1.3775377,7.001241],[1.3782853,7.0013687],[1.3806027,7.0016083],[1.3847199,7.0020023],[1.3897619,7.0022498],[1.3956157,7.0024494],[1.3992625,7.0026324],[1.4012399,7.0027423],[1.4025582,7.0027923],[1.4066441,7.0030075],[1.4095062,7.0032136],[1.4146575,7.0036075],[1.4185652,7.0039721],[1.4210197,7.0042131],[1.4248535,7.0045611],[1.4367206,7.0058936],[1.4453781,7.0069167],[1.4539305,7.0079816],[1.4601115,7.0089103],[1.4663798,7.009869],[1.4738256,7.0110058],[1.4752216,7.0111182],[1.4834104,7.0118102],[1.486499,7.0121239],[1.4925884,7.0128301],[1.4996767,7.0136626],[1.501515,7.013721]]},"properties":{"fclass":"secondary"}},{"type":"Feature","geometry":{"type":"LineString","coordinates":[[1.6149867,7.0235441],[1.615307,7.0236442]]},"properties":{"fclass":"secondary"}},{"type":"Feature","geometry":{"type":"LineString","coordinates":[[1.6421905,6.9956103],[1.6429965,6.9942406],[1.6433452,6.9937747]]},"properties":{"fclass":"primary"}},{"type":"Feature","geometry":{"type":"LineString","coordinates":[[1.614791,7.0239751],[1.6146791,7.0246598],[1.6145168,7.0251003],[1.6142486,7.0256367],[1.6137755,7.0270443],[1.6136425,7.0274845]]},"properties":{"fclass":"secondary"}},{"type":"Feature","geometry":{"type":"LineString","coordinates":[[0.2544929,10.5807205],[0.2544677,10.5805408]]},"properties":{"fclass":"secondary"}},{"type":"Feature","geometry":{"type":"LineString","coordinates":[[0.2544677,10.5805408],[0.2538483,10.5792892],[0.2518521,10.578229],[0.2486459,10.5749481],[0.243352,10.5665983],[0.2383416,10.5578798],[0.2375004,10.5479475],[0.2372352,10.5472824],[0.2234566,10.5356598],[0.2153159,10.5286513],[0.211975,10.5241336],[0.2117358,10.5231674],[0.21021,10.5209871],[0.2081476,10.5170334],[0.205943,10.5148276],[0.2013269,10.5132893],[0.2001437,10.5122596],[0.198327,10.5109247],[0.1932325,10.5083756],[0.1883966,10.5067356],[0.1843558,10.5063033],[0.1811362,10.5061381],[0.1768498,10.5074857],[0.1751624,10.5081722],[0.1708372,10.5101936],[0.167443,10.5116875],[0.1613422,10.5145288],[0.1542023,10.5177008],[0.1463342,10.5244832],[0.1442266,10.5277694],[0.1431986,10.5331722],[0.1431857,10.5338651]]},"properties":{"fclass":"secondary"}},{"type":"Feature","geometry":{"type":"LineString","coordinates":[[0.0088513,11.0764361],[0.0098464,11.0770809],[0.0112009,11.0775626],[0.0119358,11.0779311],[0.0173512,11.081124],[0.0181961,11.0817347],[0.0215167,11.0849354],[0.0275579,11.0900425],[0.0297738,11.0919024],[0.0317198,11.0932766],[0.0322401,11.0934977],[0.0338936,11.0938505],[0.0353944,11.0938583]]},"properties":{"fclass":"primary"}},{"type":"Feature","geometry":{"type":"LineString","coordinates":[[1.1887581,6.1954338],[1.189035,6.1950677],[1.1899168,6.1937922],[1.1905347,6.1927845],[1.1909316,6.1920186],[1.1913279,6.1910991],[1.1916149,6.190486],[1.1920672,6.1895173],[1.1929661,6.1872952],[1.1934153,6.1863051],[1.1941775,6.184435],[1.194723,6.1826529],[1.194737,6.1826096]]},"properties":{"fclass":"secondary"}},{"type":"Feature","geometry":{"type":"LineString","coordinates":[[0.7905409,7.61714],[0.7902148,7.6171701],[0.78924,7.6171103],[0.7888183,7.6171704],[0.7885252,7.6173163],[0.7875231,7.6180743],[0.7868434,7.6185446],[0.7860723,7.6186735],[0.78545,7.6186868],[0.7848707,7.6185432],[0.7834045,7.6179688],[0.7829842,7.6175582],[0.7827705,7.6171661],[0.7824969,7.6160176],[0.7823414,7.614489],[0.7820356,7.6136249],[0.78107,7.6124073],[0.779686,7.6112748],[0.773989,7.606819],[0.773254,7.6067844],[0.7725835,7.6070316],[0.77187,7.6069359],[0.7702258,7.6065398],[0.7691476,7.6064999],[0.7683828,7.6066526],[0.7679097,7.6069891],[0.7673398,7.6070742],[0.7665592,7.6067312],[0.7657787,7.6061915],[0.7644939,7.6050749],[0.7640299,7.6045538],[0.7634962,7.6035967],[0.7630195,7.6028833],[0.7624699,7.6025296],[0.7610929,7.6021797],[0.7605779,7.601955],[0.7594648,7.6010896],[0.759096,7.6009288],[0.7581076,7.6009461],[0.756801,7.6011845],[0.7567207,7.6015457],[0.7568068,7.601818],[0.7569469,7.6019796],[0.7572251,7.6020963],[0.7575104,7.6022229],[0.7575451,7.6023559],[0.7574831,7.6025068],[0.7573289,7.6026017],[0.7570123,7.6026034],[0.7559645,7.6022461],[0.7556534,7.6020627],[0.7550499,7.6015389],[0.7544169,7.6013608],[0.7538402,7.6013236],[0.7523167,7.6014831],[0.7512527,7.6016128],[0.7498813,7.6020946],[0.7487566,7.6026264],[0.7469094,7.6027008],[0.7458445,7.6026157],[0.7436934,7.6023897],[0.742825,7.602473],[0.7423067,7.6028124],[0.7418212,7.6034691],[0.7415651,7.6041856],[0.7412258,7.6044102],[0.7399759,7.6048463],[0.739418,7.6049287],[0.7390076,7.6048117],[0.7386924,7.6045565],[0.7382351,7.6041789],[0.7378578,7.6041211],[0.7369584,7.6043252],[0.7363522,7.6042906],[0.7359177,7.6040513],[0.7352981,7.6038121],[0.7348743,7.6038067],[0.7337558,7.6040115],[0.7332703,7.6039982],[0.7326293,7.6036765],[0.7303816,7.602496],[0.7295642,7.6023745],[0.7280266,7.6019324],[0.7260257,7.6006137],[0.7254678,7.6002947],[0.724301,7.6001644],[0.7219166,7.599965],[0.7212782,7.5998427],[0.720621,7.5995449],[0.7190225,7.5985918],[0.7186899,7.5984642],[0.7179721,7.5984484],[0.7166624,7.5986656],[0.7154604,7.5992248],[0.7142062,7.6002139],[0.7127279,7.6015318],[0.7116268,7.6019651],[0.7098622,7.6025386],[0.7087174,7.6031368],[0.7082587,7.6032631],[0.7077923,7.6032414],[0.7063946,7.602831],[0.7051085,7.6024362],[0.7048078,7.6022629],[0.7044809,7.60185],[0.7043548,7.601402],[0.7043722,7.6010604],[0.7043803,7.6006935],[0.7042703,7.6002043],[0.7036561,7.5983486],[0.703125,7.5967374],[0.7025912,7.5950864],[0.7021943,7.5939245],[0.7016551,7.5931854],[0.7008961,7.5924064],[0.7005477,7.5920787],[0.7002037,7.5918556],[0.6996583,7.5916058],[0.6992326,7.591473],[0.6989653,7.5914922],[0.6982415,7.5916984],[0.6980163,7.5917173],[0.697875,7.5916413],[0.6977896,7.5914886],[0.6978008,7.5911409],[0.6981536,7.5900914],[0.698129,7.589726],[0.6980358,7.5894908],[0.6978248,7.5892701],[0.6969463,7.5888344],[0.6955022,7.5882509],[0.6950675,7.587956],[0.6948494,7.5875604],[0.6948461,7.5872418],[0.6952393,7.5863313],[0.6958026,7.58497],[0.6965294,7.5819869],[0.6965616,7.5813496],[0.6963471,7.580817],[0.6947515,7.5792096]]},"properties":{"fclass":"secondary"}},{"type":"Feature","geometry":{"type":"LineString","coordinates":[[0.6399227,7.5986997],[0.6397229,7.5983858],[0.6391704,7.5977796],[0.6390001,7.5974925],[0.6390658,7.5971894],[0.6394306,7.5967135],[0.6399737,7.5963359],[0.6400971,7.5961698],[0.6400488,7.5960023],[0.6393126,7.5955995],[0.6388593,7.5954373],[0.6378816,7.5954612],[0.6374176,7.5953243],[0.6370944,7.5950624],[0.63703,7.5947248],[0.6375021,7.5943685],[0.6378293,7.5941372],[0.6380868,7.5938634],[0.638473,7.5933662],[0.6385723,7.5930392],[0.6384543,7.5927175],[0.637958,7.5923639],[0.637167,7.592118],[0.6367752,7.59209],[0.6365579,7.5919278],[0.6363058,7.5913243],[0.6361181,7.5908564],[0.6357948,7.5906424],[0.6353939,7.5906783],[0.6346603,7.5905639],[0.6343304,7.5903792],[0.6340219,7.5902608],[0.6336276,7.5901465],[0.6333004,7.5899298],[0.6331073,7.5899604],[0.6328297,7.5901186],[0.6326607,7.5900309],[0.6325302,7.5897581],[0.6323254,7.5896227],[0.6319097,7.5895629],[0.6318305,7.5894233],[0.6319271,7.5892665],[0.6323925,7.5888491],[0.6324287,7.5885659],[0.632363,7.5882748],[0.632143,7.5878281],[0.6318212,7.5876526],[0.6313598,7.5876234],[0.6307939,7.5877962],[0.6305404,7.5876074],[0.6303111,7.587295],[0.6300952,7.5872219],[0.6297719,7.5872073],[0.6296727,7.5871036],[0.6296714,7.5869148],[0.6301039,7.5862242],[0.6302816,7.5861186],[0.6304559,7.5859231],[0.6304452,7.5856546],[0.6302413,7.5854778],[0.6298886,7.5854472],[0.6296003,7.5853223],[0.6292945,7.5851654],[0.6289713,7.5850384],[0.6289659,7.584845],[0.6293911,7.5844435],[0.6296928,7.5842308],[0.6297773,7.5839769],[0.6297961,7.583412],[0.6296271,7.582827],[0.6293549,7.5827313],[0.6292449,7.582621],[0.6293669,7.5820347],[0.6292985,7.5817157],[0.6289753,7.5813328],[0.628683,7.5811839],[0.6283517,7.5811906],[0.6280969,7.5811507],[0.6277201,7.5809499],[0.6272319,7.5809792],[0.6264795,7.5813089],[0.6262065,7.581582],[0.6260061,7.58162],[0.6257245,7.5816332],[0.6251331,7.5818911],[0.6248863,7.58206],[0.6246489,7.5822009],[0.6243284,7.5823804],[0.6241071,7.5827978],[0.623965,7.5830291],[0.6236605,7.583166],[0.6230758,7.583354],[0.6226788,7.5835675],[0.6224562,7.5838772],[0.6223892,7.5842588],[0.622656,7.5854353],[0.6227043,7.5857676],[0.6226735,7.586088],[0.622855,7.586522],[0.6234661,7.5871874],[0.6237625,7.5873336],[0.6245027,7.5874665],[0.6245805,7.5875981],[0.6245148,7.5877989],[0.6242774,7.5882442],[0.6242815,7.5886098],[0.6246167,7.5891601],[0.6246674,7.5893393],[0.6246033,7.5894832],[0.6242526,7.5896434],[0.6241406,7.5897723],[0.6240521,7.590427],[0.6240696,7.5906915],[0.6240615,7.5909069],[0.6239785,7.5911413],[0.6241085,7.5913821],[0.6241158,7.5914991],[0.6239589,7.5916533],[0.6234875,7.5919026],[0.6233186,7.5920608],[0.6231925,7.5920948],[0.6231034,7.5920182],[0.6231214,7.5919027],[0.623505,7.5916474],[0.6235962,7.5915437],[0.6235881,7.5914386],[0.6234835,7.5913482],[0.6229672,7.5912087],[0.6228062,7.5910691],[0.6227285,7.590665],[0.622585,7.5903778],[0.6223905,7.5902409],[0.6220966,7.5901818],[0.621897,7.5900455],[0.6216475,7.5895815],[0.6215483,7.5891309],[0.6215832,7.588768],[0.6218278,7.5884755],[0.6218296,7.5883236],[0.6216306,7.5881848],[0.621347,7.587975],[0.6208067,7.5871462],[0.6207369,7.586863],[0.6207758,7.5865759],[0.6207637,7.5863485],[0.6204741,7.5860175],[0.6201777,7.5859404],[0.6197485,7.58608],[0.6194749,7.5860547],[0.6190552,7.5858048],[0.6189338,7.585615],[0.6189716,7.5854704],[0.6191893,7.5854087],[0.6194723,7.5854339],[0.6197083,7.5854273],[0.6198518,7.5852359],[0.6198089,7.584974],[0.6190914,7.5845207],[0.618681,7.5842016],[0.618445,7.5837523],[0.6181687,7.5833641],[0.6176725,7.5830849],[0.6163529,7.582601],[0.6158566,7.5826037],[0.6151313,7.5829542],[0.61482,7.5829188],[0.6136814,7.582399],[0.6128847,7.5825532],[0.6120318,7.5828749],[0.6115503,7.5830463]]},"properties":{"fclass":"secondary"}},{"type":"Feature","geometry":{"type":"LineString","coordinates":[[0.6947515,7.5792096],[0.6923896,7.5770553],[0.6900104,7.5753881],[0.6895524,7.5753732],[0.6890658,7.5756034],[0.688567,7.575558],[0.688007,7.575133],[0.6856772,7.5713304],[0.685114,7.5707535],[0.6845292,7.5705886],[0.6837031,7.5708784],[0.6830031,7.5710832],[0.680514,7.5712081],[0.6797871,7.5710486],[0.6792533,7.5708811],[0.6790361,7.5708492]]},"properties":{"fclass":"secondary"}},{"type":"Feature","geometry":{"type":"LineString","coordinates":[[0.6790361,7.5708492],[0.6783119,7.5711443],[0.6776494,7.5716654],[0.6768098,7.5726758],[0.6765014,7.5734468],[0.6760159,7.5752655],[0.6754956,7.5759727],[0.6745821,7.5767486],[0.673623,7.5778501],[0.6728682,7.5782555],[0.6721164,7.5783092],[0.6715125,7.5781449],[0.6706789,7.5777518],[0.6700233,7.5778203],[0.6684385,7.5789471],[0.6676447,7.579352],[0.6674041,7.5798116],[0.6675643,7.5803012],[0.6681114,7.581394],[0.6682992,7.5818858],[0.6685165,7.5826914],[0.6685406,7.5833216],[0.6683984,7.5837948],[0.6680095,7.5841591],[0.6672209,7.5845526],[0.6667113,7.5849434],[0.6661615,7.5851003],[0.6646463,7.5853267],[0.6642759,7.5851322],[0.6636992,7.5851614],[0.6601346,7.5865227],[0.6594157,7.5869587],[0.6580544,7.5880242],[0.6569964,7.5880621],[0.6562105,7.5875543],[0.654762,7.5867579],[0.6542577,7.586629],[0.6539614,7.5868843],[0.6531125,7.5887294],[0.6530669,7.589192],[0.6530455,7.5902263],[0.6527773,7.5907633],[0.651691,7.5927148],[0.6512564,7.5937969],[0.6508327,7.5943818],[0.6503552,7.5947992],[0.6499631,7.5950339],[0.6499411,7.5952265],[0.6501672,7.5957709],[0.6500387,7.5960081],[0.6497633,7.5960399],[0.6492391,7.5960791],[0.6487979,7.5967731],[0.6485618,7.5968216],[0.6472626,7.5957643],[0.6468496,7.5956633],[0.6462675,7.5959504],[0.6457821,7.5963599],[0.6436631,7.5972425],[0.6431106,7.5976626],[0.6428128,7.5982435],[0.6426465,7.5983672],[0.6418043,7.598524],[0.6412035,7.5986011],[0.6404203,7.5985945],[0.6400582,7.5987261],[0.6399227,7.5986997]]},"properties":{"fclass":"secondary"}},{"type":"Feature","geometry":{"type":"LineString","coordinates":[[1.164303,9.8103583],[1.1671617,9.8123867],[1.1699815,9.8139795],[1.1742408,9.8154033],[1.1787589,9.8168696],[1.1817154,9.8181208],[1.1855227,9.8188772],[1.1874986,9.8197357],[1.1908646,9.8213914],[1.1955098,9.8221505],[1.1966515,9.8223927],[1.1983146,9.8227129],[1.1999282,9.8229086],[1.2010327,9.8230623]]},"properties":{"fclass":"secondary"}},{"type":"Feature","geometry":{"type":"LineString","coordinates":[[1.0401232,7.9519508],[1.0354208,7.9504343],[1.0334907,7.949712],[1.0320541,7.9490766],[1.0300966,7.9485553],[1.0274427,7.9483109],[1.026505,7.948072]]},"properties":{"fclass":"secondary"}},{"type":"Feature","geometry":{"type":"LineString","coordinates":[[1.3629116,8.3651816],[1.3629796,8.364456],[1.3628109,8.3628929],[1.362489,8.36008],[1.3621588,8.3572697],[1.3617994,8.3555395],[1.36162,8.3548044],[1.3617887,8.3542445],[1.3626631,8.3514315],[1.3631971,8.3495287],[1.3629986,8.3481169],[1.3627499,8.3461859],[1.3625957,8.3447529],[1.361518,8.3408561],[1.360826,8.3379846],[1.3601016,8.3352883],[1.3593693,8.3336721],[1.3576366,8.3313552],[1.3557486,8.3288526],[1.3545118,8.3271992],[1.353211,8.3254715],[1.3521998,8.3240463],[1.3509928,8.322308],[1.3501023,8.3205537],[1.3491287,8.3187039],[1.3482518,8.31756],[1.3470395,8.31644],[1.3461729,8.3147892],[1.3454192,8.3133083],[1.3447462,8.3124086],[1.3439684,8.3112036],[1.3429545,8.3094599],[1.3427587,8.3079445],[1.3425572,8.3051418],[1.3422401,8.3023086],[1.3421639,8.2996188],[1.3420959,8.2978013],[1.3420191,8.2965099],[1.3420722,8.294588],[1.3424019,8.2917809],[1.3425894,8.2893099],[1.3425841,8.2877545],[1.3423027,8.2862151],[1.3421147,8.2850791],[1.341876,8.2836723],[1.3416375,8.2820851],[1.3413398,8.2803413],[1.3412191,8.2780267],[1.3409452,8.2762537],[1.3405459,8.2739206],[1.340095,8.2718688],[1.3393174,8.2691242],[1.3385581,8.2671707],[1.3382979,8.266523],[1.338094,8.265663],[1.3374962,8.2612913],[1.3371904,8.2596615],[1.3368278,8.2568941],[1.3366725,8.255725],[1.3372304,8.2529378],[1.3382496,8.2483403],[1.3388343,8.2456115],[1.3390596,8.2414652],[1.3392098,8.2381365],[1.3402344,8.2358058],[1.340804,8.234621],[1.3406259,8.2337704],[1.3398373,8.2312751],[1.3396198,8.2271366],[1.3394481,8.2241316],[1.339196,8.2195709],[1.3389039,8.2153898],[1.3392362,8.2138918],[1.3408029,8.2106698],[1.3410443,8.2084982],[1.3414627,8.2037674],[1.3418782,8.1989225],[1.3420796,8.1967163],[1.3429564,8.1938518],[1.3441074,8.1904881],[1.3450378,8.187443],[1.3452071,8.184366],[1.3458693,8.1790057],[1.3463443,8.1759393],[1.3474089,8.1734303],[1.3484686,8.1709267],[1.3488948,8.1679026],[1.3492626,8.1650697],[1.3493133,8.1634369],[1.3493699,8.1613315],[1.3494152,8.1584136],[1.349461,8.154269],[1.3494667,8.1514811],[1.3494557,8.1479445],[1.349225,8.1451194],[1.3490963,8.1431493],[1.3493108,8.1413703],[1.3495922,8.1389833],[1.3502282,8.1376106],[1.3505822,8.135821],[1.3509631,8.1336278],[1.3515156,8.1310469],[1.3520896,8.1288058],[1.3525045,8.1250512],[1.352964,8.1211536],[1.3529695,8.1200544],[1.3527333,8.1182805],[1.3525399,8.1167917],[1.3522226,8.1147182],[1.3521422,8.1132844],[1.352046,8.1119],[1.3517728,8.1102625],[1.3508031,8.1068659]]},"properties":{"fclass":"secondary"}},{"type":"Feature","geometry":{"type":"LineString","coordinates":[[1.0406307,7.9521669],[1.0401232,7.9519508]]},"properties":{"fclass":"secondary"}},{"type":"Feature","geometry":{"type":"LineString","coordinates":[[1.1864478,9.7211199],[1.1864634,9.7212271]]},"properties":{"fclass":"primary"}},{"type":"Feature","geometry":{"type":"LineString","coordinates":[[1.1864634,9.7212271],[1.1865314,9.7218079],[1.1864966,9.7223815],[1.1863397,9.7229063],[1.185877,9.7239452],[1.1852708,9.7256187],[1.1851488,9.7261368],[1.1851252,9.7273212],[1.1851376,9.7284751],[1.1851529,9.7307474],[1.1851475,9.7317268]]},"properties":{"fclass":"primary"}},{"type":"Feature","geometry":{"type":"LineString","coordinates":[[0.8928645,7.9393527],[0.900232,7.9421356],[0.9043047,7.942811],[0.9069702,7.9435579],[0.9154423,7.949407],[0.9172855,7.9506495],[0.9289381,7.9515539],[0.9361209,7.9534739],[0.942366,7.9566845],[0.9479218,7.9579617]]},"properties":{"fclass":"secondary"}},{"type":"Feature","geometry":{"type":"LineString","coordinates":[[1.1082701,7.9606831],[1.104187,7.96045],[1.099237,7.96016],[1.09034,7.961117],[1.084018,7.961218],[1.080983,7.959748],[1.077702,7.958213],[1.074117,7.95883],[1.072752,7.958622],[1.068607,7.957625],[1.064983,7.956852],[1.0606984,7.9552479],[1.053978,7.952928],[1.0521997,7.9526988],[1.0494471,7.9534808],[1.0466506,7.9542302],[1.0459907,7.9540744]]},"properties":{"fclass":"secondary"}},{"type":"Feature","geometry":{"type":"LineString","coordinates":[[1.1795712,9.6631736],[1.1805013,9.6632386],[1.1807663,9.6635848],[1.1807452,9.6639235],[1.1803573,9.6643308],[1.1804241,9.6646034],[1.1807313,9.6645265],[1.1811823,9.6642909],[1.1818236,9.6642735],[1.1823216,9.6639887],[1.1824561,9.6634305],[1.1827977,9.662325],[1.1834542,9.6610856],[1.1840585,9.6602148],[1.1855136,9.6594296],[1.1867832,9.6585848],[1.1872637,9.6581073],[1.1888205,9.656224],[1.1907841,9.6540326],[1.1913638,9.6536339],[1.1922572,9.6532509],[1.1935703,9.651961],[1.1943704,9.6511386],[1.195543,9.6502423],[1.196895,9.649292],[1.1977306,9.6485841],[1.198285,9.6483144]]},"properties":{"fclass":"secondary"}},{"type":"Feature","geometry":{"type":"LineString","coordinates":[[1.5167302,8.8352346],[1.5165116,8.8346899],[1.5151135,8.8322941],[1.5128192,8.8285545],[1.50594,8.81836],[1.503788,8.813583],[1.496782,8.80112],[1.4881687,8.7915252],[1.485603,8.787532],[1.483405,8.774353],[1.48078,8.766828],[1.479898,8.761908],[1.478363,8.75771],[1.4757159,8.753996],[1.473768,8.73243],[1.474813,8.721478],[1.473428,8.71829],[1.471392,8.7136],[1.471697,8.707825],[1.47035,8.701078],[1.469068,8.694178],[1.4623545,8.6860101],[1.4620327,8.6843786],[1.4620035,8.6765229],[1.465222,8.667678],[1.46619,8.658892],[1.466788,8.654617],[1.4680346,8.652479],[1.4680567,8.6523618]]},"properties":{"fclass":"secondary"}},{"type":"Feature","geometry":{"type":"LineString","coordinates":[[1.2045083,9.6445272],[1.2051152,9.6434185],[1.2054974,9.6425776],[1.2057455,9.6412568],[1.2061425,9.6402625],[1.2071443,9.6393238],[1.2077424,9.6385768],[1.2080602,9.6378628],[1.2088823,9.6370682],[1.2094979,9.636452],[1.2100652,9.6350188],[1.2106083,9.6335736],[1.211126,9.6326494],[1.2120889,9.6308631],[1.2126725,9.6297717]]},"properties":{"fclass":"secondary"}},{"type":"Feature","geometry":{"type":"LineString","coordinates":[[0.5737236,9.9694739],[0.574425,9.969002],[0.575096,9.9692082],[0.5761665,9.9696496],[0.5769793,9.9699399],[0.5784363,9.9697536],[0.5799058,9.9695624],[0.5812914,9.9693013],[0.5818112,9.9692372],[0.5836859,9.9690637],[0.585613,9.9690435],[0.5868302,9.9692352],[0.5870568,9.9693034]]},"properties":{"fclass":"secondary"}},{"type":"Feature","geometry":{"type":"LineString","coordinates":[[0.7879084,10.0280101],[0.7865225,10.0290826],[0.7849222,10.0305816],[0.7836812,10.0318005],[0.7824963,10.0328948],[0.7815363,10.0336017],[0.7790921,10.0353513],[0.7772699,10.0364046],[0.775041,10.0375808],[0.7729082,10.0385363],[0.7716391,10.0392404],[0.7696735,10.0403211],[0.7689185,10.0406953],[0.7671205,10.0414138],[0.7638486,10.0427946],[0.7624586,10.043612],[0.7596983,10.0454017],[0.7578031,10.0464809],[0.7553299,10.0477485],[0.7538654,10.0485998],[0.7506067,10.0500413],[0.7489222,10.0505015],[0.7461442,10.0512918],[0.7442216,10.0518345],[0.7431589,10.0523034],[0.7420119,10.0530201],[0.7405749,10.0539968],[0.7385553,10.0550866],[0.736474,10.0563631],[0.7344155,10.0578872],[0.7324615,10.0593034],[0.7302574,10.0611776],[0.7281688,10.0630877],[0.7271942,10.0647078],[0.7259252,10.065751],[0.7237941,10.0664385],[0.722437,10.0672695],[0.7210618,10.0687641],[0.7196184,10.0702319],[0.7178863,10.0712255],[0.7168574,10.0714826],[0.7159377,10.0717469],[0.7152323,10.0719912],[0.7133941,10.0724934],[0.7111201,10.0733618],[0.7097406,10.0736458],[0.7085743,10.0733042],[0.7070295,10.0726037],[0.704186,10.0722523],[0.7019585,10.0717366],[0.6988617,10.0716005],[0.6973767,10.0712662],[0.6947519,10.070076],[0.6913106,10.0687139],[0.6874043,10.0665232],[0.6840977,10.0648181],[0.6792107,10.0628978],[0.6759041,10.062208],[0.6735541,10.0612837],[0.6692051,10.0594301],[0.6664795,10.0582567],[0.6657293,10.057607],[0.6643639,10.0560742],[0.6614365,10.0527262],[0.6592635,10.0496868],[0.6576537,10.0462916],[0.6567133,10.044628],[0.6547954,10.0423314],[0.6534854,10.0406629],[0.653345,10.0404899]]},"properties":{"fclass":"secondary"}},{"type":"Feature","geometry":{"type":"LineString","coordinates":[[1.1886286,6.1957121],[1.1885708,6.1955963],[1.1885917,6.1955112]]},"properties":{"fclass":"secondary"}},{"type":"Feature","geometry":{"type":"LineString","coordinates":[[1.1875119,6.1963179],[1.1867729,6.196843],[1.1828394,6.1995902],[1.1815989,6.2003668],[1.1813437,6.2005698]]},"properties":{"fclass":"secondary"}},{"type":"Feature","geometry":{"type":"LineString","coordinates":[[1.124966,7.5313106],[1.124542,7.5324317]]},"properties":{"fclass":"primary"}},{"type":"Feature","geometry":{"type":"LineString","coordinates":[[1.1243728,7.5331022],[1.1245282,7.5325125]]},"properties":{"fclass":"primary"}},{"type":"Feature","geometry":{"type":"LineString","coordinates":[[1.124542,7.5324317],[1.1242661,7.5324211]]},"properties":{"fclass":"primary"}},{"type":"Feature","geometry":{"type":"LineString","coordinates":[[1.1218135,7.5327222],[1.1216026,7.5327133],[1.1215257,7.5326544],[1.121357,7.5323133],[1.121051,7.5316376],[1.1210359,7.5315443],[1.1210434,7.5314023],[1.1210313,7.5312594],[1.1209706,7.5311873],[1.1208308,7.5311384],[1.1206309,7.5311424],[1.1204881,7.5311683],[1.1202797,7.5312584],[1.1201072,7.5315207],[1.1198766,7.5319009],[1.1197378,7.5320731],[1.119554,7.5321668],[1.1184798,7.5324407],[1.1177194,7.5325856],[1.1173747,7.5325165],[1.1171025,7.5323729],[1.1167203,7.5319661],[1.1165419,7.5318398],[1.1163703,7.5318464],[1.116219,7.5319383],[1.1161436,7.5321545],[1.1160994,7.5326361],[1.1159949,7.5330011],[1.1158736,7.5332142],[1.1155004,7.5337037],[1.1153363,7.5338859],[1.1151646,7.5340016],[1.1149621,7.5341039],[1.1146818,7.5341771],[1.1143814,7.534217],[1.1137605,7.5341704],[1.1134534,7.5341412],[1.113098,7.5343167],[1.11195,7.5351583],[1.1115423,7.5355345],[1.1111064,7.5359294],[1.1105874,7.5363588],[1.1104408,7.5364449]]},"properties":{"fclass":"primary"}},{"type":"Feature","geometry":{"type":"LineString","coordinates":[[1.2698382,9.51572],[1.2723195,9.5148897],[1.2737269,9.5151192],[1.2756639,9.5155163]]},"properties":{"fclass":"secondary"}},{"type":"Feature","geometry":{"type":"LineString","coordinates":[[1.0365464,9.5147525],[1.040111,9.5147194],[1.0409076,9.5146533],[1.0416265,9.5145263],[1.0427624,9.5142036],[1.0436529,9.5140621],[1.045049,9.514033],[1.0457195,9.5139391],[1.048167,9.5135092],[1.0487826,9.513246],[1.0492169,9.5128893],[1.0493807,9.5126891],[1.0496932,9.5121217],[1.0498139,9.5113414],[1.0496316,9.5104318],[1.048629,9.5071935],[1.0483387,9.5062411],[1.0482797,9.5055004],[1.0484822,9.504716],[1.0493016,9.5033338],[1.0499132,9.5024847],[1.0506213,9.5017201],[1.0519946,9.500445],[1.0525283,9.4996514],[1.0528636,9.4986356],[1.0529789,9.4976065],[1.0532096,9.4945933],[1.0533142,9.4933632],[1.0531855,9.4922653],[1.0529682,9.4914637],[1.0520053,9.4889611],[1.0516779,9.4878301],[1.0515842,9.4870907],[1.0516056,9.4861912],[1.051949,9.4842997],[1.0522118,9.4833605],[1.0527027,9.482633],[1.0532981,9.4821554],[1.0539459,9.4818552],[1.0547706,9.4817388],[1.0558462,9.4816806],[1.0598937,9.4813816],[1.06098,9.4811435],[1.06466,9.4799847],[1.065698,9.4797678],[1.0670739,9.4797466],[1.0689944,9.479826],[1.0703516,9.4801541],[1.0718685,9.4809674],[1.0738572,9.4820774],[1.0748845,9.4823578],[1.0757643,9.4824187],[1.0769445,9.4822308],[1.0800894,9.4815298],[1.0812092,9.4811872],[1.0818999,9.4809266],[1.082982,9.4803893],[1.0836057,9.480039]]},"properties":{"fclass":"primary"}},{"type":"Feature","geometry":{"type":"LineString","coordinates":[[0.9881043,9.4805867],[0.988276,9.4811184]]},"properties":{"fclass":"primary"}},{"type":"Feature","geometry":{"type":"LineString","coordinates":[[0.6226885,9.4276925],[0.6222676,9.424395],[0.6222258,9.4236401]]},"properties":{"fclass":"secondary"}},{"type":"Feature","geometry":{"type":"LineString","coordinates":[[0.6226885,9.4276925],[0.623066,9.4307293],[0.6233899,9.4337366],[0.6240612,9.4370016],[0.624154,9.4374993],[0.6241327,9.4379829],[0.6241195,9.4395542],[0.6243383,9.4417697],[0.6247031,9.4450321],[0.6249683,9.4471079],[0.6252541,9.4483768],[0.6253256,9.4494434],[0.6252654,9.4503505],[0.6251751,9.4509552],[0.6252372,9.4515971],[0.6250717,9.4527546],[0.6248987,9.4553745],[0.6248329,9.4580858],[0.6248385,9.460846],[0.6247934,9.4643581],[0.6249879,9.4682852],[0.6251132,9.4697192],[0.6253805,9.47283],[0.6257367,9.4766643],[0.6259059,9.4784577],[0.6256854,9.4796507],[0.6253098,9.48153],[0.6247084,9.4843792],[0.6243672,9.4859423],[0.6240028,9.487531],[0.6236298,9.4893105],[0.6232075,9.4913284],[0.6227475,9.4936263],[0.6223672,9.495449],[0.6219809,9.49725],[0.6216404,9.4988782],[0.621256,9.5006301],[0.6207801,9.5028259],[0.6203858,9.5045032],[0.6200393,9.5060685],[0.6194817,9.508437],[0.6192129,9.5096743],[0.6192368,9.5101634],[0.6195694,9.5113044],[0.6200194,9.5126969],[0.6203938,9.5138988],[0.6209746,9.515632],[0.6214284,9.5171247],[0.6216626,9.5178518]]},"properties":{"fclass":"secondary"}},{"type":"Feature","geometry":{"type":"LineString","coordinates":[[1.1179079,9.7205565],[1.116955,9.7224793],[1.116727,9.7231905],[1.1161986,9.7252525],[1.1160913,9.7259068],[1.1159331,9.7279702],[1.11552,9.7328107],[1.1153269,9.7334716],[1.1145839,9.7351318],[1.1105418,9.7442864],[1.1097881,9.7458963],[1.1095642,9.7466007],[1.1087152,9.7506598],[1.10816,9.7535438],[1.1078154,9.7552251],[1.1076531,9.7563036],[1.1073301,9.7593031],[1.1071475,9.7608],[1.1070514,9.7617749],[1.1070686,9.7639691],[1.1070281,9.7644928],[1.1069343,9.7651972],[1.1065659,9.7667412],[1.1063335,9.7673258],[1.1059352,9.7682258],[1.1056226,9.769079],[1.1055198,9.7696554],[1.1053196,9.771035],[1.1051922,9.7717593],[1.1050446,9.7723342],[1.104873,9.7728272],[1.1040992,9.7751903],[1.1036593,9.7762343],[1.1024835,9.7784549],[1.101571,9.7802],[1.1006963,9.7818718],[1.1003226,9.7827076],[1.0994375,9.7852847],[1.0989681,9.7867266],[1.0987841,9.7874081],[1.0983869,9.7891894],[1.0979459,9.7913523],[1.0972922,9.7942612],[1.0970395,9.7961194],[1.0968223,9.7983894],[1.0964597,9.8016849],[1.0959157,9.8067969],[1.095768,9.8080412],[1.0954936,9.8086899],[1.094991,9.8093124],[1.0935864,9.810751],[1.0899952,9.8144865],[1.0841465,9.8205443],[1.082907,9.8218239],[1.0818081,9.8227736],[1.0801524,9.82414],[1.0795838,9.8245549],[1.0787523,9.8248773],[1.078008,9.8250253],[1.0774085,9.8250782],[1.0767111,9.8250689],[1.0763034,9.8252169],[1.0760473,9.8254072]]},"properties":{"fclass":"trunk"}},{"type":"Feature","geometry":{"type":"LineString","coordinates":[[1.2345326,6.1715297],[1.2349588,6.1715636],[1.2387045,6.171179],[1.238968,6.1712217],[1.2389922,6.1712336]]},"properties":{"fclass":"secondary"}},{"type":"Feature","geometry":{"type":"LineString","coordinates":[[0.5242008,10.6257063],[0.5249595,10.6244692],[0.5252396,10.6227935],[0.5235883,10.617257],[0.5233052,10.6116984],[0.523053,10.606333],[0.5229478,10.6041039],[0.522188,10.6016278],[0.5204257,10.5967903],[0.5187248,10.5923549],[0.5168837,10.5883848],[0.515177,10.5847163],[0.5131605,10.5804273],[0.5112287,10.5762904],[0.5094781,10.5725902],[0.508087,10.5696915],[0.5069151,10.5672409],[0.505787,10.5648707],[0.5045917,10.5620064],[0.5029201,10.5578545],[0.4994554,10.5494785],[0.499032,10.5479626],[0.4974864,10.5355167],[0.4972389,10.5334747],[0.4971191,10.5325686]]},"properties":{"fclass":"secondary"}},{"type":"Feature","geometry":{"type":"LineString","coordinates":[[0.7149247,10.2244628],[0.7029324,10.2293048],[0.7013176,10.2299604],[0.7001444,10.2304053],[0.6995483,10.230611],[0.6988831,10.2308036],[0.6867233,10.2338273],[0.6843227,10.2344053],[0.6781617,10.2354162],[0.6707481,10.2366489],[0.669592,10.2369472],[0.6569508,10.2409539],[0.6536362,10.2417772],[0.6441312,10.2438877],[0.6429885,10.2441701],[0.6425124,10.2443404],[0.6420203,10.2445396],[0.6409836,10.2450344]]},"properties":{"fclass":"trunk"}},{"type":"Feature","geometry":{"type":"LineString","coordinates":[[0.7152425,10.2243377],[0.7149247,10.2244628]]},"properties":{"fclass":"trunk"}},{"type":"Feature","geometry":{"type":"LineString","coordinates":[[0.8218107,10.1633827],[0.8172637,10.1664153],[0.8165006,10.167098],[0.8158489,10.1678267],[0.8153808,10.1684801],[0.8149798,10.1691243],[0.8091313,10.180537],[0.8079216,10.1828194],[0.8075058,10.1834318],[0.8068836,10.1841605],[0.8063847,10.1846489],[0.805871,10.1850924],[0.8053024,10.1855082],[0.8048853,10.1857722],[0.8015688,10.1875911]]},"properties":{"fclass":"trunk"}},{"type":"Feature","geometry":{"type":"LineString","coordinates":[[0.8226075,10.1628778],[0.8218107,10.1633827]]},"properties":{"fclass":"trunk"}},{"type":"Feature","geometry":{"type":"LineString","coordinates":[[0.9698874,10.0225556],[0.9695908,10.0227114]]},"properties":{"fclass":"trunk"}},{"type":"Feature","geometry":{"type":"LineString","coordinates":[[0.9695908,10.0227114],[0.9649435,10.0250588],[0.9637177,10.0257296],[0.9627736,10.0264454],[0.9565777,10.0316539],[0.9519348,10.0350875],[0.9508048,10.0358169],[0.9497032,10.0363896],[0.9439176,10.0388722],[0.9427938,10.0395246],[0.9418741,10.0402667],[0.9411628,10.0409814],[0.9362707,10.0466503],[0.9353399,10.0477041],[0.9253058,10.0576129],[0.9198475,10.0630061],[0.9187051,10.064203],[0.9159744,10.067464],[0.9006567,10.0855889],[0.8897504,10.0981684],[0.8888385,10.099428],[0.8871855,10.1022765],[0.884445,10.1069643],[0.8837852,10.1078674],[0.8830288,10.1086701],[0.8724555,10.1178169],[0.8707389,10.1193009],[0.8700737,10.119998],[0.8694649,10.1208271],[0.869025,10.1215664],[0.8639368,10.131571],[0.8613324,10.1366959],[0.8605492,10.1381217],[0.8597016,10.1394762],[0.8554262,10.1460426],[0.8547556,10.1469693],[0.854069,10.1477218],[0.8533421,10.148366],[0.8523819,10.1490419],[0.8513358,10.1495885],[0.842101,10.1536518],[0.8279631,10.1599063],[0.8259809,10.1608066],[0.8251119,10.1612766],[0.8226075,10.1628778]]},"properties":{"fclass":"trunk"}},{"type":"Feature","geometry":{"type":"LineString","coordinates":[[1.4317256,8.6183799],[1.4320386,8.6213398],[1.4324942,8.6226928],[1.4325066,8.6233446]]},"properties":{"fclass":"secondary"}},{"type":"Feature","geometry":{"type":"LineString","coordinates":[[1.4320959,8.5824923],[1.4320924,8.5825614]]},"properties":{"fclass":"secondary"}},{"type":"Feature","geometry":{"type":"LineString","coordinates":[[1.4320924,8.5825614],[1.4321197,8.5842285],[1.4320818,8.5845849],[1.4320487,8.586375],[1.4320533,8.5883743],[1.432483,8.5920976],[1.43326,8.59359],[1.4340477,8.5951419],[1.4343304,8.5965723],[1.4345492,8.5976074],[1.4346435,8.5982098],[1.4349144,8.5996527],[1.4348546,8.6003101],[1.4343573,8.6023569],[1.4337093,8.6051095],[1.433127,8.6076273],[1.4326485,8.6097068],[1.4321891,8.6116284],[1.4317996,8.6133954],[1.4314798,8.6148199],[1.4314518,8.6154307],[1.4317256,8.6183799]]},"properties":{"fclass":"secondary"}},{"type":"Feature","geometry":{"type":"LineString","coordinates":[[0.5787832,6.8168974],[0.579012,6.8175386],[0.5797579,6.8186538],[0.5800842,6.8191161],[0.5817248,6.8211852],[0.5833428,6.8234946],[0.5849046,6.8258729],[0.5857059,6.8269697],[0.5868003,6.8282241],[0.5872107,6.8288739],[0.5877819,6.8303652],[0.5881803,6.8310843],[0.5890399,6.8321789],[0.589718,6.8333075],[0.5904997,6.8349447],[0.5912021,6.836455],[0.5912709,6.836812],[0.5913482,6.8374842],[0.5913556,6.8382228],[0.59136,6.8393188],[0.5914083,6.8397049],[0.5915625,6.8403082],[0.5919775,6.8410626],[0.5923532,6.8417019],[0.5926812,6.8422974],[0.5929184,6.8426517],[0.5933127,6.843111],[0.5937196,6.8435083],[0.593985,6.8437229],[0.5947255,6.8443118],[0.5956033,6.8449846],[0.5962376,6.8454918],[0.5967339,6.8460404],[0.5971268,6.8466875],[0.597749,6.8475211],[0.5990137,6.8489658],[0.5992766,6.8494185],[0.5991666,6.849818],[0.5987722,6.8500134],[0.598492,6.8500929],[0.5980897,6.850328],[0.5976297,6.8507581],[0.5973567,6.8512519],[0.5972539,6.8516143],[0.5972303,6.8520589],[0.5973913,6.8525539],[0.5979582,6.8534277],[0.5982761,6.8543798],[0.5985886,6.8559044],[0.5992081,6.857646],[0.5992431,6.8592011],[0.5993919,6.8598963],[0.5997138,6.8607763],[0.6003306,6.8621439],[0.6007156,6.8627883],[0.6014103,6.8639254],[0.6016597,6.8645325],[0.6020567,6.8670224],[0.6023362,6.8683799],[0.6027219,6.8691768],[0.6032181,6.869941],[0.6037948,6.8704603],[0.6046826,6.8707399],[0.6056723,6.8707639],[0.6063887,6.8707893],[0.6070211,6.8709031],[0.6071457,6.8709319]]},"properties":{"fclass":"secondary"}},{"type":"Feature","geometry":{"type":"LineString","coordinates":[[0.5825772,6.7616085],[0.5827089,6.7618925]]},"properties":{"fclass":"secondary"}},{"type":"Feature","geometry":{"type":"LineString","coordinates":[[0.6251639,6.888174],[0.6256628,6.8891672],[0.6260061,6.8900539],[0.6263401,6.8910152],[0.6268792,6.8924904],[0.6270495,6.8929378],[0.6273539,6.8934038],[0.6277787,6.8939211],[0.6284892,6.8949247],[0.6287934,6.8961077],[0.6289377,6.8967811],[0.6294036,6.8985848],[0.6296454,6.8998122],[0.6299552,6.9011194],[0.630081,6.9025023],[0.6301784,6.9037968],[0.6303607,6.9045403],[0.6303964,6.9046183]]},"properties":{"fclass":"secondary"}},{"type":"Feature","geometry":{"type":"LineString","coordinates":[[0.5827089,6.7618925],[0.5832276,6.7630782],[0.5832569,6.763663],[0.583082,6.7646082],[0.5824774,6.7666086],[0.5825436,6.7678139],[0.5827938,6.7688823],[0.5829138,6.7700619],[0.5829456,6.7709823],[0.5827877,6.7715721],[0.5823773,6.7720382],[0.5820864,6.7726837],[0.5820742,6.7736204],[0.582022,6.7754377],[0.5819449,6.7776373],[0.5823666,6.7791071],[0.5827796,6.7804388],[0.5833315,6.7833828],[0.5833375,6.7849028],[0.5833099,6.787026],[0.583419,6.7878253],[0.5841315,6.7897182],[0.5845767,6.7910606],[0.5847108,6.7926799],[0.5844584,6.7952796],[0.584169,6.7967495],[0.5834384,6.7980293],[0.5822487,6.8001228],[0.5811699,6.8016564],[0.580698,6.8026403],[0.5804299,6.8036523],[0.5802933,6.8047235],[0.5802369,6.8061138],[0.5803147,6.8071658],[0.5803594,6.8080999],[0.5801323,6.8088517],[0.579612,6.8098477],[0.5793652,6.8105002],[0.5792689,6.8118549],[0.579046,6.812772],[0.5785605,6.8137787],[0.5784345,6.8147588],[0.5786303,6.8162449],[0.5787832,6.8168974]]},"properties":{"fclass":"secondary"}},{"type":"Feature","geometry":{"type":"LineString","coordinates":[[0.5825772,6.7616085],[0.5825406,6.7614133]]},"properties":{"fclass":"secondary"}},{"type":"Feature","geometry":{"type":"LineString","coordinates":[[0.6646163,6.8738114],[0.664418,6.8738716]]},"properties":{"fclass":"primary"}},{"type":"Feature","geometry":{"type":"LineString","coordinates":[[0.664418,6.8738716],[0.6639299,6.8740167],[0.6632754,6.8742284],[0.6623849,6.8745186],[0.661477,6.8747756],[0.6608521,6.8748662],[0.6602955,6.8748795],[0.6596772,6.8748143],[0.658729,6.8746146],[0.6577031,6.8744228],[0.6569078,6.8742777],[0.656126,6.8741632],[0.6555566,6.8741811],[0.6545791,6.874316],[0.6538296,6.8744634],[0.653429,6.874556],[0.6528648,6.8747778],[0.6521804,6.8752123],[0.651707,6.8756171],[0.6513355,6.8760471],[0.6509992,6.8764982],[0.6504423,6.8773652],[0.6491126,6.8794794],[0.6475923,6.881644],[0.6466057,6.8832233],[0.6450659,6.8854511],[0.6436135,6.8875974],[0.6417011,6.8904],[0.6409716,6.8913986],[0.6399804,6.8929124],[0.6390068,6.894347],[0.6382933,6.8953795],[0.6375517,6.8964513],[0.6369174,6.897358],[0.6359946,6.8987439],[0.6353013,6.89966],[0.6346277,6.9004706],[0.6340269,6.9013157],[0.6331531,6.9025249]]},"properties":{"fclass":"primary"}},{"type":"Feature","geometry":{"type":"LineString","coordinates":[[0.6303964,6.9046183],[0.6304913,6.9048388]]},"properties":{"fclass":"secondary"}},{"type":"Feature","geometry":{"type":"LineString","coordinates":[[0.6304913,6.9048388],[0.6307834,6.9055007],[0.6313585,6.9066311]]},"properties":{"fclass":"secondary"}},{"type":"Feature","geometry":{"type":"LineString","coordinates":[[0.6331531,6.9025249],[0.6331019,6.9025894]]},"properties":{"fclass":"primary"}},{"type":"Feature","geometry":{"type":"LineString","coordinates":[[0.6331019,6.9025894],[0.6324817,6.9035316],[0.6318802,6.9043145],[0.6318031,6.904445],[0.6317932,6.9046086],[0.6318328,6.9047466],[0.6318966,6.9049403]]},"properties":{"fclass":"primary"}},{"type":"Feature","geometry":{"type":"LineString","coordinates":[[1.5311337,7.0115209],[1.5321019,7.0109233],[1.5357283,7.0087403],[1.5361118,7.0085366],[1.5365598,7.0083953],[1.5369377,7.0083754],[1.5373068,7.0084088],[1.5378633,7.0085393],[1.5392017,7.0092408],[1.5411946,7.010468],[1.5415084,7.0109046],[1.5416667,7.0114983],[1.5415701,7.0119828],[1.5413314,7.0126696]]},"properties":{"fclass":"secondary"}},{"type":"Feature","geometry":{"type":"LineString","coordinates":[[0.0439437,11.0937464],[0.043323,11.0938163],[0.0427892,11.0940058],[0.0422744,11.0943525],[0.0415691,11.0950217],[0.0402706,11.0964383],[0.0397245,11.096873],[0.038766,11.0973079],[0.0362133,11.0982578],[0.0349812,11.0989488],[0.0326687,11.100524],[0.0315344,11.1014431],[0.0306098,11.1021712],[0.02939,11.1028652],[0.0269017,11.104004],[0.0262617,11.1045199],[0.0239333,11.1073343],[0.0220183,11.1096623],[0.021219,11.11019],[0.0200602,11.1106164],[0.0175913,11.1114257],[0.0165372,11.111731],[0.0155649,11.111856],[0.0146832,11.1118863],[0.0125749,11.1118306],[0.0114565,11.1117847]]},"properties":{"fclass":"primary"}},{"type":"Feature","geometry":{"type":"LineString","coordinates":[[1.2114483,6.117799],[1.2114914,6.1176894],[1.2116089,6.1176303],[1.21174,6.1176737],[1.2117989,6.1178036],[1.211732,6.117941],[1.2116535,6.1179759],[1.2115208,6.1179454],[1.2114543,6.1178498],[1.2114483,6.117799]]},"properties":{"fclass":"trunk"}},{"type":"Feature","geometry":{"type":"LineString","coordinates":[[1.248778,6.1315795],[1.2487877,6.1314799],[1.2488576,6.1314079]]},"properties":{"fclass":"trunk"}},{"type":"Feature","geometry":{"type":"LineString","coordinates":[[1.2968638,6.1546102],[1.2968567,6.154752],[1.2968226,6.1547964]]},"properties":{"fclass":"trunk"}},{"type":"Feature","geometry":{"type":"LineString","coordinates":[[1.296547,6.1547619],[1.2962928,6.1546074],[1.2956572,6.1543674],[1.2942892,6.15387],[1.2929964,6.1534114],[1.2906845,6.1526447]]},"properties":{"fclass":"trunk"}},{"type":"Feature","geometry":{"type":"LineString","coordinates":[[1.27523,6.1425335],[1.2750875,6.142691],[1.2749488,6.1427278]]},"properties":{"fclass":"trunk"}},{"type":"Feature","geometry":{"type":"LineString","coordinates":[[0.5913057,9.2027228],[0.5974643,9.2029178],[0.5990835,9.2029653],[0.6092563,9.2031159],[0.6129938,9.2054304],[0.6253112,9.2139334],[0.6345697,9.2143444],[0.6388451,9.2140913],[0.6412356,9.2110864],[0.6436604,9.2120534],[0.6464714,9.214378],[0.6506043,9.2184305],[0.6570732,9.224369],[0.6645369,9.2307529],[0.6697102,9.2361827],[0.6712881,9.2381662],[0.6740219,9.2381937],[0.6773174,9.2393514],[0.6792013,9.2400217],[0.6823334,9.2433129],[0.6895599,9.2509954],[0.6947457,9.2564141],[0.6964957,9.2576264],[0.6976989,9.2583496],[0.6981219,9.2590813],[0.7019957,9.2639783],[0.7027919,9.2648438]]},"properties":{"fclass":"secondary"}},{"type":"Feature","geometry":{"type":"LineString","coordinates":[[1.2907406,6.152421],[1.2934805,6.1533714],[1.2939191,6.1535794],[1.294713,6.1539221],[1.2962419,6.1544834],[1.2965606,6.1545911]]},"properties":{"fclass":"trunk"}},{"type":"Feature","geometry":{"type":"LineString","coordinates":[[1.2771337,6.1453897],[1.2776571,6.1461586]]},"properties":{"fclass":"trunk"}},{"type":"Feature","geometry":{"type":"LineString","coordinates":[[1.2863687,6.1512783],[1.286077,6.1511566],[1.2853749,6.1509052],[1.2842766,6.1505399],[1.2807696,6.1493358],[1.280154,6.1490985],[1.2796685,6.1488345],[1.2788599,6.1482158],[1.2783972,6.1477051],[1.2782091,6.1474635]]},"properties":{"fclass":"trunk"}},{"type":"Feature","geometry":{"type":"LineString","coordinates":[[1.2902888,6.1522433],[1.2907406,6.152421]]},"properties":{"fclass":"trunk"}},{"type":"Feature","geometry":{"type":"LineString","coordinates":[[1.2770189,6.145231],[1.2771337,6.1453897]]},"properties":{"fclass":"trunk"}},{"type":"Feature","geometry":{"type":"LineString","coordinates":[[1.2868059,6.1510675],[1.2902888,6.1522433]]},"properties":{"fclass":"trunk"}},{"type":"Feature","geometry":{"type":"LineString","coordinates":[[1.2764165,6.1448254],[1.2752765,6.1431524],[1.2751662,6.1429407],[1.2750106,6.142766],[1.2749488,6.1427278]]},"properties":{"fclass":"trunk"}},{"type":"Feature","geometry":{"type":"LineString","coordinates":[[1.2823368,6.1703776],[1.2824541,6.1703546],[1.2825208,6.1704011]]},"properties":{"fclass":"primary"}},{"type":"Feature","geometry":{"type":"LineString","coordinates":[[1.2837485,6.1634949],[1.2842186,6.1614559],[1.2843995,6.160716],[1.2847399,6.1594122],[1.2848827,6.1588665]]},"properties":{"fclass":"primary"}},{"type":"Feature","geometry":{"type":"LineString","coordinates":[[1.2822675,6.170985],[1.2823282,6.1705791]]},"properties":{"fclass":"primary"}},{"type":"Feature","geometry":{"type":"LineString","coordinates":[[1.2866693,6.1514013],[1.2865779,6.151568],[1.2865242,6.1517993],[1.286132,6.153772],[1.2856592,6.1560501],[1.2851443,6.1583422],[1.285094,6.1586281],[1.2850973,6.1587099]]},"properties":{"fclass":"primary"}},{"type":"Feature","geometry":{"type":"LineString","coordinates":[[1.2824519,6.1706007],[1.2822649,6.171689],[1.2819563,6.1739326],[1.2818975,6.174313]]},"properties":{"fclass":"primary"}},{"type":"Feature","geometry":{"type":"LineString","coordinates":[[1.6032725,6.2300005],[1.6032046,6.2297131],[1.6030086,6.2295255],[1.6015792,6.2292991],[1.6006404,6.2291098],[1.5998143,6.2288805],[1.5990445,6.2287032],[1.5967016,6.2283006],[1.5961263,6.2281632],[1.5951245,6.2277746],[1.5949052,6.2276779]]},"properties":{"fclass":"trunk"}},{"type":"Feature","geometry":{"type":"LineString","coordinates":[[1.6139033,6.2372569],[1.6126983,6.2364873],[1.6106746,6.2350371],[1.6085998,6.2332973],[1.6082177,6.2330267],[1.6077282,6.2328814],[1.6071622,6.2327641],[1.6041675,6.2318628],[1.6035412,6.2316322],[1.6033071,6.2314435],[1.6032207,6.2311109],[1.6032341,6.2308709]]},"properties":{"fclass":"trunk"}},{"type":"Feature","geometry":{"type":"LineString","coordinates":[[1.5949323,6.2276017],[1.5951137,6.22768],[1.5958849,6.2280019],[1.5963033,6.2281326],[1.5969095,6.2282565],[1.5990727,6.2286299],[1.5998572,6.2288032],[1.6007048,6.2290431],[1.6016087,6.2292138],[1.6031197,6.2294644],[1.6033145,6.2296244],[1.6033817,6.2298618],[1.603369,6.2300054]]},"properties":{"fclass":"trunk"}},{"type":"Feature","geometry":{"type":"LineString","coordinates":[[1.2784256,6.1472583],[1.2790308,6.1479565],[1.2798281,6.1486058],[1.2804772,6.1489299],[1.2813342,6.1492272],[1.2851496,6.1505286],[1.2862936,6.1509173],[1.2864849,6.1509855]]},"properties":{"fclass":"trunk"}},{"type":"Feature","geometry":{"type":"LineString","coordinates":[[1.6032341,6.2308709],[1.6032725,6.2300005]]},"properties":{"fclass":"trunk"}},{"type":"Feature","geometry":{"type":"LineString","coordinates":[[1.2774328,6.1463217],[1.2769525,6.1456449]]},"properties":{"fclass":"trunk"}},{"type":"Feature","geometry":{"type":"LineString","coordinates":[[1.6142594,6.2373865],[1.6156795,6.2383314],[1.6162643,6.238634],[1.6167361,6.2388116],[1.6173103,6.2389726],[1.6194977,6.2393979],[1.6210709,6.2397219],[1.6235907,6.2402925],[1.6253248,6.2406274],[1.6270682,6.2405857],[1.6271845,6.2405424]]},"properties":{"fclass":"trunk"}},{"type":"Feature","geometry":{"type":"LineString","coordinates":[[1.6081117,6.3284481],[1.608789,6.3280949],[1.6095529,6.3275309],[1.610173,6.3267966],[1.6103366,6.3264127],[1.6100067,6.3245439],[1.6095126,6.3212166],[1.6089857,6.3177426],[1.6085261,6.3147125],[1.6081046,6.312062],[1.6072843,6.3069034],[1.6066318,6.3028059],[1.6052128,6.293917],[1.6047174,6.2905634],[1.60448,6.287009],[1.604138,6.2823786],[1.6039564,6.2801901],[1.6036338,6.2763638],[1.6037517,6.2741246],[1.6041399,6.267937],[1.6042553,6.2650528],[1.6046357,6.2587608],[1.6047237,6.2572491],[1.6050124,6.2563114],[1.6057098,6.2548743],[1.6070992,6.2521761],[1.6080183,6.2507748],[1.6085128,6.2503274],[1.6092287,6.2499584],[1.610865,6.2492059],[1.6116696,6.2486981],[1.6119934,6.2484296],[1.6122472,6.2480953],[1.6126937,6.2472841],[1.613739,6.2458237],[1.6139093,6.2454811],[1.6140112,6.2447825],[1.6139214,6.2442059],[1.6136598,6.2435748],[1.6126142,6.2418198],[1.6122885,6.2408987],[1.6122905,6.2397036],[1.6123938,6.2378463],[1.612426,6.2373782],[1.612516,6.2369876]]},"properties":{"fclass":"secondary"}},{"type":"Feature","geometry":{"type":"LineString","coordinates":[[0.1280641,11.0453291],[0.1271082,11.044281],[0.1260798,11.043239],[0.1253731,11.0426028],[0.1245647,11.0419544],[0.1237011,11.0412647],[0.1221696,11.0401169],[0.1209314,11.0393597],[0.1199509,11.0385186],[0.1191893,11.0375843],[0.1183527,11.0365419],[0.1177051,11.0358633],[0.1171408,11.0359389],[0.1167827,11.0360482],[0.1166868,11.035775],[0.1165653,11.0343485],[0.116088,11.0335797],[0.1159587,11.0332663],[0.1149831,11.0315525],[0.1149074,11.0309474],[0.1153062,11.0300905],[0.1165929,11.0275854],[0.1168394,11.0270057],[0.1169721,11.0263637],[0.1170545,11.0252102],[0.1170972,11.0243176],[0.1170992,11.0237456],[0.117171,11.0232592],[0.11723,11.0226326],[0.1172722,11.0220212],[0.1172809,11.0219224]]},"properties":{"fclass":"secondary"}},{"type":"Feature","geometry":{"type":"LineString","coordinates":[[0.3005442,10.9387277],[0.3005527,10.9390069]]},"properties":{"fclass":"secondary"}},{"type":"Feature","geometry":{"type":"LineString","coordinates":[[0.3278622,10.9423595],[0.3279517,10.9427294]]},"properties":{"fclass":"secondary"}},{"type":"Feature","geometry":{"type":"LineString","coordinates":[[0.3024157,10.9215187],[0.304515,10.9164734],[0.3047494,10.9149146],[0.3062462,10.9126492],[0.3064568,10.9122415]]},"properties":{"fclass":"secondary"}},{"type":"Feature","geometry":{"type":"LineString","coordinates":[[0.3023676,10.9216451],[0.3024157,10.9215187]]},"properties":{"fclass":"secondary"}},{"type":"Feature","geometry":{"type":"LineString","coordinates":[[1.1610117,6.2626784],[1.1597332,6.2642851],[1.1584595,6.2653699],[1.157168,6.2658831],[1.1555493,6.2664884],[1.1535428,6.2671673],[1.1527537,6.2673381],[1.1523498,6.2673896],[1.1514603,6.2673808],[1.1505783,6.2672517],[1.1495294,6.2669253],[1.1483194,6.2662583],[1.1473783,6.2656458],[1.1468387,6.2653559],[1.1461595,6.2651173],[1.1450089,6.2649437],[1.1434324,6.2649341],[1.1420819,6.2649337],[1.140997,6.2649401],[1.1402765,6.2649386],[1.1386018,6.2648491],[1.137689,6.2647286],[1.1365665,6.2645848],[1.1357387,6.2644446],[1.134943,6.2642755],[1.1341056,6.2640735],[1.1335909,6.2639246],[1.1330652,6.2637693],[1.1312891,6.2631783],[1.1291332,6.262243],[1.1278078,6.2615741],[1.1259806,6.2605959],[1.1237839,6.2594475],[1.1212302,6.2581134],[1.120303,6.2576506],[1.118895,6.2570682],[1.1173998,6.2566707],[1.1160699,6.2565188],[1.1143426,6.2565225],[1.1116446,6.2569106],[1.1085193,6.2574471],[1.1052846,6.2580263],[1.1027647,6.2583075],[1.1003869,6.2583639],[1.0978999,6.2584455],[1.0968421,6.258381],[1.0952418,6.2584295],[1.0930033,6.2585817],[1.0905543,6.2588601],[1.0875651,6.2595211],[1.0848667,6.2602117],[1.0817385,6.2609967],[1.079932,6.2614529],[1.0776751,6.2620205],[1.0739999,6.2629272],[1.0719004,6.2633105],[1.0700635,6.263502],[1.0673164,6.2637159],[1.0640518,6.2639656],[1.0585114,6.2643891],[1.0548565,6.26471],[1.05178,6.2651953],[1.0481429,6.2658965],[1.0466731,6.2661924],[1.0452662,6.2664817],[1.0440123,6.2667336],[1.0427892,6.2669096],[1.0417016,6.2669056],[1.0402963,6.2666807],[1.039234,6.2662684],[1.0382737,6.2657818],[1.0371579,6.264938],[1.0351813,6.2630499]]},"properties":{"fclass":"primary"}},{"type":"Feature","geometry":{"type":"LineString","coordinates":[[1.3816864,6.3295488],[1.3820405,6.3296587]]},"properties":{"fclass":"secondary"}},{"type":"Feature","geometry":{"type":"LineString","coordinates":[[1.3820405,6.3296587],[1.3828713,6.3300167],[1.3836042,6.3303394],[1.3902151,6.3326055],[1.3919057,6.3337652],[1.3975953,6.33978],[1.3989855,6.3412884],[1.4025649,6.3473193],[1.403309,6.3486176],[1.4049114,6.3510221],[1.4061226,6.3525736],[1.407626,6.354161],[1.4083448,6.3549714],[1.4087234,6.3556424],[1.40901,6.3564989],[1.409238,6.3575838],[1.4091951,6.3584022],[1.4086064,6.3605143],[1.4084717,6.3610223]]},"properties":{"fclass":"secondary"}},{"type":"Feature","geometry":{"type":"LineString","coordinates":[[1.1933593,7.7577038],[1.1943407,7.7577917],[1.1947029,7.7579698],[1.1948088,7.7582661],[1.195647,7.7596348],[1.1965562,7.7613656],[1.197373,7.7627841],[1.1986176,7.764865],[1.199846,7.7670442],[1.2004012,7.7679173],[1.2012306,7.7690312],[1.2042365,7.7696265],[1.2072167,7.7700925]]},"properties":{"fclass":"primary"}},{"type":"Feature","geometry":{"type":"LineString","coordinates":[[1.243959,6.1434434],[1.2449834,6.1420944],[1.2456756,6.1412136],[1.2456781,6.141211]]},"properties":{"fclass":"secondary"}},{"type":"Feature","geometry":{"type":"LineString","coordinates":[[1.2335638,8.030879],[1.2335597,8.0305227]]},"properties":{"fclass":"secondary"}},{"type":"Feature","geometry":{"type":"LineString","coordinates":[[1.2335597,8.0305227],[1.2334886,8.0300229],[1.2328831,8.0288017],[1.2314884,8.0264893],[1.2306427,8.0247665],[1.230544,8.0227862],[1.2304529,8.0204503],[1.2303298,8.0181709],[1.2302404,8.0163401],[1.2302382,8.0160571]]},"properties":{"fclass":"secondary"}},{"type":"Feature","geometry":{"type":"LineString","coordinates":[[1.4958894,6.225018],[1.4960901,6.2250702]]},"properties":{"fclass":"trunk"}},{"type":"Feature","geometry":{"type":"LineString","coordinates":[[1.4965895,6.2252302],[1.4972956,6.2254615],[1.4977891,6.2256068],[1.498178,6.2256755],[1.4988077,6.2256808],[1.4997075,6.2255982],[1.500008,6.2255822],[1.5005659,6.2255355],[1.5008394,6.2255142],[1.5011533,6.2254929],[1.5015945,6.2254542],[1.50197,6.2254275],[1.5024367,6.2253809],[1.50289,6.2253462],[1.5032668,6.2253155],[1.5037637,6.2252729],[1.5042499,6.2252315],[1.5045194,6.2252129],[1.5049124,6.2251769],[1.5053891,6.2251416],[1.5056071,6.2251142],[1.5064265,6.2250502],[1.5068637,6.2250076],[1.5076321,6.2249449],[1.5081713,6.2248649],[1.5087714,6.2247496],[1.5092696,6.2246183],[1.5096277,6.2244933],[1.5100421,6.2243396],[1.5107743,6.2240303],[1.5113222,6.2237424],[1.511925,6.2233997],[1.5127639,6.2228751],[1.5132524,6.222583],[1.5137298,6.2223003],[1.5143712,6.2219113],[1.5149103,6.2215859],[1.5152583,6.2213826],[1.5155755,6.2212253],[1.516057,6.2210453],[1.5165706,6.220896],[1.5170393,6.2208273],[1.5173833,6.220804],[1.5177079,6.2208027],[1.5180472,6.2208333],[1.5183865,6.2208826],[1.5188532,6.2209986],[1.5192394,6.2210893],[1.5196551,6.2212039],[1.5202104,6.2213613],[1.5205919,6.2214553],[1.5210217,6.2215839],[1.5215092,6.2217052],[1.5220812,6.2218426],[1.5229528,6.2220695],[1.5233526,6.2221799],[1.5242726,6.2224145],[1.5248345,6.2225625],[1.5257062,6.2227865],[1.526311,6.2229104],[1.5266141,6.2229558],[1.5269092,6.2229691],[1.527392,6.2229411],[1.5280867,6.2228225],[1.5285963,6.2226545],[1.528955,6.2224898],[1.5294465,6.2222132],[1.5297174,6.2220452],[1.53005,6.2218359],[1.5303297,6.2216506],[1.5306057,6.2214769],[1.5310022,6.2212319],[1.5313563,6.2210573],[1.5318967,6.2208306],[1.532405,6.2206933],[1.5326089,6.2206573],[1.5331721,6.220608],[1.5335436,6.2206067],[1.5339835,6.2206573],[1.5347171,6.22078],[1.5355097,6.2209026],[1.5360877,6.2210013],[1.5365598,6.221088],[1.5374147,6.2212239],[1.5385459,6.2214226],[1.5391602,6.2215199],[1.5400024,6.2216639],[1.5409599,6.2218266],[1.5421522,6.2220239],[1.5427154,6.2221245],[1.5433893,6.2222325],[1.5442309,6.2223785],[1.5444971,6.2224258],[1.5450563,6.2225215],[1.5455894,6.2226051],[1.5460736,6.2226905],[1.5469211,6.2228398],[1.5474965,6.2229918],[1.5480459,6.223191],[1.5486201,6.2233222],[1.5490497,6.2234191],[1.5492798,6.2234855],[1.5498065,6.2236295],[1.5505905,6.2238198],[1.5515665,6.2239617],[1.5520468,6.224037],[1.5526691,6.2242117],[1.553231,6.2243823],[1.5536065,6.224493],[1.5541577,6.2246463],[1.5546244,6.2248036],[1.5552896,6.2250116],[1.5558904,6.2251982],[1.5566857,6.2254342],[1.5572838,6.2256142],[1.5577868,6.2257502],[1.5582006,6.2258371]]},"properties":{"fclass":"trunk"}},{"type":"Feature","geometry":{"type":"LineString","coordinates":[[0.7844137,9.4766569],[0.7841886,9.4768277]]},"properties":{"fclass":"primary"}},{"type":"Feature","geometry":{"type":"LineString","coordinates":[[0.627991,9.6262698],[0.6280097,9.6259471]]},"properties":{"fclass":"primary"}},{"type":"Feature","geometry":{"type":"LineString","coordinates":[[0.7841886,9.4768277],[0.7800239,9.4801911],[0.7792032,9.4812176],[0.7772988,9.4845139],[0.7766122,9.4868367],[0.7763922,9.4881701],[0.7762029,9.4895886],[0.7740962,9.494588],[0.7734211,9.4959545]]},"properties":{"fclass":"primary"}},{"type":"Feature","geometry":{"type":"LineString","coordinates":[[0.631961,9.6122287],[0.6318827,9.6112215],[0.6317769,9.6101262],[0.6316686,9.6089277],[0.6314931,9.6068947],[0.6313865,9.6054812],[0.6312569,9.6038121],[0.6311224,9.602151],[0.6309993,9.6000048],[0.6308632,9.5980413],[0.6307959,9.596508],[0.6306713,9.5948809],[0.6307353,9.5930208],[0.6308386,9.5915166],[0.6309239,9.5900432],[0.6310125,9.5886004],[0.6310863,9.5873809],[0.631202,9.5862972],[0.6314192,9.583909],[0.6315914,9.5821237],[0.6317636,9.5803432],[0.6319584,9.5786405],[0.6321591,9.5769645]]},"properties":{"fclass":"secondary"}},{"type":"Feature","geometry":{"type":"LineString","coordinates":[[0.4305443,9.5303581],[0.4306229,9.5303076]]},"properties":{"fclass":"secondary"}},{"type":"Feature","geometry":{"type":"LineString","coordinates":[[0.6216884,9.5179281],[0.6216626,9.5178518]]},"properties":{"fclass":"secondary"}},{"type":"Feature","geometry":{"type":"LineString","coordinates":[[0.3963632,9.546325],[0.396632,9.5473966],[0.3972871,9.5494711],[0.3978242,9.5511787],[0.3983386,9.5527865],[0.3988792,9.5545628],[0.3993378,9.5560606],[0.3998801,9.557818],[0.4003614,9.5593673],[0.4008653,9.5607791],[0.4018819,9.5619776],[0.4029596,9.5632053],[0.4043793,9.5648002],[0.4051166,9.5654768],[0.4064035,9.5659222],[0.4081054,9.5664931],[0.4105362,9.5673184],[0.4129304,9.5681232],[0.4141999,9.5686373],[0.4153979,9.569234],[0.4177188,9.5703998],[0.4186727,9.5708967],[0.4195149,9.5713524],[0.4204286,9.5718287],[0.4212085,9.5724531],[0.4213719,9.5733032],[0.4211381,9.5742402],[0.4205187,9.5760067],[0.419728,9.5782827],[0.4189262,9.5805927],[0.4183975,9.5819724],[0.4179283,9.582628],[0.417258,9.583289],[0.4160587,9.5845019],[0.4151765,9.5854951],[0.4139464,9.587067],[0.4123866,9.5882103],[0.4114011,9.5890659],[0.4105333,9.5902859],[0.4096076,9.5916328],[0.4079789,9.5940336],[0.4074554,9.5949446],[0.4067437,9.5962931],[0.4060593,9.5975124],[0.40585,9.598041],[0.4060309,9.5992462],[0.4064445,9.6009795],[0.406884,9.6027474],[0.4072219,9.6042239],[0.4075226,9.605561],[0.4074887,9.6062977],[0.4072628,9.6068953],[0.4068055,9.607619],[0.4062258,9.60848],[0.4056329,9.6093745],[0.4050043,9.6103283],[0.4045827,9.6107737],[0.4039108,9.6110928],[0.4017765,9.6116997],[0.4000713,9.6121747],[0.3985929,9.6126204],[0.3981732,9.6128727],[0.3978909,9.6133459],[0.3972077,9.6151051],[0.3966995,9.6163874],[0.3958789,9.6185826],[0.3955916,9.6194631],[0.3956458,9.6200756],[0.3960324,9.6212258],[0.3965411,9.6225779],[0.3970864,9.6240263],[0.3975747,9.6253169],[0.3979166,9.6262249],[0.3983561,9.6274781],[0.3985039,9.6283835],[0.3986643,9.6297108],[0.3988128,9.6310491],[0.3990368,9.6330379],[0.3992303,9.6337304],[0.3999797,9.6344964],[0.4007291,9.6351207],[0.4014826,9.6357682],[0.4024504,9.6366842],[0.4026081,9.6373058],[0.4022753,9.6382644],[0.4017508,9.639559],[0.4015039,9.6401007]]},"properties":{"fclass":"secondary"}},{"type":"Feature","geometry":{"type":"LineString","coordinates":[[0.4306229,9.5303076],[0.4322303,9.5293219],[0.433394,9.5284801],[0.4352571,9.5259082],[0.4366775,9.523858],[0.4377188,9.5224252],[0.4390819,9.5214551],[0.4413872,9.5199276],[0.4432915,9.518646],[0.4448582,9.5175798],[0.446968,9.5160716],[0.4498213,9.5139969],[0.4520041,9.5124452],[0.454439,9.5107839],[0.4560509,9.5099472],[0.4578955,9.5089457],[0.4600823,9.5077842],[0.4633028,9.5060824],[0.464695,9.5053402],[0.4657675,9.5047989],[0.4666118,9.5046185],[0.4690892,9.504092],[0.4704716,9.5037967],[0.4719647,9.5034666],[0.4725913,9.5035884],[0.4735574,9.503984],[0.4746208,9.5040894],[0.4771655,9.5041573],[0.4804293,9.504272],[0.483781,9.504375],[0.4876761,9.5045073],[0.4884146,9.5046662],[0.4910867,9.5057224],[0.4938965,9.5068481],[0.4954339,9.5075467],[0.4986263,9.5091206],[0.5004727,9.5101092],[0.5019889,9.5120281],[0.5031314,9.5134763],[0.5037222,9.5137875],[0.5058102,9.5142576],[0.5082785,9.5148253],[0.5108825,9.5154131],[0.5142898,9.516158],[0.51574,9.5165454],[0.5189023,9.5176379],[0.5215005,9.5185185],[0.5232495,9.5191112],[0.5247198,9.5195051],[0.5271368,9.5199686],[0.5295849,9.520451],[0.5318365,9.5208956],[0.5349417,9.5214882],[0.5361536,9.5214485],[0.537703,9.5212066],[0.5395817,9.5209654],[0.5407188,9.5210985],[0.542426,9.5213726],[0.5452033,9.5218212],[0.5469536,9.5221134],[0.549162,9.5224844],[0.5512149,9.5228169],[0.5520093,9.5228882],[0.5535078,9.522467],[0.5571921,9.5212911],[0.5589373,9.5207508],[0.5594366,9.5207706],[0.5615656,9.5212097],[0.5629164,9.5216705],[0.5649007,9.522461],[0.5663903,9.523044],[0.5677279,9.5235188],[0.569751,9.524049],[0.572043,9.5246574],[0.5732878,9.5249817],[0.5734935,9.5250892],[0.5739748,9.5256053],[0.5742866,9.5259605],[0.5750914,9.5269361],[0.5766484,9.5289273],[0.577122,9.5295189],[0.5787957,9.5316779],[0.5804486,9.5337879],[0.5813922,9.5349907],[0.5820219,9.5357596],[0.5823652,9.5361114],[0.5825857,9.5361423],[0.5835146,9.5360849],[0.5849482,9.5359699],[0.5858241,9.5359112],[0.5871798,9.5358191]]},"properties":{"fclass":"secondary"}},{"type":"Feature","geometry":{"type":"LineString","coordinates":[[0.6216884,9.5179281],[0.6218255,9.5184734],[0.6218238,9.5186319],[0.6216356,9.5197234],[0.6211903,9.5217499],[0.6209995,9.5226665],[0.6208756,9.5234094],[0.6208784,9.5234767]]},"properties":{"fclass":"secondary"}},{"type":"Feature","geometry":{"type":"LineString","coordinates":[[0.6232706,9.529635],[0.6234525,9.5311257],[0.6236847,9.5327871],[0.6240286,9.5339063],[0.6242924,9.5347847],[0.6246379,9.5360064],[0.6247311,9.5398446],[0.6249127,9.542624],[0.6245542,9.5457926],[0.624529,9.5458347]]},"properties":{"fclass":"secondary"}},{"type":"Feature","geometry":{"type":"LineString","coordinates":[[0.9414508,9.1699029],[0.943003,9.1699352],[0.9440303,9.1698717],[0.9452561,9.1696493],[0.9463611,9.1693421],[0.9472114,9.1691991],[0.948413,9.1691647],[0.9491917,9.1692821]]},"properties":{"fclass":"primary"}},{"type":"Feature","geometry":{"type":"LineString","coordinates":[[0.9412805,9.1698978],[0.9414508,9.1699029]]},"properties":{"fclass":"primary"}},{"type":"Feature","geometry":{"type":"LineString","coordinates":[[0.8099776,9.2465036],[0.8102712,9.24636]]},"properties":{"fclass":"primary"}},{"type":"Feature","geometry":{"type":"LineString","coordinates":[[0.9526698,9.169631],[0.9528768,9.1696721]]},"properties":{"fclass":"primary"}},{"type":"Feature","geometry":{"type":"LineString","coordinates":[[0.928676,9.1723276],[0.9288942,9.1722061]]},"properties":{"fclass":"primary"}},{"type":"Feature","geometry":{"type":"LineString","coordinates":[[0.8883247,9.18612],[0.8885687,9.185882]]},"properties":{"fclass":"primary"}},{"type":"Feature","geometry":{"type":"LineString","coordinates":[[1.001443,9.154749],[1.0019907,9.1549308],[1.0029504,9.1556785],[1.0044819,9.1569072],[1.0052175,9.1573975],[1.0056132,9.1575715],[1.0060292,9.1576215],[1.0069663,9.1574784],[1.007781,9.1572647],[1.0081699,9.1569443],[1.0083818,9.1565894],[1.0084918,9.1560757],[1.008406,9.1555276],[1.008178,9.1551383],[1.0079285,9.1547146],[1.0078937,9.1543783],[1.0079849,9.1538619],[1.0084891,9.1529828],[1.009039,9.1520215],[1.0093984,9.1511212],[1.0095379,9.1504698],[1.0095996,9.1496065],[1.0095164,9.1488915],[1.0092884,9.1480229],[1.0089505,9.1472815],[1.0084838,9.1465691],[1.008229,9.1460819]]},"properties":{"fclass":"primary"}},{"type":"Feature","geometry":{"type":"LineString","coordinates":[[0.9528768,9.1696721],[0.9535655,9.1698796],[0.954515,9.1702477],[0.9554681,9.1704336],[0.9561995,9.1706517],[0.9567854,9.170929],[0.9583807,9.1719492],[0.9592495,9.1725226],[0.9603327,9.1735258],[0.9611803,9.1742222],[0.9614512,9.1745241],[0.9617087,9.175141],[0.9620658,9.1756759],[0.9626529,9.1761472],[0.9632671,9.1764067],[0.9639913,9.1765285],[0.9645545,9.1766318],[0.9650695,9.1768569],[0.9653565,9.1769178],[0.9659868,9.176833],[0.9664643,9.1768198],[0.9667379,9.1769389],[0.9670383,9.1772249],[0.9677179,9.1781193],[0.9681326,9.1785753],[0.9684491,9.1785594],[0.9686556,9.178194],[0.9685457,9.1779769],[0.9681916,9.177683],[0.9679314,9.1772726],[0.967674,9.1765696],[0.9676471,9.1762664],[0.9678456,9.1760625],[0.9681058,9.1760903],[0.9681983,9.1763379],[0.9682332,9.176788],[0.9683029,9.1770938],[0.9684786,9.1773322],[0.9688126,9.1774897],[0.9691264,9.1774751],[0.9694201,9.1773335],[0.9697326,9.1771442],[0.9700356,9.1770713],[0.9703575,9.1771044],[0.9706217,9.1772474],[0.971083,9.1776486],[0.971375,9.1777065],[0.9716383,9.1775784],[0.9718394,9.1773626],[0.9719387,9.177074],[0.9720553,9.1765034],[0.9722015,9.1761989],[0.9724925,9.1758613],[0.9729673,9.1756335],[0.9735534,9.1755395],[0.9739879,9.1753621],[0.9742762,9.1751146],[0.9744693,9.1748021],[0.9745833,9.1743652],[0.9745645,9.1739813],[0.9744577,9.173645],[0.974054,9.1729851],[0.9739235,9.1726811],[0.9738833,9.1722098],[0.9739986,9.1717544],[0.9745967,9.1705363],[0.9748086,9.1701524],[0.9750809,9.1699141],[0.9753263,9.169689],[0.9754738,9.169407],[0.9755529,9.1684634],[0.9756197,9.168018],[0.9758279,9.1676051],[0.9762704,9.1672343],[0.9765789,9.1671205],[0.9773567,9.1671523],[0.9778771,9.1671152],[0.9782177,9.1669179],[0.9784618,9.1666213],[0.9788078,9.1657594],[0.9791565,9.1652166],[0.9796098,9.1648247],[0.9801543,9.1645626],[0.980916,9.1643534],[0.9813371,9.1640886],[0.9815785,9.163739],[0.981997,9.1625739],[0.9822893,9.1616763],[0.9825087,9.1613491],[0.9827675,9.1610831],[0.9830886,9.1609096],[0.9834829,9.1608183],[0.9846362,9.1608024],[0.9848884,9.1607389],[0.9854087,9.160482],[0.985803,9.1603178],[0.9864414,9.1601775],[0.9869859,9.1600345],[0.9873453,9.1598253],[0.9877771,9.1595843],[0.9881741,9.1594493],[0.9896842,9.1590521],[0.9905425,9.1588151],[0.991331,9.1585251],[0.991905,9.1582471],[0.9925032,9.1579134],[0.9932335,9.1574147],[0.99431,9.156521],[0.9952524,9.1557341],[0.9959096,9.1555117],[0.996395,9.155517],[0.9978542,9.1559181],[0.9984185,9.1559704],[0.9989727,9.1558612],[0.999442,9.1555938],[1.0002113,9.154951],[1.0006703,9.1547797],[1.0013115,9.1547358],[1.001443,9.154749]]},"properties":{"fclass":"primary"}},{"type":"Feature","geometry":{"type":"LineString","coordinates":[[0.9288942,9.1722061],[0.9297314,9.1717782],[0.9303054,9.1715796],[0.931031,9.1714432],[0.9321937,9.1714604],[0.9335589,9.1715584],[0.934436,9.1714472],[0.9354714,9.1711136],[0.9381777,9.1701656],[0.9390843,9.1699697],[0.9399936,9.1698876],[0.9412805,9.1698978]]},"properties":{"fclass":"primary"}},{"type":"Feature","geometry":{"type":"LineString","coordinates":[[0.8885687,9.185882],[0.8895721,9.1849884],[0.8905175,9.1842775],[0.8914778,9.183691],[0.8924541,9.1830793],[0.8936584,9.1822691],[0.8949901,9.181247],[0.8959249,9.1805771],[0.8966839,9.1800952],[0.8976871,9.1795445],[0.8986902,9.1791155],[0.8999053,9.178713],[0.9010372,9.1783741],[0.9019035,9.1780458],[0.9026679,9.1776645],[0.9037744,9.1769928],[0.9047547,9.1764676],[0.9059644,9.1760122],[0.9070373,9.1757739],[0.90969,9.175525],[0.9136972,9.1752099],[0.9174294,9.1748228],[0.9212804,9.1744008],[0.92408,9.1740792],[0.9252414,9.1738647],[0.926207,9.1735735],[0.9270492,9.1732081],[0.928676,9.1723276]]},"properties":{"fclass":"primary"}},{"type":"Feature","geometry":{"type":"LineString","coordinates":[[0.8102712,9.24636],[0.8105846,9.246222],[0.8114004,9.245785],[0.8120629,9.245282],[0.8126798,9.2445275],[0.8150965,9.2410462],[0.8158207,9.2399528],[0.816215,9.2389256],[0.8163142,9.2375755],[0.8161452,9.2366171],[0.8157697,9.2355634],[0.8155176,9.234433],[0.8155498,9.2333687],[0.8158019,9.2324447],[0.816097,9.2318146],[0.8170242,9.230543],[0.82041,9.2262364],[0.8211234,9.2253839],[0.8235069,9.2227936]]},"properties":{"fclass":"primary"}},{"type":"Feature","geometry":{"type":"LineString","coordinates":[[1.008229,9.1460819],[1.0079205,9.1452107],[1.0077059,9.1442256],[1.0076469,9.143357],[1.0076791,9.1428101],[1.0078213,9.1419641],[1.0080385,9.1412411],[1.0083041,9.1406241]]},"properties":{"fclass":"primary"}},{"type":"Feature","geometry":{"type":"LineString","coordinates":[[0.5606422,9.3822646],[0.5644803,9.3841499],[0.5679529,9.3859586],[0.5693793,9.3866943],[0.5710211,9.3874876],[0.5718549,9.3879046],[0.5740624,9.3889719]]},"properties":{"fclass":"primary"}},{"type":"Feature","geometry":{"type":"LineString","coordinates":[[0.5794973,9.3823643],[0.5794883,9.3824675]]},"properties":{"fclass":"secondary"}},{"type":"Feature","geometry":{"type":"LineString","coordinates":[[0.5794883,9.3824675],[0.5795052,9.3834009],[0.5797644,9.3854407],[0.5799958,9.3870007],[0.5801265,9.388178],[0.5802315,9.3884761],[0.580872,9.3894527],[0.5823332,9.3913973],[0.5831821,9.3924624],[0.5840491,9.3935605],[0.5841704,9.3938935]]},"properties":{"fclass":"secondary"}},{"type":"Feature","geometry":{"type":"LineString","coordinates":[[1.0083041,9.1406241],[1.0092965,9.1387677],[1.0098356,9.1377244],[1.0109729,9.1351371],[1.011335,9.1339851],[1.0120618,9.1307411],[1.0124829,9.1287867],[1.0127887,9.1273831],[1.0131335,9.1264557],[1.013312,9.1261084]]},"properties":{"fclass":"primary"}},{"type":"Feature","geometry":{"type":"LineString","coordinates":[[1.013312,9.1261084],[1.0134203,9.1259321]]},"properties":{"fclass":"primary"}},{"type":"Feature","geometry":{"type":"LineString","coordinates":[[0.8766122,9.1884661],[0.8769157,9.1884961]]},"properties":{"fclass":"primary"}},{"type":"Feature","geometry":{"type":"LineString","coordinates":[[0.8769157,9.1884961],[0.8795473,9.1887212],[0.8819187,9.188944],[0.8825541,9.1889547],[0.8832424,9.1889224],[0.8839649,9.1887959],[0.8850914,9.1884517],[0.8858854,9.188081],[0.8864996,9.1877051],[0.8878541,9.1865665],[0.8883247,9.18612]]},"properties":{"fclass":"primary"}},{"type":"Feature","geometry":{"type":"LineString","coordinates":[[1.0134203,9.1259321],[1.0139635,9.125148],[1.0144839,9.1245627],[1.0152644,9.1239059],[1.0161629,9.1233736],[1.0172868,9.1229526],[1.0237368,9.1209637],[1.0279396,9.1196512],[1.0315733,9.1183022],[1.0324706,9.1177539],[1.0333973,9.1167591],[1.0341365,9.1156698]]},"properties":{"fclass":"primary"}},{"type":"Feature","geometry":{"type":"LineString","coordinates":[[1.2217937,9.2746318],[1.2213709,9.2749864],[1.2212121,9.275121]]},"properties":{"fclass":"trunk"}},{"type":"Feature","geometry":{"type":"LineString","coordinates":[[1.2414136,9.3210495],[1.2416603,9.3215593],[1.2418466,9.3220817],[1.2429173,9.3252513],[1.2434551,9.326699],[1.2446524,9.3283505],[1.2458648,9.3298399],[1.2470269,9.3315874],[1.2470926,9.3319688],[1.2470233,9.3324053],[1.2464015,9.3332367],[1.2458901,9.333838],[1.2457939,9.3341262],[1.2457842,9.3350467],[1.2458524,9.3363678],[1.2458507,9.3369969],[1.24574,9.337232],[1.2455576,9.3373892],[1.2452592,9.3374187],[1.2443222,9.3370695],[1.2429356,9.3365237],[1.2413059,9.3358674],[1.2408602,9.3357232],[1.2406388,9.3357639],[1.2404922,9.3358958],[1.2404626,9.3361754],[1.2406444,9.3371892],[1.2408068,9.3376998],[1.2409294,9.3378375],[1.2415635,9.3381478],[1.241631,9.3383096],[1.241587,9.3385861],[1.241395,9.3392523],[1.2415256,9.3398346],[1.241367,9.3401483],[1.2404491,9.3410676],[1.240078,9.3411467],[1.239548,9.3411136],[1.239033,9.3408416],[1.2381935,9.3405002],[1.2372969,9.3404418],[1.2368873,9.340479],[1.2364662,9.3406722],[1.2361711,9.3409726],[1.2361121,9.341322],[1.2362315,9.3416819],[1.2370106,9.3433718],[1.2372708,9.3438455],[1.2378555,9.3444278],[1.2398779,9.34607],[1.2402628,9.346299],[1.2411185,9.3466801],[1.2413666,9.3469632],[1.2415811,9.3475958],[1.2417758,9.3479593],[1.2425858,9.3487796],[1.2429557,9.3491701],[1.243225,9.34964],[1.2433907,9.3500882]]},"properties":{"fclass":"trunk"}},{"type":"Feature","geometry":{"type":"LineString","coordinates":[[1.5978004,8.7435823],[1.5983525,8.7429712],[1.5994731,8.7417338],[1.5998052,8.7412406],[1.6003561,8.7403043],[1.6009353,8.7392904],[1.6019708,8.7375252],[1.6025877,8.7364708],[1.6031617,8.7354873],[1.6041088,8.7340611],[1.6050902,8.7325074],[1.6064367,8.730246],[1.607421,8.728605],[1.608046,8.7275498],[1.6085047,8.7265662],[1.609202,8.7249729],[1.609776,8.7236499],[1.6101623,8.7227141],[1.6108596,8.7209113],[1.6114953,8.7192278],[1.6116536,8.7185835],[1.6116804,8.7178067],[1.6116938,8.7162637],[1.6116831,8.7149513],[1.6116911,8.7135409],[1.6117206,8.7125042],[1.6117957,8.7121277]]},"properties":{"fclass":"primary"}},{"type":"Feature","geometry":{"type":"LineString","coordinates":[[1.1596594,7.5123686],[1.1593594,7.5125172],[1.1574285,7.513293],[1.1568341,7.5135532],[1.1559457,7.5139413],[1.1550075,7.5143015],[1.154114,7.5146852],[1.1531321,7.5150999],[1.1511434,7.5158847],[1.1502989,7.5162246],[1.1500152,7.5163059]]},"properties":{"fclass":"secondary"}},{"type":"Feature","geometry":{"type":"LineString","coordinates":[[1.3049443,9.7011375],[1.3001102,9.7052996],[1.2969065,9.707485],[1.2929491,9.7100453],[1.2919581,9.7107605],[1.2899487,9.712516],[1.2880029,9.7147968],[1.2869527,9.7164363],[1.2869008,9.7170556],[1.2870929,9.7177516],[1.2877627,9.7191693],[1.2883079,9.7202543],[1.2885873,9.720574]]},"properties":{"fclass":"secondary"}},{"type":"Feature","geometry":{"type":"LineString","coordinates":[[1.3247444,9.7662665],[1.3237992,9.7676646],[1.3224632,9.7695413],[1.3208246,9.7717973],[1.3199081,9.7730312],[1.3194621,9.7737098],[1.3191023,9.7750559],[1.3185011,9.7772284],[1.3176937,9.779633],[1.3169536,9.7817426],[1.3162588,9.7837226]]},"properties":{"fclass":"secondary"}},{"type":"Feature","geometry":{"type":"LineString","coordinates":[[1.3225016,9.806375],[1.3213746,9.8058486],[1.3208616,9.8055566],[1.3202231,9.8050852],[1.3190894,9.8040839],[1.3187879,9.8037242],[1.3186144,9.8033694],[1.318172,9.802065],[1.3177502,9.8007838],[1.3167802,9.7979691],[1.3161137,9.7959829],[1.315582,9.7944711],[1.3151244,9.793001],[1.3148808,9.7922997],[1.3144011,9.7908283],[1.3140685,9.7898395],[1.313845,9.7892529],[1.3137611,9.7887874],[1.3138073,9.7883472]]},"properties":{"fclass":"secondary"}},{"type":"Feature","geometry":{"type":"LineString","coordinates":[[1.322946,9.806547],[1.3225016,9.806375]]},"properties":{"fclass":"secondary"}},{"type":"Feature","geometry":{"type":"LineString","coordinates":[[1.3617863,9.8423427],[1.3629853,9.839726],[1.3646055,9.8361225],[1.3651411,9.8346617],[1.3656203,9.8308575],[1.3660295,9.8280411],[1.3660767,9.827103],[1.3659981,9.8266936],[1.3638976,9.8248679],[1.3624138,9.823597],[1.3603981,9.8223628],[1.3559277,9.8199241],[1.3518052,9.8188079],[1.3447197,9.8169776],[1.3402145,9.815666],[1.3383977,9.8154655],[1.3373615,9.8148977],[1.3359486,9.813652],[1.3335846,9.8114706]]},"properties":{"fclass":"secondary"}},{"type":"Feature","geometry":{"type":"LineString","coordinates":[[1.1357174,8.9680298],[1.1357088,8.9681565]]},"properties":{"fclass":"trunk"}},{"type":"Feature","geometry":{"type":"LineString","coordinates":[[1.1357088,8.9681565],[1.135591,8.970463],[1.1355776,8.9712588],[1.1362853,8.9732374],[1.1368512,8.9747272],[1.1376689,8.9768223],[1.1377273,8.977]]},"properties":{"fclass":"trunk"}},{"type":"Feature","geometry":{"type":"LineString","coordinates":[[0.7734211,9.4959545],[0.7733662,9.4960354]]},"properties":{"fclass":"primary"}},{"type":"Feature","geometry":{"type":"LineString","coordinates":[[1.0479848,9.0924493],[1.0480948,9.0921174]]},"properties":{"fclass":"primary"}},{"type":"Feature","geometry":{"type":"LineString","coordinates":[[0.8112753,9.4156351],[0.8113371,9.4157363]]},"properties":{"fclass":"primary"}},{"type":"Feature","geometry":{"type":"LineString","coordinates":[[0.8112269,9.4155539],[0.8112753,9.4156351]]},"properties":{"fclass":"primary"}},{"type":"Feature","geometry":{"type":"LineString","coordinates":[[0.8113371,9.4157363],[0.8113795,9.4158101]]},"properties":{"fclass":"primary"}},{"type":"Feature","geometry":{"type":"LineString","coordinates":[[0.8113795,9.4158101],[0.8116271,9.4165035],[0.8132243,9.4233382],[0.8133611,9.4240924],[0.8133316,9.4251455],[0.8129239,9.4302998],[0.8126177,9.4354284],[0.8124036,9.4403252],[0.8125758,9.4469039],[0.8126959,9.4507287],[0.812704,9.4522659],[0.8125417,9.4527488],[0.8120232,9.45415]]},"properties":{"fclass":"primary"}},{"type":"Feature","geometry":{"type":"LineString","coordinates":[[1.0480948,9.0921174],[1.0497972,9.0871563],[1.0504281,9.086023],[1.0511148,9.0850748],[1.0520402,9.0841267],[1.0540028,9.0825808],[1.0605186,9.0774602],[1.0648853,9.0744089],[1.0663197,9.0732601],[1.0675699,9.0720621],[1.0708926,9.0685613],[1.0719904,9.0675701],[1.0728326,9.0667861],[1.0735005,9.0659464],[1.0740262,9.0650247],[1.0744017,9.0640817],[1.0751504,9.0614215],[1.0756651,9.0598544],[1.0761428,9.0588541],[1.0771926,9.0568408],[1.0786235,9.0541012],[1.0791546,9.0533198],[1.0803106,9.0520882],[1.0812853,9.0508789],[1.0823013,9.0489437],[1.0835582,9.0460783],[1.0846358,9.0437416],[1.0872634,9.0393626],[1.0887274,9.0369976],[1.0894523,9.0360697],[1.0906695,9.0349395],[1.0928205,9.033535],[1.0956636,9.0315805],[1.0963047,9.0311991],[1.0971549,9.0307964],[1.0987379,9.0303017],[1.102844,9.0293598],[1.104944,9.0288521],[1.1057367,9.0286084],[1.1068915,9.0280433],[1.1074597,9.027641],[1.1081225,9.0270958],[1.1093321,9.0255885],[1.1101502,9.0244256],[1.1112928,9.0227674],[1.1123577,9.0212707],[1.1137712,9.0192441],[1.1147627,9.0177621],[1.1154158,9.0164124],[1.1158946,9.0145977],[1.1161306,9.0124679],[1.1162844,9.0116731],[1.1164293,9.0111578],[1.1166948,9.0104214],[1.1171052,9.0095101],[1.1177394,9.0084915],[1.1194521,9.0060146],[1.1209702,9.0037283],[1.1225528,9.0011984],[1.1238729,8.999144],[1.1249421,8.9974667],[1.1261438,8.9955358],[1.1266793,8.9947635],[1.127045,8.9943979],[1.1280982,8.9936587],[1.1284546,8.9933707],[1.1288634,8.9928773],[1.1304568,8.9905776],[1.13123,8.9894599],[1.1317903,8.9889828],[1.1322121,8.9887445],[1.1354361,8.9872509],[1.1371574,8.9863614],[1.1378843,8.9859322],[1.1396392,8.9846107],[1.1400021,8.9843653]]},"properties":{"fclass":"primary"}},{"type":"Feature","geometry":{"type":"LineString","coordinates":[[1.3968815,8.8511261],[1.3964856,8.8501578],[1.3959209,8.8479864],[1.3960032,8.8466635],[1.395486,8.8440787],[1.3917534,8.8409904],[1.3906217,8.8393536],[1.3887928,8.8358283],[1.3875977,8.834578],[1.3874343,8.8342036],[1.3873676,8.8331696],[1.3864843,8.8313919],[1.3845655,8.8276369],[1.3834113,8.825689],[1.3818973,8.8232671],[1.380016,8.8206007],[1.3786368,8.8180677],[1.3784495,8.8162382],[1.3788017,8.8140607],[1.3797611,8.8110313],[1.379986,8.8077205],[1.3807355,8.8042096],[1.3812677,8.801758],[1.3811547,8.7999046],[1.3808274,8.7985701]]},"properties":{"fclass":"secondary"}},{"type":"Feature","geometry":{"type":"LineString","coordinates":[[1.4173048,8.948068],[1.4188709,8.9432033],[1.4172723,8.9383278],[1.4166856,8.9364619],[1.416397,8.9332505],[1.4148359,8.9262133],[1.4147805,8.9258002]]},"properties":{"fclass":"secondary"}},{"type":"Feature","geometry":{"type":"LineString","coordinates":[[1.4147754,8.9256856],[1.4147217,8.9251094],[1.4121581,8.918116],[1.4108789,8.9138048],[1.4104492,8.9111557],[1.4095703,8.9087301],[1.4089278,8.9044701],[1.4087532,8.9034004]]},"properties":{"fclass":"secondary"}},{"type":"Feature","geometry":{"type":"LineString","coordinates":[[1.4147805,8.9258002],[1.4147754,8.9256856]]},"properties":{"fclass":"secondary"}},{"type":"Feature","geometry":{"type":"LineString","coordinates":[[1.3994319,8.8721107],[1.3994348,8.8720043]]},"properties":{"fclass":"secondary"}},{"type":"Feature","geometry":{"type":"LineString","coordinates":[[1.4170877,8.9484872],[1.4173048,8.948068]]},"properties":{"fclass":"secondary"}},{"type":"Feature","geometry":{"type":"LineString","coordinates":[[1.4087532,8.9034004],[1.4087455,8.9032284]]},"properties":{"fclass":"secondary"}},{"type":"Feature","geometry":{"type":"LineString","coordinates":[[1.4145215,8.5513965],[1.4145376,8.5518042]]},"properties":{"fclass":"secondary"}},{"type":"Feature","geometry":{"type":"LineString","coordinates":[[1.3968995,8.8512682],[1.3968815,8.8511261]]},"properties":{"fclass":"secondary"}},{"type":"Feature","geometry":{"type":"LineString","coordinates":[[1.4150158,8.9670179],[1.4144039,8.9643511],[1.4144018,8.9637373],[1.41565,8.9610747],[1.4167812,8.9575041],[1.4167313,8.9542012],[1.4166039,8.9501782],[1.4168679,8.9490251],[1.4170877,8.9484872]]},"properties":{"fclass":"secondary"}},{"type":"Feature","geometry":{"type":"LineString","coordinates":[[1.4087455,8.9032284],[1.4081557,8.9017367],[1.4049627,8.8974863],[1.4023671,8.8932707],[1.4014497,8.8899479],[1.4019346,8.8886002],[1.40138,8.8830166],[1.4004144,8.8790673],[1.3994762,8.8741894],[1.3994319,8.8721107]]},"properties":{"fclass":"secondary"}},{"type":"Feature","geometry":{"type":"LineString","coordinates":[[1.4145376,8.5518042],[1.4147079,8.5552316],[1.4153778,8.5566571],[1.4158895,8.5572793],[1.4179343,8.5598924],[1.4232796,8.5723976],[1.423605,8.5728591],[1.4247954,8.5736323],[1.4263351,8.5746222],[1.4296583,8.5767586],[1.4302751,8.57744],[1.431426,8.5795329],[1.4320523,8.5806863],[1.4321122,8.5810473],[1.4321047,8.5821293],[1.4320959,8.5824923]]},"properties":{"fclass":"secondary"}},{"type":"Feature","geometry":{"type":"LineString","coordinates":[[1.3994348,8.8720043],[1.3990415,8.8692425],[1.3990415,8.864962],[1.3983969,8.8573489],[1.3972714,8.8528985],[1.3968995,8.8512682]]},"properties":{"fclass":"secondary"}},{"type":"Feature","geometry":{"type":"LineString","coordinates":[[1.4454156,9.0139063],[1.4454261,9.0140092]]},"properties":{"fclass":"primary"}},{"type":"Feature","geometry":{"type":"LineString","coordinates":[[1.5694758,8.7624864],[1.5811703,8.7547337],[1.5845686,8.7524645],[1.586473,8.7512265],[1.5887271,8.749804],[1.5896541,8.7492223],[1.5909255,8.748549],[1.592685,8.7477272],[1.5929639,8.7475867]]},"properties":{"fclass":"primary"}},{"type":"Feature","geometry":{"type":"LineString","coordinates":[[1.4454261,9.0140092],[1.4426315,9.0161725],[1.4391768,9.0187739],[1.4381925,9.0193858],[1.4371169,9.020003],[1.4365858,9.02026],[1.4344957,9.0213275],[1.4321736,9.0225276],[1.4308756,9.0232011],[1.4294826,9.0239156],[1.4264109,9.0253858],[1.425397,9.0258839],[1.4245937,9.0261064],[1.4240089,9.0261329],[1.4234376,9.026052],[1.4227684,9.0258166],[1.4199738,9.0243425],[1.4183414,9.0235355],[1.4175341,9.023125],[1.4163968,9.0225368],[1.4155653,9.0222798],[1.4147928,9.0221899],[1.411581,9.0217143],[1.410614,9.0215553],[1.408271,9.0212269],[1.407449,9.0212295],[1.4061884,9.0214124],[1.4039911,9.0217692],[1.403317,9.0218799],[1.40279,9.0217726],[1.4020926,9.0214044],[1.3991851,9.019762],[1.3987211,9.0195474],[1.386222,9.0145168],[1.3851437,9.0141671],[1.3842184,9.014085],[1.3828638,9.0141327]]},"properties":{"fclass":"primary"}},{"type":"Feature","geometry":{"type":"LineString","coordinates":[[1.5694043,8.7625385],[1.5694758,8.7624864]]},"properties":{"fclass":"primary"}},{"type":"Feature","geometry":{"type":"LineString","coordinates":[[1.2190345,7.7733754],[1.2231168,7.7744748],[1.2282264,7.7757584],[1.2301549,7.7762075],[1.2307155,7.7763882],[1.2312627,7.7767337],[1.2336579,7.7783203],[1.2380192,7.7812116],[1.2428069,7.7843634],[1.2485039,7.7881264],[1.2506953,7.7895668],[1.2546845,7.7921583],[1.2589565,7.7948445],[1.2617165,7.7965824],[1.2630576,7.7972707],[1.2666222,7.7990697],[1.2685484,7.8000494],[1.2688404,7.8002124]]},"properties":{"fclass":"primary"}},{"type":"Feature","geometry":{"type":"LineString","coordinates":[[1.0459907,7.9540744],[1.0444811,7.9535479],[1.0418487,7.9525932],[1.0406307,7.9521669]]},"properties":{"fclass":"secondary"}},{"type":"Feature","geometry":{"type":"LineString","coordinates":[[1.1415267,9.6279212],[1.1407447,9.6285114],[1.1403945,9.6290251],[1.1393131,9.6312817],[1.1388058,9.6325452],[1.1386,9.6334271],[1.1381086,9.6360889]]},"properties":{"fclass":"primary"}},{"type":"Feature","geometry":{"type":"LineString","coordinates":[[0.5997264,9.8207046],[0.599654,9.8208632]]},"properties":{"fclass":"primary"}},{"type":"Feature","geometry":{"type":"LineString","coordinates":[[0.6084497,9.6870256],[0.608046,9.6896062],[0.6076777,9.6915072],[0.6073138,9.6937756],[0.6070483,9.6952826],[0.6068927,9.6961445],[0.6066097,9.6978499],[0.6064461,9.6988598],[0.6061551,9.7005995],[0.6059539,9.7017073],[0.6057984,9.7027463],[0.605684,9.7034306],[0.6055019,9.7046203],[0.6052913,9.706264],[0.6051644,9.7070751],[0.6051023,9.7075651],[0.6049163,9.7089804],[0.6047461,9.7101278],[0.6046124,9.7110597],[0.6044376,9.7122973],[0.604358,9.7133104],[0.6040289,9.7154052],[0.6038488,9.7168436],[0.6036942,9.7179372],[0.6035587,9.7190161],[0.6034434,9.7201502],[0.6033549,9.7213002],[0.6032664,9.7224502],[0.6032103,9.7236158],[0.6031805,9.7245335],[0.6031457,9.7255169],[0.6031091,9.7270453],[0.6030913,9.7282259],[0.6030612,9.7294983],[0.6030089,9.7313144],[0.6029767,9.7340981],[0.6029713,9.7361892],[0.6029499,9.7384706],[0.6029487,9.7400522],[0.6029395,9.7405255],[0.6029552,9.7417512],[0.6030007,9.7434514],[0.6030625,9.7459095],[0.6031457,9.7492456],[0.6032771,9.7544029],[0.6033481,9.7574046],[0.6033936,9.7594376],[0.6034327,9.761334],[0.6034487,9.7628486],[0.6034434,9.7637896],[0.6034233,9.7643754],[0.6033701,9.7651499],[0.6032789,9.7660068],[0.6031242,9.7673],[0.6028828,9.7689045],[0.6026629,9.7704218],[0.6023678,9.7724994],[0.6021398,9.7740748],[0.602062,9.7750422],[0.602113,9.775629],[0.6023785,9.7764881],[0.6027943,9.7772969],[0.6031162,9.7778441],[0.6034729,9.7784467],[0.6039629,9.7793811],[0.6041381,9.7797525],[0.6043352,9.7802745],[0.6044479,9.7807041],[0.6045431,9.7811561],[0.6046413,9.7818387],[0.6046477,9.7822688],[0.6046209,9.7832389],[0.6047225,9.7850538],[0.6048361,9.7868916],[0.6049391,9.7881764],[0.6050719,9.7897143],[0.6052106,9.7912741],[0.6053433,9.7928509],[0.6054701,9.7943887],[0.6055865,9.7959049],[0.6056964,9.7972423],[0.6057662,9.7983154],[0.6058279,9.7991453],[0.6058761,9.7998907],[0.6059217,9.8007787],[0.605971,9.8016372],[0.6060505,9.8032024],[0.6060773,9.8041169],[0.606139,9.8051424],[0.6060961,9.8063608],[0.6059968,9.8068894],[0.6058025,9.8075598],[0.6051296,9.8090209],[0.6043607,9.8107112],[0.6036472,9.8122124],[0.6029499,9.8137559],[0.6020862,9.8156007],[0.6011313,9.8176516],[0.6004018,9.819248],[0.5997264,9.8207046]]},"properties":{"fclass":"primary"}},{"type":"Feature","geometry":{"type":"LineString","coordinates":[[0.599654,9.8208632],[0.5988288,9.8225889],[0.5981004,9.8242007],[0.5971332,9.8262417],[0.5964625,9.8276871],[0.5959621,9.8288141],[0.5953646,9.8301207],[0.5945049,9.8320545],[0.5939671,9.8336489],[0.5933905,9.8358133],[0.5930257,9.8372827],[0.5919689,9.8415164],[0.5916202,9.8428484],[0.591073,9.8437046],[0.5898178,9.8451687],[0.5886054,9.8467173],[0.587882,9.8476922],[0.5871892,9.8487046],[0.586347,9.8499942],[0.5857247,9.8510619],[0.5847806,9.8527849],[0.5841837,9.8539969],[0.5832946,9.8556266],[0.5825221,9.8571505],[0.5816692,9.8587942],[0.5805695,9.8608871],[0.5794654,9.8629555],[0.5786035,9.8646459],[0.5779804,9.8658337],[0.5773984,9.8669571],[0.5767445,9.8682954],[0.5759977,9.869733]]},"properties":{"fclass":"primary"}},{"type":"Feature","geometry":{"type":"LineString","coordinates":[[1.1485914,7.5587288],[1.1478634,7.5583472],[1.1471982,7.5580387],[1.1463654,7.5576585],[1.1459563,7.5574685],[1.1454856,7.5572703],[1.1448217,7.5569765],[1.1443511,7.5566787],[1.1439072,7.5562492],[1.1434337,7.5556445],[1.1430127,7.5552669],[1.1427629,7.5550922],[1.1421604,7.5548276],[1.1414421,7.5545979],[1.140651,7.5542923],[1.1398222,7.5540171],[1.1394224,7.5538879],[1.1390068,7.5537433],[1.1385186,7.5536595],[1.1380271,7.5535385],[1.1376496,7.5534907],[1.1374497,7.5535239],[1.1373706,7.5535731]]},"properties":{"fclass":"primary"}},{"type":"Feature","geometry":{"type":"LineString","coordinates":[[1.1747604,7.3806643],[1.1746759,7.3813547]]},"properties":{"fclass":"trunk"}},{"type":"Feature","geometry":{"type":"LineString","coordinates":[[1.1746759,7.3813547],[1.1744795,7.3830411],[1.1744053,7.3837309],[1.174333,7.3844027],[1.1742844,7.3848528],[1.1742103,7.3854992],[1.1741155,7.386314],[1.1739579,7.387494],[1.1738559,7.3882665],[1.1737528,7.3890098],[1.1735804,7.3898816],[1.1733806,7.3907567],[1.1732264,7.3914087],[1.1723775,7.3948869],[1.1708654,7.4009342],[1.1698696,7.4047231],[1.1694083,7.4061887],[1.1688986,7.4075239],[1.1675169,7.4109548],[1.1653406,7.4165288],[1.1632488,7.423021],[1.1613281,7.4290959],[1.1610585,7.4300361],[1.1609673,7.4308127],[1.160909,7.432894],[1.1609571,7.4350776],[1.1609767,7.4360762],[1.161021,7.4402694],[1.1611283,7.4420391],[1.1612141,7.4433476],[1.1611517,7.4448369],[1.1609269,7.4481101],[1.1608305,7.4494939],[1.1605094,7.4535829],[1.1603835,7.4547809],[1.1601698,7.4560346],[1.1598891,7.4571614],[1.1593527,7.459039],[1.1586036,7.4614957],[1.1579224,7.4637226],[1.1571454,7.4660697],[1.1564014,7.4683049],[1.1557288,7.4702974],[1.1552726,7.4716153],[1.1550456,7.472356],[1.1543552,7.4748464],[1.1537605,7.4776574],[1.1533613,7.4796901],[1.1533003,7.4803026],[1.1533419,7.4828957],[1.1533532,7.4834111],[1.1534138,7.4859946],[1.1534646,7.4881272],[1.1535103,7.4894583],[1.1535832,7.4902832],[1.1536242,7.4905784]]},"properties":{"fclass":"trunk"}},{"type":"Feature","geometry":{"type":"LineString","coordinates":[[0.8729014,7.397066],[0.8730812,7.3979039],[0.8732602,7.399051],[0.8733943,7.3995444],[0.8736351,7.4001303],[0.8741394,7.4011623],[0.8748125,7.4025454],[0.8750526,7.4030401],[0.8753101,7.4035628],[0.8757258,7.404394],[0.8760759,7.4050816],[0.8767505,7.4063995],[0.8789807,7.4107031],[0.8819566,7.4168087],[0.8833835,7.4196572],[0.8856286,7.4241988],[0.8902835,7.4337577],[0.8937664,7.4410397],[0.8952644,7.4442499],[0.8966779,7.4471954],[0.8983343,7.4507571],[0.8985403,7.4512066],[0.898846,7.4518752],[0.8992524,7.4527561],[0.8995748,7.4534543],[0.8998112,7.4539866],[0.9001533,7.4547023],[0.9003617,7.4551519],[0.9008192,7.4561445],[0.901229,7.4570306],[0.901476,7.4575661],[0.9016948,7.4580405],[0.9020396,7.4587882],[0.9022488,7.4592418],[0.902869,7.4606095],[0.9033449,7.4616477],[0.9035272,7.4620487],[0.9037404,7.4625333],[0.9039071,7.4629062],[0.9041672,7.4634654],[0.9044011,7.4639609],[0.9046157,7.4644373],[0.9046936,7.464599]]},"properties":{"fclass":"primary"}},{"type":"Feature","geometry":{"type":"LineString","coordinates":[[0.8729034,7.3968461],[0.8729014,7.397066]]},"properties":{"fclass":"primary"}},{"type":"Feature","geometry":{"type":"LineString","coordinates":[[0.7469131,9.7012706],[0.7465985,9.7012516]]},"properties":{"fclass":"secondary"}},{"type":"Feature","geometry":{"type":"LineString","coordinates":[[1.5138117,8.9120544],[1.51382,8.9119366]]},"properties":{"fclass":"primary"}},{"type":"Feature","geometry":{"type":"LineString","coordinates":[[1.4769839,9.0027131],[1.4768113,9.0027828]]},"properties":{"fclass":"primary"}},{"type":"Feature","geometry":{"type":"LineString","coordinates":[[1.51382,8.9119366],[1.5144825,8.9036585],[1.5150407,8.8968346],[1.5163225,8.8813272],[1.5170976,8.8723169],[1.5174705,8.868241],[1.5176214,8.8665791],[1.5175928,8.8652372],[1.5174227,8.8641128],[1.5165988,8.8603143],[1.5156396,8.855787],[1.5155232,8.8548973],[1.5155527,8.8538186],[1.5160704,8.8496445],[1.5173366,8.8408616],[1.5174839,8.8394195],[1.5174526,8.8385177],[1.517174,8.8373071],[1.5167677,8.8355553],[1.5167436,8.83511],[1.5169045,8.8346608],[1.5173122,8.8338776],[1.5198534,8.828848],[1.5211225,8.8263545],[1.5236369,8.8213702],[1.5302861,8.8081679],[1.5308923,8.8069911],[1.5328395,8.803858],[1.5358758,8.7990949],[1.5384802,8.7946656],[1.5406769,8.7909494],[1.5413609,8.7895471],[1.5418759,8.7881979],[1.5427557,8.7855803],[1.5447995,8.7798295],[1.5452796,8.7788169],[1.5458241,8.7779528],[1.5483776,8.7748884],[1.5519825,8.7706259],[1.552999,8.769714],[1.5538064,8.76916],[1.5549007,8.7685821],[1.5562215,8.7681133],[1.5628561,8.7660956],[1.5642348,8.7655919],[1.5654364,8.7650405],[1.5663296,8.7645475],[1.5672469,8.763951],[1.5694043,8.7625385]]},"properties":{"fclass":"primary"}},{"type":"Feature","geometry":{"type":"LineString","coordinates":[[1.4768113,9.0027828],[1.4741099,9.0038449],[1.472473,9.0044436]]},"properties":{"fclass":"primary"}},{"type":"Feature","geometry":{"type":"LineString","coordinates":[[0.4741225,10.3720791],[0.4741748,10.3691938],[0.4741609,10.3679506],[0.4741937,10.3637423],[0.4741977,10.3623963],[0.4742226,10.3616513],[0.4742025,10.3607991],[0.4741891,10.360749]]},"properties":{"fclass":"secondary"}},{"type":"Feature","geometry":{"type":"LineString","coordinates":[[0.4778197,10.3966421],[0.477775,10.3963364]]},"properties":{"fclass":"secondary"}},{"type":"Feature","geometry":{"type":"LineString","coordinates":[[0.477775,10.3963364],[0.4773688,10.3944154],[0.47711,10.3929354],[0.4766583,10.3902524],[0.4762515,10.3881826],[0.4758856,10.3858544],[0.4754352,10.3840313],[0.4750765,10.382092],[0.4750085,10.381364],[0.4753947,10.3795674],[0.4758445,10.3773973],[0.4757449,10.3771642],[0.47444,10.3752161],[0.4741232,10.3745636],[0.474103,10.3732173],[0.4741225,10.3720791]]},"properties":{"fclass":"secondary"}},{"type":"Feature","geometry":{"type":"LineString","coordinates":[[1.2734753,6.1902993],[1.2724561,6.1891794],[1.2713443,6.1878434],[1.270592,6.1868914],[1.2703103,6.1864495]]},"properties":{"fclass":"secondary"}},{"type":"Feature","geometry":{"type":"LineString","coordinates":[[1.2116535,6.1179759],[1.2115364,6.1180834],[1.211406,6.1184527],[1.210949,6.1200996],[1.2104332,6.1219737],[1.2102106,6.1227447],[1.209807,6.1242249],[1.209623,6.1248777],[1.2092768,6.1261596],[1.2092337,6.1263664],[1.2092478,6.1266591],[1.2093507,6.1269417],[1.2097148,6.1276222],[1.2100843,6.1281356],[1.2108058,6.1288894]]},"properties":{"fclass":"trunk"}},{"type":"Feature","geometry":{"type":"LineString","coordinates":[[1.2219554,6.1372513],[1.2219522,6.1370572]]},"properties":{"fclass":"secondary"}},{"type":"Feature","geometry":{"type":"LineString","coordinates":[[1.2210224,6.1404433],[1.221097,6.1401622],[1.2213071,6.1395714],[1.2216959,6.1382472],[1.2219502,6.1372765],[1.2219554,6.1372513]]},"properties":{"fclass":"secondary"}},{"type":"Feature","geometry":{"type":"LineString","coordinates":[[1.2222143,6.1365499],[1.2222281,6.1367543]]},"properties":{"fclass":"secondary"}},{"type":"Feature","geometry":{"type":"LineString","coordinates":[[1.5312441,6.3335865],[1.5332741,6.3334412],[1.5355392,6.3332706],[1.5384658,6.3330396],[1.5403397,6.3329197],[1.5427412,6.3327623],[1.5445903,6.3326801],[1.5464381,6.3326038],[1.5508753,6.3326363],[1.5526879,6.3327574],[1.5531626,6.3328188],[1.5536508,6.3327281],[1.5620551,6.3331183],[1.5683491,6.3334881],[1.5695161,6.3334692],[1.5707677,6.3333153],[1.5751836,6.3327681],[1.5757012,6.3327361],[1.5786154,6.3330437],[1.5800545,6.3332133]]},"properties":{"fclass":"secondary"}},{"type":"Feature","geometry":{"type":"LineString","coordinates":[[1.3686724,6.3253667],[1.3687979,6.3254083]]},"properties":{"fclass":"secondary"}},{"type":"Feature","geometry":{"type":"LineString","coordinates":[[1.3761781,6.3277679],[1.376307,6.3278065]]},"properties":{"fclass":"secondary"}},{"type":"Feature","geometry":{"type":"LineString","coordinates":[[1.376307,6.3278065],[1.3816864,6.3295488]]},"properties":{"fclass":"secondary"}},{"type":"Feature","geometry":{"type":"LineString","coordinates":[[1.3549742,6.3265806],[1.3594079,6.3261035],[1.3601536,6.3259888],[1.3638456,6.3252516],[1.3653502,6.3249815],[1.3663863,6.3249518],[1.367527,6.3250733],[1.3686724,6.3253667]]},"properties":{"fclass":"secondary"}},{"type":"Feature","geometry":{"type":"LineString","coordinates":[[1.3687979,6.3254083],[1.3749917,6.3273988],[1.3761781,6.3277679]]},"properties":{"fclass":"secondary"}},{"type":"Feature","geometry":{"type":"LineString","coordinates":[[1.248843,6.2020717],[1.248984,6.2025174],[1.2494856,6.203732],[1.2497412,6.2047641],[1.2499295,6.2056219]]},"properties":{"fclass":"secondary"}},{"type":"Feature","geometry":{"type":"LineString","coordinates":[[1.2498228,6.2056246],[1.2496425,6.2048066],[1.2493716,6.2037147],[1.248954,6.2027172],[1.2486619,6.2021407]]},"properties":{"fclass":"secondary"}},{"type":"Feature","geometry":{"type":"LineString","coordinates":[[1.2059163,6.2209109],[1.2058091,6.2208152],[1.205852,6.220692],[1.2060242,6.2207065],[1.2060289,6.2208638],[1.2059643,6.2209071],[1.2059163,6.2209109]]},"properties":{"fclass":"secondary"}},{"type":"Feature","geometry":{"type":"LineString","coordinates":[[1.253871,6.1891847],[1.2527391,6.1896113],[1.2523308,6.1897653],[1.2495795,6.190794],[1.2478046,6.1914432],[1.2460623,6.1921046],[1.2447843,6.1925899],[1.2431194,6.1932245],[1.2405532,6.1941785],[1.2386303,6.1948685]]},"properties":{"fclass":"secondary"}},{"type":"Feature","geometry":{"type":"LineString","coordinates":[[1.2423491,6.1530509],[1.2427177,6.153014],[1.2431033,6.1529087]]},"properties":{"fclass":"secondary"}},{"type":"Feature","geometry":{"type":"LineString","coordinates":[[1.2437551,6.152662],[1.2431583,6.1529754]]},"properties":{"fclass":"secondary"}},{"type":"Feature","geometry":{"type":"LineString","coordinates":[[1.2431583,6.1529754],[1.2426762,6.153126],[1.2423801,6.1532061]]},"properties":{"fclass":"secondary"}},{"type":"Feature","geometry":{"type":"LineString","coordinates":[[1.2431033,6.1529087],[1.2436947,6.1525933]]},"properties":{"fclass":"secondary"}},{"type":"Feature","geometry":{"type":"LineString","coordinates":[[1.2435473,6.1601102],[1.2439314,6.1607482],[1.2443833,6.1614189],[1.2447757,6.1619129],[1.2454118,6.1627047],[1.245917,6.1633281],[1.2468222,6.1644696],[1.2475698,6.1653983],[1.2481881,6.166165],[1.2484793,6.166513]]},"properties":{"fclass":"secondary"}},{"type":"Feature","geometry":{"type":"LineString","coordinates":[[1.243908,6.152458],[1.2443257,6.1523393],[1.244582,6.1522792]]},"properties":{"fclass":"secondary"}},{"type":"Feature","geometry":{"type":"LineString","coordinates":[[0.4912021,10.5165398],[0.4910863,10.5162445]]},"properties":{"fclass":"secondary"}},{"type":"Feature","geometry":{"type":"LineString","coordinates":[[0.4971191,10.5325686],[0.497053,10.5319826]]},"properties":{"fclass":"secondary"}},{"type":"Feature","geometry":{"type":"LineString","coordinates":[[0.8731236,9.7439053],[0.8718757,9.7434253]]},"properties":{"fclass":"secondary"}},{"type":"Feature","geometry":{"type":"LineString","coordinates":[[0.497053,10.5319826],[0.4969136,10.5310462],[0.4965415,10.5298615],[0.495435,10.5270828],[0.494564,10.5247627],[0.4936884,10.522462],[0.4924946,10.5196039],[0.4912021,10.5165398]]},"properties":{"fclass":"secondary"}},{"type":"Feature","geometry":{"type":"LineString","coordinates":[[0.4910863,10.5162445],[0.4908976,10.5156946],[0.4908866,10.5153263],[0.4910348,10.5128828],[0.4919574,10.49951],[0.492241,10.494984],[0.493113,10.482349],[0.493006,10.473964],[0.492623,10.472235],[0.489992,10.470424],[0.487111,10.46776],[0.483384,10.463957],[0.482265,10.459637],[0.4816279,10.4560433],[0.4809417,10.4517205],[0.480964,10.4509357],[0.48136,10.447352],[0.481781,10.443181],[0.483159,10.427081],[0.482575,10.423498],[0.4811749,10.4156574],[0.48045,10.411259],[0.479089,10.4036079],[0.4789472,10.4028495],[0.4778197,10.3966421]]},"properties":{"fclass":"secondary"}},{"type":"Feature","geometry":{"type":"LineString","coordinates":[[0.8718757,9.7434253],[0.8687863,9.7421663],[0.8678475,9.7417935],[0.8668631,9.7416429],[0.8644894,9.7412913],[0.8631644,9.7410375],[0.8577114,9.739602],[0.8516335,9.7375718],[0.850617,9.7373154],[0.8498123,9.7372387],[0.8457381,9.7373973],[0.8413553,9.7376379],[0.8405533,9.7377938],[0.8384081,9.7384121],[0.8371952,9.7387376],[0.836421,9.7388151],[0.8356503,9.7388592],[0.8320829,9.7388962],[0.8316006,9.7387491],[0.8285794,9.7373042],[0.8219227,9.7342118],[0.8206674,9.7336302],[0.8195731,9.7330407],[0.8152708,9.7310183],[0.8139571,9.7303876],[0.812285,9.7295928],[0.8110528,9.7290071],[0.8098233,9.7284302],[0.8093566,9.7282795],[0.8087596,9.7282175],[0.8080186,9.7283311],[0.8055042,9.7286491],[0.8044454,9.7288585],[0.8018115,9.7297838],[0.8010069,9.7300613],[0.7995638,9.7303944],[0.7987833,9.7306244],[0.7972088,9.7311426],[0.7962325,9.7314069],[0.7944623,9.7317638],[0.7934993,9.7317903],[0.7920349,9.7316607],[0.7913053,9.731436],[0.786431,9.7292895],[0.7846025,9.7283319],[0.7832104,9.7274098],[0.7819793,9.7263708],[0.7806569,9.7251785],[0.7780042,9.7234496],[0.7772425,9.722868],[0.773136,9.7191588],[0.7703948,9.7169064],[0.7698289,9.7165178],[0.7687925,9.716021],[0.7656795,9.7145085],[0.7643571,9.7138397],[0.7633589,9.7134293],[0.7593824,9.7119893],[0.7587753,9.711738],[0.7580156,9.7112136],[0.7551384,9.7090703],[0.7529765,9.7074417],[0.7521531,9.7067728],[0.749841,9.7045996],[0.74909,9.7038488],[0.7487601,9.703209],[0.7485858,9.7021091],[0.7484785,9.7016464],[0.748111,9.7013979],[0.7469131,9.7012706]]},"properties":{"fclass":"secondary"}},{"type":"Feature","geometry":{"type":"LineString","coordinates":[[1.2403324,6.1794114],[1.2403134,6.1799225],[1.2402132,6.1812382],[1.2403645,6.1817183],[1.2406692,6.1824567],[1.2413766,6.1841588],[1.2418433,6.1852995],[1.2426074,6.1871568],[1.2430156,6.1881406],[1.244014,6.1905097],[1.2447608,6.1923182],[1.2448601,6.1925606],[1.2458478,6.1949476],[1.2462311,6.1958656],[1.2470286,6.1978067],[1.2481834,6.2006148],[1.2486019,6.2015867],[1.2486969,6.2017739]]},"properties":{"fclass":"secondary"}},{"type":"Feature","geometry":{"type":"LineString","coordinates":[[1.2403324,6.1794114],[1.2404213,6.1784599],[1.2404906,6.1774749],[1.2406464,6.1759636]]},"properties":{"fclass":"secondary"}},{"type":"Feature","geometry":{"type":"LineString","coordinates":[[1.2485805,6.2018159],[1.2481771,6.200792],[1.2477832,6.1998122],[1.2466647,6.1971183],[1.2458484,6.1951408],[1.2453037,6.1938324],[1.2447568,6.1925225],[1.2444196,6.1916813],[1.2436729,6.1899044],[1.2428525,6.1879179],[1.2425438,6.1871544],[1.2414899,6.1845929],[1.2408374,6.1830309],[1.2402978,6.1817642],[1.2401317,6.1813499],[1.2402027,6.1803832],[1.2403324,6.1794114]]},"properties":{"fclass":"secondary"}},{"type":"Feature","geometry":{"type":"LineString","coordinates":[[1.2485805,6.2018159],[1.2486195,6.2017901],[1.248677,6.2017748],[1.2486969,6.2017739]]},"properties":{"fclass":"secondary"}},{"type":"Feature","geometry":{"type":"LineString","coordinates":[[1.2671854,6.1558288],[1.2671584,6.1558785]]},"properties":{"fclass":"secondary"}},{"type":"Feature","geometry":{"type":"LineString","coordinates":[[1.2671584,6.1558785],[1.266929,6.1562574]]},"properties":{"fclass":"secondary"}},{"type":"Feature","geometry":{"type":"LineString","coordinates":[[1.2668851,6.1563232],[1.2668435,6.1563824]]},"properties":{"fclass":"secondary"}},{"type":"Feature","geometry":{"type":"LineString","coordinates":[[1.208763,6.2651073],[1.2087463,6.2650433]]},"properties":{"fclass":"trunk"}},{"type":"Feature","geometry":{"type":"LineString","coordinates":[[1.208763,6.2651073],[1.2089494,6.2658311],[1.2093571,6.2673842],[1.2097514,6.2691599],[1.2100545,6.2706929],[1.210438,6.2723353],[1.2109369,6.2748574],[1.2111461,6.2759052],[1.2114465,6.2775182],[1.211645,6.2785607],[1.2117013,6.2790366]]},"properties":{"fclass":"trunk"}},{"type":"Feature","geometry":{"type":"LineString","coordinates":[[1.1289968,7.5530413],[1.128805,7.5529057],[1.1284201,7.5524883],[1.1282736,7.5522698],[1.1281419,7.552028],[1.1280432,7.5513449],[1.1278286,7.5501551],[1.1275547,7.5492955],[1.1272278,7.5486859],[1.1268792,7.5481927],[1.1263981,7.5476859],[1.1261818,7.547387],[1.1261107,7.5470547],[1.1261965,7.5466851],[1.1264148,7.54624],[1.126577,7.5457766],[1.1267517,7.5453582],[1.1267625,7.5448171],[1.1266847,7.5443372],[1.1264916,7.5438373],[1.126399,7.5434704],[1.1261979,7.5428747],[1.1259256,7.5420917],[1.1256628,7.5415333],[1.1252484,7.5407901],[1.1250432,7.5403939],[1.1249399,7.5400575],[1.1248407,7.5393502],[1.1247546,7.5387792],[1.1245785,7.537334],[1.124516,7.5366265]]},"properties":{"fclass":"primary"}},{"type":"Feature","geometry":{"type":"LineString","coordinates":[[1.1373706,7.5535731],[1.1372714,7.5537114],[1.1370675,7.5542006],[1.1369026,7.5545144],[1.1367337,7.5547175],[1.1364144,7.5549943],[1.1359973,7.5553081],[1.1356976,7.5555043],[1.1354461,7.5554702],[1.135076,7.5553174],[1.1348064,7.5550781],[1.1343424,7.5546367],[1.1338086,7.55419],[1.1336678,7.5540092],[1.1334439,7.5537579],[1.1327076,7.5530267],[1.1322114,7.5525023],[1.1321129,7.5522932],[1.1319428,7.5522259],[1.1317702,7.552225],[1.1315998,7.5521865],[1.1314416,7.5521532],[1.1313437,7.5522224],[1.1312109,7.5525175],[1.1310902,7.5527475],[1.1309132,7.5529217],[1.1306396,7.5530586],[1.1302038,7.5531716],[1.1297679,7.5531915],[1.1294863,7.5532008],[1.129104,7.5531078],[1.1289968,7.5530413]]},"properties":{"fclass":"primary"}},{"type":"Feature","geometry":{"type":"LineString","coordinates":[[0.166041,11.0754489],[0.1663426,11.0744566],[0.1664954,11.0738117],[0.1669326,11.0725008],[0.1670471,11.0721268]]},"properties":{"fclass":"secondary"}},{"type":"Feature","geometry":{"type":"LineString","coordinates":[[1.2559379,6.2272841],[1.2559808,6.2275221]]},"properties":{"fclass":"secondary"}},{"type":"Feature","geometry":{"type":"LineString","coordinates":[[0.3923084,10.3028408],[0.3936544,10.3015136],[0.3939138,10.3013213],[0.3940359,10.301274]]},"properties":{"fclass":"primary"}},{"type":"Feature","geometry":{"type":"LineString","coordinates":[[1.2073077,6.1858911],[1.2071916,6.1859285],[1.2071523,6.1859901]]},"properties":{"fclass":"primary_link"}},{"type":"Feature","geometry":{"type":"LineString","coordinates":[[0.1593158,11.0982814],[0.1602349,11.0956996],[0.1604152,11.095235],[0.160917,11.0937024],[0.161447,11.0924677],[0.1634947,11.0864982],[0.165543,11.079241],[0.1658253,11.0765373]]},"properties":{"fclass":"primary"}},{"type":"Feature","geometry":{"type":"LineString","coordinates":[[0.5913057,9.2027228],[0.5886528,9.2080567],[0.5847961,9.2171389],[0.5836904,9.2200168],[0.584875,9.2253048],[0.5859412,9.2297548],[0.5872509,9.2352635],[0.5888388,9.2417974],[0.5892846,9.2435914],[0.5901928,9.2470668],[0.5902323,9.2497171],[0.5883764,9.2567195],[0.5865665,9.2636244],[0.5856516,9.2671645],[0.5845986,9.2717763],[0.5854213,9.277869],[0.5864348,9.2854554],[0.5873957,9.2929768],[0.5883961,9.3002317],[0.5894689,9.3082593],[0.5892056,9.3118509],[0.5887778,9.3176246],[0.5883431,9.3225107]]},"properties":{"fclass":"secondary"}},{"type":"Feature","geometry":{"type":"LineString","coordinates":[[1.2092645,6.1617082],[1.2089396,6.161497],[1.2078135,6.1606836],[1.2073173,6.1603289],[1.2065265,6.1597747],[1.2063568,6.1597052],[1.2056868,6.1596493],[1.2046132,6.1595632],[1.2033025,6.1594599],[1.2020711,6.1593684],[1.2018372,6.1593598]]},"properties":{"fclass":"secondary"}},{"type":"Feature","geometry":{"type":"LineString","coordinates":[[1.2093008,6.1616256],[1.2093551,6.1616489]]},"properties":{"fclass":"secondary"}},{"type":"Feature","geometry":{"type":"LineString","coordinates":[[1.2093209,6.1617356],[1.2092645,6.1617082]]},"properties":{"fclass":"secondary"}},{"type":"Feature","geometry":{"type":"LineString","coordinates":[[1.2093551,6.1616489],[1.209687,6.1617636],[1.2103964,6.1619449],[1.2114421,6.162208],[1.2126817,6.162524],[1.2139856,6.1628636],[1.2166004,6.1635243],[1.220444,6.1645196],[1.2217727,6.1648454],[1.2224622,6.1649651]]},"properties":{"fclass":"secondary"}},{"type":"Feature","geometry":{"type":"LineString","coordinates":[[1.2209626,6.1406537],[1.220921,6.1407978]]},"properties":{"fclass":"secondary"}},{"type":"Feature","geometry":{"type":"LineString","coordinates":[[1.2181547,6.1504897],[1.2177739,6.1518113],[1.2173541,6.1532727],[1.2171281,6.154241]]},"properties":{"fclass":"secondary"}},{"type":"Feature","geometry":{"type":"LineString","coordinates":[[0.6323124,6.9060793],[0.6324165,6.9066375],[0.6323631,6.9071285],[0.631994,6.9080717],[0.6320054,6.910322]]},"properties":{"fclass":"primary"}},{"type":"Feature","geometry":{"type":"LineString","coordinates":[[1.3966917,9.2959187],[1.395693,9.2945256],[1.3943193,9.291483],[1.3936999,9.2887067],[1.3923452,9.2850877],[1.3879249,9.2798359],[1.3849852,9.274584],[1.3815788,9.2692675],[1.3782314,9.2660061],[1.3731889,9.2618976],[1.3633988,9.2534486],[1.3613605,9.2488348],[1.3604298,9.2467142],[1.3591799,9.2439875],[1.3568759,9.2414566],[1.3554168,9.2394339],[1.3542715,9.2378667],[1.3524798,9.2355793],[1.350857,9.2336175],[1.3497627,9.2317961],[1.3492003,9.2309273]]},"properties":{"fclass":"secondary"}},{"type":"Feature","geometry":{"type":"LineString","coordinates":[[1.3289796,9.1300033],[1.3245926,9.1228806],[1.3243403,9.1212383],[1.3243809,9.1208537]]},"properties":{"fclass":"secondary"}},{"type":"Feature","geometry":{"type":"LineString","coordinates":[[0.7999659,6.39368],[0.7914588,6.3965052],[0.7845323,6.3990923],[0.7768857,6.4050473],[0.7747392,6.4063713],[0.7699281,6.4079474],[0.7630214,6.4104502],[0.7595775,6.4122014],[0.7574261,6.4137547],[0.755724,6.4149726],[0.7539234,6.4158637],[0.7519546,6.4160663],[0.7487384,6.4153735],[0.7466787,6.4155305],[0.7453079,6.4162096],[0.7436817,6.4175452],[0.7399598,6.4191075],[0.7375758,6.4210887],[0.7353196,6.4231322],[0.7342252,6.4255524],[0.7335848,6.4268839],[0.7323221,6.428945],[0.7320961,6.432396],[0.7294528,6.4368973],[0.7270854,6.4391599],[0.7260491,6.4405797],[0.7252371,6.4436258],[0.7241589,6.4468401],[0.722859,6.4522377],[0.721996,6.4548127],[0.7204196,6.4634035],[0.7210247,6.4677173],[0.7205656,6.4692892],[0.7201834,6.4718704],[0.7213142,6.4756127],[0.7236951,6.4807198],[0.7254751,6.4846381],[0.7260229,6.4863854],[0.7265326,6.4883963],[0.7266131,6.4892331],[0.7265313,6.4898541],[0.7263304,6.4904925],[0.725824,6.4913703]]},"properties":{"fclass":"primary"}},{"type":"Feature","geometry":{"type":"LineString","coordinates":[[1.2069477,6.1853943],[1.206971,6.1851796]]},"properties":{"fclass":"primary"}},{"type":"Feature","geometry":{"type":"LineString","coordinates":[[1.206971,6.1851796],[1.2070696,6.1853557]]},"properties":{"fclass":"primary"}},{"type":"Feature","geometry":{"type":"LineString","coordinates":[[1.2070748,6.1855717],[1.2071196,6.1857858],[1.2071335,6.1859102]]},"properties":{"fclass":"primary"}},{"type":"Feature","geometry":{"type":"LineString","coordinates":[[1.2071335,6.1859102],[1.2070083,6.1855742]]},"properties":{"fclass":"primary"}},{"type":"Feature","geometry":{"type":"LineString","coordinates":[[1.206971,6.1851796],[1.2065329,6.1835248],[1.206241,6.1823366],[1.2061623,6.1820578]]},"properties":{"fclass":"primary"}},{"type":"Feature","geometry":{"type":"LineString","coordinates":[[1.1926845,6.170601],[1.1909223,6.171273],[1.1895902,6.1718763],[1.1871739,6.172997],[1.1866497,6.1732155],[1.1847773,6.1740703],[1.1835207,6.1746556],[1.1816753,6.1754996],[1.1801802,6.1761927],[1.1786642,6.1769382],[1.1771802,6.1777537],[1.1755076,6.1786863],[1.1736487,6.1797282],[1.1709345,6.181271],[1.1703028,6.1817462],[1.1691908,6.1827458],[1.1684293,6.1834475],[1.1672368,6.1845446],[1.1665131,6.1852061],[1.1659241,6.1857435],[1.1645273,6.1870014],[1.1638299,6.1876261],[1.1629381,6.1884274],[1.1628227,6.188589]]},"properties":{"fclass":"trunk"}},{"type":"Feature","geometry":{"type":"LineString","coordinates":[[1.1620589,6.1885293],[1.1625358,6.188447],[1.1626227,6.1884533]]},"properties":{"fclass":"secondary"}},{"type":"Feature","geometry":{"type":"LineString","coordinates":[[1.6126346,7.0531757],[1.6126675,7.0525757],[1.6126869,7.0517796],[1.6126966,7.0511065]]},"properties":{"fclass":"secondary"}},{"type":"Feature","geometry":{"type":"LineString","coordinates":[[1.6019335,7.1044145],[1.6017546,7.1048421],[1.6013943,7.1051972],[1.6006363,7.1054565],[1.5993394,7.1058026],[1.5988201,7.1059716],[1.5985033,7.106193],[1.5983571,7.1064105],[1.5983778,7.1067367],[1.5988862,7.1088243],[1.5990499,7.1096946],[1.5990794,7.1112862],[1.5989962,7.11279],[1.5989265,7.1133729],[1.5989855,7.1139052],[1.5990713,7.1144642],[1.5992027,7.1150976],[1.5992926,7.1156352],[1.5993261,7.1167531],[1.5994602,7.119231],[1.5995809,7.1206309],[1.5997767,7.1228959],[1.5999162,7.1238314],[1.6001415,7.1247962],[1.6004929,7.1259939],[1.600796,7.1269866],[1.600914,7.1277212],[1.6008148,7.1286607],[1.6007048,7.1299608],[1.6006927,7.1309855],[1.6007128,7.1319449],[1.6006535,7.1328648],[1.6006062,7.1335053],[1.6007102,7.1341979],[1.6006418,7.1347554],[1.6004662,7.1351172]]},"properties":{"fclass":"secondary"}},{"type":"Feature","geometry":{"type":"LineString","coordinates":[[1.6240102,7.2879183],[1.6238644,7.2883397],[1.6237286,7.2887954],[1.6236545,7.2891458],[1.6236446,7.2895256],[1.6237014,7.2899691],[1.6238052,7.2904444],[1.6239632,7.2910471],[1.6242399,7.2920566],[1.6245042,7.2929705],[1.6247734,7.2939628],[1.6249513,7.2947101],[1.6252032,7.2957318],[1.6253838,7.2966725],[1.6255639,7.2974224],[1.6257714,7.298275],[1.6259492,7.2989635],[1.6260801,7.2995246],[1.6262555,7.3002596],[1.6264383,7.3011319],[1.6266013,7.3020776],[1.6268138,7.3031213],[1.6270361,7.3040328],[1.6272757,7.3050863],[1.627456,7.3059585],[1.6276783,7.3070145],[1.6278782,7.3080566],[1.6279882,7.3089159],[1.6279748,7.3099482],[1.6279426,7.3111427],[1.6278917,7.312268],[1.6278461,7.3133561],[1.6278031,7.3143006],[1.6277656,7.3152104],[1.627751,7.3156826]]},"properties":{"fclass":"secondary"}},{"type":"Feature","geometry":{"type":"LineString","coordinates":[[1.6126966,7.0511065],[1.6127082,7.0503238],[1.6127392,7.0494776],[1.6127479,7.049081],[1.6127691,7.0487073],[1.6127753,7.048249],[1.6127857,7.04784],[1.6127898,7.0472317],[1.6128105,7.0466871],[1.6128292,7.0461958],[1.6128455,7.0455319],[1.6128648,7.0449497],[1.6128605,7.0443888],[1.6128734,7.043847],[1.6128968,7.043202],[1.6129086,7.0423733],[1.6129194,7.0416652],[1.6129414,7.040862],[1.6129658,7.0401072],[1.612983,7.039384],[1.6130123,7.0387458],[1.6130294,7.0379279],[1.613049,7.0370373],[1.6130721,7.0360013],[1.6130696,7.0352336],[1.613051,7.0344801],[1.6130595,7.0339089],[1.6130569,7.0330533],[1.613067,7.0321928],[1.6130806,7.0312745],[1.6130884,7.0304263],[1.6130806,7.0297416],[1.6131207,7.0292944],[1.6132307,7.0288099],[1.6134252,7.0281604],[1.6136425,7.0274845]]},"properties":{"fclass":"secondary"}},{"type":"Feature","geometry":{"type":"LineString","coordinates":[[1.6300656,7.2263703],[1.629687,7.2268095],[1.6293688,7.2270418],[1.6289714,7.227153],[1.6284174,7.2272822],[1.6282262,7.2273264]]},"properties":{"fclass":"secondary"}},{"type":"Feature","geometry":{"type":"LineString","coordinates":[[1.6272189,7.245124],[1.6269719,7.2462488],[1.6268115,7.2470003],[1.6266211,7.247768],[1.6262703,7.2484002],[1.6260777,7.2486134]]},"properties":{"fclass":"secondary"}},{"type":"Feature","geometry":{"type":"LineString","coordinates":[[1.6260777,7.2486134],[1.6255145,7.2492995],[1.6250346,7.2498842],[1.6244202,7.2505982],[1.6240324,7.2510442],[1.623652,7.251522],[1.6234124,7.2518332],[1.6232716,7.2520782],[1.6231333,7.2524041],[1.6229307,7.2529505],[1.6227307,7.2534921],[1.6225281,7.2540115],[1.6222811,7.2546045],[1.6220044,7.2551804],[1.6217994,7.2554671],[1.6215302,7.2557145],[1.6210954,7.2560502],[1.6205644,7.2564692],[1.6200259,7.2568858],[1.6194775,7.2573146],[1.6191712,7.2576332],[1.6189069,7.2580105],[1.6186055,7.2584687],[1.6183239,7.2588926],[1.6180671,7.2593116],[1.6177805,7.2598287],[1.6176644,7.2601913],[1.6175977,7.2606397],[1.6175261,7.2612694],[1.6174767,7.2618134],[1.6174471,7.2627004],[1.6174965,7.263286],[1.6175236,7.2638178],[1.6176126,7.2644034],[1.6178176,7.26494],[1.6181189,7.2656628],[1.6184302,7.2662754],[1.6188822,7.2668267],[1.6196232,7.2673927],[1.6200481,7.2678485],[1.6204161,7.2684611],[1.6207141,7.2691702],[1.6210658,7.2698504],[1.621545,7.2704899],[1.6220291,7.2710976],[1.6223824,7.2715288],[1.6230073,7.2722933],[1.6235631,7.2729769],[1.6241312,7.2736924],[1.6245338,7.2741702],[1.6249711,7.274697],[1.6252205,7.274991]]},"properties":{"fclass":"secondary"}},{"type":"Feature","geometry":{"type":"LineString","coordinates":[[1.6043617,7.0979952],[1.6044921,7.0976042],[1.6046436,7.0971477],[1.6047888,7.0967121],[1.6049624,7.0962078],[1.6051989,7.0955811],[1.6053927,7.0950443],[1.6055109,7.0947197],[1.6057505,7.0940259],[1.6059872,7.0932066],[1.606248,7.0926597],[1.6065882,7.0921811],[1.6074607,7.0914322],[1.6079125,7.0910346],[1.6084072,7.0905543],[1.6085713,7.0901114],[1.6087976,7.0885696],[1.6089255,7.0878413],[1.6090589,7.0869779],[1.6092007,7.086131],[1.6093202,7.0854],[1.6094119,7.0847628],[1.6095204,7.0841145],[1.6096315,7.0833366],[1.6097304,7.0827559],[1.6098372,7.0820456],[1.6099429,7.0813835],[1.6100485,7.0806001],[1.6101402,7.0798608],[1.6102518,7.0792059],[1.6103638,7.0784217],[1.6104874,7.0775405],[1.6106052,7.0765566],[1.6107058,7.0758579],[1.6107834,7.0752362],[1.6108524,7.074663],[1.6109501,7.0739928],[1.6110392,7.0734053],[1.6111019,7.0728788],[1.6111599,7.0724395],[1.6112193,7.0719649],[1.611298,7.0714298],[1.6113723,7.0709123],[1.6114376,7.0704406],[1.6114867,7.0700588],[1.6115983,7.0692499],[1.6117043,7.0685047],[1.6117719,7.0679454],[1.6118225,7.0674806],[1.6118824,7.0670295],[1.6119377,7.0665799],[1.6119884,7.0660262],[1.6120487,7.0656118],[1.6120662,7.0654574]]},"properties":{"fclass":"secondary"}},{"type":"Feature","geometry":{"type":"LineString","coordinates":[[1.6029127,7.1017728],[1.6031885,7.1010324],[1.6036312,7.0999072],[1.6038654,7.0992838],[1.6041271,7.0986121],[1.604333,7.0980688]]},"properties":{"fclass":"secondary"}},{"type":"Feature","geometry":{"type":"LineString","coordinates":[[1.6252205,7.274991],[1.6259616,7.2758608],[1.6267026,7.2767013],[1.6271621,7.2773775],[1.627377,7.2780293],[1.6274264,7.2788599],[1.6273646,7.2792274]]},"properties":{"fclass":"secondary"}},{"type":"Feature","geometry":{"type":"LineString","coordinates":[[1.6240324,7.2878595],[1.6240102,7.2879183]]},"properties":{"fclass":"secondary"}},{"type":"Feature","geometry":{"type":"LineString","coordinates":[[1.627751,7.3156826],[1.6277498,7.3157708]]},"properties":{"fclass":"secondary"}},{"type":"Feature","geometry":{"type":"LineString","coordinates":[[1.6028681,7.1018745],[1.6029127,7.1017728]]},"properties":{"fclass":"secondary"}},{"type":"Feature","geometry":{"type":"LineString","coordinates":[[1.604333,7.0980688],[1.6043617,7.0979952]]},"properties":{"fclass":"secondary"}},{"type":"Feature","geometry":{"type":"LineString","coordinates":[[1.6120662,7.0654574],[1.612117,7.0649296],[1.6121752,7.0645051],[1.6122297,7.0640127],[1.6122662,7.0635243],[1.6122681,7.063152],[1.6122944,7.0627742],[1.612304,7.0623772],[1.6123075,7.0619777],[1.6123256,7.0615901],[1.6123518,7.0610299],[1.6123638,7.0607346]]},"properties":{"fclass":"secondary"}},{"type":"Feature","geometry":{"type":"LineString","coordinates":[[1.6273646,7.2792274],[1.6270781,7.280036],[1.6267792,7.2809696],[1.6265025,7.2817316],[1.6262259,7.2824593],[1.6259122,7.2833046],[1.6255095,7.2843753],[1.625186,7.2852794],[1.6249756,7.2857889],[1.6246895,7.2864261],[1.6243634,7.2871612],[1.6240695,7.2877811],[1.6240324,7.2878595]]},"properties":{"fclass":"secondary"}},{"type":"Feature","geometry":{"type":"LineString","coordinates":[[1.6123638,7.0607346],[1.612383,7.0602627],[1.6124186,7.059547],[1.6124561,7.0584737],[1.6124752,7.057904],[1.6124842,7.0572757],[1.6125011,7.0565949],[1.6125125,7.0559714],[1.6125404,7.0554769],[1.6125605,7.0549378],[1.6125798,7.0544909],[1.6126079,7.0538696],[1.6126346,7.0531757]]},"properties":{"fclass":"secondary"}},{"type":"Feature","geometry":{"type":"LineString","coordinates":[[1.6255342,7.2371577],[1.6260332,7.2377213],[1.6268429,7.2385837],[1.627492,7.2392422],[1.6279006,7.2397429],[1.6280093,7.2401546],[1.6279179,7.2407231],[1.6278166,7.2413381],[1.6277116,7.2420045],[1.6276388,7.2425364],[1.6275499,7.2431661],[1.6273794,7.2442051],[1.6272658,7.2449182],[1.6272189,7.245124]]},"properties":{"fclass":"secondary"}},{"type":"Feature","geometry":{"type":"LineString","coordinates":[[1.6282262,7.2273264],[1.6274166,7.227557],[1.6268461,7.2278465],[1.6261767,7.2283176],[1.6256837,7.2286791],[1.6254018,7.2290635],[1.6250819,7.229533],[1.624668,7.2301431],[1.6242895,7.2306809],[1.6241614,7.231006],[1.6241374,7.2316944],[1.6241285,7.2323081],[1.62413,7.2329662],[1.6241152,7.2336744],[1.6241201,7.234358],[1.6241102,7.2350417],[1.6241646,7.2355465],[1.6243745,7.2359582],[1.6248513,7.2364311],[1.6251785,7.2367803],[1.6255342,7.2371577]]},"properties":{"fclass":"secondary"}},{"type":"Feature","geometry":{"type":"LineString","coordinates":[[1.6277498,7.3157708],[1.6276932,7.3164129],[1.6276449,7.3170833],[1.6275564,7.317775],[1.6274732,7.3185811],[1.6274486,7.319261],[1.6274881,7.3198147],[1.6276264,7.3206893],[1.6277821,7.3216914],[1.6278541,7.3225211],[1.6278622,7.3231197],[1.627838,7.3235959],[1.6277683,7.3241465],[1.6276757,7.3246812],[1.6274652,7.3255193],[1.6272131,7.3264397],[1.6268992,7.3272844],[1.6266417,7.3280599],[1.6263306,7.3287063],[1.625939,7.3295496],[1.62553,7.3302666],[1.6251545,7.3306856]]},"properties":{"fclass":"secondary"}},{"type":"Feature","geometry":{"type":"LineString","coordinates":[[1.6028681,7.1018745],[1.6025388,7.1028415],[1.6022493,7.1036288],[1.6021786,7.1038087]]},"properties":{"fclass":"secondary"}},{"type":"Feature","geometry":{"type":"LineString","coordinates":[[1.621339,7.3334735],[1.6207597,7.333697],[1.619727,7.3341652],[1.6188177,7.334809],[1.6180667,7.3353437],[1.6177131,7.3356289]]},"properties":{"fclass":"secondary"}},{"type":"Feature","geometry":{"type":"LineString","coordinates":[[1.6251545,7.3306856],[1.6241983,7.3317231],[1.6236564,7.3325797],[1.623112,7.3330319],[1.6223127,7.3332421],[1.6215348,7.3334124],[1.621339,7.3334735]]},"properties":{"fclass":"secondary"}},{"type":"Feature","geometry":{"type":"LineString","coordinates":[[1.6177131,7.3356289],[1.617305,7.3359556],[1.6165808,7.3365435],[1.6159907,7.337025],[1.6156071,7.3374347],[1.6151029,7.3378151],[1.6145557,7.3381769],[1.6140756,7.3384801],[1.6134346,7.3388659],[1.6127989,7.3393181],[1.6123348,7.3397145],[1.6118869,7.340212],[1.6114041,7.3406881],[1.6109481,7.3411723],[1.6103017,7.3418347],[1.6097626,7.3423641],[1.6092959,7.342686],[1.6086039,7.342944],[1.6078529,7.3432286],[1.606942,7.3436143],[1.6062248,7.3439043],[1.605286,7.3442874],[1.6041139,7.3447742],[1.6032368,7.3453089],[1.6023329,7.346216],[1.6016087,7.3473333],[1.6014397,7.3476765]]},"properties":{"fclass":"secondary"}},{"type":"Feature","geometry":{"type":"LineString","coordinates":[[1.647272,7.2149705],[1.6471697,7.2150375]]},"properties":{"fclass":"secondary"}},{"type":"Feature","geometry":{"type":"LineString","coordinates":[[1.669655,7.1237432],[1.6690709,7.1258362],[1.6680444,7.1325519],[1.6673174,7.1345522],[1.6621955,7.1513956],[1.6586044,7.1635743],[1.6568812,7.1735249],[1.6559065,7.1795434],[1.6528231,7.1983734],[1.6503737,7.2105158],[1.6490382,7.2126678],[1.6474436,7.2148112],[1.647272,7.2149705]]},"properties":{"fclass":"secondary"}},{"type":"Feature","geometry":{"type":"LineString","coordinates":[[1.6361636,7.2831411],[1.6360509,7.2861289],[1.6354139,7.2891633],[1.6345878,7.2916721],[1.6345288,7.292755],[1.634915,7.295333],[1.6351537,7.2980148],[1.6365592,7.3002207],[1.6377196,7.3024426],[1.6384516,7.3100009],[1.6380615,7.3130818],[1.6373908,7.3191378],[1.6364184,7.3246866],[1.6362147,7.3260535]]},"properties":{"fclass":"secondary"}},{"type":"Feature","geometry":{"type":"LineString","coordinates":[[1.6362147,7.3260535],[1.6361904,7.3261923]]},"properties":{"fclass":"secondary"}},{"type":"Feature","geometry":{"type":"LineString","coordinates":[[1.6361668,7.2830141],[1.6361636,7.2831411]]},"properties":{"fclass":"secondary"}},{"type":"Feature","geometry":{"type":"LineString","coordinates":[[1.6471697,7.2150375],[1.6460516,7.215495],[1.6440198,7.216747],[1.6413348,7.2183668],[1.6398302,7.2194505],[1.6395459,7.219992],[1.6395283,7.2206187],[1.6404702,7.2365926],[1.6396738,7.2410776],[1.6377167,7.2491871],[1.6376277,7.2529638],[1.6381751,7.2567077],[1.6390267,7.2581355],[1.6392544,7.2610908],[1.6386011,7.2653015],[1.6370689,7.2720738],[1.6367368,7.274203],[1.6362297,7.2765478],[1.6361668,7.2830141]]},"properties":{"fclass":"secondary"}},{"type":"Feature","geometry":{"type":"LineString","coordinates":[[1.6361904,7.3261923],[1.635941,7.3280013],[1.6341466,7.3364504],[1.6331032,7.3418453],[1.6335533,7.3429248],[1.6355896,7.3452291],[1.6358981,7.3452837],[1.6363849,7.3451387],[1.6371104,7.3451546]]},"properties":{"fclass":"secondary"}},{"type":"Feature","geometry":{"type":"LineString","coordinates":[[1.6371104,7.3451546],[1.6374417,7.3451839],[1.6377853,7.345215],[1.6381229,7.3451972]]},"properties":{"fclass":"secondary"}},{"type":"Feature","geometry":{"type":"LineString","coordinates":[[0.4615459,9.8116145],[0.4618844,9.8107614],[0.4626703,9.808729],[0.4628018,9.8078964],[0.4630782,9.8040298],[0.4632254,9.8017536],[0.4633839,9.7993498],[0.4633363,9.7973912],[0.4628662,9.7928783],[0.4625257,9.7880734],[0.4624392,9.7863687],[0.4624933,9.7857658],[0.4626811,9.7852583]]},"properties":{"fclass":"secondary"}},{"type":"Feature","geometry":{"type":"LineString","coordinates":[[0.4626811,9.7852583],[0.4639333,9.7842794],[0.4652747,9.7832786],[0.4661733,9.7827367],[0.4686189,9.7819142],[0.469592,9.781636],[0.4746845,9.7799611],[0.478517,9.7787191],[0.4881969,9.7755286],[0.4896533,9.7750211],[0.4935533,9.7734986],[0.4941621,9.7732342],[0.4947615,9.77285],[0.4970897,9.771042],[0.4987525,9.7697565],[0.500291,9.7685239],[0.5006747,9.7680572],[0.5032069,9.764418],[0.5064386,9.7598272],[0.5099946,9.7546382],[0.5106,9.7537536],[0.5114744,9.7524855],[0.5116608,9.7522754],[0.5122735,9.7517778],[0.5133734,9.7509845],[0.5220342,9.7448723],[0.5286178,9.7402219],[0.5330464,9.7370838],[0.5355301,9.7353616],[0.5383757,9.7333579],[0.5412271,9.7313172],[0.5426264,9.7303385],[0.5449561,9.7287091],[0.545793,9.7281237],[0.5466416,9.7275143],[0.5478145,9.7266697],[0.5484964,9.7259557],[0.5504051,9.7239193],[0.5540612,9.7199705],[0.5577609,9.7159821],[0.5604315,9.7130783],[0.5608231,9.7127213],[0.5618986,9.7121053],[0.5665484,9.7094621],[0.572329,9.7062847],[0.5756428,9.7045358],[0.5771375,9.7037262]]},"properties":{"fclass":"secondary"}},{"type":"Feature","geometry":{"type":"LineString","coordinates":[[1.2212121,9.275121],[1.2213543,9.2748048],[1.2216235,9.2746499],[1.2217937,9.2746318]]},"properties":{"fclass":"trunk"}},{"type":"Feature","geometry":{"type":"LineString","coordinates":[[1.2362068,9.2791697],[1.236351,9.279948],[1.2365743,9.2812891],[1.2368406,9.2834408],[1.2368537,9.2838573]]},"properties":{"fclass":"trunk"}},{"type":"Feature","geometry":{"type":"LineString","coordinates":[[1.2558947,9.359881],[1.2566355,9.3595831],[1.2575213,9.3590121],[1.2583403,9.3581557],[1.2590551,9.3568252],[1.2595136,9.3556447],[1.260065,9.3548216],[1.2609911,9.354104],[1.261721,9.3537812],[1.2625979,9.3536253],[1.2641893,9.3534935],[1.2657917,9.3530982],[1.2671049,9.3528479],[1.2690634,9.3526195],[1.2699336,9.3523999],[1.2706236,9.3519738],[1.2711444,9.3513172],[1.2713736,9.3506101],[1.2713202,9.3497404],[1.2709463,9.3489345],[1.2703009,9.3483459],[1.2692778,9.3479528],[1.26823,9.3477441],[1.2674261,9.3475202],[1.2667806,9.3471205],[1.2662621,9.3465869],[1.2658149,9.3458463],[1.2656578,9.3451823],[1.2655664,9.3445518],[1.2655578,9.3439308],[1.2655462,9.3433033],[1.2654166,9.3426916]]},"properties":{"fclass":"trunk"}},{"type":"Feature","geometry":{"type":"LineString","coordinates":[[1.2422817,9.362137],[1.2425167,9.362212]]},"properties":{"fclass":"trunk"}},{"type":"Feature","geometry":{"type":"LineString","coordinates":[[1.2009108,9.2214795],[1.2008372,9.2211352]]},"properties":{"fclass":"trunk"}},{"type":"Feature","geometry":{"type":"LineString","coordinates":[[1.2610403,9.3545178],[1.2609911,9.354104]]},"properties":{"fclass":"trunk_link"}},{"type":"Feature","geometry":{"type":"LineString","coordinates":[[1.2225034,9.2556506],[1.2230122,9.2559752]]},"properties":{"fclass":"trunk"}},{"type":"Feature","geometry":{"type":"LineString","coordinates":[[1.2005412,9.2198525],[1.2008372,9.2211352]]},"properties":{"fclass":"trunk"}},{"type":"Feature","geometry":{"type":"LineString","coordinates":[[1.2561766,9.3371553],[1.2559188,9.336707],[1.2558164,9.3365996]]},"properties":{"fclass":"trunk"}},{"type":"Feature","geometry":{"type":"LineString","coordinates":[[1.240704,9.3617174],[1.2422817,9.362137]]},"properties":{"fclass":"trunk"}},{"type":"Feature","geometry":{"type":"LineString","coordinates":[[1.2367656,9.2824251],[1.2365905,9.28246],[1.2358254,9.2825407]]},"properties":{"fclass":"trunk_link"}},{"type":"Feature","geometry":{"type":"LineString","coordinates":[[1.2558164,9.3365996],[1.2555515,9.3358068],[1.2553556,9.3350733],[1.2550863,9.3344232],[1.2545811,9.3336612],[1.2537866,9.3330353],[1.2527628,9.3326443],[1.2517946,9.3323083],[1.2509645,9.3317285],[1.2500208,9.3306568],[1.2490994,9.3295631],[1.2482492,9.3286429],[1.2473634,9.3277842],[1.2463463,9.3268288],[1.2455584,9.3260228],[1.2448106,9.3252212],[1.2439925,9.3242791],[1.2431162,9.3231689],[1.2422276,9.3220493]]},"properties":{"fclass":"trunk"}},{"type":"Feature","geometry":{"type":"LineString","coordinates":[[1.2236611,9.2792994],[1.2228607,9.2799397],[1.2222462,9.2801663],[1.2217799,9.2805066],[1.2213339,9.2807304],[1.2209323,9.2806121],[1.2202789,9.2804155],[1.2191253,9.280521],[1.2179473,9.280557],[1.2173353,9.2807295],[1.2165726,9.2814295],[1.2154384,9.2824769],[1.2147001,9.28322],[1.2143285,9.2840349],[1.2140176,9.284953],[1.2141189,9.2857545],[1.2141155,9.2867443],[1.213906,9.2871782],[1.213432,9.288063],[1.2130301,9.2887477],[1.2129236,9.289629],[1.2127335,9.2901475],[1.2123842,9.2903595],[1.210191,9.291845],[1.2081426,9.292878],[1.2068494,9.2937489],[1.2044167,9.2935213],[1.203468,9.293218],[1.2021642,9.2932075],[1.200357,9.2935109],[1.1991989,9.2932363],[1.1982211,9.292946],[1.1969464,9.2918816],[1.1957169,9.2903779],[1.1951895,9.2900797],[1.1929582,9.2896822],[1.1910449,9.2889552],[1.1896961,9.2886283],[1.1887063,9.2888148],[1.1862617,9.2893135],[1.1836303,9.2896665],[1.181456,9.2893119],[1.1792345,9.288256],[1.1781335,9.2874388],[1.1769734,9.2863562],[1.176217,9.2853754],[1.1757025,9.2848011],[1.1742698,9.2838176],[1.1732894,9.2827561],[1.1726457,9.2824557],[1.1714374,9.2817741],[1.1695236,9.2803195],[1.167587,9.2786862],[1.1656049,9.2776777],[1.1630997,9.2765381],[1.1618485,9.2763065],[1.1586647,9.2766996],[1.1570087,9.276721],[1.1556015,9.2762005],[1.1540195,9.2757301],[1.1523951,9.2754656],[1.1502247,9.2748275],[1.148383,9.2741004],[1.1466234,9.2726672],[1.1450096,9.2707397],[1.1439204,9.2694137],[1.1431069,9.2682394],[1.1419833,9.2677555],[1.1406716,9.2676509],[1.1387556,9.2679177],[1.1375261,9.2681688],[1.136103,9.2681426],[1.1351596,9.2685114],[1.1346429,9.2688069],[1.1336438,9.2686526],[1.1317173,9.268174],[1.1306547,9.2677189],[1.1288845,9.2676195],[1.1267009,9.2678418],[1.1255641,9.2681269],[1.1238124,9.2676169],[1.1211969,9.2668454],[1.1199673,9.2661183],[1.119008,9.26593],[1.1180461,9.266236],[1.1169411,9.266304],[1.1150145,9.2663485],[1.1132019,9.2671226],[1.1105997,9.2681635],[1.109068,9.2686683],[1.1068526,9.2697118],[1.1033758,9.2705017],[1.1010386,9.271655],[1.098113,9.2735983],[1.0965234,9.2745354]]},"properties":{"fclass":"secondary"}},{"type":"Feature","geometry":{"type":"LineString","coordinates":[[1.2345605,9.2687455],[1.2354173,9.2701177],[1.2368668,9.2731248],[1.2374079,9.2749412],[1.2371446,9.2762313],[1.2364325,9.2776073],[1.2362068,9.2791697]]},"properties":{"fclass":"trunk"}},{"type":"Feature","geometry":{"type":"LineString","coordinates":[[1.2020808,9.226657],[1.2026976,9.2287641],[1.2033713,9.2300086],[1.2048498,9.2316401],[1.2081184,9.2349318],[1.2096563,9.2368831],[1.2106134,9.2390485],[1.2114761,9.2411792],[1.2126115,9.2430194],[1.2137027,9.2447822],[1.2149517,9.2470493],[1.2157634,9.2487476],[1.216357,9.2503808]]},"properties":{"fclass":"trunk"}},{"type":"Feature","geometry":{"type":"LineString","coordinates":[[1.0996272,9.9331605],[1.0995701,9.9331508]]},"properties":{"fclass":"secondary"}},{"type":"Feature","geometry":{"type":"LineString","coordinates":[[1.1002475,9.912749],[1.1006512,9.9130529],[1.1012104,9.9134743],[1.101767,9.9138799],[1.1024912,9.9145048],[1.1031398,9.9151594],[1.1036753,9.9158035],[1.1040606,9.9163954],[1.1044264,9.9169821],[1.1048912,9.9177098],[1.1053525,9.9184863],[1.1057449,9.9191704],[1.106268,9.920027],[1.1067487,9.9208348],[1.1072206,9.9216495],[1.1075776,9.9222466],[1.1080265,9.9228194],[1.108539,9.923413],[1.1091346,9.9240276],[1.1098256,9.9247222],[1.1102332,9.9252924],[1.1105492,9.9259762],[1.1108233,9.9267717],[1.111143,9.9273782],[1.1115396,9.9278658],[1.1121646,9.9283784],[1.1126608,9.9287628],[1.1131114,9.9293123],[1.1134118,9.9299147],[1.113731,9.9308209],[1.1141558,9.9316596],[1.1146436,9.9323291],[1.1152429,9.9329572],[1.1158367,9.9336158],[1.1161363,9.9341809],[1.1163793,9.9348468],[1.1165712,9.9354983],[1.1169439,9.9362703],[1.1174116,9.936893],[1.1180127,9.9374563],[1.1184494,9.9380466],[1.1186814,9.9387214],[1.1187508,9.9392541],[1.1187454,9.9398084],[1.118685,9.9405362],[1.1186605,9.940757]]},"properties":{"fclass":"secondary"}},{"type":"Feature","geometry":{"type":"LineString","coordinates":[[1.1186605,9.940757],[1.1185875,9.9416176],[1.1185688,9.941786]]},"properties":{"fclass":"secondary"}},{"type":"Feature","geometry":{"type":"LineString","coordinates":[[1.0871264,9.929339],[1.0871905,9.9295158],[1.0873286,9.9295739]]},"properties":{"fclass":"trunk_link"}},{"type":"Feature","geometry":{"type":"LineString","coordinates":[[1.0995701,9.9331508],[1.0990882,9.9330975],[1.0984232,9.9331281],[1.0977764,9.9332343],[1.0971489,9.9333416],[1.0964628,9.9333585],[1.0958635,9.9332721],[1.0950632,9.9330112],[1.0944311,9.9326494],[1.0939067,9.9322193],[1.0933952,9.9317874],[1.0927703,9.9311971],[1.0922953,9.9307616],[1.0918732,9.9303729],[1.0914859,9.9300363],[1.0910858,9.9297484],[1.0906308,9.9295162],[1.0902563,9.9293722],[1.0896991,9.9292319],[1.0892131,9.9291779],[1.0888458,9.9291743],[1.0883781,9.9292229],[1.0878684,9.9293488],[1.0873286,9.9295739],[1.0868854,9.9298258],[1.0865598,9.9300297]]},"properties":{"fclass":"secondary"}},{"type":"Feature","geometry":{"type":"LineString","coordinates":[[1.1185688,9.941786],[1.1185179,9.9424299],[1.1183708,9.9429613],[1.1181022,9.9434904],[1.1177734,9.9438701],[1.1173203,9.9441976],[1.1168763,9.9443992],[1.1161564,9.9445179],[1.115475,9.944437],[1.1145084,9.94414],[1.1133538,9.9437495],[1.1123471,9.9434148],[1.1114061,9.9430585],[1.1106698,9.9427004],[1.1099883,9.9422649],[1.1092502,9.9416908],[1.1083842,9.940881],[1.1076954,9.9401899],[1.1075474,9.9400279]]},"properties":{"fclass":"secondary"}},{"type":"Feature","geometry":{"type":"LineString","coordinates":[[1.0774263,7.5236189],[1.0775144,7.5236329]]},"properties":{"fclass":"primary"}},{"type":"Feature","geometry":{"type":"LineString","coordinates":[[1.0775144,7.5236329],[1.0779329,7.5237215],[1.0785229,7.5238133],[1.0788864,7.5238904],[1.0794362,7.5239875],[1.0799968,7.5240752],[1.0808001,7.5242361],[1.081236,7.5243092],[1.0817014,7.5243823],[1.082211,7.5244927],[1.0825007,7.5246243],[1.0827005,7.5247879],[1.0828292,7.5249115],[1.082954,7.5250471],[1.083135,7.5252412],[1.0834394,7.5255018],[1.08365,7.5256374],[1.084004,7.5257598],[1.0846719,7.5259552],[1.0858995,7.5263153]]},"properties":{"fclass":"primary"}},{"type":"Feature","geometry":{"type":"LineString","coordinates":[[1.2980218,7.4199399],[1.2980821,7.4199533]]},"properties":{"fclass":"secondary"}},{"type":"Feature","geometry":{"type":"LineString","coordinates":[[1.2980821,7.4199533],[1.302642,7.4220841],[1.3041935,7.4246929],[1.3051154,7.4289442],[1.3079036,7.4334556],[1.3077312,7.4390668],[1.3074464,7.441289],[1.3085032,7.4457928],[1.3107293,7.4541835],[1.3147472,7.4564911],[1.3172324,7.4577803]]},"properties":{"fclass":"secondary"}},{"type":"Feature","geometry":{"type":"LineString","coordinates":[[1.3172324,7.4577803],[1.3177517,7.4580812],[1.3183138,7.4585045],[1.3186303,7.459281],[1.3190916,7.4605576],[1.3194896,7.4622813],[1.3197032,7.4633128],[1.3199358,7.4639671],[1.3203331,7.4650762],[1.3209879,7.4664402],[1.3213963,7.4671851],[1.3217695,7.4678468],[1.3230261,7.4703187],[1.324033,7.4720384],[1.3241634,7.4723229]]},"properties":{"fclass":"secondary"}},{"type":"Feature","geometry":{"type":"LineString","coordinates":[[1.2951325,7.4051595],[1.2950205,7.4052886],[1.2949797,7.4054002],[1.2949447,7.4057595],[1.2949602,7.4062446],[1.2950079,7.4068278],[1.295009,7.4071197],[1.2949935,7.4075724],[1.2949479,7.4086347],[1.2948609,7.4097166],[1.2948028,7.4104854],[1.2947544,7.41108],[1.2946187,7.4121449],[1.2944896,7.4132857],[1.2944211,7.4139094],[1.2943942,7.414614],[1.2944762,7.4157206],[1.2945712,7.4164544],[1.2946517,7.4171797],[1.2947375,7.4176535],[1.2949193,7.4180167],[1.2953667,7.4187987],[1.2956766,7.419244],[1.2960152,7.4194251],[1.2968384,7.4196688],[1.2980218,7.4199399]]},"properties":{"fclass":"secondary"}},{"type":"Feature","geometry":{"type":"LineString","coordinates":[[1.2378076,6.1276545],[1.2379149,6.1276244],[1.238025,6.1276703],[1.2380678,6.1277383]]},"properties":{"fclass":"trunk"}},{"type":"Feature","geometry":{"type":"LineString","coordinates":[[1.0586392,7.5204993],[1.0587622,7.5202012],[1.0587819,7.5201397]]},"properties":{"fclass":"secondary"}},{"type":"Feature","geometry":{"type":"LineString","coordinates":[[1.223075,6.1650786],[1.2237066,6.1653218],[1.2243632,6.1655891],[1.2250165,6.1657328],[1.2269323,6.1662383],[1.2286764,6.1666983],[1.2296405,6.1669617],[1.2300155,6.1671543],[1.2306686,6.1674423],[1.2318635,6.1677877],[1.2325714,6.1681453],[1.2329823,6.1683053],[1.2338819,6.1685557],[1.2343861,6.1686997],[1.2346483,6.168739]]},"properties":{"fclass":"secondary"}},{"type":"Feature","geometry":{"type":"LineString","coordinates":[[1.3088459,9.6586664],[1.3092752,9.6574284],[1.3101503,9.6547982],[1.3103886,9.653602]]},"properties":{"fclass":"secondary"}},{"type":"Feature","geometry":{"type":"LineString","coordinates":[[1.1440909,9.6473702],[1.1455184,9.6466706],[1.1459242,9.6466426],[1.1461795,9.6469391],[1.1468435,9.6482175],[1.1472408,9.6489347],[1.1477544,9.6490633],[1.1481797,9.64918],[1.1484546,9.649449],[1.1486954,9.6499],[1.1489201,9.6502896],[1.1492792,9.6514467],[1.1495835,9.6522861],[1.1498402,9.6537251],[1.1502096,9.6550817],[1.1504061,9.6558277],[1.1505786,9.6562747],[1.1508976,9.6568009],[1.1510421,9.6576316],[1.1510662,9.6583476],[1.1512648,9.659446],[1.1515938,9.6602978],[1.1515537,9.6607705],[1.1513704,9.6612513],[1.1511317,9.6614826],[1.1507166,9.6615772]]},"properties":{"fclass":"primary"}},{"type":"Feature","geometry":{"type":"LineString","coordinates":[[1.2760237,9.5155714],[1.2771635,9.5156136],[1.277958,9.5150651],[1.2786901,9.5145726],[1.2790646,9.5143599],[1.2795483,9.5134932],[1.2807837,9.5117048],[1.2832412,9.5085337],[1.2850402,9.5053379],[1.2876619,9.500004],[1.2883429,9.4977596],[1.288655,9.4973062],[1.2900907,9.4961868],[1.2922558,9.4934835],[1.2941539,9.492073],[1.2951924,9.4914993],[1.2978652,9.4908136],[1.2995875,9.4906317],[1.3004529,9.4906905],[1.3018404,9.4909815],[1.3036109,9.4913538],[1.3058581,9.4917847],[1.3068399,9.4922157],[1.3077706,9.4922745],[1.30949,9.4923053],[1.3101965,9.4923836],[1.3106068,9.4920989]]},"properties":{"fclass":"secondary"}},{"type":"Feature","geometry":{"type":"LineString","coordinates":[[1.1819295,9.709494],[1.1826862,9.7123126],[1.1836855,9.7166405],[1.1840853,9.7174986],[1.184949,9.7186671],[1.1860703,9.7202284],[1.1863491,9.7207609],[1.1864478,9.7211199]]},"properties":{"fclass":"primary"}},{"type":"Feature","geometry":{"type":"LineString","coordinates":[[1.1591073,9.671197],[1.1615662,9.6739106],[1.1629341,9.6753463],[1.163536,9.6764064],[1.1655584,9.6812322],[1.1665423,9.6835924]]},"properties":{"fclass":"primary"}},{"type":"Feature","geometry":{"type":"LineString","coordinates":[[1.2224381,9.6088119],[1.221643,9.6094309],[1.2210789,9.6100436],[1.2208633,9.6106227],[1.2207277,9.6121812],[1.220537,9.613167],[1.2199329,9.6137044],[1.2195751,9.6141336],[1.2191041,9.6152918],[1.2182354,9.617691],[1.2179823,9.6188356],[1.2177443,9.6204995],[1.2171435,9.6214939],[1.2159955,9.6229906],[1.2152284,9.6250004],[1.2146316,9.6265435],[1.214586,9.6266307]]},"properties":{"fclass":"secondary"}},{"type":"Feature","geometry":{"type":"LineString","coordinates":[[1.2756639,9.5155163],[1.2760237,9.5155714]]},"properties":{"fclass":"secondary"}},{"type":"Feature","geometry":{"type":"LineString","coordinates":[[1.1698217,9.4486569],[1.1691116,9.4479384],[1.1676269,9.4458524],[1.1672617,9.4448351],[1.1663308,9.441712],[1.1654199,9.4397605],[1.1642683,9.4385335],[1.1612106,9.4364434],[1.160296,9.4357714],[1.1587551,9.4350827],[1.1549511,9.4338556],[1.1538998,9.4332776],[1.1521663,9.4322088],[1.1510663,9.4309625],[1.1496945,9.4295963],[1.1490899,9.4286119]]},"properties":{"fclass":"secondary"}},{"type":"Feature","geometry":{"type":"LineString","coordinates":[[1.1381086,9.6360889],[1.1380927,9.6368436],[1.1383362,9.6377217],[1.1389742,9.6388373],[1.1402824,9.6412386],[1.1410929,9.6425994],[1.1428234,9.6452757],[1.143767,9.6467161],[1.1440694,9.6473466]]},"properties":{"fclass":"primary"}},{"type":"Feature","geometry":{"type":"LineString","coordinates":[[0.4673194,10.9235627],[0.4678482,10.9228284],[0.4680939,10.9222221],[0.4724493,10.9177622],[0.4744647,10.9154411],[0.4771842,10.9144293],[0.4803538,10.9133634],[0.4815422,10.913155],[0.484361,10.9127219],[0.4867848,10.9126963],[0.4892993,10.9124109],[0.4899331,10.9124171],[0.4943772,10.9135915],[0.4953077,10.9136731],[0.5017543,10.9139214],[0.5047904,10.9136947],[0.5052336,10.9138619],[0.5066688,10.9156479],[0.5083688,10.9181867],[0.5090864,10.9188695],[0.5104929,10.9198867],[0.5124236,10.9213059],[0.515485,10.9228936],[0.5167501,10.9234982],[0.5184632,10.9237331],[0.5206789,10.9236063],[0.5229071,10.9236648],[0.5317614,10.924363],[0.535985,10.926068],[0.5455151,10.9289921],[0.5480941,10.9310366],[0.5487169,10.9311266],[0.5510947,10.9309833],[0.5524472,10.9311859],[0.5538547,10.9319525],[0.5569452,10.9356739],[0.5599112,10.9375175]]},"properties":{"fclass":"secondary"}},{"type":"Feature","geometry":{"type":"LineString","coordinates":[[0.9416987,7.4874183],[0.9422273,7.4873902],[0.9428887,7.4874459],[0.9438745,7.4877238],[0.9447384,7.4880002],[0.9460581,7.4884135]]},"properties":{"fclass":"primary"}},{"type":"Feature","geometry":{"type":"LineString","coordinates":[[0.946153,7.4884505],[0.9476902,7.4889388],[0.948742,7.4892252],[0.9497979,7.4896016],[0.9515601,7.4902229],[0.9533246,7.4908328],[0.9544315,7.4911739],[0.9550945,7.4914139],[0.9569013,7.4920287],[0.957887,7.4923657],[0.958481,7.4925743],[0.9593866,7.4928922],[0.9600602,7.4931288],[0.9610163,7.4934645],[0.9618831,7.4937964],[0.9624768,7.4940178],[0.9633814,7.4943358],[0.9644711,7.4947212],[0.9654209,7.4950606],[0.9662279,7.4953333],[0.9675908,7.4958438],[0.9686065,7.496217],[0.9700604,7.4967427],[0.9708054,7.4970232],[0.9714921,7.4973157],[0.9723759,7.4976308],[0.9732221,7.4979726],[0.9736633,7.4982066],[0.9740667,7.4985457],[0.9744251,7.4990243],[0.9748733,7.4996549],[0.9752083,7.5000441],[0.9754711,7.5002835],[0.9759244,7.500556],[0.9770805,7.5011557],[0.9774546,7.5013133],[0.9778798,7.5014668],[0.9785905,7.5017248],[0.9795374,7.5020785],[0.9801355,7.5023125],[0.9809494,7.5026076],[0.9818628,7.5029326],[0.9825268,7.5031806],[0.9830087,7.503372],[0.9841856,7.5037857],[0.9850627,7.5041021],[0.985465,7.504259],[0.9860364,7.5044704],[0.9869443,7.5048201],[0.9886006,7.5053985],[0.9893205,7.5056805],[0.9899883,7.5059024]]},"properties":{"fclass":"primary"}},{"type":"Feature","geometry":{"type":"LineString","coordinates":[[0.9952278,7.5077816],[0.9961724,7.5079812],[0.9987223,7.5083321],[1.0003647,7.5085816],[1.0009937,7.5086906],[1.0026325,7.5089339],[1.0048485,7.5093172],[1.0060698,7.5095482],[1.0068101,7.5096812],[1.007891,7.5098594],[1.0091865,7.5101093],[1.0106407,7.5103684],[1.0121289,7.5106598],[1.0129403,7.5108153],[1.0136725,7.5109297],[1.0149544,7.5111295],[1.0160345,7.5113405],[1.0166554,7.5114509],[1.0172998,7.5115904],[1.0180018,7.5117312],[1.0205195,7.5122174],[1.0218676,7.5124752],[1.0229132,7.5126705],[1.0235556,7.5127977],[1.0248198,7.5130663],[1.0251805,7.5131355]]},"properties":{"fclass":"primary"}},{"type":"Feature","geometry":{"type":"LineString","coordinates":[[0.9460581,7.4884135],[0.946153,7.4884505]]},"properties":{"fclass":"primary"}},{"type":"Feature","geometry":{"type":"LineString","coordinates":[[1.0251805,7.5131355],[1.0313804,7.51436],[1.0333747,7.5147855],[1.0348217,7.5151086],[1.0372666,7.5156417],[1.0380404,7.5158133],[1.0391347,7.5160353],[1.0414696,7.5165552],[1.043724,7.5170405],[1.0465483,7.5176346]]},"properties":{"fclass":"primary"}},{"type":"Feature","geometry":{"type":"LineString","coordinates":[[0.9899883,7.5059024],[0.9905169,7.5060879],[0.9911111,7.50629],[0.9922993,7.5067075],[0.9933652,7.5071168],[0.9943573,7.5074891],[0.9952278,7.5077816]]},"properties":{"fclass":"primary"}},{"type":"Feature","geometry":{"type":"LineString","coordinates":[[0.9374655,7.487964],[0.9375974,7.4880045],[0.9377248,7.4880224],[0.9378782,7.4880109],[0.9384914,7.4879257],[0.9390855,7.4878231],[0.9396786,7.4877178],[0.9399786,7.4876556],[0.9407982,7.4875169],[0.9415349,7.4874375],[0.9416987,7.4874183]]},"properties":{"fclass":"primary"}},{"type":"Feature","geometry":{"type":"LineString","coordinates":[[1.0467146,7.5176654],[1.0474777,7.5178196],[1.0491098,7.518144],[1.0504558,7.5184383],[1.0510115,7.5185509],[1.0517062,7.5187144],[1.0522333,7.5188168],[1.053215,7.5190215],[1.0540894,7.519201],[1.054831,7.5193579],[1.0555646,7.5195028],[1.0559736,7.5195773],[1.0564899,7.5196757],[1.0569848,7.5197634],[1.0578096,7.5199296],[1.0584198,7.5200559],[1.05916,7.5202115],[1.0595678,7.520274],[1.0601994,7.5204189],[1.0605293,7.5204708],[1.0609102,7.5205532],[1.0614426,7.5206609],[1.0618624,7.5207393],[1.062209,7.5208092],[1.0627972,7.5209255],[1.063292,7.5210199],[1.0643823,7.5212233],[1.0649858,7.5213416],[1.0655558,7.5214653],[1.0663015,7.5216009],[1.06697,7.5217189],[1.0673958,7.5217977],[1.0682608,7.5219599],[1.0687825,7.5220689],[1.0693243,7.5221593],[1.0697937,7.5222524],[1.0707338,7.522396],[1.0715165,7.5225423],[1.0717772,7.5226034],[1.0722332,7.5226845],[1.0731748,7.5228542],[1.0734978,7.5229165],[1.0738218,7.5229718],[1.0744138,7.523078],[1.0750562,7.5231897],[1.0755309,7.5232722],[1.0758997,7.5233426],[1.0764644,7.523441],[1.0770343,7.52355],[1.0774263,7.5236189]]},"properties":{"fclass":"primary"}},{"type":"Feature","geometry":{"type":"LineString","coordinates":[[1.0465483,7.5176346],[1.0467146,7.5176654]]},"properties":{"fclass":"primary"}},{"type":"Feature","geometry":{"type":"LineString","coordinates":[[1.0253109,7.5464374],[1.0251692,7.5467027],[1.0249412,7.5477178],[1.024628,7.5492454],[1.0244701,7.5499958],[1.0240118,7.5521346],[1.0233961,7.5550491],[1.0232839,7.5555808],[1.023143,7.5558184],[1.022891,7.5559721],[1.0227115,7.5560071],[1.022495,7.5559744],[1.0220266,7.5556887],[1.0216449,7.5554084],[1.0213854,7.555107],[1.0209289,7.5544307],[1.0207067,7.5542933],[1.0205434,7.5543328],[1.020514,7.5544734],[1.0206278,7.5545881],[1.0209382,7.5547584],[1.0210972,7.5550208],[1.0211661,7.5552945],[1.0213654,7.5559324],[1.0215716,7.5567161],[1.0215452,7.5571818],[1.0216209,7.5573697],[1.0218469,7.5577034],[1.0218823,7.5578178],[1.02156,7.5585005],[1.0215526,7.5589408],[1.0216885,7.5599664],[1.0217342,7.5610971],[1.0217379,7.562059],[1.0216627,7.562707],[1.0218229,7.5630901],[1.0218293,7.563559],[1.0217751,7.564017],[1.0219511,7.5643179],[1.0222034,7.564903],[1.0224445,7.565889],[1.0224129,7.5665881],[1.0222259,7.567391],[1.0220515,7.568113],[1.0218671,7.5681461],[1.0217604,7.5680047],[1.0220024,7.5676114],[1.0220624,7.5674051],[1.0220762,7.5665513],[1.0219728,7.5658764],[1.021318,7.5648444],[1.0208531,7.5642304],[1.0207503,7.5636497],[1.0205887,7.5631671],[1.0203101,7.5624027],[1.0199148,7.5610568],[1.0198543,7.5603877],[1.0198005,7.5602208],[1.0196187,7.5601808],[1.0194879,7.560324],[1.019645,7.5611973],[1.019876,7.5623643],[1.019857,7.5625418],[1.0197202,7.5626232],[1.0195253,7.5625295],[1.0193946,7.5620522],[1.0192376,7.5613677],[1.018661,7.5602962],[1.0185393,7.5599756],[1.0186371,7.5596908],[1.0186968,7.5595547],[1.018699,7.5591981],[1.0186634,7.5589863],[1.0186227,7.5587883],[1.0186046,7.5584169],[1.0185501,7.5583231],[1.0184509,7.5582687],[1.0183724,7.5582678],[1.0182968,7.5583212],[1.0182811,7.5583844],[1.0183279,7.5585145],[1.0184459,7.5588853],[1.0184308,7.5590265],[1.0182896,7.5593504],[1.0181582,7.5595252],[1.0178678,7.559594],[1.017418,7.5596842],[1.0170157,7.5598664],[1.016879,7.5598719],[1.0167838,7.5598081],[1.0167215,7.5596215],[1.016729,7.5593921],[1.0168246,7.559192],[1.0170538,7.55898],[1.0173053,7.5589177],[1.0176031,7.558849],[1.0176469,7.5587935],[1.0176701,7.5585472],[1.0176186,7.5582784],[1.0174938,7.5579575],[1.0173815,7.5578298],[1.0172347,7.5577875],[1.0170374,7.557885],[1.0166621,7.5583038],[1.01638,7.5583246],[1.0161281,7.5581235],[1.0159057,7.5575355],[1.0153345,7.5566884],[1.0151635,7.5563769],[1.0150975,7.5561128],[1.0151086,7.5559709],[1.0151602,7.5558332],[1.0152404,7.5557532],[1.0154736,7.5555299],[1.0155993,7.555425],[1.0156293,7.5553521],[1.0156318,7.5552685],[1.0155839,7.5551483],[1.0154343,7.5550426],[1.0152708,7.5550162],[1.014853,7.5551405],[1.0144147,7.5552601],[1.0142344,7.5552405],[1.0138818,7.5551592],[1.0137969,7.5551695],[1.01371,7.5552536],[1.0136695,7.5554691],[1.0134744,7.5566029],[1.013422,7.5567202],[1.0132249,7.5570052],[1.0132221,7.5572099],[1.0132807,7.5575968],[1.0132455,7.5577498],[1.0131427,7.5579339],[1.0128124,7.5583315],[1.0126014,7.5587119],[1.0124966,7.5589767],[1.0123742,7.5590973],[1.0121969,7.5591628],[1.0118796,7.5591523],[1.0114305,7.5590787],[1.0109795,7.5589323],[1.0107526,7.5587904],[1.0106045,7.5585799],[1.0101682,7.5563962],[1.0093421,7.5518408],[1.0091173,7.5510109],[1.0088806,7.5505805],[1.0085747,7.5501891],[1.0082626,7.549923],[1.007309,7.5493042],[1.0055049,7.5483403],[1.0046133,7.5474871],[1.0036664,7.5459762],[1.0028834,7.5448344],[1.0022986,7.544292],[1.0013468,7.5437782],[1.0006217,7.5434033],[0.9999973,7.5431353],[0.9981981,7.5426744],[0.9967759,7.5423339],[0.9943539,7.5418537],[0.9922197,7.5419664],[0.9917187,7.5420834],[0.9911916,7.5423164],[0.9894619,7.5433996],[0.9878782,7.5443613],[0.9875008,7.544428],[0.9871488,7.5443602],[0.9867923,7.5442134],[0.9865815,7.5441831],[0.9863353,7.5442254],[0.9860486,7.5443838],[0.9858894,7.5445432],[0.985763,7.5448225],[0.9857677,7.5451543],[0.986012,7.5458782],[0.9872343,7.5492186],[0.9871908,7.5496681],[0.9868853,7.5500566],[0.9846516,7.5516304],[0.9841052,7.5521386],[0.9837071,7.552717],[0.9834603,7.5532092],[0.9832952,7.5537406],[0.9831477,7.5541089],[0.9828808,7.5544093],[0.9825026,7.5546992],[0.9819112,7.5551312],[0.9810073,7.5560712],[0.9799749,7.5571905],[0.9794966,7.5576187],[0.9791901,7.5577941],[0.9786718,7.5579857],[0.9777693,7.5581734],[0.9763332,7.5584472],[0.9758992,7.558472],[0.9747822,7.55835],[0.9736869,7.5582287],[0.9727943,7.558286],[0.9717536,7.5584482],[0.9710583,7.5584979],[0.9708264,7.5584756],[0.9704058,7.5584017],[0.9693548,7.5581979],[0.9690653,7.5581845],[0.9685591,7.5583312],[0.9674733,7.558896],[0.9662779,7.5595394],[0.96569,7.5596467],[0.9651728,7.5595331],[0.964684,7.559158],[0.9631166,7.5578027],[0.9627894,7.5573304],[0.9620052,7.5556765],[0.9616458,7.5552287],[0.9611703,7.5549598],[0.9607264,7.5548334],[0.9605089,7.5548491],[0.9602589,7.5549008],[0.9600071,7.5550176],[0.9598084,7.5551582],[0.9590051,7.5560619],[0.9587803,7.556259],[0.9585853,7.5563464],[0.958301,7.5564075],[0.9579349,7.5564248],[0.9575192,7.5563477],[0.95698,7.5561562],[0.9565053,7.5560898],[0.9558803,7.556111],[0.9551481,7.5562467],[0.9541476,7.5562732],[0.953528,7.5563424],[0.9530372,7.5565099],[0.9525552,7.5568317],[0.9518538,7.5573152],[0.9511749,7.5577697],[0.9503778,7.5583008],[0.949895,7.5585599],[0.9494564,7.5586344],[0.9488637,7.5585599],[0.9483326,7.55831],[0.9473227,7.5574108],[0.9468622,7.5570768],[0.9465393,7.5569328],[0.9463257,7.5568802],[0.9460398,7.5568512],[0.9456878,7.5568731],[0.9449445,7.5570284],[0.9441866,7.5572084],[0.9433834,7.5573874],[0.9422919,7.5576193],[0.9416267,7.5577922],[0.9409377,7.557943],[0.9403188,7.5580742],[0.9400305,7.5580922],[0.9397313,7.5580181],[0.9383227,7.557472],[0.9379074,7.5572981],[0.9377147,7.5571583],[0.9363295,7.5554571],[0.9358927,7.5550444],[0.9353561,7.5546912],[0.9348855,7.5545298],[0.9318907,7.5541727],[0.929824,7.55394],[0.9290618,7.553852],[0.9282858,7.5535087],[0.9271646,7.5527688],[0.9266701,7.5522265],[0.9258405,7.5511343],[0.9253917,7.5507427],[0.9243626,7.5503001],[0.9227105,7.5497611],[0.9222001,7.5496656],[0.9214255,7.5496049],[0.9205316,7.5495055],[0.9197388,7.5492991],[0.9190629,7.5489902],[0.9177594,7.5482872],[0.9168618,7.5478165],[0.9163883,7.5475788],[0.9157603,7.5473535],[0.9149301,7.5470579],[0.9141716,7.5467982],[0.9135373,7.5467249],[0.9122272,7.5467564],[0.9113107,7.5468366],[0.9107763,7.5470228],[0.9098361,7.5475524],[0.9084265,7.5483596],[0.9080914,7.5484801],[0.9076855,7.5484523],[0.9074385,7.5483359],[0.9069829,7.5478934],[0.9063597,7.5472494],[0.9059566,7.5468504],[0.9056928,7.546594],[0.9053133,7.5463589],[0.904893,7.5462213],[0.9044391,7.5462016],[0.903542,7.5464103],[0.9009031,7.5471212],[0.9003525,7.5471698],[0.8998406,7.5470798],[0.8976711,7.5462596],[0.8930841,7.5445395],[0.8920998,7.5442038],[0.8915328,7.544159],[0.8907134,7.5443585],[0.8889565,7.5448584],[0.8883043,7.5451158],[0.8878904,7.5454393],[0.8869466,7.5463879],[0.8854601,7.5479529],[0.8846736,7.5487867],[0.8841811,7.5491679],[0.8836696,7.5494306],[0.8833682,7.5494691],[0.8827258,7.5494344],[0.8815255,7.5493533],[0.880804,7.5492696],[0.8794347,7.5491832],[0.8787605,7.549061],[0.8781337,7.5486823],[0.8777579,7.5485481],[0.8773555,7.5486277],[0.8763448,7.5491101],[0.8756152,7.5494531],[0.8750251,7.5495382],[0.8741481,7.5494132],[0.8719031,7.5488947],[0.8708771,7.5486408],[0.8704734,7.5486155],[0.8700805,7.5486673],[0.8696875,7.5488442],[0.8685956,7.5497921],[0.866562,7.5516288],[0.8646692,7.5532389],[0.8618025,7.555836],[0.8614887,7.5562987],[0.861108,7.5576123],[0.860789,7.5589491],[0.8604511,7.5595204],[0.860056,7.5598677],[0.8592266,7.5601958],[0.8578188,7.5606312],[0.857362,7.5609505],[0.8570597,7.5613383],[0.856873,7.5617828],[0.8566215,7.5630117],[0.8558925,7.5665233],[0.8553988,7.56875],[0.8548611,7.5705562],[0.8540457,7.5731575],[0.8535122,7.5749126],[0.85326,7.5757796],[0.8531686,7.5764653],[0.8532147,7.5773362],[0.853194,7.5777547],[0.8529818,7.5782849],[0.8521464,7.5792012],[0.8514674,7.5800042],[0.8512907,7.580552],[0.8511992,7.58201],[0.8512294,7.5827676],[0.851407,7.5834997],[0.8516766,7.584375],[0.8517987,7.5848491],[0.8517715,7.5852302],[0.851447,7.5857205],[0.8511763,7.5861119],[0.8515805,7.5873809],[0.8517036,7.5877192],[0.8516667,7.5879866],[0.8513077,7.5883598],[0.8506329,7.5887959],[0.8503859,7.5890684],[0.8502593,7.5893719],[0.8502689,7.5896837],[0.8505196,7.5902877],[0.8508625,7.5908377],[0.851522,7.5918154],[0.8522639,7.5925128],[0.8532415,7.5934287],[0.8536112,7.593911],[0.8540677,7.5942237],[0.8552649,7.5945954],[0.8557846,7.594876],[0.8560888,7.5952962],[0.8561968,7.5956974],[0.8562193,7.5966421],[0.8561868,7.5977693],[0.8559482,7.5983315],[0.8555013,7.5987367],[0.8542626,7.5992222],[0.8533636,7.5995689],[0.8518572,7.6002883],[0.8511803,7.6004063],[0.8505934,7.6003657],[0.8501785,7.6005074],[0.8496912,7.6011127],[0.8491164,7.6019132],[0.8487358,7.6022107],[0.848053,7.6023051],[0.8476311,7.6021792],[0.8471883,7.6018055],[0.8469545,7.6016667],[0.8466041,7.6016553],[0.8463674,7.6018087],[0.8462375,7.6020686],[0.8461699,7.6026901],[0.8459603,7.6029991],[0.8456544,7.6032127],[0.8451282,7.6032871],[0.8437417,7.6033154],[0.8433664,7.6031797],[0.8420313,7.6022182],[0.8405627,7.6013609],[0.8379731,7.5999677],[0.837552,7.5995928],[0.8372221,7.5989308],[0.8368855,7.5985745],[0.836573,7.5984562],[0.8361626,7.5984336],[0.8338961,7.5987846],[0.8331559,7.5989574],[0.8325658,7.5992578],[0.8302591,7.6007653],[0.8297755,7.6009491],[0.829292,7.6008784],[0.8289019,7.6006004],[0.8268048,7.5987925],[0.8262904,7.5984838],[0.8256643,7.5983578],[0.8228564,7.5988632],[0.8204275,7.5993294],[0.8174591,7.599605],[0.8143056,7.5998769],[0.8137395,7.6000485],[0.8131975,7.6004888],[0.8119269,7.6022562],[0.809181,7.6060486],[0.8078243,7.6079404],[0.8072192,7.6083756],[0.8064909,7.6084555],[0.8038232,7.6080871],[0.7999205,7.6075062],[0.7966306,7.6070377],[0.7956621,7.6069271],[0.795236,7.6070132],[0.7947633,7.6073004],[0.7944721,7.6076896],[0.7930882,7.6111925],[0.7923537,7.6129773],[0.7916355,7.6147698],[0.7910559,7.6162597],[0.7907568,7.6169616],[0.7905989,7.6171244],[0.7905409,7.61714]]},"properties":{"fclass":"secondary"}},{"type":"Feature","geometry":{"type":"LineString","coordinates":[[1.0253109,7.5464374],[1.0256085,7.5460761],[1.0259746,7.5456494],[1.026283,7.5452663],[1.0263322,7.5450901],[1.0263262,7.5445078],[1.0263475,7.5439643],[1.0265109,7.5435089],[1.026825,7.5427395],[1.0269406,7.5422959],[1.0270413,7.5417801],[1.0271077,7.5414957],[1.0273732,7.5409077],[1.0278271,7.5401391],[1.0282265,7.5392911],[1.0285852,7.5387074],[1.0289952,7.5383428],[1.0299603,7.5377321],[1.0310166,7.5370751],[1.0322517,7.5362814],[1.0334347,7.5355377],[1.0348353,7.5346211],[1.0362563,7.5336482],[1.0377145,7.5326853],[1.0392172,7.5317115],[1.0405752,7.5308345],[1.0421135,7.529866],[1.043435,7.5289898],[1.0444817,7.5283245],[1.0454716,7.5277222],[1.0467267,7.5270162],[1.0481402,7.5262424],[1.048446,7.5260669]]},"properties":{"fclass":"secondary"}},{"type":"Feature","geometry":{"type":"LineString","coordinates":[[0.9790118,8.5597321],[0.9801113,8.5594582],[0.9817035,8.5590356],[0.9834192,8.5584982],[0.9848769,8.558084],[0.9860797,8.5582483],[0.9875019,8.5584129],[0.9883119,8.5585205],[0.9895288,8.5586458],[0.9907557,8.5587966],[0.991601,8.5589298],[0.99267,8.559061],[0.9933932,8.5591567],[0.9941047,8.5591456],[0.9945431,8.559018],[0.9945798,8.5589986]]},"properties":{"fclass":"secondary"}},{"type":"Feature","geometry":{"type":"LineString","coordinates":[[0.9749061,8.5598953],[0.9762941,8.559835],[0.9773533,8.559789]]},"properties":{"fclass":"secondary"}},{"type":"Feature","geometry":{"type":"LineString","coordinates":[[1.217165,6.1767882],[1.2166648,6.177729],[1.2161827,6.1786675],[1.2153606,6.1803088],[1.2143855,6.1823341],[1.2140544,6.1830074],[1.2135125,6.1841395],[1.2129278,6.1853273],[1.2121862,6.186862],[1.2113446,6.1886553],[1.2113129,6.1887242]]},"properties":{"fclass":"trunk"}},{"type":"Feature","geometry":{"type":"LineString","coordinates":[[0.9047809,7.4646837],[0.9049585,7.4650778],[0.9052368,7.465666],[0.9053845,7.465967],[0.9055638,7.4662507],[0.905857,7.4666281],[0.9061912,7.466929],[0.9067282,7.4673819],[0.9072723,7.4678458],[0.9076804,7.4681896],[0.9083312,7.4687386],[0.9089833,7.4692892],[0.9096553,7.4698673],[0.9102575,7.4703422],[0.9107857,7.4707112],[0.9111638,7.4709322],[0.9125493,7.4717939],[0.9143539,7.4728112],[0.9160894,7.4738569],[0.9169917,7.4745044],[0.917916,7.4753211],[0.9184079,7.4758131],[0.9188652,7.4762609],[0.9194934,7.4768852],[0.9198695,7.4773208],[0.9201275,7.4776872],[0.9203755,7.4781164],[0.9208803,7.479032],[0.9211181,7.4794614],[0.9213754,7.4799248],[0.9215344,7.4801781],[0.9217672,7.4804237],[0.9221938,7.4807484],[0.9225654,7.4809556],[0.9229177,7.4811288],[0.9235489,7.4814356],[0.9243983,7.4818312],[0.9250425,7.4821181],[0.9256962,7.4824681],[0.926148,7.4826841],[0.927017,7.4830857],[0.9284619,7.4837358],[0.9294471,7.4842159],[0.931103,7.4850031],[0.9330849,7.4859353],[0.9344783,7.4865433],[0.9353254,7.486939],[0.9361714,7.4873315],[0.9366228,7.4875563],[0.9374655,7.487964]]},"properties":{"fclass":"primary"}},{"type":"Feature","geometry":{"type":"LineString","coordinates":[[0.9046936,7.464599],[0.9047809,7.4646837]]},"properties":{"fclass":"primary"}},{"type":"Feature","geometry":{"type":"LineString","coordinates":[[0.982619,8.3146964],[0.9819532,8.3152668],[0.980622,8.3162604],[0.9799497,8.3168221],[0.9793376,8.3174993],[0.9790977,8.317843],[0.9784974,8.3189552],[0.9779929,8.3200138],[0.9773152,8.3213893],[0.977205,8.3219006],[0.9772213,8.3221298],[0.9770208,8.3225989],[0.9768539,8.3229526],[0.9769028,8.3230235]]},"properties":{"fclass":"secondary"}},{"type":"Feature","geometry":{"type":"LineString","coordinates":[[1.0160515,8.3392692],[1.0158671,8.3393564]]},"properties":{"fclass":"trunk"}},{"type":"Feature","geometry":{"type":"LineString","coordinates":[[0.992793,8.3850301],[0.9925407,8.3857904],[0.9924723,8.3862443],[0.9924432,8.3875494],[0.9923197,8.3980682],[0.9918386,8.4187251],[0.9916744,8.4231585],[0.9914473,8.4280462],[0.9912966,8.4314475],[0.9911958,8.4339114],[0.9911034,8.4358064],[0.9909866,8.4377079],[0.9908812,8.4418292],[0.9907503,8.443628],[0.9906203,8.4444186],[0.990403,8.4451018],[0.9897968,8.4467613]]},"properties":{"fclass":"trunk"}},{"type":"Feature","geometry":{"type":"LineString","coordinates":[[1.2267597,9.2067163],[1.2271045,9.2067899],[1.2278885,9.2067973],[1.2283921,9.2069042],[1.2289176,9.2072062],[1.2297513,9.2080462],[1.2300356,9.2086406],[1.2303581,9.2095441],[1.2307926,9.2102609],[1.231492,9.2113862],[1.2316248,9.2117257],[1.2318534,9.2127424],[1.231954,9.2136797],[1.2320217,9.2142767],[1.2321545,9.2147215],[1.2325461,9.2156495],[1.2331738,9.217009],[1.2335714,9.2180296],[1.2339087,9.2187869],[1.2344431,9.2196844],[1.2348146,9.220296],[1.2353504,9.2213616],[1.2358553,9.2224266],[1.2362006,9.2234743],[1.2363482,9.2242673],[1.23643,9.2247604],[1.2366613,9.225415],[1.237124,9.2263098],[1.2375565,9.227157],[1.2387796,9.2287528],[1.2388509,9.2288537]]},"properties":{"fclass":"secondary"}},{"type":"Feature","geometry":{"type":"LineString","coordinates":[[1.2786828,9.2199703],[1.2797034,9.2196678],[1.2807914,9.2192497],[1.2818356,9.2187351],[1.2826448,9.2182294],[1.283548,9.217665],[1.2848489,9.2168445],[1.2859593,9.2162779],[1.2869348,9.2159445],[1.28759,9.2156226],[1.2885075,9.2151175],[1.2897586,9.2144488],[1.291523,9.213707],[1.2926638,9.2132192],[1.2937063,9.2127954],[1.2940316,9.2127372],[1.2948407,9.2127428],[1.2952023,9.2128254],[1.2959078,9.2131008],[1.2963532,9.2132186],[1.2966076,9.2132128],[1.2976508,9.2130248],[1.2997394,9.2126451],[1.3010244,9.2125209],[1.3015559,9.2126936],[1.3022788,9.2131942],[1.3035802,9.2140177],[1.3047203,9.2147703],[1.3062535,9.2157849],[1.3074334,9.2165144],[1.30851,9.2172055],[1.3092538,9.2175756],[1.3108471,9.2179472],[1.3126643,9.218357],[1.3137175,9.218599],[1.314704,9.2188296],[1.3154031,9.2190895],[1.3168496,9.2199417],[1.3181921,9.2207219],[1.3193216,9.2214151],[1.3202808,9.2222123],[1.3216338,9.2233938],[1.3225837,9.2246156],[1.3237947,9.2263568],[1.3247601,9.2272666],[1.3256516,9.2279507],[1.3265047,9.2286051],[1.3270924,9.2290011],[1.3273009,9.229046],[1.3280487,9.2288568],[1.32992,9.2283055],[1.3315394,9.2278411],[1.333702,9.2272251],[1.3352434,9.2267387],[1.3362955,9.2264062],[1.3375607,9.2259779],[1.3386362,9.2256946],[1.3398997,9.225393],[1.3414623,9.225052],[1.341766,9.2249759]]},"properties":{"fclass":"secondary"}},{"type":"Feature","geometry":{"type":"LineString","coordinates":[[1.2533216,9.233491],[1.2534359,9.2334621]]},"properties":{"fclass":"secondary"}},{"type":"Feature","geometry":{"type":"LineString","coordinates":[[1.2784756,9.2200464],[1.2786828,9.2199703]]},"properties":{"fclass":"secondary"}},{"type":"Feature","geometry":{"type":"LineString","coordinates":[[1.2265808,9.2066347],[1.2267597,9.2067163]]},"properties":{"fclass":"secondary"}},{"type":"Feature","geometry":{"type":"LineString","coordinates":[[1.259693,9.2303308],[1.260134,9.2300555],[1.2613132,9.2293862],[1.2630325,9.2286585],[1.2645917,9.2280498],[1.2664078,9.2275444],[1.2675682,9.2271576],[1.2692282,9.2259673],[1.2712949,9.2245321],[1.2729597,9.2235222],[1.2750832,9.2222552],[1.2765297,9.2213454],[1.2772946,9.220835],[1.2781785,9.2201894],[1.2784756,9.2200464]]},"properties":{"fclass":"secondary"}},{"type":"Feature","geometry":{"type":"LineString","coordinates":[[1.2006969,9.2047759],[1.2025126,9.206388],[1.2037381,9.2068282],[1.2055753,9.2060464],[1.2084672,9.2044937],[1.2112947,9.202992],[1.2136582,9.2017515],[1.2147406,9.2012326],[1.2155013,9.2010565],[1.2164755,9.2009985],[1.2180296,9.2010174],[1.2184007,9.2011272],[1.2201517,9.2013155],[1.2208805,9.2014279],[1.2213748,9.201672],[1.2218774,9.2021126],[1.2220096,9.2023208],[1.2222311,9.2027705],[1.2225212,9.2031835],[1.2239623,9.2048665],[1.2245265,9.2055745],[1.224888,9.2058119],[1.2259514,9.2062656],[1.2265808,9.2066347]]},"properties":{"fclass":"secondary"}},{"type":"Feature","geometry":{"type":"LineString","coordinates":[[0.9773533,8.559789],[0.9790118,8.5597321]]},"properties":{"fclass":"secondary"}},{"type":"Feature","geometry":{"type":"LineString","coordinates":[[0.5211226,6.9686988],[0.5212505,6.968643]]},"properties":{"fclass":"secondary"}},{"type":"Feature","geometry":{"type":"LineString","coordinates":[[0.5212505,6.968643],[0.521596,6.9684758],[0.5221365,6.9681677],[0.5225571,6.9680983],[0.5230606,6.9680292],[0.5244557,6.9678936],[0.5252014,6.9677602],[0.5255142,6.9676501],[0.525816,6.9676526],[0.5261462,6.9675543],[0.526563,6.9670663],[0.5266489,6.9661724],[0.5268611,6.9657648],[0.5273403,6.9657028],[0.5290047,6.9659766],[0.5300876,6.9660749],[0.5303915,6.9660214],[0.5308106,6.9658127],[0.5310967,6.9657303],[0.5313512,6.9656169],[0.5325358,6.9650474],[0.5340037,6.9641363],[0.5342495,6.9640662],[0.5344621,6.9640917],[0.5346158,6.9642052],[0.5349312,6.9646071],[0.5354104,6.9651395],[0.5357346,6.9652616],[0.5363713,6.9650454],[0.5366745,6.9650539],[0.5368791,6.9651718],[0.5369378,6.9655395],[0.5367203,6.9657142],[0.5357572,6.966166],[0.5353743,6.9668288],[0.5353929,6.9674195],[0.5355445,6.9677191],[0.5358635,6.9680002],[0.5365015,6.9681436],[0.5367418,6.9682927],[0.5369091,6.9687272],[0.5371466,6.9691134],[0.5379117,6.9695821],[0.5383085,6.9698527],[0.5386225,6.9699391],[0.5389776,6.969839],[0.5390777,6.9696388],[0.5389604,6.9694584],[0.5385356,6.9694627],[0.5382233,6.9693506],[0.5379877,6.9691248],[0.5378146,6.9689075],[0.537645,6.9683606],[0.5374428,6.9679195],[0.5369029,6.9674366],[0.5368104,6.9670943],[0.5370736,6.9668217],[0.5374032,6.9667641],[0.5375772,6.9669708],[0.5377374,6.9670886],[0.5382624,6.9669325],[0.5388345,6.9665235],[0.5388908,6.9663258],[0.5387859,6.9660819],[0.5385413,6.965859],[0.5385728,6.9651065],[0.5384869,6.9646052],[0.5383625,6.9641991],[0.538436,6.964069],[0.5387344,6.9639492],[0.5391391,6.9636836],[0.5393991,6.9636273],[0.5400559,6.9631061],[0.5403034,6.963048],[0.5406841,6.9632487],[0.5408496,6.963299],[0.5410438,6.9632298],[0.5412623,6.9630189],[0.5412936,6.962793],[0.5413078,6.9624406],[0.5416534,6.962049],[0.5419824,6.9617082],[0.5422871,6.9616571],[0.542794,6.9615617],[0.5433742,6.96118],[0.5438835,6.9611104],[0.544321,6.9609001],[0.5446185,6.9607553],[0.5449747,6.9608121],[0.5458913,6.9608284],[0.5468642,6.9608609],[0.5472157,6.9609393],[0.547697,6.9608673],[0.5482415,6.9605931],[0.5487226,6.9602127],[0.5489349,6.9601983],[0.549376,6.960281],[0.550337,6.9601926],[0.5523819,6.9594717],[0.5533598,6.9591198],[0.5536258,6.9591425],[0.5539062,6.959391],[0.5542515,6.9598926],[0.5549861,6.9605125],[0.5552268,6.9605657],[0.5555565,6.9605326],[0.5558381,6.9605375],[0.5559706,6.960528],[0.5562318,6.9603938],[0.5564278,6.9602142],[0.556661,6.959483],[0.5568516,6.9590726],[0.5568973,6.9589349]]},"properties":{"fclass":"secondary"}},{"type":"Feature","geometry":{"type":"LineString","coordinates":[[0.578794,6.9491784],[0.5784387,6.9493044],[0.5778858,6.9494547],[0.5775158,6.9498588],[0.5772407,6.9498026],[0.5769845,6.9492612],[0.5763729,6.9486921],[0.5756726,6.9486097],[0.5747668,6.9486506],[0.5738909,6.9481453],[0.5730886,6.9479114],[0.572507,6.9479857],[0.57216,6.9480047],[0.5718788,6.9478361],[0.5715086,6.9475559],[0.5709068,6.9472396],[0.5705764,6.9472715],[0.5702807,6.947714],[0.570046,6.9478089],[0.569185,6.9472343],[0.5685842,6.9467122],[0.5679705,6.9463421],[0.5672565,6.9462611],[0.5668333,6.9462343],[0.5666542,6.9462975],[0.5663578,6.9464336],[0.5660645,6.9466118],[0.5659148,6.9468307],[0.5658491,6.9471671],[0.5659735,6.9475416],[0.5662759,6.9481842],[0.5664447,6.9488392],[0.5664212,6.9490589],[0.5660712,6.9492396],[0.5655059,6.9495088],[0.5651154,6.9495017],[0.5646339,6.9495569],[0.5640321,6.9497637],[0.5631223,6.9503033],[0.5629651,6.9505644],[0.5629013,6.9510263],[0.5629701,6.9513647],[0.5631694,6.9515585],[0.5635616,6.9518333],[0.56359,6.9520171],[0.5632681,6.9525084],[0.5629234,6.9529156],[0.5628534,6.9530474]]},"properties":{"fclass":"secondary"}},{"type":"Feature","geometry":{"type":"LineString","coordinates":[[0.5210513,6.9687337],[0.5211226,6.9686988]]},"properties":{"fclass":"secondary"}},{"type":"Feature","geometry":{"type":"LineString","coordinates":[[0.5624712,6.9570674],[0.5631401,6.9571159],[0.5634777,6.9569739],[0.5635865,6.9565643],[0.5634648,6.9562171],[0.5629227,6.9557897],[0.5624506,6.9553524],[0.5623776,6.9551564],[0.5624206,6.9548937],[0.5625721,6.9545833],[0.563072,6.9542389],[0.5634442,6.9539194],[0.5635616,6.9536124],[0.563541,6.9534869],[0.5634445,6.95339],[0.5632177,6.9533212],[0.5629405,6.9532429],[0.562881,6.9531384],[0.5628534,6.9530474]]},"properties":{"fclass":"secondary"}},{"type":"Feature","geometry":{"type":"LineString","coordinates":[[0.5606389,6.9578159],[0.5604415,6.9578]]},"properties":{"fclass":"secondary"}},{"type":"Feature","geometry":{"type":"LineString","coordinates":[[0.5604415,6.9578],[0.5601615,6.9577275],[0.5600183,6.9574677],[0.5597563,6.9567859],[0.5593832,6.9559245],[0.5591907,6.9557077],[0.5587398,6.9554838],[0.5583669,6.9555312],[0.5575284,6.9559922],[0.5572475,6.9562307],[0.5570266,6.9565245],[0.5569319,6.9568228],[0.5567888,6.9575257],[0.556693,6.9581888],[0.5568461,6.9587568],[0.5568973,6.9589349]]},"properties":{"fclass":"secondary"}},{"type":"Feature","geometry":{"type":"LineString","coordinates":[[1.1862258,9.5534252],[1.1848241,9.5548584],[1.1840759,9.55571],[1.1836687,9.5564052],[1.183118,9.5576019],[1.1830568,9.5577698]]},"properties":{"fclass":"secondary"}},{"type":"Feature","geometry":{"type":"LineString","coordinates":[[1.1822968,9.5593959],[1.1825434,9.5587569],[1.1830059,9.5578343],[1.1830568,9.5577698]]},"properties":{"fclass":"secondary"}},{"type":"Feature","geometry":{"type":"LineString","coordinates":[[0.9712292,8.5543031],[0.972946,8.5568986],[0.97423,8.5588525],[0.9749061,8.5598953],[0.9754202,8.5606625],[0.975973,8.5614993],[0.9772307,8.5631064],[0.9780598,8.5642066],[0.9786385,8.564936],[0.9795138,8.5662864],[0.9806202,8.5685228],[0.9812114,8.5696942],[0.9821144,8.5715239],[0.9825277,8.5724101],[0.982812,8.5733676],[0.982926,8.5745332],[0.983044,8.5755636],[0.983178,8.5762018],[0.9833822,8.5768648],[0.9836502,8.5774783],[0.9842929,8.5788307],[0.9847595,8.5797624],[0.9858321,8.5819103],[0.9869828,8.5837589],[0.9880611,8.5852759],[0.9888419,8.5861382],[0.9933043,8.5907365],[0.9956034,8.593174],[0.9964671,8.5943223],[0.9985241,8.5984536],[1.0004523,8.602463],[1.0024564,8.6068952],[1.0030834,8.6081965],[1.004367,8.6109934],[1.0052073,8.6129096],[1.0060285,8.6148454],[1.0073515,8.6180817],[1.0074383,8.6191433],[1.0072925,8.6201767],[1.0056,8.6237647],[1.0053008,8.6245252],[1.0051199,8.6256793],[1.0052004,8.6266181],[1.0054874,8.6275781],[1.0059487,8.6284002],[1.0064556,8.6289809],[1.0089438,8.6312036],[1.0102778,8.6324071],[1.0107981,8.6330568],[1.0111817,8.6338974],[1.0118877,8.6358936],[1.0128407,8.6394556],[1.0129895,8.6404022],[1.0131089,8.6422917],[1.0132322,8.6430526],[1.0135514,8.6439092],[1.0141415,8.6446821],[1.0173494,8.6482235],[1.0180066,8.6489674],[1.0184215,8.6498696],[1.018539,8.6505425],[1.0184599,8.651326],[1.0181313,8.652343],[1.0178094,8.6531146],[1.0175788,8.6538862],[1.0176056,8.654512],[1.0178228,8.6550556],[1.0183217,8.6560314],[1.0185256,8.6566175],[1.018716,8.6575084],[1.0188483,8.6584543],[1.0188394,8.6593381],[1.0185177,8.6608792],[1.0181138,8.6626963],[1.0181286,8.6635435],[1.0182896,8.6641613],[1.0191881,8.6663489],[1.0195745,8.6674075],[1.0202638,8.6698552],[1.0208967,8.6721107],[1.0211032,8.6728425],[1.0214519,8.6735598],[1.0221775,8.6744759],[1.0242762,8.6765759],[1.024759,8.6772468],[1.0251266,8.6780155],[1.0253464,8.6788986],[1.0253733,8.6803782],[1.0253974,8.6848035],[1.0252848,8.6856599],[1.0243808,8.6893586],[1.0242139,8.6908024],[1.0240733,8.6930816],[1.0240161,8.6946402],[1.0241829,8.6956811],[1.024464,8.6964723],[1.0251829,8.6979756],[1.0263201,8.7001948],[1.0270255,8.7011679],[1.0283315,8.7026672],[1.0293134,8.7038616],[1.0315719,8.7066932],[1.0319983,8.7074542],[1.0338062,8.7117201],[1.0347721,8.71343],[1.0354932,8.7145993],[1.0360646,8.7153814],[1.0378831,8.7174892],[1.0456898,8.7266688],[1.046375,8.7274445],[1.0469639,8.7282374],[1.0473381,8.7290235],[1.049194,8.733314],[1.0525601,8.740965],[1.0530188,8.7420254],[1.0532924,8.7429745],[1.053574,8.7445068],[1.05419,8.7470815],[1.054602,8.7485977]]},"properties":{"fclass":"trunk"}},{"type":"Feature","geometry":{"type":"LineString","coordinates":[[0.9710935,8.5541013],[0.9712292,8.5543031]]},"properties":{"fclass":"trunk"}},{"type":"Feature","geometry":{"type":"LineString","coordinates":[[0.6867313,6.869487],[0.6865535,6.8695984]]},"properties":{"fclass":"primary"}},{"type":"Feature","geometry":{"type":"LineString","coordinates":[[0.6865535,6.8695984],[0.6854948,6.8703112],[0.6846518,6.870891],[0.6837745,6.8713413],[0.6831861,6.8715336],[0.6815021,6.8718343],[0.6802747,6.8720317],[0.679045,6.8723233],[0.6774957,6.8729043],[0.6761889,6.873384],[0.6747527,6.8739163],[0.6741669,6.8740675],[0.6735719,6.874147],[0.6729558,6.8741289],[0.6716332,6.8739328],[0.6701033,6.8736901],[0.6689349,6.873532],[0.6678661,6.8733549],[0.6672666,6.8732821],[0.6667819,6.8732718],[0.6663388,6.8733132],[0.6658664,6.8734133],[0.6653592,6.8735689],[0.6646163,6.8738114]]},"properties":{"fclass":"primary"}},{"type":"Feature","geometry":{"type":"LineString","coordinates":[[1.5308441,6.3338155],[1.5308856,6.3337199],[1.5308345,6.3336289],[1.5308021,6.3336133]]},"properties":{"fclass":"secondary_link"}},{"type":"Feature","geometry":{"type":"LineString","coordinates":[[1.1905932,9.5460136],[1.1933522,9.5470096],[1.1948874,9.5479149],[1.1961031,9.548607]]},"properties":{"fclass":"secondary"}},{"type":"Feature","geometry":{"type":"LineString","coordinates":[[1.1970886,9.5487334],[1.1970065,9.5487234]]},"properties":{"fclass":"secondary"}},{"type":"Feature","geometry":{"type":"LineString","coordinates":[[1.1091997,9.7649168],[1.1083771,9.7652587]]},"properties":{"fclass":"secondary"}},{"type":"Feature","geometry":{"type":"LineString","coordinates":[[1.1083771,9.7652587],[1.1081158,9.7654158]]},"properties":{"fclass":"secondary"}},{"type":"Feature","geometry":{"type":"LineString","coordinates":[[1.1069343,9.7651972],[1.1080047,9.7653047]]},"properties":{"fclass":"secondary"}},{"type":"Feature","geometry":{"type":"LineString","coordinates":[[1.0933548,8.5015204],[1.0949689,8.5017684],[1.0959412,8.5020615],[1.0975385,8.5026252],[1.0999122,8.5034396],[1.1022498,8.5041877],[1.1037934,8.5047063],[1.1050634,8.5048999],[1.106265,8.5051108]]},"properties":{"fclass":"secondary"}},{"type":"Feature","geometry":{"type":"LineString","coordinates":[[1.2489752,6.1323621],[1.2489069,6.1321426],[1.248856,6.1318415],[1.2488234,6.1316558]]},"properties":{"fclass":"secondary"}},{"type":"Feature","geometry":{"type":"LineString","coordinates":[[1.1499904,8.9872304],[1.1492602,8.9866436],[1.1483734,8.9860956],[1.1476161,8.9856728],[1.1470101,8.9857534],[1.1454503,8.9858157],[1.1433282,8.9858514],[1.140707,8.9858951],[1.1402647,8.9858924]]},"properties":{"fclass":"secondary"}},{"type":"Feature","geometry":{"type":"LineString","coordinates":[[1.1503604,8.9875494],[1.1499904,8.9872304]]},"properties":{"fclass":"secondary"}},{"type":"Feature","geometry":{"type":"LineString","coordinates":[[1.1362753,8.9969493],[1.1351216,9.0004778],[1.135072,9.0009984],[1.1351001,9.0015666],[1.1352112,9.0024867],[1.1353514,9.0035784],[1.1354959,9.0047265],[1.1356758,9.0061968],[1.1359061,9.0080306],[1.1360132,9.008638],[1.1361884,9.0091703],[1.1365941,9.0101431],[1.1368861,9.0108369],[1.1374781,9.0122548],[1.1382621,9.0141943],[1.1385608,9.0149333],[1.1388878,9.0157415],[1.1395416,9.0173526],[1.1401901,9.0188757],[1.1407448,9.0201792],[1.1409554,9.0208163],[1.1411056,9.0215687],[1.1411364,9.0223488],[1.1410546,9.0232813],[1.1407261,9.0244044],[1.1404109,9.0253117],[1.1399361,9.0260309],[1.1392844,9.0267117],[1.1376241,9.0283395],[1.1366743,9.0293387],[1.1362615,9.0299448],[1.1359933,9.0305951],[1.1357331,9.0313792],[1.1356285,9.0319726],[1.1356218,9.0326043],[1.1357532,9.0336785],[1.1360134,9.0357182],[1.1361033,9.0364532],[1.1360778,9.0373936],[1.1356929,9.039873],[1.1354877,9.0413418],[1.135312,9.0425974],[1.1352239,9.0444995],[1.1350699,9.0489073],[1.1350089,9.0494526],[1.1346562,9.051471],[1.1343183,9.0521398],[1.1337121,9.053043],[1.1334372,9.0537569],[1.1333755,9.0543489],[1.1334372,9.0557355],[1.1335339,9.0566409],[1.1336331,9.0571666]]},"properties":{"fclass":"trunk"}},{"type":"Feature","geometry":{"type":"LineString","coordinates":[[1.1363132,8.9968213],[1.1362753,8.9969493]]},"properties":{"fclass":"trunk"}},{"type":"Feature","geometry":{"type":"LineString","coordinates":[[1.2250625,6.1270348],[1.2256431,6.1250257],[1.2258929,6.1241762]]},"properties":{"fclass":"secondary"}},{"type":"Feature","geometry":{"type":"LineString","coordinates":[[1.2747612,6.1430239],[1.2747466,6.1426619]]},"properties":{"fclass":"secondary"}},{"type":"Feature","geometry":{"type":"LineString","coordinates":[[1.2010327,9.8230623],[1.2011749,9.8232066],[1.2010327,9.8230623]]},"properties":{"fclass":"secondary"}},{"type":"Feature","geometry":{"type":"LineString","coordinates":[[1.2618519,9.7978258],[1.263569,9.7985046],[1.2655936,9.7992351],[1.267947,9.8001011],[1.2706562,9.8012354],[1.272085,9.8018172],[1.2734598,9.8022608],[1.276196,9.8018331],[1.2784524,9.8014745],[1.2817843,9.8008768],[1.2849546,9.8003269],[1.286696,9.8000374],[1.2885238,9.799716],[1.2892715,9.7995874]]},"properties":{"fclass":"secondary"}},{"type":"Feature","geometry":{"type":"LineString","coordinates":[[1.1936098,6.2261179],[1.1939699,6.2268647],[1.1946141,6.2281676],[1.1948757,6.2287526],[1.1955886,6.2302397],[1.1956898,6.2304015]]},"properties":{"fclass":"primary"}},{"type":"Feature","geometry":{"type":"LineString","coordinates":[[1.2632853,6.1595336],[1.263063,6.1597922]]},"properties":{"fclass":"secondary"}},{"type":"Feature","geometry":{"type":"LineString","coordinates":[[1.2288856,6.1917398],[1.2287441,6.1920592],[1.2285483,6.1923446],[1.2282076,6.1926246],[1.2278415,6.1927712],[1.2274204,6.1928065]]},"properties":{"fclass":"secondary"}},{"type":"Feature","geometry":{"type":"LineString","coordinates":[[1.0209574,9.8547895],[1.020467,9.8538062],[1.0200759,9.8527369],[1.0192233,9.8500788],[1.0188344,9.8491856],[1.0179225,9.8479778],[1.0137221,9.8426317],[1.0094011,9.8371347],[1.0081914,9.8355543],[1.0073948,9.8346214],[1.0039884,9.8313444],[1.0019687,9.8289658],[1.0009763,9.8278452],[0.9991148,9.8260666],[0.9959723,9.8231548],[0.9897351,9.8173662],[0.9846818,9.812675],[0.9816697,9.8102328],[0.9785235,9.8079202],[0.9766915,9.8067203],[0.9763402,9.8062366],[0.9750527,9.8031574],[0.9747469,9.8023567],[0.9746325,9.801652],[0.9749293,9.7977101],[0.9751358,9.7961269],[0.9756158,9.7939348],[0.9759783,9.7926399],[0.9767502,9.7908956],[0.9779267,9.7883336],[0.9804842,9.7861041],[0.9808168,9.7856944],[0.9808329,9.7852028],[0.9801623,9.7817402],[0.9798861,9.7799957],[0.9799477,9.7795093],[0.9808758,9.7779102],[0.9837297,9.7756766],[0.983853,9.7750929],[0.9836869,9.7731994],[0.983436,9.7714417],[0.9834534,9.7708923],[0.9836331,9.7700781],[0.9839195,9.7696389],[0.9875528,9.7663135],[0.9886754,9.7646551],[0.9897619,9.7632187],[0.9905854,9.7624177],[0.9915832,9.7613102],[0.992538,9.760274],[0.9940213,9.759021],[0.9942251,9.758643],[0.9943163,9.7579108],[0.9939355,9.7555766],[0.993625,9.7538037],[0.9933588,9.752312],[0.9932408,9.7515745],[0.9932559,9.7508548],[0.9933239,9.7500069],[0.9938657,9.747596],[0.9939542,9.7466655],[0.9940696,9.7444027],[0.9939516,9.744022],[0.9925783,9.7434378],[0.9921196,9.7431285],[0.9918809,9.7425707],[0.9918439,9.7419561],[0.9918407,9.7414446],[0.9915349,9.7407916],[0.9900852,9.7389078],[0.9878147,9.7359856],[0.9873989,9.7355019],[0.9852608,9.7340015],[0.9838584,9.733046],[0.9834507,9.7326283],[0.9829357,9.7319013],[0.9816831,9.7308544],[0.9794623,9.7290092],[0.978907,9.7284752],[0.9774524,9.7267394],[0.9767559,9.7259478],[0.9759727,9.7251917],[0.975101,9.7244277],[0.9740844,9.7238355],[0.9734839,9.723325],[0.9724948,9.721979],[0.9719065,9.7211443],[0.971767,9.7206261],[0.9718432,9.7196705],[0.9716329,9.7185402],[0.9714398,9.7180485],[0.9709194,9.7172607],[0.9705144,9.7167769],[0.9696244,9.7158152],[0.9689119,9.7150672],[0.9682426,9.7143895],[0.9680063,9.7141145]]},"properties":{"fclass":"primary"}},{"type":"Feature","geometry":{"type":"LineString","coordinates":[[1.0737077,9.6196043],[1.0738599,9.6156403],[1.0735515,9.6152211],[1.0729924,9.6149832],[1.0721916,9.6150148],[1.0715318,9.6153771],[1.0710635,9.616207],[1.0700837,9.6182279],[1.069445,9.6194841],[1.0690239,9.6198834],[1.0684778,9.62003],[1.0668966,9.6198999],[1.0645146,9.6196574],[1.061553,9.6193555],[1.0593376,9.619171],[1.058402,9.6192698],[1.0558699,9.6196964],[1.0536307,9.6201029]]},"properties":{"fclass":"primary"}},{"type":"Feature","geometry":{"type":"LineString","coordinates":[[1.2102368,6.2400298],[1.2102972,6.2394246],[1.210371,6.2389046]]},"properties":{"fclass":"trunk"}},{"type":"Feature","geometry":{"type":"LineString","coordinates":[[1.2098211,6.2447985],[1.2096468,6.246321],[1.2093946,6.2487606],[1.2092498,6.2499871],[1.2090902,6.2512962],[1.2089092,6.2529453],[1.2088207,6.2539288],[1.2086771,6.2550836],[1.2085363,6.2564527],[1.2084478,6.2575992],[1.2082681,6.2597242],[1.2082118,6.2605027],[1.2081984,6.2612173],[1.2082205,6.2617939],[1.2082279,6.2619985]]},"properties":{"fclass":"trunk"}},{"type":"Feature","geometry":{"type":"LineString","coordinates":[[1.2104346,6.2393752],[1.2103777,6.2397659],[1.2103642,6.2400405]]},"properties":{"fclass":"trunk"}},{"type":"Feature","geometry":{"type":"LineString","coordinates":[[1.210371,6.2389046],[1.2104514,6.2381874],[1.2104675,6.2366449],[1.210485,6.2346825]]},"properties":{"fclass":"trunk"}},{"type":"Feature","geometry":{"type":"LineString","coordinates":[[1.2125731,6.2860978],[1.2128627,6.2872255],[1.2129781,6.2876947],[1.2130444,6.288188]]},"properties":{"fclass":"trunk"}},{"type":"Feature","geometry":{"type":"LineString","coordinates":[[0.9563041,9.6404119],[0.9572889,9.6383034],[0.9585436,9.6355354],[0.9590226,9.6344882],[0.9597762,9.6333713],[0.9604172,9.6328742],[0.9613895,9.6325159],[0.9629077,9.6321219],[0.963707,9.6316406],[0.9666501,9.6292015],[0.9687063,9.6275403],[0.9698185,9.6266343],[0.9704287,9.6262645],[0.9710686,9.6259866],[0.9719263,9.626122],[0.9724536,9.6261997],[0.9730228,9.6262873],[0.9742233,9.6266895],[0.9747824,9.6267924],[0.9765647,9.6265761],[0.9826368,9.6258443],[0.9850357,9.6255688],[0.9867458,9.6253664],[0.9894863,9.6250247],[0.9902468,9.6249845],[0.9912157,9.6251459],[0.9925215,9.6254412],[0.9939345,9.6257301],[0.9962728,9.626219],[0.9986803,9.6267193],[0.9997813,9.6270022],[1.0008516,9.6270248],[1.0016618,9.6270984],[1.0068003,9.6280666],[1.0104177,9.6287582],[1.0145684,9.6295409],[1.0157503,9.6297702]]},"properties":{"fclass":"primary"}},{"type":"Feature","geometry":{"type":"LineString","coordinates":[[1.1046457,9.4776878],[1.1049541,9.4776451]]},"properties":{"fclass":"primary"}},{"type":"Feature","geometry":{"type":"LineString","coordinates":[[1.1049541,9.4776451],[1.1063509,9.4774634],[1.1093107,9.477027],[1.1106177,9.4765797]]},"properties":{"fclass":"primary"}},{"type":"Feature","geometry":{"type":"LineString","coordinates":[[1.1185455,9.4738734],[1.1186184,9.4727879],[1.1187444,9.4719934],[1.1177852,9.4706681],[1.1169766,9.4698827],[1.1155911,9.4694366],[1.1137422,9.4690548],[1.1114148,9.4682936],[1.1098683,9.4676962],[1.1087123,9.4668015],[1.1080574,9.4657068],[1.1075163,9.4641389],[1.1071628,9.4631866],[1.1065386,9.4624648],[1.104986,9.4614337],[1.1038392,9.460536],[1.1029076,9.4595777],[1.1025848,9.458859],[1.1025233,9.4572213],[1.1024372,9.4563054],[1.1022835,9.4553592],[1.1019238,9.4545282],[1.1014595,9.4538762],[1.1011459,9.4529997],[1.1009246,9.4522294],[1.1003804,9.4512801],[1.0999407,9.4505644],[1.0991598,9.4497365],[1.0983727,9.448672],[1.097681,9.4476074],[1.0974934,9.4471555],[1.0971829,9.4463155],[1.0967371,9.445536],[1.0964419,9.444611],[1.0962298,9.4431947],[1.0962944,9.4415933],[1.0960638,9.4408351],[1.0955503,9.4400102],[1.0948832,9.4393611],[1.0934418,9.4383637],[1.0924512,9.4373807],[1.0912337,9.4360128],[1.0902618,9.434892],[1.0896811,9.4341749],[1.089057,9.4331194],[1.0888049,9.4325098],[1.0887526,9.4314452],[1.0888448,9.430132],[1.0886942,9.4286913],[1.0885497,9.4275145],[1.0886696,9.4266258]]},"properties":{"fclass":"secondary"}},{"type":"Feature","geometry":{"type":"LineString","coordinates":[[1.3445767,7.4577862],[1.34413,7.4616852],[1.3438028,7.4624113],[1.3433696,7.462874],[1.3428042,7.463205]]},"properties":{"fclass":"secondary"}},{"type":"Feature","geometry":{"type":"LineString","coordinates":[[1.3610214,7.4350645],[1.3590485,7.4364805],[1.3572514,7.4376082],[1.3467559,7.443603],[1.3462061,7.444212],[1.3459149,7.445019],[1.3450098,7.4535923],[1.3445956,7.4575998]]},"properties":{"fclass":"secondary"}},{"type":"Feature","geometry":{"type":"LineString","coordinates":[[1.3835071,7.4195055],[1.3747957,7.4253204],[1.3739321,7.425887],[1.3698006,7.4287792],[1.3657718,7.4315868],[1.3646675,7.4323786],[1.3637906,7.4330146],[1.3612574,7.4348897]]},"properties":{"fclass":"secondary"}},{"type":"Feature","geometry":{"type":"LineString","coordinates":[[1.3309625,7.4681079],[1.3266732,7.4707841],[1.3244903,7.4721419],[1.3238352,7.4724951],[1.3232033,7.4727652],[1.3221061,7.4731028],[1.3204291,7.4736028],[1.3186284,7.4741463],[1.3177085,7.474424]]},"properties":{"fclass":"secondary"}},{"type":"Feature","geometry":{"type":"LineString","coordinates":[[1.2877914,7.4848918],[1.2846561,7.4859618],[1.2820731,7.4868048],[1.2793946,7.4876945],[1.2773068,7.4883831],[1.2767825,7.4885214],[1.2758806,7.4886571],[1.2747829,7.4887833],[1.2729147,7.4890333],[1.2714355,7.4892221],[1.270207,7.4894216],[1.2695338,7.4896636],[1.2679043,7.4903204],[1.2670273,7.4906808],[1.2663902,7.4909307],[1.2650639,7.4913722],[1.2634814,7.4918721],[1.2622395,7.4922817],[1.2610432,7.4926779],[1.2590718,7.4933241],[1.2576154,7.4937842],[1.2564562,7.494196],[1.2547696,7.4947149],[1.2530905,7.4951697],[1.2520632,7.495425],[1.2503466,7.4953931],[1.2489036,7.4953345],[1.248233,7.4954143],[1.2470823,7.4959196],[1.2453506,7.4967122],[1.2442917,7.4972191],[1.2425495,7.4980431],[1.2411408,7.498719],[1.2399698,7.499252],[1.2393573,7.4995315],[1.2380701,7.5000973],[1.2371038,7.500494],[1.2358366,7.5010031],[1.2339368,7.5018311],[1.232239,7.5026396],[1.2309193,7.5033469],[1.2299537,7.5038442],[1.2291035,7.5042697],[1.2277356,7.5049478],[1.2259653,7.5058386],[1.2241575,7.5067933],[1.2232295,7.5073358],[1.2220976,7.5080192],[1.2211052,7.5086441],[1.2196095,7.509579],[1.2187696,7.5101087],[1.2168941,7.5112049],[1.2151373,7.5122712],[1.2139714,7.5128797],[1.2122297,7.5137099],[1.2109027,7.5143606],[1.2087692,7.5153851],[1.2076794,7.5159702],[1.2061491,7.5166762],[1.2049318,7.5173245],[1.2040128,7.5177597],[1.2036909,7.5178502],[1.2033623,7.5178223],[1.2023831,7.5176552]]},"properties":{"fclass":"secondary"}},{"type":"Feature","geometry":{"type":"LineString","coordinates":[[1.2947166,7.4828339],[1.2936884,7.4832],[1.2929575,7.4833556],[1.2923082,7.4834384],[1.2918109,7.4835604],[1.2900245,7.4841521],[1.2886351,7.4846148],[1.2878717,7.4848651]]},"properties":{"fclass":"secondary"}},{"type":"Feature","geometry":{"type":"LineString","coordinates":[[1.3445956,7.4575998],[1.3445767,7.4577862]]},"properties":{"fclass":"secondary"}},{"type":"Feature","geometry":{"type":"LineString","coordinates":[[1.3888535,7.4156688],[1.3887286,7.4157637]]},"properties":{"fclass":"secondary"}},{"type":"Feature","geometry":{"type":"LineString","coordinates":[[1.2878717,7.4848651],[1.2877914,7.4848918]]},"properties":{"fclass":"secondary"}},{"type":"Feature","geometry":{"type":"LineString","coordinates":[[1.3428042,7.463205],[1.3427169,7.4632312]]},"properties":{"fclass":"secondary"}},{"type":"Feature","geometry":{"type":"LineString","coordinates":[[1.3071015,7.4786231],[1.3070398,7.4786516]]},"properties":{"fclass":"secondary"}},{"type":"Feature","geometry":{"type":"LineString","coordinates":[[1.294752,7.482821],[1.2947166,7.4828339]]},"properties":{"fclass":"secondary"}},{"type":"Feature","geometry":{"type":"LineString","coordinates":[[1.393885,7.4121505],[1.3938117,7.4122012]]},"properties":{"fclass":"secondary"}},{"type":"Feature","geometry":{"type":"LineString","coordinates":[[1.3836949,7.4193795],[1.3835071,7.4195055]]},"properties":{"fclass":"secondary"}},{"type":"Feature","geometry":{"type":"LineString","coordinates":[[1.3612574,7.4348897],[1.3610214,7.4350645]]},"properties":{"fclass":"secondary"}},{"type":"Feature","geometry":{"type":"LineString","coordinates":[[1.3887286,7.4157637],[1.3836949,7.4193795]]},"properties":{"fclass":"secondary"}},{"type":"Feature","geometry":{"type":"LineString","coordinates":[[1.3070398,7.4786516],[1.3056779,7.4792628],[1.305179,7.479461],[1.3040329,7.4797689],[1.3031413,7.4799883],[1.3025749,7.4800851],[1.3011852,7.4802774],[1.3003212,7.4805853],[1.2985599,7.4813428],[1.2965285,7.4821575],[1.295316,7.4826057],[1.294752,7.482821]]},"properties":{"fclass":"secondary"}},{"type":"Feature","geometry":{"type":"LineString","coordinates":[[1.3938117,7.4122012],[1.391386,7.4138088],[1.3888535,7.4156688]]},"properties":{"fclass":"secondary"}},{"type":"Feature","geometry":{"type":"LineString","coordinates":[[1.3427169,7.4632312],[1.336816,7.4648321],[1.3358688,7.465116],[1.3351634,7.4654644],[1.3325214,7.4671239],[1.3309625,7.4681079]]},"properties":{"fclass":"secondary"}},{"type":"Feature","geometry":{"type":"LineString","coordinates":[[1.1917492,9.540751],[1.1917993,9.5405231]]},"properties":{"fclass":"secondary"}},{"type":"Feature","geometry":{"type":"LineString","coordinates":[[1.1918339,9.5403329],[1.1918352,9.540129]]},"properties":{"fclass":"secondary"}},{"type":"Feature","geometry":{"type":"LineString","coordinates":[[1.1926587,9.5349693],[1.192904,9.5350759]]},"properties":{"fclass":"primary"}},{"type":"Feature","geometry":{"type":"LineString","coordinates":[[1.192904,9.5350759],[1.1945888,9.5357728],[1.1973783,9.537061]]},"properties":{"fclass":"primary"}},{"type":"Feature","geometry":{"type":"LineString","coordinates":[[1.1863117,9.5533384],[1.18754,9.5522474],[1.1886504,9.551519],[1.189152,9.5508154],[1.1896297,9.5491875],[1.1901229,9.5475829],[1.1905794,9.5460596],[1.1906747,9.5456025],[1.1911196,9.5436389],[1.1913407,9.5425734],[1.1914414,9.5421866]]},"properties":{"fclass":"secondary"}},{"type":"Feature","geometry":{"type":"LineString","coordinates":[[1.1862258,9.5534252],[1.1863117,9.5533384]]},"properties":{"fclass":"secondary"}},{"type":"Feature","geometry":{"type":"LineString","coordinates":[[0.9685123,8.1820273],[0.9689145,8.1828038],[0.9691458,8.1838983],[0.9690346,8.1850103],[0.9690868,8.1857152],[0.9687533,8.1867949],[0.9684985,8.1876105],[0.9684451,8.1891851],[0.9685852,8.1901233],[0.9690036,8.191499],[0.9694269,8.1929864],[0.9698551,8.1949423],[0.969949,8.19542]]},"properties":{"fclass":"secondary"}},{"type":"Feature","geometry":{"type":"LineString","coordinates":[[0.9699927,8.1956798],[0.9702083,8.1970023],[0.970356,8.197958],[0.9708494,8.1990425],[0.9712351,8.2003539],[0.971699,8.2013887],[0.9725562,8.2025953],[0.9736379,8.2033309],[0.974765,8.203578],[0.9766066,8.2036982],[0.9773193,8.2038943]]},"properties":{"fclass":"secondary"}},{"type":"Feature","geometry":{"type":"LineString","coordinates":[[0.969949,8.19542],[0.9699927,8.1956798]]},"properties":{"fclass":"secondary"}},{"type":"Feature","geometry":{"type":"LineString","coordinates":[[0.982619,8.3146964],[0.9827767,8.3145506]]},"properties":{"fclass":"secondary"}},{"type":"Feature","geometry":{"type":"LineString","coordinates":[[0.9827767,8.3145506],[0.984103,8.3128428],[0.984654,8.3117199],[0.9846828,8.3093291],[0.9848166,8.3022973],[0.9849203,8.2960559],[0.985075,8.2943978],[0.9868452,8.2872976],[0.9878119,8.2835136],[0.9886669,8.2823742],[0.9930536,8.2766216],[0.9940976,8.2755162],[0.9948495,8.2748189],[0.996528,8.2728199],[0.996825,8.2722367],[0.9969849,8.2713053],[0.997122,8.2701162],[0.9967885,8.2691124],[0.9962585,8.2678555],[0.9956371,8.2670055],[0.9940698,8.2660359],[0.9870912,8.2636593],[0.9861785,8.2632397],[0.9857038,8.2626102],[0.982468,8.2568535],[0.9797161,8.251977],[0.9795341,8.2514502],[0.9795986,8.2509119],[0.9809619,8.2471843],[0.9810434,8.2467488],[0.9809293,8.2460682],[0.9805316,8.2448876],[0.9800884,8.2444005],[0.9755546,8.2413716],[0.9744399,8.240462],[0.9729472,8.2387588],[0.9727581,8.2383395],[0.9729895,8.2374685],[0.9757293,8.2303118],[0.9765659,8.228081],[0.9769808,8.2265984],[0.9773587,8.224899],[0.978004,8.2226636],[0.9784005,8.2211855],[0.9786494,8.2196527],[0.9787579,8.2181177],[0.9789013,8.2173339],[0.9796542,8.2159048],[0.9808438,8.2137015],[0.9814696,8.2124845],[0.9815726,8.2119402],[0.9814553,8.2107627],[0.9812467,8.209303],[0.9809109,8.2084255],[0.9798419,8.2070577],[0.97853,8.2053641],[0.9773193,8.2038943]]},"properties":{"fclass":"secondary"}},{"type":"Feature","geometry":{"type":"LineString","coordinates":[[1.1507166,9.6615772],[1.1517361,9.6630705],[1.1541738,9.6657584],[1.1555627,9.6672799],[1.1561432,9.6678991],[1.1573112,9.669205]]},"properties":{"fclass":"primary"}},{"type":"Feature","geometry":{"type":"LineString","coordinates":[[1.1448733,9.6573145],[1.1443351,9.6587711],[1.1436279,9.6604886],[1.1429502,9.6621092],[1.1423238,9.6639465],[1.1418464,9.6658969],[1.1407913,9.6704971],[1.1403143,9.6716744],[1.1396042,9.6726073],[1.1387426,9.6736707]]},"properties":{"fclass":"primary"}},{"type":"Feature","geometry":{"type":"LineString","coordinates":[[1.1811109,9.7462902],[1.1806656,9.7476723],[1.1801406,9.7493217],[1.1800119,9.749656]]},"properties":{"fclass":"secondary"}},{"type":"Feature","geometry":{"type":"LineString","coordinates":[[1.1812102,9.7459931],[1.1811109,9.7462902]]},"properties":{"fclass":"secondary"}},{"type":"Feature","geometry":{"type":"LineString","coordinates":[[1.1746701,9.752651],[1.1662195,9.7527523],[1.1637799,9.7530131],[1.1568537,9.7518334],[1.1534387,9.7512648],[1.1512554,9.7513716],[1.1483169,9.7516043],[1.1453311,9.7518532],[1.1446149,9.7520504],[1.1437416,9.7524733],[1.1432344,9.7527139]]},"properties":{"fclass":"secondary"}},{"type":"Feature","geometry":{"type":"LineString","coordinates":[[1.1375812,9.7553942],[1.1359128,9.7560313],[1.1347461,9.7565177],[1.1331689,9.7573583],[1.1293185,9.7593384],[1.1278448,9.7601504]]},"properties":{"fclass":"secondary"}},{"type":"Feature","geometry":{"type":"LineString","coordinates":[[1.0495296,9.9592201],[1.0490938,9.9592822],[1.0486042,9.9592828],[1.0482163,9.9592361],[1.0477607,9.9590933],[1.0458201,9.9583761],[1.0453146,9.9582941],[1.0449001,9.9582995]]},"properties":{"fclass":"trunk"}},{"type":"Feature","geometry":{"type":"LineString","coordinates":[[1.3392352,8.0612034],[1.3481553,8.0606047],[1.3636501,8.0594259],[1.3737991,8.0533106],[1.3803715,8.0492851],[1.3816286,8.0452521],[1.387417,8.0451347],[1.4114449,8.0459537],[1.415603,8.0431194],[1.4162373,8.0428461]]},"properties":{"fclass":"secondary"}},{"type":"Feature","geometry":{"type":"LineString","coordinates":[[1.2732476,7.8150683],[1.2738482,7.8165379],[1.2927256,7.8280262],[1.3026538,7.8338099],[1.3029986,7.8359187],[1.3031551,7.8384577],[1.3033584,7.8412054],[1.3030806,7.8482799],[1.3029237,7.8519791],[1.3026838,7.8544219],[1.3016495,7.8585056],[1.3021292,7.8642524],[1.3047225,7.8704297],[1.308635,7.8786412],[1.3101243,7.8836847],[1.3122327,7.8881741],[1.3127279,7.8925136],[1.3110635,7.9018791],[1.3064164,7.9083379],[1.3015595,7.9189837],[1.3011698,7.9291986],[1.2978869,7.9366369],[1.2927602,7.9417739],[1.2888837,7.9429049],[1.288553,7.9430815],[1.2877903,7.9446006],[1.2848683,7.9502779],[1.284025,7.9520104],[1.2837903,7.9528832],[1.2841967,7.9544693],[1.2845352,7.9556823]]},"properties":{"fclass":"secondary"}},{"type":"Feature","geometry":{"type":"LineString","coordinates":[[1.4325066,8.6233446],[1.4325017,8.6235327]]},"properties":{"fclass":"secondary"}},{"type":"Feature","geometry":{"type":"LineString","coordinates":[[1.4325017,8.6235327],[1.4324383,8.6258004],[1.4327465,8.6269741],[1.433743,8.628384],[1.4378218,8.632412],[1.4403233,8.6393915],[1.4451886,8.6412044],[1.4462486,8.642158],[1.4531915,8.6484876],[1.4602735,8.6509585],[1.4675754,8.6516628],[1.4680567,8.6523618]]},"properties":{"fclass":"secondary"}},{"type":"Feature","geometry":{"type":"LineString","coordinates":[[1.4868648,9.088909],[1.4942803,9.0943707],[1.5106663,9.1057568],[1.5277331,9.1178887],[1.5308945,9.120929],[1.5339462,9.1229011],[1.5342717,9.1230305]]},"properties":{"fclass":"secondary"}},{"type":"Feature","geometry":{"type":"LineString","coordinates":[[1.4867446,9.0888214],[1.4868648,9.088909]]},"properties":{"fclass":"secondary"}},{"type":"Feature","geometry":{"type":"LineString","coordinates":[[1.4262086,9.0404249],[1.4271765,9.0412581],[1.4280202,9.0422828],[1.4290602,9.0436032],[1.4305651,9.044658],[1.4322462,9.045602],[1.4332784,9.0474167],[1.4340038,9.0485764],[1.4354186,9.0505811],[1.4369516,9.0526392],[1.4379443,9.0539506],[1.4390597,9.0554018],[1.4407924,9.0576098],[1.4446987,9.0596624],[1.4483618,9.0613959],[1.4520069,9.0630681],[1.4532802,9.0636154]]},"properties":{"fclass":"secondary"}},{"type":"Feature","geometry":{"type":"LineString","coordinates":[[1.4671653,8.1336982],[1.4674774,8.1334665]]},"properties":{"fclass":"secondary"}},{"type":"Feature","geometry":{"type":"LineString","coordinates":[[1.3508031,8.1068659],[1.3510941,8.1058201],[1.3509916,8.1044951],[1.3510094,8.1013673],[1.35102,8.0997578],[1.3509424,8.0966148],[1.3501391,8.0950632],[1.3448449,8.0839445],[1.3433146,8.0805412],[1.3432246,8.0790372],[1.3431939,8.0756762],[1.3424084,8.071823],[1.3410979,8.066476],[1.3392352,8.0612034]]},"properties":{"fclass":"secondary"}},{"type":"Feature","geometry":{"type":"LineString","coordinates":[[1.4674774,8.1334665],[1.4701995,8.1330097],[1.4781923,8.1319989],[1.4850239,8.1315384],[1.4944391,8.1288754],[1.4988944,8.1256909],[1.5015621,8.124326],[1.507553,8.1232053],[1.5113022,8.1224258],[1.5144294,8.1194632],[1.5159735,8.1179639]]},"properties":{"fclass":"secondary"}},{"type":"Feature","geometry":{"type":"LineString","coordinates":[[1.6447145,8.0159725],[1.6412998,8.0174429],[1.637778,8.019994],[1.6332146,8.0222418],[1.6325049,8.0229836],[1.6312336,8.0237066],[1.6298609,8.0243291],[1.6283688,8.0252432],[1.6266479,8.025649],[1.6249194,8.0264707],[1.6218942,8.0279473],[1.6201934,8.0289308],[1.6186737,8.0295827],[1.6155522,8.0311015],[1.6145018,8.0314856],[1.6109127,8.0335147],[1.6075963,8.0346632],[1.6055133,8.0352955],[1.6031181,8.0361085],[1.6014608,8.0365149],[1.6009375,8.036968],[1.5975873,8.0382563],[1.5921242,8.0402617],[1.5909688,8.0408117],[1.5888361,8.0414854],[1.5848373,8.0429964],[1.5798461,8.0448902],[1.5724214,8.0476874],[1.5696043,8.0495943],[1.5682849,8.0499807],[1.5662119,8.0502655]]},"properties":{"fclass":"secondary"}},{"type":"Feature","geometry":{"type":"LineString","coordinates":[[1.4152565,8.9968155],[1.4150824,8.9959129],[1.4149499,8.9950129],[1.4148181,8.9942375],[1.4147514,8.9935461],[1.4147657,8.9931091],[1.4147868,8.9929839],[1.4149493,8.9926744],[1.4152267,8.9921781],[1.4155862,8.9915426],[1.4158383,8.9911024],[1.4163163,8.9903008],[1.4165202,8.9898286],[1.4167059,8.989365],[1.4167877,8.9889437],[1.4169275,8.9882797],[1.416893,8.9866303],[1.4168635,8.9812641],[1.4167155,8.9750823],[1.4150158,8.9670179]]},"properties":{"fclass":"secondary"}},{"type":"Feature","geometry":{"type":"LineString","coordinates":[[1.6104039,8.3840401],[1.6104261,8.3808721],[1.6100704,8.3763354],[1.6096054,8.3729536],[1.6086117,8.3699296],[1.6065488,8.3638382],[1.605094,8.3598664],[1.6035558,8.3558552],[1.601007,8.3498286],[1.5994859,8.3457217],[1.5988518,8.3415802],[1.5983616,8.3392785],[1.5966188,8.3370883],[1.5945765,8.3334279],[1.5940046,8.3309914],[1.5947477,8.327019],[1.594592,8.3242861],[1.5942925,8.3220343],[1.5928882,8.3184122],[1.591795,8.3147169],[1.5897721,8.3092932],[1.5869517,8.3033228],[1.5833144,8.2962283],[1.5802358,8.291329],[1.5777889,8.2844576],[1.5752903,8.2792858],[1.5724912,8.2736714],[1.5710938,8.2723048],[1.562284,8.2649836],[1.554843,8.2592352],[1.5534696,8.2572079],[1.5524245,8.2555836],[1.5519024,8.2547779],[1.551029,8.2533787],[1.5500836,8.2517998],[1.550095,8.2506991],[1.5504224,8.2492997],[1.5508112,8.2478168],[1.5512069,8.2459561],[1.5516148,8.2441411],[1.5522206,8.2415256],[1.553425,8.2351765],[1.5537537,8.2325658],[1.5534226,8.2265579],[1.5540056,8.2216167],[1.5558182,8.214955],[1.5558818,8.2113355],[1.5580077,8.1994322],[1.5580441,8.1983368],[1.5556592,8.1959028],[1.5514192,8.1911606],[1.5468189,8.1856209],[1.5434376,8.1823265],[1.5374381,8.1748562],[1.5360177,8.1694002],[1.5327035,8.161236],[1.53203,8.157516],[1.5315861,8.1557686],[1.5298483,8.1504762],[1.5255982,8.1400879],[1.5194184,8.1277229],[1.5161643,8.1182473],[1.5156873,8.117775],[1.4998511,8.1135251],[1.4938199,8.1108387],[1.4870254,8.0995367],[1.4851172,8.0955951],[1.4826052,8.0854639],[1.4838454,8.0801432],[1.4825523,8.076743],[1.4814628,8.0745756],[1.4799129,8.0635195],[1.4756306,8.0540109],[1.4722386,8.050285],[1.4703038,8.0433639],[1.4689332,8.037808],[1.4687938,8.0369566]]},"properties":{"fclass":"secondary"}},{"type":"Feature","geometry":{"type":"LineString","coordinates":[[1.6150089,8.4162292],[1.6153943,8.4146713],[1.6164537,8.4143231],[1.6170342,8.4108966],[1.6168756,8.4087881],[1.6160228,8.4048955],[1.6154953,8.4028087],[1.6151054,8.399479],[1.6146896,8.3975592],[1.6139445,8.3959564],[1.6132427,8.3943408],[1.6122681,8.3925238],[1.6120428,8.3891512],[1.6113415,8.3861958],[1.6105326,8.3843052]]},"properties":{"fclass":"secondary"}},{"type":"Feature","geometry":{"type":"LineString","coordinates":[[1.2302396,8.0158467],[1.2302673,8.0133001],[1.2302491,8.0115073],[1.2302326,8.0087778]]},"properties":{"fclass":"secondary"}},{"type":"Feature","geometry":{"type":"LineString","coordinates":[[1.2599368,8.0623435],[1.2585907,8.0619401]]},"properties":{"fclass":"secondary"}},{"type":"Feature","geometry":{"type":"LineString","coordinates":[[1.2302382,8.0160571],[1.2302396,8.0158467]]},"properties":{"fclass":"secondary"}},{"type":"Feature","geometry":{"type":"LineString","coordinates":[[1.2491426,8.0491778],[1.2490437,8.0490625]]},"properties":{"fclass":"secondary"}},{"type":"Feature","geometry":{"type":"LineString","coordinates":[[1.2585907,8.0619401],[1.2579168,8.0613696],[1.2573601,8.0602195],[1.2570505,8.0597346],[1.2561056,8.0584797],[1.2548625,8.0567585],[1.253548,8.0550133],[1.2521893,8.0531861],[1.2508777,8.0514296],[1.2499043,8.0501436],[1.2491426,8.0491778]]},"properties":{"fclass":"secondary"}},{"type":"Feature","geometry":{"type":"LineString","coordinates":[[1.2490437,8.0490625],[1.2478363,8.0475716],[1.2468544,8.0462517],[1.2459866,8.0451056],[1.2449676,8.0437956],[1.2438058,8.0422977],[1.2427939,8.0409791],[1.2417192,8.0396267],[1.240332,8.0378362],[1.2393304,8.0366129],[1.237606,8.0356274],[1.2359508,8.0347499]]},"properties":{"fclass":"secondary"}},{"type":"Feature","geometry":{"type":"LineString","coordinates":[[1.2358234,8.0346593],[1.2352453,8.0339824],[1.234269,8.0327778],[1.2336326,8.0318258],[1.2335638,8.030879]]},"properties":{"fclass":"secondary"}},{"type":"Feature","geometry":{"type":"LineString","coordinates":[[1.2359508,8.0347499],[1.2358234,8.0346593]]},"properties":{"fclass":"secondary"}},{"type":"Feature","geometry":{"type":"LineString","coordinates":[[1.1040183,8.4278453],[1.1087608,8.4271689],[1.1126344,8.4273243],[1.1201465,8.4271564],[1.131867,8.426825],[1.1373197,8.4267204],[1.1376086,8.4266843],[1.1388074,8.4266418]]},"properties":{"fclass":"secondary"}},{"type":"Feature","geometry":{"type":"LineString","coordinates":[[1.1037907,8.4278787],[1.1040183,8.4278453]]},"properties":{"fclass":"secondary"}},{"type":"Feature","geometry":{"type":"LineString","coordinates":[[1.2036164,7.9959261],[1.2035545,7.9958829]]},"properties":{"fclass":"secondary"}},{"type":"Feature","geometry":{"type":"LineString","coordinates":[[1.194687,7.9894633],[1.1944864,7.9893116]]},"properties":{"fclass":"secondary"}},{"type":"Feature","geometry":{"type":"LineString","coordinates":[[1.2035545,7.9958829],[1.194687,7.9894633]]},"properties":{"fclass":"secondary"}},{"type":"Feature","geometry":{"type":"LineString","coordinates":[[1.1944864,7.9893116],[1.1927216,7.9876676],[1.1918633,7.9872426]]},"properties":{"fclass":"secondary"}},{"type":"Feature","geometry":{"type":"LineString","coordinates":[[1.2936864,8.9589512],[1.3019067,8.963284],[1.3025853,8.9636152],[1.3033216,8.9637954],[1.3079877,8.9646372],[1.3085639,8.9648498],[1.3090655,8.9652844],[1.3094759,8.9659838],[1.3121876,8.971741],[1.3125315,8.9723759],[1.3130996,8.9729253],[1.3217416,8.9787618],[1.3231699,8.979705],[1.3246666,8.9804969],[1.3248578,8.9806003],[1.3261171,8.9812806],[1.3269572,8.981739],[1.3275077,8.9820417],[1.327932,8.9823388],[1.328323,8.9827274],[1.33066,8.9852818],[1.3324651,8.9873111],[1.3334253,8.9892716],[1.3338354,8.9899103],[1.3342846,8.9902177],[1.3351953,8.9906004],[1.3361558,8.9910228],[1.3391438,8.9923156],[1.3404152,8.992917],[1.3476491,8.9968325],[1.3515383,8.9987717],[1.3527254,8.9995371],[1.357635,9.0038846],[1.3581312,9.0042237],[1.3589063,9.0045151],[1.3672078,9.0074689],[1.3685623,9.0079723],[1.3694876,9.0085551],[1.3745597,9.0126665]]},"properties":{"fclass":"primary"}},{"type":"Feature","geometry":{"type":"LineString","coordinates":[[1.216057,8.9556325],[1.2273933,8.9692612],[1.2339347,8.970819],[1.2355659,8.9721503],[1.2377563,8.9748571],[1.2446231,8.9817393],[1.2500951,8.9874457],[1.2543338,8.9940861],[1.2596315,9.0029439],[1.2604057,9.0039503],[1.2622014,9.0055121],[1.2673313,9.0084863],[1.2725474,9.011342],[1.2750561,9.0131548],[1.2776885,9.015769],[1.2803004,9.0193993],[1.2816619,9.0214562],[1.2827073,9.0227775],[1.2838212,9.0235105],[1.2845313,9.023931],[1.2849392,9.0244172]]},"properties":{"fclass":"secondary"}},{"type":"Feature","geometry":{"type":"LineString","coordinates":[[1.1922133,8.9516866],[1.1953548,8.9516514],[1.1977579,8.9516355],[1.1984324,8.9517349],[1.1989294,8.9519327],[1.1993766,8.9522131],[1.2006238,8.953159],[1.2010892,8.9534186],[1.2016331,8.9535602],[1.2024718,8.9535392],[1.2057897,8.953367],[1.2081607,8.9532191]]},"properties":{"fclass":"primary"}},{"type":"Feature","geometry":{"type":"LineString","coordinates":[[1.1919052,8.951689],[1.1922133,8.9516866]]},"properties":{"fclass":"primary"}},{"type":"Feature","geometry":{"type":"LineString","coordinates":[[0.5740624,9.3889719],[0.5743113,9.3890956]]},"properties":{"fclass":"primary"}},{"type":"Feature","geometry":{"type":"LineString","coordinates":[[0.5743113,9.3890956],[0.5758193,9.3898248],[0.5772811,9.3904017],[0.5824068,9.3928548],[0.5830881,9.3932226],[0.5841704,9.3938935]]},"properties":{"fclass":"primary"}},{"type":"Feature","geometry":{"type":"LineString","coordinates":[[0.7228097,9.2622157],[0.7208175,9.2626317],[0.7190544,9.2629741],[0.7173817,9.2634629],[0.715727,9.2639057],[0.7135663,9.2641148],[0.7100325,9.2643946],[0.7065652,9.2646426],[0.7041153,9.2647782],[0.7013549,9.2649104],[0.7002432,9.2650519],[0.6993688,9.2654477],[0.6986493,9.2658836],[0.6979513,9.2663958],[0.697313,9.2669557],[0.6967699,9.2675318],[0.6960237,9.2684261],[0.6951899,9.2694068],[0.6942584,9.2703937],[0.6934298,9.2712504],[0.6924996,9.2726957],[0.6922217,9.2732192],[0.6920211,9.2735899],[0.691492,9.2743051],[0.6905821,9.2754122],[0.6896531,9.2764292],[0.6888823,9.2772198],[0.6881929,9.2779285],[0.686953,9.2791646],[0.6858008,9.2807352],[0.6847525,9.2818999],[0.6837031,9.2830008],[0.6826637,9.2841004],[0.6819619,9.2852877],[0.6814683,9.2861606],[0.6808642,9.2874205],[0.6802551,9.2882383],[0.6795838,9.2888771],[0.6785736,9.2895358],[0.6775724,9.2899353],[0.6765102,9.2903223],[0.6752209,9.2908095],[0.673863,9.2910449],[0.6727996,9.2910499],[0.6717564,9.2910487],[0.6697986,9.2912023],[0.6684307,9.2914257],[0.6673228,9.2917225],[0.665913,9.292132],[0.6630515,9.2932553],[0.6622152,9.2937081],[0.6611606,9.2942923],[0.6601073,9.2948765],[0.6594874,9.2951583],[0.6588136,9.2953086],[0.6576467,9.2954614],[0.6571175,9.2956511],[0.6561759,9.2962234],[0.6548929,9.2972729],[0.6538677,9.2981455],[0.653131,9.2987298],[0.6524946,9.2992351],[0.6520155,9.299572],[0.651138,9.3002057],[0.6504373,9.3005425],[0.6496439,9.3007245],[0.6484165,9.3008525],[0.6456204,9.3023721],[0.6398634,9.3045937],[0.6289725,9.3086103],[0.6264624,9.3084801],[0.6245797,9.308332],[0.6181497,9.3087366],[0.6169162,9.3087053],[0.615637,9.3086515],[0.6142423,9.3085951],[0.6137258,9.3085776],[0.6125926,9.3088418],[0.6109022,9.3095857],[0.6093096,9.3102619],[0.6076916,9.3109808],[0.6063692,9.3113013],[0.6022404,9.312238],[0.5995901,9.3129763],[0.5982195,9.3132872],[0.5966015,9.3135772],[0.5961645,9.3136256],[0.5959603,9.3137359],[0.595334,9.3144041],[0.5938255,9.3160657],[0.59222,9.318119],[0.590277,9.3206438],[0.5891835,9.3217364],[0.5886651,9.3222931],[0.587875,9.3228139],[0.5871829,9.3229851],[0.5866645,9.3232705],[0.5860432,9.3233847],[0.5838857,9.3234714],[0.5832494,9.3237061],[0.5831385,9.3242664],[0.5834574,9.3251411],[0.585059,9.3286157],[0.58632,9.331246],[0.5875577,9.3337783],[0.588584,9.3359606],[0.5901052,9.3393707],[0.5905195,9.3410373],[0.5907603,9.3441749],[0.5909086,9.3470458],[0.5910375,9.3490755],[0.5910966,9.350804],[0.5909773,9.3515032],[0.5899026,9.3557799],[0.5887669,9.3590223],[0.5875313,9.361947],[0.5865524,9.3641201],[0.5849683,9.3673681],[0.5827968,9.3725329],[0.5814535,9.3745326],[0.5808022,9.3760334],[0.5799101,9.3794139],[0.5794973,9.3823643]]},"properties":{"fclass":"secondary"}},{"type":"Feature","geometry":{"type":"LineString","coordinates":[[1.2080965,6.2620118],[1.2080723,6.2612199],[1.2081119,6.2601834],[1.2081757,6.259185],[1.2082466,6.2584604],[1.2083452,6.2571783],[1.208598,6.2546797],[1.2087294,6.2537172],[1.2089037,6.2517628],[1.2090661,6.2503664],[1.2092585,6.2487333],[1.2093812,6.2475195]]},"properties":{"fclass":"trunk"}},{"type":"Feature","geometry":{"type":"LineString","coordinates":[[1.2090616,6.193746],[1.2090044,6.1934817],[1.2089482,6.1931966]]},"properties":{"fclass":"primary"}},{"type":"Feature","geometry":{"type":"LineString","coordinates":[[1.2111034,6.1889491],[1.2110867,6.1887408],[1.2110308,6.1885821]]},"properties":{"fclass":"trunk_link"}},{"type":"Feature","geometry":{"type":"LineString","coordinates":[[1.2111011,6.1885484],[1.2112498,6.1885037],[1.2113381,6.1884418]]},"properties":{"fclass":"trunk_link"}},{"type":"Feature","geometry":{"type":"LineString","coordinates":[[1.2089482,6.1931966],[1.2085539,6.1916217],[1.2084805,6.1913271],[1.2082584,6.1904351],[1.2078336,6.188766],[1.2076257,6.187862],[1.2074205,6.1870754],[1.2071992,6.1861928],[1.2071335,6.1859102]]},"properties":{"fclass":"primary"}},{"type":"Feature","geometry":{"type":"LineString","coordinates":[[1.2289922,6.1362152],[1.2292135,6.1373166],[1.2293167,6.137802],[1.2294609,6.1385347],[1.2296648,6.1401501],[1.2297505,6.1415178],[1.2298621,6.1430929],[1.2298881,6.143623],[1.2298859,6.1440806]]},"properties":{"fclass":"trunk"}},{"type":"Feature","geometry":{"type":"LineString","coordinates":[[0.5799845,9.9728281],[0.5794935,9.9723431],[0.57794,9.9708712],[0.5767516,9.970051],[0.5767343,9.9700031]]},"properties":{"fclass":"secondary"}},{"type":"Feature","geometry":{"type":"LineString","coordinates":[[1.5000253,6.5877178],[1.5006499,6.5870565],[1.5014443,6.5864851],[1.5043572,6.5844707],[1.5088847,6.5812813],[1.5118141,6.5793806],[1.5193722,6.5743641],[1.5203029,6.5734715],[1.5210164,6.5721978],[1.5262842,6.5620403],[1.5300903,6.5542222],[1.5328798,6.5484958],[1.5336281,6.5468703],[1.5344059,6.5449357],[1.5379217,6.5362896],[1.5415567,6.5273589],[1.5434102,6.5228287],[1.54488,6.5192098],[1.545639,6.5175655],[1.5510864,6.505529],[1.55629,6.4948456],[1.5569685,6.493549],[1.5577707,6.4925604],[1.5598065,6.4905723],[1.5642789,6.4861695],[1.5651011,6.4852183],[1.565769,6.4841789],[1.5662438,6.4830329],[1.5688428,6.4744327],[1.5690225,6.4736012],[1.5690735,6.4724579],[1.569111,6.4711946],[1.5691537,6.4675362],[1.5692551,6.4601457],[1.5692704,6.4590322],[1.5692854,6.4567761],[1.5694946,6.4558539],[1.5721232,6.4486498],[1.572606,6.4473892],[1.5744781,6.4436791],[1.5765703,6.4394707],[1.5821338,6.4283686],[1.582612,6.4273648],[1.5831437,6.4260497],[1.5836473,6.4245515],[1.5848999,6.4205209],[1.5855047,6.4183905],[1.5860465,6.4166207],[1.5866115,6.4155063],[1.5885544,6.4125905],[1.5901369,6.4102103],[1.592626,6.406484],[1.5941066,6.4042683]]},"properties":{"fclass":"secondary"}},{"type":"Feature","geometry":{"type":"LineString","coordinates":[[0.6152594,6.8760088],[0.6162154,6.8765371],[0.6165808,6.8768593],[0.6172822,6.8777328],[0.618213,6.8788898],[0.6184839,6.8793944],[0.6190773,6.8806221],[0.6193254,6.881114],[0.6196306,6.8817726],[0.619888,6.882285],[0.620459,6.8830301],[0.621168,6.8838307],[0.6220652,6.8848368],[0.6236256,6.8866494],[0.6248609,6.8877372],[0.6251639,6.888174]]},"properties":{"fclass":"secondary"}},{"type":"Feature","geometry":{"type":"LineString","coordinates":[[0.6318966,6.9049403],[0.6321171,6.9055724],[0.6323124,6.9060793]]},"properties":{"fclass":"primary"}},{"type":"Feature","geometry":{"type":"LineString","coordinates":[[0.7879084,10.0280101],[0.7885217,10.0275418]]},"properties":{"fclass":"secondary"}},{"type":"Feature","geometry":{"type":"LineString","coordinates":[[1.0163203,9.9258319],[1.0182049,9.926333],[1.0199302,9.9270383],[1.0221931,9.9282787],[1.0234787,9.9290581],[1.0252322,9.9301449],[1.0266944,9.9310798],[1.0286622,9.9321943],[1.0306037,9.9332606],[1.0312051,9.9337956],[1.0321684,9.9349744],[1.0329684,9.9359003],[1.0346749,9.9370156],[1.0364291,9.9380576],[1.0377198,9.9393942],[1.0384864,9.9402909],[1.0390074,9.9411339],[1.0408653,9.9442677],[1.0415466,9.9458683],[1.0425968,9.9479036],[1.0443428,9.949073],[1.0457058,9.9499465],[1.0468681,9.9506815]]},"properties":{"fclass":"secondary"}},{"type":"Feature","geometry":{"type":"LineString","coordinates":[[0.206168,10.6673281],[0.2057683,10.6693999],[0.2055022,10.6708668],[0.2054653,10.6726354],[0.2055538,10.6734841],[0.2058569,10.6747309],[0.2080697,10.6832628],[0.2092552,10.687957],[0.2091923,10.6897801],[0.2078716,10.697243],[0.206681,10.702164],[0.2033195,10.7108289],[0.1985056,10.7239186],[0.1962336,10.7298934],[0.1937028,10.735434],[0.1933059,10.7371926],[0.1932479,10.7387141],[0.1935649,10.7406746],[0.1958388,10.747499],[0.1968554,10.7505953],[0.1973864,10.7520683],[0.1991433,10.7556837],[0.2019837,10.7615335],[0.2029949,10.7635862],[0.2033222,10.7645058],[0.2035367,10.7654571],[0.2036092,10.7666586],[0.203518,10.7675387],[0.2033383,10.7684056],[0.2022332,10.7730379],[0.2000713,10.7823101],[0.1981187,10.7906414],[0.197762,10.7923092],[0.1974615,10.7942167],[0.1964784,10.8010792],[0.1962562,10.8027215],[0.1961941,10.8033373]]},"properties":{"fclass":"trunk"}},{"type":"Feature","geometry":{"type":"LineString","coordinates":[[0.3474505,10.5090833],[0.3472577,10.5092951]]},"properties":{"fclass":"trunk"}},{"type":"Feature","geometry":{"type":"LineString","coordinates":[[0.2105044,10.6408239],[0.2103522,10.6410775]]},"properties":{"fclass":"trunk"}},{"type":"Feature","geometry":{"type":"LineString","coordinates":[[0.2734002,10.5709658],[0.2660832,10.5779213],[0.2575403,10.5861501],[0.2566928,10.5870281],[0.2559149,10.5880669],[0.2553382,10.589074],[0.2549627,10.59001],[0.2546972,10.5909881],[0.2545229,10.5920981],[0.2530637,10.6033782],[0.252817,10.6043075],[0.2523664,10.6053239],[0.2519654,10.6059698],[0.2514577,10.6066013],[0.2508335,10.6072194],[0.2501448,10.6077263],[0.2495326,10.608096],[0.2491732,10.6082726],[0.2486948,10.6084585],[0.2483099,10.6085916]]},"properties":{"fclass":"trunk"}},{"type":"Feature","geometry":{"type":"LineString","coordinates":[[0.2782248,10.749281],[0.2783355,10.7490458],[0.286038,10.746947],[0.2922898,10.7451113],[0.2969932,10.7438197],[0.3074248,10.7412809],[0.3142326,10.7398175],[0.3184733,10.7386922]]},"properties":{"fclass":"primary"}},{"type":"Feature","geometry":{"type":"LineString","coordinates":[[0.3184733,10.7386922],[0.3195857,10.7384443]]},"properties":{"fclass":"primary"}},{"type":"Feature","geometry":{"type":"LineString","coordinates":[[0.367739,10.7239937],[0.3697305,10.7241652],[0.3713894,10.7244326]]},"properties":{"fclass":"primary"}},{"type":"Feature","geometry":{"type":"LineString","coordinates":[[0.3195857,10.7384443],[0.3210597,10.7380776],[0.3273115,10.7371943],[0.3294295,10.7366391],[0.3307823,10.7355565],[0.3334281,10.7334691],[0.3426366,10.7275245],[0.343618,10.7268057],[0.3453188,10.7254585],[0.3459777,10.7251855],[0.3469448,10.7250778],[0.3475509,10.7251712],[0.3505647,10.7265527],[0.3510807,10.7266775],[0.3521606,10.7263933],[0.3527596,10.7261376],[0.3534079,10.7258609],[0.3542206,10.7255868],[0.355245,10.725417],[0.357742,10.7254081],[0.3601187,10.7251731],[0.3627001,10.7247687]]},"properties":{"fclass":"primary"}},{"type":"Feature","geometry":{"type":"LineString","coordinates":[[0.0584638,11.0033307],[0.0584453,11.0043666],[0.0577688,11.0061609],[0.0573179,11.0072246],[0.0562862,11.0087466],[0.0551228,11.0105682],[0.05458,11.0116848],[0.0535959,11.0136402],[0.0527693,11.0157778]]},"properties":{"fclass":"secondary"}},{"type":"Feature","geometry":{"type":"LineString","coordinates":[[0.0529044,11.0213353],[0.0529077,11.024303],[0.0534226,11.0273899],[0.0542087,11.0299368],[0.0559569,11.0331131],[0.057689,11.0363879],[0.0589981,11.0390751],[0.0610754,11.0422637],[0.0623845,11.0449196],[0.0631651,11.0478381],[0.0639107,11.0489804],[0.0651773,11.0498444],[0.0671746,11.0506027],[0.0685999,11.0511862],[0.0699783,11.0521657],[0.0714643,11.0533102],[0.0735415,11.0547887],[0.075798,11.0560207],[0.078031,11.0574006],[0.0803685,11.0586246],[0.0822991,11.0598938],[0.084533,11.0607872],[0.0858971,11.060155],[0.0864395,11.0601841]]},"properties":{"fclass":"secondary"}},{"type":"Feature","geometry":{"type":"LineString","coordinates":[[1.3335846,9.8114706],[1.332963,9.8109024],[1.3325795,9.8107251],[1.3316193,9.810514],[1.3305163,9.8102117],[1.3296275,9.8097894],[1.3288419,9.8092317],[1.3272337,9.8083429],[1.3261862,9.8077799],[1.3255885,9.8074906],[1.3246441,9.8071361],[1.3235385,9.8067686],[1.322946,9.806547]]},"properties":{"fclass":"secondary"}},{"type":"Feature","geometry":{"type":"LineString","coordinates":[[1.3137555,9.7889031],[1.3136438,9.7887328],[1.3134936,9.7886978],[1.3134212,9.7887036]]},"properties":{"fclass":"secondary"}},{"type":"Feature","geometry":{"type":"LineString","coordinates":[[0.202319,10.9137842],[0.2055833,10.915209],[0.2061036,10.9156673],[0.2075274,10.9176406],[0.208086,10.9185782],[0.2082735,10.9202261],[0.2078493,10.9215858],[0.2072004,10.9241121],[0.2069287,10.9261398],[0.2065143,10.9274406],[0.2061397,10.9283909],[0.2061285,10.93092],[0.2062735,10.9323827],[0.2068578,10.9332585],[0.2084657,10.9348241],[0.2102342,10.9364597],[0.2114674,10.9376509]]},"properties":{"fclass":"secondary"}},{"type":"Feature","geometry":{"type":"LineString","coordinates":[[1.2863687,6.1512783],[1.2863654,6.1511167],[1.2864849,6.1509855]]},"properties":{"fclass":"trunk"}},{"type":"Feature","geometry":{"type":"LineString","coordinates":[[1.2731796,6.1397408],[1.273135,6.1398609],[1.2730395,6.1399466],[1.2729148,6.1399784],[1.2728717,6.1399753]]},"properties":{"fclass":"trunk"}},{"type":"Feature","geometry":{"type":"LineString","coordinates":[[1.3264435,6.164233],[1.3264572,6.1642813],[1.3264413,6.1643672],[1.3263803,6.1644302]]},"properties":{"fclass":"trunk"}},{"type":"Feature","geometry":{"type":"LineString","coordinates":[[0.2650449,10.8861357],[0.2633763,10.8908857],[0.2629369,10.8925288],[0.2630283,10.8955595],[0.2632498,10.8974787],[0.2634325,10.8995015],[0.2635661,10.9023906],[0.2636962,10.9040578],[0.2642621,10.9067709],[0.264691,10.9091698],[0.2649828,10.9123246],[0.2652394,10.9145682],[0.2666195,10.9175542],[0.2668831,10.9191942],[0.2664572,10.9199899],[0.2651224,10.9222035],[0.2646178,10.9233969],[0.2645781,10.9247319],[0.2645507,10.9263452],[0.2645408,10.9282976],[0.2644637,10.9303794],[0.2644339,10.9324173],[0.2643718,10.9337107],[0.2642875,10.9352178],[0.2642027,10.9372812],[0.2641456,10.9395264],[0.264772,10.9408882],[0.2666486,10.9434653],[0.2685725,10.9452566],[0.2707126,10.9472016],[0.2724849,10.9486902],[0.2743193,10.9507987],[0.2756391,10.9525728],[0.276877,10.9552767],[0.2776227,10.9571948],[0.2779955,10.959479],[0.2776401,10.9611969],[0.2781123,10.9639691],[0.2786666,10.9670096],[0.2793775,10.9686739],[0.28025,10.9698598],[0.2809658,10.9715338],[0.2818134,10.9732175],[0.2829345,10.9750306],[0.2836603,10.975748]]},"properties":{"fclass":"secondary"}},{"type":"Feature","geometry":{"type":"LineString","coordinates":[[0.2945712,10.9051561],[0.2970087,10.9066525],[0.3029867,10.9108772],[0.3047992,10.9115903],[0.3064568,10.9122415],[0.3119531,10.9128744],[0.3184628,10.9129548],[0.3215001,10.9121544],[0.3235999,10.9112032],[0.3243444,10.9110481],[0.3245129,10.9109065]]},"properties":{"fclass":"secondary"}},{"type":"Feature","geometry":{"type":"LineString","coordinates":[[0.3880839,10.9291983],[0.3889632,10.929528],[0.3907737,10.930081],[0.3935444,10.9306841],[0.3953147,10.931195],[0.3973237,10.9319193],[0.4004898,10.9325413],[0.404363,10.9333862],[0.406993,10.9340498],[0.4082322,10.9347872],[0.4085825,10.9350104]]},"properties":{"fclass":"primary"}},{"type":"Feature","geometry":{"type":"LineString","coordinates":[[1.6641787,7.827576],[1.6644116,7.8291581],[1.6643795,7.8294735],[1.6640582,7.8298294],[1.663737,7.830531],[1.663718,7.8319575],[1.6638589,7.8332417],[1.6639056,7.8336873],[1.6635916,7.8349343],[1.6635376,7.8370898],[1.6634757,7.8389996],[1.6633229,7.8413144],[1.6630923,7.8469678],[1.6627174,7.8523032],[1.6622959,7.8585391],[1.662024,7.8611779],[1.6618449,7.8621888],[1.6614813,7.8631009],[1.6608914,7.8641692],[1.6606584,7.8648498],[1.6606511,7.8656982],[1.6607672,7.8670419],[1.6607073,7.8684523],[1.6611415,7.8692823],[1.6614088,7.8700851],[1.6614277,7.8703788],[1.6612233,7.8711035],[1.6611146,7.8746364],[1.660842,7.8809617],[1.6605714,7.8858222],[1.6603153,7.8885389],[1.6595827,7.8947938],[1.659149,7.897895],[1.6583147,7.9029537],[1.6579574,7.9056293],[1.6577922,7.9091682],[1.6575877,7.9130935],[1.6573776,7.9215845],[1.6575505,7.9261961],[1.65811,7.93275],[1.6594167,7.9483637],[1.6597377,7.9525253],[1.6600993,7.9574498],[1.6598759,7.9615619],[1.6595488,7.9660337],[1.6590911,7.9724687],[1.6586653,7.9751549],[1.6580754,7.9793864],[1.6580792,7.9835854],[1.65804,7.9860253],[1.6584313,7.990021],[1.6587457,7.9922135],[1.6591575,7.9934688],[1.6592554,7.9942323],[1.6590787,7.9949727],[1.6587136,7.9958245],[1.6577673,7.9969423],[1.6552921,7.9999575],[1.6538259,8.0017767],[1.6510236,8.0052733],[1.649702,8.0069204],[1.6463486,8.0109475],[1.6456579,8.0115939],[1.644478,8.0128982],[1.6442589,8.0133248],[1.6442166,8.0137311],[1.644751,8.0155358],[1.6447554,8.0158698],[1.6450855,8.016778],[1.6459792,8.0176369],[1.6461953,8.0201177],[1.646389,8.0223543],[1.6469115,8.0267717],[1.6472151,8.030471],[1.6472461,8.0327225],[1.6475332,8.0351703],[1.6478677,8.0379309],[1.6481052,8.0395219],[1.6484005,8.0416833],[1.6487207,8.0428898],[1.6488322,8.0444337],[1.6487289,8.047047],[1.6485534,8.0478629],[1.6481507,8.0486052],[1.647337,8.0500816],[1.6470933,8.0510365],[1.6470892,8.0534413],[1.6472069,8.0543062],[1.6477748,8.055893],[1.6484439,8.0576658],[1.649968,8.0615857],[1.6506826,8.0635753],[1.6515541,8.0657939],[1.6518463,8.0669136],[1.6516665,8.0677209],[1.65089,8.0690461],[1.648955,8.0718785],[1.6473014,8.0742737],[1.6467536,8.0751356],[1.6463939,8.0764322],[1.6460157,8.078199],[1.6458521,8.0785981],[1.6453581,8.0793117],[1.6447076,8.0801285],[1.6412192,8.0822954],[1.6392857,8.0835022],[1.6374822,8.0854409],[1.6362387,8.0873288],[1.6359222,8.0881095],[1.6358149,8.0886592],[1.6359705,8.0902393],[1.6363674,8.0940658],[1.6365525,8.0957839],[1.6368476,8.0976375],[1.6371077,8.0993555],[1.6374296,8.1012993],[1.6376603,8.1033706],[1.6380098,8.104963],[1.6384056,8.1068612],[1.6384552,8.108424],[1.638543,8.1095225],[1.6385649,8.1104969],[1.638378,8.1116737],[1.6382962,8.1129387],[1.6389884,8.1153819],[1.6395258,8.1169736],[1.6410007,8.1202987],[1.6421573,8.122272],[1.6432175,8.1240213],[1.6438629,8.1252776],[1.6444762,8.1268548],[1.6451494,8.1289076],[1.6461585,8.1318383],[1.6485784,8.136118],[1.6502088,8.1388167],[1.6512506,8.1402567],[1.6523575,8.1421314],[1.6547242,8.1455659],[1.6560574,8.1477023],[1.6567286,8.1493761],[1.6570962,8.1506232],[1.6573812,8.1519356],[1.6576534,8.152793],[1.6575621,8.1538571],[1.6572645,8.1556251],[1.6574035,8.1561798],[1.6581053,8.1569435],[1.659493,8.15707],[1.6605472,8.1570374],[1.6627281,8.158127],[1.6650287,8.1594782],[1.6686253,8.1616653],[1.6718584,8.1636948],[1.6731925,8.1646337],[1.6749684,8.166145],[1.6759824,8.167112],[1.6771121,8.167899],[1.678027,8.1686758],[1.6793879,8.1702315],[1.6808955,8.172149],[1.6826613,8.1744916],[1.6834047,8.1754258],[1.6856933,8.1784378],[1.6858871,8.1789582],[1.6862444,8.1805343],[1.6865665,8.1828319],[1.6873286,8.1846942],[1.6878957,8.1865813],[1.6882812,8.1873243],[1.6891516,8.1889519],[1.6895853,8.1896355],[1.6912091,8.1907731],[1.6947665,8.193424],[1.6968682,8.1949806],[1.6977418,8.195602],[1.6993651,8.1971842],[1.6999227,8.198106],[1.7010627,8.2004792],[1.7020725,8.2028299],[1.7040452,8.2073264],[1.7050447,8.2090066],[1.7062252,8.2108666],[1.707572,8.2122974],[1.7083788,8.2127937],[1.7100058,8.2136096],[1.7109754,8.214247],[1.7123564,8.2156414],[1.7145772,8.2183876],[1.7176104,8.2225716],[1.7180018,8.2231808],[1.7187105,8.2253568],[1.7195541,8.2275643],[1.7206848,8.2304702],[1.7214138,8.2316434],[1.7223256,8.2327512],[1.7241234,8.2336005],[1.7262701,8.2348442],[1.7268771,8.2352953],[1.7289589,8.2382571],[1.7310896,8.2420507],[1.7322403,8.2442109],[1.7326532,8.2457132],[1.733116,8.2474575],[1.7335411,8.2486253],[1.7340785,8.2509839],[1.7338273,8.25375],[1.7342072,8.2564274],[1.7344591,8.256826],[1.7362177,8.2590023],[1.7366638,8.2598607],[1.7371346,8.2611094],[1.7374001,8.2643692],[1.7376688,8.266034],[1.7379287,8.2672826],[1.7383906,8.2694172],[1.7399222,8.2751319],[1.7406866,8.2780303],[1.7413035,8.2803847],[1.7417943,8.2819135],[1.7427438,8.2844377],[1.7442925,8.2879427],[1.7451044,8.2894962],[1.7458608,8.2909643],[1.7468986,8.2928674],[1.7475179,8.2940328],[1.7480796,8.2957658],[1.7489302,8.2990332],[1.7489282,8.3002082],[1.7485771,8.3025338],[1.7484015,8.3039071],[1.7486989,8.3052415],[1.7490418,8.3065085],[1.7503738,8.308738],[1.7532465,8.3133052],[1.7547272,8.3157942],[1.7552311,8.3168731],[1.7556896,8.3184323],[1.756429,8.3201876],[1.7577535,8.3229459],[1.7592727,8.3263445],[1.7603053,8.3284084],[1.7619162,8.3313938],[1.7630417,8.3339562],[1.7638637,8.3358872],[1.7645658,8.3372338],[1.7659664,8.3396522],[1.7665711,8.3407463],[1.768308,8.3437705],[1.7694576,8.3452695],[1.7704681,8.3470813],[1.7722329,8.350202],[1.7732345,8.3515873],[1.7755303,8.3545298],[1.7768753,8.3566854],[1.7778719,8.358642],[1.7786681,8.3603164],[1.7790398,8.3612267],[1.7795654,8.3627193],[1.7799092,8.3638308],[1.7798287,8.36455],[1.7795736,8.3662428],[1.7795654,8.3666923],[1.7800188,8.3673805],[1.7805032,8.3680748]]},"properties":{"fclass":"secondary"}},{"type":"Feature","geometry":{"type":"LineString","coordinates":[[1.6418216,7.8238535],[1.6434592,7.8242372],[1.6461644,7.8248464],[1.6487192,7.8253333],[1.6494352,7.8255977],[1.6515862,7.826128],[1.6528267,7.8264375],[1.6542178,7.8267668],[1.6548897,7.8268872],[1.6562196,7.8269231],[1.6570834,7.8270548],[1.6574671,7.8272011],[1.6580456,7.8273832],[1.6585629,7.8273643],[1.6592499,7.8272081],[1.6604522,7.8269344],[1.6608439,7.8270548],[1.662071,7.8275986],[1.6625243,7.827628],[1.6633554,7.8274348],[1.6636835,7.8273357]]},"properties":{"fclass":"primary"}},{"type":"Feature","geometry":{"type":"LineString","coordinates":[[1.6195773,7.8192484],[1.6193931,7.8192659],[1.6192588,7.8191599]]},"properties":{"fclass":"primary"}},{"type":"Feature","geometry":{"type":"LineString","coordinates":[[1.6192588,7.8191599],[1.6194896,7.8191692],[1.6195773,7.8192484]]},"properties":{"fclass":"primary"}},{"type":"Feature","geometry":{"type":"LineString","coordinates":[[1.6192588,7.8191599],[1.6135244,7.8175441],[1.6100435,7.8165433],[1.6078014,7.815848],[1.6066027,7.8154708],[1.605314,7.8150105],[1.6039179,7.81466],[1.6027119,7.8143934],[1.5996131,7.813462],[1.5979958,7.812989],[1.59471,7.8116125],[1.5902666,7.8097235],[1.5875764,7.8086415],[1.5863924,7.8082235],[1.5823197,7.8067864],[1.5786826,7.8056785],[1.5742931,7.8043128],[1.5722868,7.8037335],[1.569398,7.8031488],[1.5634918,7.8015092],[1.5621802,7.8011372],[1.5613541,7.8006775],[1.5583715,7.798145],[1.5551108,7.7953635],[1.5530553,7.793638],[1.5525699,7.7932314],[1.5522403,7.7929375],[1.5519503,7.7926016],[1.5507889,7.7909805],[1.5468407,7.7855699],[1.5464786,7.7852537],[1.545474,7.784737]]},"properties":{"fclass":"primary"}},{"type":"Feature","geometry":{"type":"LineString","coordinates":[[1.1135983,9.6246544],[1.1134224,9.6246939]]},"properties":{"fclass":"primary"}},{"type":"Feature","geometry":{"type":"LineString","coordinates":[[1.1075579,9.6244001],[1.0997781,9.6234058],[1.0981205,9.6231705],[1.0965192,9.6228505],[1.0951138,9.6225543],[1.0939819,9.6224855],[1.0882258,9.6223903],[1.0835294,9.6223038],[1.0825503,9.6222806]]},"properties":{"fclass":"primary"}},{"type":"Feature","geometry":{"type":"LineString","coordinates":[[1.4248635,9.4158286],[1.424367,9.4174839],[1.423801,9.4194592],[1.4232351,9.4220166],[1.4225015,9.424263],[1.4221662,9.4254656],[1.4218256,9.4273668],[1.4217075,9.4288668],[1.4217974,9.4306769],[1.4217328,9.4319965],[1.4215064,9.4329326],[1.4213173,9.43377],[1.4210236,9.4351909],[1.4208694,9.4357994],[1.4195269,9.4399918],[1.4192426,9.4406613],[1.4180289,9.4426285],[1.4176568,9.4432132],[1.4160857,9.4462758],[1.414872,9.4489811],[1.4130722,9.454405],[1.4126752,9.4554488],[1.4113945,9.4592745],[1.4101325,9.4627444],[1.4096872,9.4635685],[1.4087136,9.4650713],[1.4076518,9.4666512],[1.4051666,9.4698961],[1.402853,9.4729937],[1.4011176,9.4748033],[1.4003339,9.4758379],[1.398253,9.4793128],[1.3974255,9.480871],[1.3953306,9.4855941],[1.3945971,9.4872984],[1.392442,9.4916277],[1.3920517,9.4925642],[1.3915561,9.4943867],[1.3907911,9.4966925],[1.3905807,9.4976884]]},"properties":{"fclass":"primary"}},{"type":"Feature","geometry":{"type":"LineString","coordinates":[[1.3177757,9.6220388],[1.3166879,9.6191395],[1.3150857,9.6168087],[1.3133176,9.6151126],[1.3115101,9.6140982],[1.311066,9.6114708],[1.3109845,9.6094365],[1.3116282,9.6082531],[1.3125951,9.6067592],[1.3129156,9.6049965],[1.3138432,9.6028014],[1.3152618,9.5999165],[1.316567,9.5971723],[1.3190407,9.5952072],[1.323559,9.5919765],[1.325461,9.5904233],[1.3274258,9.5878761],[1.3275327,9.5859969],[1.3275945,9.5820084],[1.3272431,9.5783524],[1.3270913,9.5759437],[1.3291712,9.5749335],[1.3335001,9.5724555],[1.3351176,9.5712985],[1.3360936,9.5707243],[1.3385324,9.569954],[1.3426537,9.5692419],[1.3446931,9.5684736],[1.3496423,9.5658393],[1.3531684,9.5636833],[1.3586385,9.5595594],[1.3627788,9.5560918],[1.3633572,9.5556235]]},"properties":{"fclass":"secondary"}},{"type":"Feature","geometry":{"type":"LineString","coordinates":[[1.3133219,9.6364205],[1.3135283,9.636286]]},"properties":{"fclass":"secondary"}},{"type":"Feature","geometry":{"type":"LineString","coordinates":[[1.3103886,9.653602],[1.3106981,9.6522951],[1.3110408,9.6506571],[1.3112926,9.649426],[1.3116353,9.6475908],[1.3114562,9.6462676],[1.3111913,9.6444273],[1.3113583,9.6395008],[1.3121032,9.6371978],[1.3133219,9.6364205]]},"properties":{"fclass":"secondary"}},{"type":"Feature","geometry":{"type":"LineString","coordinates":[[1.0965234,9.2745354],[1.0943023,9.2726631],[1.0919863,9.2720269],[1.089659,9.27216],[1.0876128,9.2718568],[1.0862112,9.2719936],[1.0843261,9.2728702],[1.0817815,9.2731328],[1.0798777,9.2738355],[1.0788508,9.275278],[1.0794767,9.2763839],[1.078611,9.2767057],[1.0777565,9.2780187],[1.0772019,9.2786234],[1.0768084,9.2794482],[1.0770838,9.2801509],[1.077671,9.2805621],[1.0770827,9.2812342],[1.0769197,9.2817154],[1.0769648,9.2829825],[1.0769052,9.2839436],[1.076925,9.2850067],[1.0769158,9.2857338],[1.0768508,9.2866177],[1.0769502,9.2871199],[1.0781891,9.2886289],[1.0788622,9.2897325],[1.0788834,9.291112],[1.0786038,9.2918717],[1.0779373,9.2922025],[1.0773212,9.2923555],[1.0764931,9.2922248],[1.0759366,9.2922875],[1.0756491,9.2927897],[1.0752436,9.2933428],[1.0744261,9.2940436],[1.0737517,9.2949825],[1.0731912,9.2954101],[1.0722465,9.2957631],[1.0710646,9.2965032],[1.0697661,9.2973427],[1.069154,9.2978879],[1.0680052,9.29873],[1.067144,9.2990935],[1.0660734,9.2991511],[1.0649299,9.2991458],[1.0624734,9.2991694],[1.059618,9.2991961],[1.0566162,9.2993255],[1.0549635,9.2994217],[1.054287,9.3009842],[1.0553251,9.3022417],[1.0567624,9.3037506],[1.0570134,9.3053094],[1.057347,9.3082237],[1.0576749,9.3106701],[1.0575138,9.3115041],[1.0566087,9.3122141],[1.0563557,9.3127041],[1.0570903,9.3134345],[1.0579091,9.3135714],[1.0583495,9.3138266],[1.0585087,9.3144238],[1.0591702,9.3152855],[1.0598954,9.3159253],[1.0614488,9.3162669],[1.0620371,9.3162299],[1.0629459,9.3166885],[1.0638098,9.3169049],[1.0648966,9.3173228],[1.0655262,9.317528],[1.0663226,9.317626],[1.0677377,9.3179009],[1.0689386,9.3181209],[1.0697614,9.3182608],[1.0713421,9.3188505],[1.0723067,9.3197945],[1.0737012,9.3204198]]},"properties":{"fclass":"secondary"}},{"type":"Feature","geometry":{"type":"LineString","coordinates":[[1.6433452,6.9937747],[1.6437717,6.9933767],[1.6463171,6.9915504],[1.6486493,6.9899264],[1.6514618,6.9879738],[1.6537976,6.9864075],[1.6556083,6.9852048],[1.6563004,6.9845308],[1.6567992,6.9838217],[1.6570632,6.98322],[1.6572257,6.9826836],[1.6575579,6.9811668],[1.6578447,6.9797758],[1.6580079,6.9788785],[1.6580481,6.9782645],[1.6579539,6.9773629],[1.6576732,6.9764424],[1.6570861,6.974902],[1.6569056,6.9744529]]},"properties":{"fclass":"primary"}},{"type":"Feature","geometry":{"type":"LineString","coordinates":[[1.1933593,7.7577038],[1.1932596,7.7605824],[1.1931507,7.7628688],[1.1930478,7.7655427],[1.1929727,7.7674191],[1.1928758,7.7698159],[1.1926582,7.7749347],[1.1926097,7.7761691],[1.1924816,7.778482],[1.1923544,7.7814272],[1.192309,7.7835685],[1.1922407,7.7852041],[1.1921191,7.7881134],[1.1920374,7.7900714],[1.1919283,7.7926822],[1.1918177,7.7950745],[1.1917099,7.7978155],[1.1915951,7.8005133],[1.1915542,7.8018384],[1.1911462,7.812002],[1.1906479,7.8244338],[1.1904612,7.8286264]]},"properties":{"fclass":"trunk"}},{"type":"Feature","geometry":{"type":"LineString","coordinates":[[0.4655445,10.743156],[0.4677317,10.7429103],[0.4711438,10.7427666],[0.4748949,10.7427199],[0.477803,10.7427214],[0.4789737,10.7427308],[0.4815256,10.7427664],[0.4830481,10.7427217],[0.4870757,10.7426308],[0.4920386,10.7429367],[0.4953142,10.7432719],[0.4985425,10.7436606],[0.5015055,10.7440364],[0.5046758,10.7444862],[0.5070612,10.7448034],[0.5123312,10.7452343],[0.5165029,10.7451261],[0.518355,10.7450078],[0.5198704,10.7449489],[0.5235998,10.7450097],[0.5260501,10.7450914],[0.5279992,10.7451088],[0.5324498,10.7443773],[0.5343417,10.7437899],[0.5363843,10.7438111],[0.5459023,10.7442138],[0.5464601,10.7442752],[0.5484215,10.7446599],[0.5507165,10.7451273],[0.5523713,10.7454699],[0.553362,10.7456749],[0.5541918,10.7458765],[0.5557368,10.7462774],[0.5567711,10.7465629],[0.5580349,10.7470715],[0.5590186,10.747809]]},"properties":{"fclass":"primary"}},{"type":"Feature","geometry":{"type":"LineString","coordinates":[[0.3713894,10.7244326],[0.373723,10.7246854],[0.3747573,10.7247989],[0.3765385,10.7251404],[0.3779095,10.7257343],[0.3813784,10.7279057],[0.3821843,10.7283035],[0.3903734,10.7320497],[0.392872,10.7333596],[0.394833,10.7344794],[0.3979758,10.7364541]]},"properties":{"fclass":"primary"}},{"type":"Feature","geometry":{"type":"LineString","coordinates":[[0.5096854,7.0704565],[0.5104783,7.0709488],[0.5111888,7.0712823],[0.51566,7.0715399],[0.5170347,7.0715336],[0.5179667,7.0714721],[0.5208349,7.0712303],[0.5216918,7.0712635],[0.5242659,7.0719345],[0.5265076,7.0730128],[0.5272914,7.0734437],[0.5296945,7.0747976],[0.533473,7.0772845],[0.5351718,7.079293],[0.536186,7.0807103],[0.5390703,7.0830102],[0.540036,7.0835678],[0.5413006,7.0838341],[0.5428831,7.0837585],[0.5463311,7.0834839],[0.5473324,7.0834989],[0.5500435,7.0842036],[0.551839,7.0846245],[0.5536106,7.0844448],[0.5563693,7.0841547],[0.5570036,7.0842305],[0.5592218,7.0849395],[0.5601245,7.0853005],[0.5614692,7.0860122],[0.562706,7.0867312],[0.5638946,7.0878762],[0.5651202,7.089636],[0.5660574,7.0915955],[0.5663793,7.0921531],[0.5669468,7.0925768],[0.5696956,7.093786],[0.5710308,7.0945222],[0.5727683,7.096143],[0.574206,7.0975403],[0.5748744,7.0983887],[0.576415,7.1017228],[0.5791756,7.1070102],[0.5852365,7.1140197],[0.5858848,7.1153227],[0.5868581,7.1174674],[0.5877855,7.1179702],[0.5907165,7.1188315],[0.5909396,7.1188978]]},"properties":{"fclass":"secondary"}},{"type":"Feature","geometry":{"type":"LineString","coordinates":[[0.5873648,7.1222994],[0.5887735,7.1209553],[0.590658,7.1196762],[0.590903,7.1193166]]},"properties":{"fclass":"secondary"}},{"type":"Feature","geometry":{"type":"LineString","coordinates":[[1.1656139,8.9947338],[1.1641112,8.9944276],[1.1633166,8.9939343],[1.1619997,8.9931182],[1.1614657,8.9928856],[1.1610014,8.992719],[1.1588891,8.9921913],[1.1581053,8.9919712],[1.1552249,8.9912259],[1.1522654,8.9891612],[1.1519651,8.988923]]},"properties":{"fclass":"secondary"}},{"type":"Feature","geometry":{"type":"LineString","coordinates":[[1.1659307,8.9947798],[1.1656139,8.9947338]]},"properties":{"fclass":"secondary"}},{"type":"Feature","geometry":{"type":"LineString","coordinates":[[1.1334674,9.8081916],[1.1361313,9.8100799],[1.1390902,9.8110045],[1.141471,9.8109853],[1.1459256,9.8106402],[1.1507214,9.8103836],[1.1539995,9.809419],[1.1558585,9.8089588],[1.1580319,9.8097198],[1.1656298,9.8124898],[1.1685985,9.8134803]]},"properties":{"fclass":"secondary"}},{"type":"Feature","geometry":{"type":"LineString","coordinates":[[1.2226535,6.1651572],[1.221757,6.1649471],[1.2204331,6.1646182],[1.2181479,6.1640183],[1.2146555,6.1631273],[1.2126555,6.1626103],[1.2112754,6.1622494],[1.2099103,6.1619102],[1.2095207,6.1618096],[1.2093209,6.1617356]]},"properties":{"fclass":"secondary"}},{"type":"Feature","geometry":{"type":"LineString","coordinates":[[1.2228054,6.1649958],[1.223075,6.1650786]]},"properties":{"fclass":"secondary"}},{"type":"Feature","geometry":{"type":"LineString","coordinates":[[1.2661393,6.1568851],[1.2662047,6.1569126],[1.2662279,6.1569508],[1.2662302,6.1569995]]},"properties":{"fclass":"secondary"}},{"type":"Feature","geometry":{"type":"LineString","coordinates":[[1.2659084,6.1573145],[1.265898,6.1571365],[1.2659073,6.1570867]]},"properties":{"fclass":"secondary"}},{"type":"Feature","geometry":{"type":"LineString","coordinates":[[1.2661393,6.1568851],[1.2664523,6.1567711],[1.266607,6.1566978]]},"properties":{"fclass":"secondary"}},{"type":"Feature","geometry":{"type":"LineString","coordinates":[[1.266607,6.1566978],[1.2664278,6.1569215]]},"properties":{"fclass":"secondary"}},{"type":"Feature","geometry":{"type":"LineString","coordinates":[[0.0615968,10.7954427],[0.0699466,10.796148],[0.0768417,10.799574],[0.0835446,10.8052344],[0.0900546,10.8080409],[0.0914892,10.8087396],[0.0969221,10.8134774],[0.1022308,10.8188168],[0.1082948,10.8231625],[0.113875,10.8243612],[0.1183796,10.8269189],[0.1200317,10.8261451],[0.1266812,10.82662],[0.1334077,10.8286009]]},"properties":{"fclass":"secondary"}},{"type":"Feature","geometry":{"type":"LineString","coordinates":[[0.179932,11.028129],[0.1806468,11.028357],[0.1818005,11.0286999],[0.1837497,11.029013],[0.186668,11.0297729],[0.1888892,11.030505],[0.1898313,11.0310878],[0.1937574,11.0338353],[0.1990253,11.0347804],[0.1996556,11.0347252],[0.2028819,11.0333465],[0.2059105,11.0283305],[0.214043,11.0226096],[0.2154779,11.0218461],[0.2281751,11.015607],[0.2372119,11.0136687]]},"properties":{"fclass":"secondary"}},{"type":"Feature","geometry":{"type":"LineString","coordinates":[[0.0619766,10.9813536],[0.0618858,10.9823314],[0.0619318,10.9858506],[0.0619585,10.9893169],[0.0622669,10.9933477],[0.0617525,10.9959547],[0.0589845,11.0007993],[0.0584638,11.0033307]]},"properties":{"fclass":"secondary"}},{"type":"Feature","geometry":{"type":"LineString","coordinates":[[0.1418915,10.985154],[0.1397042,10.9844185],[0.1377186,10.9835547],[0.1357862,10.9829951],[0.1331823,10.9821865],[0.1316702,10.9816577]]},"properties":{"fclass":"secondary"}},{"type":"Feature","geometry":{"type":"LineString","coordinates":[[0.1040352,10.9594819],[0.1021621,10.9615415],[0.0982385,10.9653676],[0.0977551,10.9663536],[0.0980284,10.9680791],[0.0988445,10.9712734],[0.0983611,10.9733431],[0.0972982,10.9756836]]},"properties":{"fclass":"secondary"}},{"type":"Feature","geometry":{"type":"LineString","coordinates":[[0.075644,10.9723106],[0.075486,10.9735299],[0.0738618,10.9769212],[0.071917,10.977822],[0.0688974,10.9792352],[0.0666332,10.9801029],[0.0640802,10.9806992],[0.0589056,10.9822417],[0.0561107,10.9830949],[0.0534317,10.9842171],[0.0499404,10.985124],[0.0474448,10.9857514]]},"properties":{"fclass":"secondary"}},{"type":"Feature","geometry":{"type":"LineString","coordinates":[[0.4672658,10.9236284],[0.4673194,10.9235627]]},"properties":{"fclass":"secondary"}},{"type":"Feature","geometry":{"type":"LineString","coordinates":[[0.4415539,10.9527308],[0.446522,10.947711],[0.4479096,10.9450339],[0.4510943,10.9385384],[0.4528368,10.9360696],[0.4555954,10.9321879],[0.4586191,10.9299998],[0.4625633,10.9269104],[0.4660864,10.9246168],[0.4672658,10.9236284]]},"properties":{"fclass":"secondary"}},{"type":"Feature","geometry":{"type":"LineString","coordinates":[[0.5241394,10.6257988],[0.5242008,10.6257063]]},"properties":{"fclass":"secondary"}},{"type":"Feature","geometry":{"type":"LineString","coordinates":[[0.4832202,10.5674157],[0.4832765,10.5673776]]},"properties":{"fclass":"secondary"}},{"type":"Feature","geometry":{"type":"LineString","coordinates":[[0.5219136,10.631914],[0.5219554,10.6317317]]},"properties":{"fclass":"secondary"}},{"type":"Feature","geometry":{"type":"LineString","coordinates":[[0.4801733,10.5690745],[0.4802075,10.5690573]]},"properties":{"fclass":"secondary"}},{"type":"Feature","geometry":{"type":"LineString","coordinates":[[0.4832765,10.5673776],[0.4836387,10.5670651],[0.4851757,10.56519],[0.4908697,10.5617579],[0.4932936,10.5611061],[0.4944985,10.5604267],[0.4957883,10.5591078],[0.4976215,10.5554418],[0.4989076,10.5509582],[0.4994554,10.5494785]]},"properties":{"fclass":"secondary"}},{"type":"Feature","geometry":{"type":"LineString","coordinates":[[0.4802075,10.5690573],[0.4832202,10.5674157]]},"properties":{"fclass":"secondary"}},{"type":"Feature","geometry":{"type":"LineString","coordinates":[[0.5603416,10.7488745],[0.5603135,10.7480458],[0.5611646,10.7440665],[0.5626561,10.7369723],[0.5627472,10.7358803],[0.5623974,10.7350037],[0.5591893,10.7285174],[0.5556246,10.7213597],[0.555181,10.7202013],[0.555,10.7197474],[0.5542977,10.7191228],[0.5535687,10.717681],[0.5517402,10.7134142],[0.5495227,10.7082023],[0.5478198,10.7042432],[0.5460042,10.7000029],[0.5449454,10.6966373],[0.5430611,10.6901052],[0.5412963,10.6839726],[0.5398787,10.6790623],[0.5382865,10.6746649],[0.5360309,10.6685959],[0.5307989,10.6570967],[0.5288162,10.6524902]]},"properties":{"fclass":"secondary"}},{"type":"Feature","geometry":{"type":"LineString","coordinates":[[0.5219554,10.6317317],[0.5227247,10.62832],[0.5231151,10.6275073],[0.5241394,10.6257988]]},"properties":{"fclass":"secondary"}},{"type":"Feature","geometry":{"type":"LineString","coordinates":[[0.528761,10.6523603],[0.5266046,10.647389],[0.5239451,10.6412713],[0.5217007,10.636084],[0.5213349,10.634944],[0.5214986,10.6338146],[0.5216075,10.6333211]]},"properties":{"fclass":"secondary"}},{"type":"Feature","geometry":{"type":"LineString","coordinates":[[0.4663985,10.5794527],[0.4664287,10.5794425]]},"properties":{"fclass":"secondary"}},{"type":"Feature","geometry":{"type":"LineString","coordinates":[[0.5288162,10.6524902],[0.528761,10.6523603]]},"properties":{"fclass":"secondary"}},{"type":"Feature","geometry":{"type":"LineString","coordinates":[[0.5216424,10.6331647],[0.5219136,10.631914]]},"properties":{"fclass":"secondary"}},{"type":"Feature","geometry":{"type":"LineString","coordinates":[[0.5216075,10.6333211],[0.5216424,10.6331647]]},"properties":{"fclass":"secondary"}},{"type":"Feature","geometry":{"type":"LineString","coordinates":[[0.4664287,10.5794425],[0.4684987,10.5786498],[0.470032,10.5777123],[0.4735083,10.5752274],[0.4751338,10.5726327],[0.4757584,10.57188],[0.4786174,10.5699558],[0.4801733,10.5690745]]},"properties":{"fclass":"secondary"}},{"type":"Feature","geometry":{"type":"LineString","coordinates":[[0.6238963,6.9181043],[0.6241576,6.9178254],[0.6253297,6.9163348],[0.6265222,6.9148438],[0.6273377,6.9137922],[0.6287516,6.9121253],[0.6307238,6.9096546],[0.631994,6.9080717]]},"properties":{"fclass":"secondary"}},{"type":"Feature","geometry":{"type":"LineString","coordinates":[[0.623835,6.9181534],[0.6238963,6.9181043]]},"properties":{"fclass":"secondary"}},{"type":"Feature","geometry":{"type":"LineString","coordinates":[[0.1726033,11.0086008],[0.1703337,11.0090033],[0.1685076,11.0092564],[0.1666617,11.0095154],[0.1650229,11.0098577],[0.163163,11.0104003]]},"properties":{"fclass":"secondary"}},{"type":"Feature","geometry":{"type":"LineString","coordinates":[[0.1566671,11.0134946],[0.1528162,11.0153247],[0.1522046,11.0157934],[0.1479177,11.0192917],[0.143696,11.0226088],[0.1428131,11.0232817],[0.1420981,11.0236837],[0.1414731,11.0239523],[0.1404312,11.0243591],[0.1383731,11.0251518],[0.1372322,11.0255986],[0.1362884,11.0259211],[0.1357846,11.0260199],[0.1349403,11.0261626],[0.1342112,11.0263442],[0.133613,11.0265909],[0.13175,11.0274032]]},"properties":{"fclass":"secondary"}},{"type":"Feature","geometry":{"type":"LineString","coordinates":[[0.1606821,11.0116797],[0.1606351,11.0117109]]},"properties":{"fclass":"secondary"}},{"type":"Feature","geometry":{"type":"LineString","coordinates":[[0.163163,11.0104003],[0.1631096,11.0104157]]},"properties":{"fclass":"secondary"}},{"type":"Feature","geometry":{"type":"LineString","coordinates":[[0.1726769,11.0085843],[0.1726033,11.0086008]]},"properties":{"fclass":"secondary"}},{"type":"Feature","geometry":{"type":"LineString","coordinates":[[0.1742792,11.0701146],[0.1728804,11.0704103],[0.1684077,11.0702747],[0.166493,11.0697158],[0.1617247,11.0665213],[0.1578785,11.0637292],[0.1558321,11.0619564],[0.1523296,11.0610981],[0.1474782,11.0605321],[0.1450037,11.0591078],[0.1418221,11.0572681],[0.1392166,11.0554312],[0.1362402,11.053075],[0.1337518,11.0510646],[0.1321998,11.0497357],[0.1305663,11.0479509],[0.1295233,11.0464156],[0.1294468,11.0462176]]},"properties":{"fclass":"secondary"}},{"type":"Feature","geometry":{"type":"LineString","coordinates":[[0.1858902,11.0091158],[0.1861614,11.0077896],[0.1862778,11.0069233],[0.1862565,11.0065256]]},"properties":{"fclass":"secondary"}},{"type":"Feature","geometry":{"type":"LineString","coordinates":[[0.1631096,11.0104157],[0.1626666,11.0106278],[0.1612504,11.011361],[0.1608789,11.011544],[0.1606821,11.0116797]]},"properties":{"fclass":"secondary"}},{"type":"Feature","geometry":{"type":"LineString","coordinates":[[0.1606351,11.0117109],[0.1602378,11.0119245],[0.1590174,11.0124879],[0.1566671,11.0134946]]},"properties":{"fclass":"secondary"}},{"type":"Feature","geometry":{"type":"LineString","coordinates":[[0.1377158,11.0203932],[0.1377264,11.0203519]]},"properties":{"fclass":"trunk"}},{"type":"Feature","geometry":{"type":"LineString","coordinates":[[0.1377264,11.0203519],[0.1383104,11.017899],[0.1389526,11.0152013],[0.1393832,11.0133834],[0.1407058,11.0077936],[0.1429832,10.9980637],[0.143171,10.9968973],[0.1432112,10.9958651],[0.143061,10.9943538],[0.1418915,10.985154],[0.1412505,10.9802223],[0.1411378,10.9790321],[0.1410359,10.9770467],[0.1406792,10.9642046],[0.1405504,10.9631645],[0.1403064,10.9620138],[0.1393231,10.9584037],[0.1348078,10.9417791],[0.1345396,10.9407546],[0.1343626,10.9397039],[0.1342982,10.9387005],[0.1344135,10.9371705],[0.1348306,10.9356101],[0.1356715,10.9339181],[0.1410631,10.9241984],[0.1424859,10.9220037],[0.1471755,10.9155725],[0.1485863,10.9139111],[0.1495922,10.9129072],[0.1536013,10.9096452],[0.1607339,10.9040048],[0.1680082,10.8982581],[0.1699662,10.8968122],[0.1768327,10.891713],[0.1803866,10.8891041],[0.1806126,10.8889523]]},"properties":{"fclass":"trunk"}},{"type":"Feature","geometry":{"type":"LineString","coordinates":[[1.6167216,7.8630317],[1.6166675,7.8629552]]},"properties":{"fclass":"secondary"}},{"type":"Feature","geometry":{"type":"LineString","coordinates":[[1.6166675,7.8629552],[1.6145934,7.8599982],[1.6089945,7.8519927],[1.6082985,7.8513585],[1.6062121,7.8502668],[1.6054262,7.8497032],[1.6045303,7.8477991],[1.6036499,7.8463634],[1.6025961,7.8447508],[1.6012383,7.8426646],[1.600399,7.8413447],[1.5992025,7.8394994],[1.5983726,7.8382071],[1.5971035,7.8366909],[1.5963549,7.835873],[1.5965538,7.8302754],[1.5967497,7.8279545],[1.5968662,7.8272139],[1.5972036,7.8265619],[1.5989328,7.8234064],[1.6007875,7.8199802],[1.6015741,7.8184356],[1.6022825,7.8158687],[1.6027119,7.8143934]]},"properties":{"fclass":"secondary"}},{"type":"Feature","geometry":{"type":"LineString","coordinates":[[1.6117957,8.7121277],[1.612123,8.7113536],[1.6126245,8.7103143],[1.6134721,8.7085459],[1.6146147,8.7061571],[1.6154751,8.7042911],[1.6158164,8.7035535],[1.6161275,8.702721],[1.6168356,8.7006635],[1.6175839,8.6984868],[1.6180775,8.697002],[1.6187051,8.6951911],[1.6193596,8.6934041],[1.6200489,8.6914473],[1.6208804,8.6890637],[1.6214114,8.6875285],[1.6221356,8.6853093],[1.6223824,8.684543],[1.6227177,8.6838483],[1.6237366,8.6823513],[1.6254539,8.6798469]]},"properties":{"fclass":"primary"}},{"type":"Feature","geometry":{"type":"LineString","coordinates":[[0.1862565,11.0065256],[0.1864888,11.0027152],[0.1870355,10.9904035],[0.1872393,10.986226],[0.1873624,10.9832885],[0.1874818,10.9808514],[0.1875817,10.9780057],[0.18791,10.9711135],[0.1881387,10.9610294],[0.1878712,10.9571404]]},"properties":{"fclass":"secondary"}},{"type":"Feature","geometry":{"type":"LineString","coordinates":[[0.2035935,10.8635042],[0.20341,10.864395],[0.2032373,10.8652044],[0.2030218,10.8662725],[0.2028317,10.8672122],[0.2023908,10.8694485],[0.2020602,10.8711969],[0.2017725,10.8726078],[0.2015266,10.8738374],[0.2010809,10.8760673],[0.2010494,10.8761914]]},"properties":{"fclass":"secondary"}},{"type":"Feature","geometry":{"type":"LineString","coordinates":[[1.1541479,9.4842525],[1.1562565,9.4854598],[1.1570781,9.4860034],[1.1585493,9.4875079],[1.1607631,9.489752],[1.1660689,9.4950139],[1.1665758,9.4957441],[1.1669084,9.4965404],[1.1670886,9.4973928],[1.1671016,9.4983181],[1.1670298,9.4988856]]},"properties":{"fclass":"primary"}},{"type":"Feature","geometry":{"type":"LineString","coordinates":[[1.177853,9.5150455],[1.1790481,9.5166889],[1.1798836,9.5178739],[1.1803965,9.5186522]]},"properties":{"fclass":"primary"}},{"type":"Feature","geometry":{"type":"LineString","coordinates":[[0.4393271,10.9540612],[0.4396212,10.9540197]]},"properties":{"fclass":"primary"}},{"type":"Feature","geometry":{"type":"LineString","coordinates":[[0.4396212,10.9540197],[0.4409659,10.9538663],[0.4415533,10.9539006],[0.4421568,10.9543087],[0.443624,10.9555359],[0.4439995,10.9557571],[0.4459253,10.9565945],[0.4522902,10.959104],[0.4582062,10.9613529],[0.4602402,10.962077],[0.4639095,10.9630961],[0.4705721,10.9646417],[0.4735306,10.9656077],[0.4750219,10.9659689],[0.476994,10.9664461],[0.4787073,10.9673119],[0.4818615,10.9694026],[0.4827869,10.9697371],[0.4857925,10.9701609]]},"properties":{"fclass":"primary"}},{"type":"Feature","geometry":{"type":"LineString","coordinates":[[0.3922448,10.302912],[0.3922765,10.3028791]]},"properties":{"fclass":"primary"}},{"type":"Feature","geometry":{"type":"LineString","coordinates":[[0.3922765,10.3028791],[0.3923084,10.3028408]]},"properties":{"fclass":"primary"}},{"type":"Feature","geometry":{"type":"LineString","coordinates":[[0.7710247,9.2122671],[0.7726575,9.2106289],[0.774329,9.2104932],[0.7789655,9.2135272],[0.7802111,9.2155445]]},"properties":{"fclass":"secondary"}},{"type":"Feature","geometry":{"type":"LineString","coordinates":[[0.8066556,9.2472464],[0.8070764,9.2477533],[0.8079265,9.2489932],[0.808469,9.250377],[0.8089003,9.2511558]]},"properties":{"fclass":"secondary"}},{"type":"Feature","geometry":{"type":"LineString","coordinates":[[0.8576852,10.840251],[0.854229,10.841197]]},"properties":{"fclass":"primary"}},{"type":"Feature","geometry":{"type":"LineString","coordinates":[[1.1034093,9.4126895],[1.1035649,9.4125836]]},"properties":{"fclass":"secondary"}},{"type":"Feature","geometry":{"type":"LineString","coordinates":[[1.1186496,9.4011013],[1.1188448,9.4010753]]},"properties":{"fclass":"secondary"}},{"type":"Feature","geometry":{"type":"LineString","coordinates":[[1.0886696,9.4266258],[1.0895826,9.4212415],[1.0879089,9.4170026],[1.0879207,9.4158595],[1.0884453,9.4151345],[1.0904838,9.414547],[1.0938741,9.4154308],[1.0957946,9.4151662],[1.0982354,9.4152879],[1.1009605,9.4144253],[1.1034093,9.4126895]]},"properties":{"fclass":"secondary"}},{"type":"Feature","geometry":{"type":"LineString","coordinates":[[1.1035649,9.4125836],[1.1042516,9.4116839],[1.1046807,9.4093607],[1.1057965,9.4074819],[1.107379,9.4054603],[1.1083312,9.4039731],[1.1109705,9.4019673],[1.112686,9.4006066],[1.1130835,9.4002101]]},"properties":{"fclass":"secondary"}},{"type":"Feature","geometry":{"type":"LineString","coordinates":[[1.1226066,9.4049015],[1.1210295,9.4016611],[1.1202438,9.4011546],[1.1192237,9.4010787],[1.1188448,9.4010753]]},"properties":{"fclass":"secondary"}},{"type":"Feature","geometry":{"type":"LineString","coordinates":[[1.1489144,9.4282164],[1.1490899,9.4286119]]},"properties":{"fclass":"secondary"}},{"type":"Feature","geometry":{"type":"LineString","coordinates":[[1.1226066,9.4049015],[1.1229158,9.4054839],[1.1249709,9.406402],[1.1281326,9.4076806],[1.1314689,9.408714],[1.1335935,9.4090877],[1.1357004,9.4115311],[1.1386949,9.4152677],[1.1413906,9.4176701],[1.1431364,9.4181022],[1.145625,9.4207031],[1.1465526,9.4220547],[1.1475518,9.4252397],[1.1489144,9.4282164]]},"properties":{"fclass":"secondary"}},{"type":"Feature","geometry":{"type":"LineString","coordinates":[[0.7446359,9.4473023],[0.7447813,9.4473212]]},"properties":{"fclass":"primary"}},{"type":"Feature","geometry":{"type":"LineString","coordinates":[[0.6627398,9.4315547],[0.6770325,9.4343772],[0.6872141,9.4363352],[0.6949264,9.4378932],[0.6952136,9.4379512],[0.6964119,9.4381942],[0.6976689,9.4384492],[0.6998603,9.4388797],[0.7085404,9.4404893],[0.7149724,9.4417334],[0.7183949,9.4423882],[0.7242772,9.4435584],[0.7317129,9.4449868],[0.7391524,9.4464001],[0.7406974,9.4466515],[0.7424489,9.4469081],[0.7446359,9.4473023]]},"properties":{"fclass":"primary"}},{"type":"Feature","geometry":{"type":"LineString","coordinates":[[1.2224622,6.1649651],[1.2227975,6.1648016]]},"properties":{"fclass":"trunk_link"}},{"type":"Feature","geometry":{"type":"LineString","coordinates":[[1.2225499,6.1654042],[1.2225542,6.165257],[1.2223973,6.165117],[1.2223356,6.1650863]]},"properties":{"fclass":"trunk_link"}},{"type":"Feature","geometry":{"type":"LineString","coordinates":[[1.222901,6.1648228],[1.2230292,6.165016],[1.2231578,6.1651085]]},"properties":{"fclass":"trunk_link"}},{"type":"Feature","geometry":{"type":"LineString","coordinates":[[1.2230012,6.1651489],[1.2228225,6.1651497],[1.2227324,6.1651732]]},"properties":{"fclass":"trunk_link"}},{"type":"Feature","geometry":{"type":"LineString","coordinates":[[0.2114674,10.9376509],[0.2161002,10.9403702],[0.2186805,10.9407389],[0.2223578,10.9394589],[0.2232698,10.9394063],[0.225486,10.9401592],[0.2261639,10.9405598]]},"properties":{"fclass":"secondary"}},{"type":"Feature","geometry":{"type":"LineString","coordinates":[[0.0529279,10.8782886],[0.0568117,10.8822922],[0.0606956,10.8850526],[0.060878,10.8933337]]},"properties":{"fclass":"secondary"}},{"type":"Feature","geometry":{"type":"LineString","coordinates":[[0.0526811,10.8779093],[0.0529279,10.8782886]]},"properties":{"fclass":"secondary"}},{"type":"Feature","geometry":{"type":"LineString","coordinates":[[0.0490602,10.8640224],[0.0492855,10.8642753]]},"properties":{"fclass":"secondary"}},{"type":"Feature","geometry":{"type":"LineString","coordinates":[[0.0492855,10.8642753],[0.0501384,10.8646652]]},"properties":{"fclass":"secondary"}},{"type":"Feature","geometry":{"type":"LineString","coordinates":[[0.0421454,10.8621785],[0.0454231,10.8628265],[0.0490602,10.8640224]]},"properties":{"fclass":"secondary"}},{"type":"Feature","geometry":{"type":"LineString","coordinates":[[0.0501384,10.8646652],[0.0499828,10.8661455],[0.0523485,10.8773403],[0.0526811,10.8779093]]},"properties":{"fclass":"secondary"}},{"type":"Feature","geometry":{"type":"LineString","coordinates":[[0.0310654,10.76376],[0.0347239,10.7742447],[0.0382859,10.7837514],[0.0407106,10.7893793],[0.0404625,10.7907231]]},"properties":{"fclass":"secondary"}},{"type":"Feature","geometry":{"type":"LineString","coordinates":[[0.0248961,10.8928359],[0.0335275,10.8922538],[0.0390957,10.8934864],[0.046842,10.8926963],[0.0520884,10.8937393],[0.0583647,10.8928122],[0.060878,10.8933337]]},"properties":{"fclass":"secondary"}},{"type":"Feature","geometry":{"type":"LineString","coordinates":[[0.0617659,10.7270574],[0.0503645,10.7354666],[0.0467616,10.7371637],[0.0367948,10.7462024]]},"properties":{"fclass":"secondary"}},{"type":"Feature","geometry":{"type":"LineString","coordinates":[[0.0619805,10.7269731],[0.0617659,10.7270574]]},"properties":{"fclass":"secondary"}},{"type":"Feature","geometry":{"type":"LineString","coordinates":[[0.0246494,10.8928833],[0.0248961,10.8928359]]},"properties":{"fclass":"secondary"}},{"type":"Feature","geometry":{"type":"LineString","coordinates":[[0.0501384,10.8646652],[0.0560007,10.8589528],[0.0584683,10.8554546],[0.0621912,10.8534315],[0.0695083,10.8491535],[0.0772116,10.8331789],[0.0796578,10.8300492],[0.0854299,10.8290165],[0.0935731,10.823463]]},"properties":{"fclass":"secondary"}},{"type":"Feature","geometry":{"type":"LineString","coordinates":[[0.0098731,10.9334344],[0.0102888,10.9246857],[0.0106643,10.9218151],[0.010895,10.9209407],[0.0164579,10.9142407],[0.0169782,10.912592],[0.0173699,10.9084623],[0.0177239,10.9050911],[0.0191696,10.9016303],[0.0195801,10.8997383],[0.019242,10.8962731],[0.0202935,10.8941133],[0.0212805,10.8930176]]},"properties":{"fclass":"secondary"}},{"type":"Feature","geometry":{"type":"LineString","coordinates":[[0.0935731,10.823463],[0.0989375,10.820486],[0.100992,10.8181956]]},"properties":{"fclass":"secondary"}},{"type":"Feature","geometry":{"type":"LineString","coordinates":[[0.0212805,10.8930176],[0.0234504,10.8929465],[0.0246494,10.8928833]]},"properties":{"fclass":"secondary"}},{"type":"Feature","geometry":{"type":"LineString","coordinates":[[0.0126573,10.95137],[0.0106859,10.9490394],[0.0096612,10.9440789],[0.0098731,10.9334344]]},"properties":{"fclass":"secondary"}},{"type":"Feature","geometry":{"type":"LineString","coordinates":[[0.7465985,9.7012516],[0.7455133,9.7011758],[0.7451928,9.7011111],[0.7448843,9.7009445],[0.7446161,9.7006325],[0.743973,9.6993596],[0.742232,9.696009],[0.7406388,9.6930294],[0.7396551,9.691339],[0.7393174,9.6907774]]},"properties":{"fclass":"secondary"}},{"type":"Feature","geometry":{"type":"LineString","coordinates":[[0.0889498,10.915639],[0.08707,10.9164549],[0.0846876,10.9189179],[0.0833988,10.920363],[0.0819475,10.921313],[0.0792277,10.9225704],[0.0760566,10.924738],[0.0747597,10.9260194],[0.072418,10.9276001],[0.0697348,10.9287737],[0.0680517,10.9305699],[0.0672183,10.9312765],[0.0662019,10.9317914],[0.0658677,10.9322502],[0.0649416,10.9337337],[0.0609896,10.9368467],[0.0558221,10.9414867],[0.0503504,10.9483125],[0.0488831,10.9514918],[0.0483129,10.9548867],[0.0479159,10.9598109],[0.0468509,10.9624564]]},"properties":{"fclass":"secondary"}},{"type":"Feature","geometry":{"type":"LineString","coordinates":[[0.0637454,11.0156381],[0.0671303,11.0161331],[0.0747639,11.018829],[0.0791738,11.0206958],[0.0821993,11.0221069],[0.0888949,11.0254767],[0.0896026,11.0257858]]},"properties":{"fclass":"secondary"}},{"type":"Feature","geometry":{"type":"LineString","coordinates":[[0.0897624,11.025865],[0.0928294,11.0274507],[0.0938738,11.0284661],[0.0945262,11.0291759],[0.0948143,11.0299166],[0.0951392,11.0305104],[0.0955995,11.0311787],[0.0958125,11.0315115],[0.0961097,11.032391],[0.0964498,11.0328332],[0.0972373,11.0336445],[0.098069,11.0343537],[0.0984669,11.0345252],[0.0995183,11.0346332],[0.1002006,11.0347962],[0.1007997,11.0349698],[0.101366,11.0351371],[0.1023774,11.0351372],[0.1029983,11.0351519],[0.1053441,11.035473],[0.1072004,11.0357948]]},"properties":{"fclass":"secondary"}},{"type":"Feature","geometry":{"type":"LineString","coordinates":[[0.0635576,11.0156381],[0.0637454,11.0156381]]},"properties":{"fclass":"secondary"}},{"type":"Feature","geometry":{"type":"LineString","coordinates":[[0.107305,11.0358104],[0.1088585,11.0360212],[0.1099143,11.0361779],[0.1103189,11.0362645]]},"properties":{"fclass":"secondary"}},{"type":"Feature","geometry":{"type":"LineString","coordinates":[[0.0896026,11.0257858],[0.0897624,11.025865]]},"properties":{"fclass":"secondary"}},{"type":"Feature","geometry":{"type":"LineString","coordinates":[[0.1072004,11.0357948],[0.107305,11.0358104]]},"properties":{"fclass":"secondary"}},{"type":"Feature","geometry":{"type":"LineString","coordinates":[[0.0535959,11.0136402],[0.0561386,11.015201],[0.0635576,11.0156381]]},"properties":{"fclass":"secondary"}},{"type":"Feature","geometry":{"type":"LineString","coordinates":[[0.1334788,10.8350592],[0.1345597,10.8352792],[0.135005,10.8355057],[0.1358082,10.8357771],[0.1369321,10.8361274],[0.1382263,10.8365674],[0.1389197,10.8367241],[0.1401843,10.836923],[0.140875,10.8371733],[0.142086,10.837878],[0.1441701,10.8389857],[0.1457499,10.8397747],[0.1473941,10.8407547],[0.1490732,10.8418071],[0.1498899,10.8421061],[0.1507696,10.8423708],[0.1518079,10.8425837]]},"properties":{"fclass":"secondary"}},{"type":"Feature","geometry":{"type":"LineString","coordinates":[[1.204183,6.2388991],[1.2047735,6.2394819],[1.2052106,6.2398815],[1.2056773,6.2403134],[1.2057969,6.240408]]},"properties":{"fclass":"primary"}},{"type":"Feature","geometry":{"type":"LineString","coordinates":[[1.2055263,6.2404888],[1.2050696,6.2400365],[1.204693,6.2396962],[1.204046,6.239044]]},"properties":{"fclass":"primary"}},{"type":"Feature","geometry":{"type":"LineString","coordinates":[[1.2099564,6.2391847],[1.2107599,6.2388566]]},"properties":{"fclass":"primary"}},{"type":"Feature","geometry":{"type":"LineString","coordinates":[[1.2107921,6.2389393],[1.209968,6.2392652]]},"properties":{"fclass":"primary"}},{"type":"Feature","geometry":{"type":"LineString","coordinates":[[1.2128989,6.2377888],[1.2110428,6.238818],[1.2107921,6.2389393]]},"properties":{"fclass":"primary"}},{"type":"Feature","geometry":{"type":"LineString","coordinates":[[1.2107599,6.2388566],[1.2117684,6.23833],[1.212789,6.2377248]]},"properties":{"fclass":"primary"}},{"type":"Feature","geometry":{"type":"LineString","coordinates":[[1.2105104,6.238726],[1.2110026,6.238506],[1.2117684,6.2381527],[1.212789,6.2377248]]},"properties":{"fclass":"trunk_link"}},{"type":"Feature","geometry":{"type":"LineString","coordinates":[[1.209968,6.2392652],[1.2087697,6.2396672],[1.2074447,6.2400663]]},"properties":{"fclass":"primary"}},{"type":"Feature","geometry":{"type":"LineString","coordinates":[[1.2075225,6.2399218],[1.2090392,6.2394992],[1.2099564,6.2391847]]},"properties":{"fclass":"primary"}},{"type":"Feature","geometry":{"type":"LineString","coordinates":[[1.2099847,6.2395379],[1.2087938,6.2398765],[1.2074447,6.2400663]]},"properties":{"fclass":"trunk_link"}},{"type":"Feature","geometry":{"type":"LineString","coordinates":[[1.2128989,6.2377888],[1.2116544,6.2387487],[1.2111877,6.2390426],[1.2108799,6.2391933],[1.2107042,6.2392693]]},"properties":{"fclass":"trunk_link"}},{"type":"Feature","geometry":{"type":"LineString","coordinates":[[1.2075225,6.2399218],[1.208539,6.2395166],[1.2090969,6.2393086],[1.209518,6.2391419],[1.209581,6.2391179]]},"properties":{"fclass":"trunk_link"}},{"type":"Feature","geometry":{"type":"LineString","coordinates":[[0.3534136,10.9853943],[0.3451621,10.9832012],[0.3414606,10.981179],[0.334401,10.9796728],[0.3221379,10.9797571],[0.3134369,10.9810736],[0.3131364,10.9810736]]},"properties":{"fclass":"secondary"}},{"type":"Feature","geometry":{"type":"LineString","coordinates":[[0.2982502,10.9628777],[0.2986221,10.9650839],[0.2980976,10.9759557],[0.2969888,10.9850739],[0.3011934,10.9935387],[0.3045256,10.9992347],[0.3100361,11.004657],[0.3156531,11.0128973],[0.3158682,11.0191127],[0.309454,11.0257404],[0.3010952,11.0335514],[0.296034,11.038507],[0.2949622,11.043901],[0.2944816,11.0478149],[0.2940154,11.0492055],[0.2926077,11.0507674],[0.2926746,11.0512009],[0.292523,11.0512523]]},"properties":{"fclass":"secondary"}},{"type":"Feature","geometry":{"type":"LineString","coordinates":[[0.5871798,9.5358191],[0.5887797,9.5356802],[0.590613,9.5355334],[0.5909148,9.5354223],[0.5923255,9.5347557],[0.5930901,9.5344107],[0.5949545,9.5335755],[0.5967302,9.5327724],[0.597495,9.5324426],[0.5984984,9.5322828],[0.6023646,9.5317371],[0.6049396,9.5313718],[0.6054285,9.5312594],[0.6063455,9.5307492],[0.6081593,9.5297008],[0.6090931,9.529167],[0.610728,9.5282125],[0.6122857,9.5273168],[0.6142634,9.5261809],[0.6151426,9.5256455],[0.6158346,9.525267],[0.6161065,9.5250687],[0.6172607,9.5246849],[0.6196094,9.5238954],[0.6210445,9.5238096],[0.6216254,9.5247522],[0.6222853,9.5258262],[0.6227454,9.5269567],[0.6230739,9.5280096],[0.6231729,9.5288496],[0.6232706,9.529635]]},"properties":{"fclass":"secondary"}},{"type":"Feature","geometry":{"type":"LineString","coordinates":[[0.8332202,10.1575988],[0.8285889,10.1577886],[0.817565,10.1553068],[0.8168247,10.1555867],[0.8163794,10.1552804],[0.8070668,10.1471116],[0.8051651,10.1455142]]},"properties":{"fclass":"secondary"}},{"type":"Feature","geometry":{"type":"LineString","coordinates":[[0.7992535,10.1391802],[0.7991436,10.1390653]]},"properties":{"fclass":"secondary"}},{"type":"Feature","geometry":{"type":"LineString","coordinates":[[0.8051651,10.1455142],[0.8050605,10.1454179]]},"properties":{"fclass":"secondary"}},{"type":"Feature","geometry":{"type":"LineString","coordinates":[[0.6604091,9.9598218],[0.6607923,9.9596299]]},"properties":{"fclass":"secondary"}},{"type":"Feature","geometry":{"type":"LineString","coordinates":[[0.7991436,10.1390653],[0.7942351,10.1350045],[0.7911023,10.1312023],[0.7801804,10.1259638],[0.7772836,10.1223094],[0.7715329,10.1146625],[0.7677134,10.1089589],[0.7460948,10.0948157],[0.7425007,10.0927454],[0.7384237,10.0892491],[0.7323968,10.085317],[0.7159712,10.073836],[0.7149408,10.0721189]]},"properties":{"fclass":"secondary"}},{"type":"Feature","geometry":{"type":"LineString","coordinates":[[0.8050605,10.1454179],[0.8010238,10.1414257],[0.7992535,10.1391802]]},"properties":{"fclass":"secondary"}},{"type":"Feature","geometry":{"type":"LineString","coordinates":[[0.7035033,9.9680041],[0.705171,9.9668298],[0.7059202,9.9663103]]},"properties":{"fclass":"secondary"}},{"type":"Feature","geometry":{"type":"LineString","coordinates":[[0.4065212,10.7483581],[0.4063777,10.7481401]]},"properties":{"fclass":"secondary"}},{"type":"Feature","geometry":{"type":"LineString","coordinates":[[0.4063777,10.7481401],[0.4051429,10.7427911],[0.4045231,10.7400011]]},"properties":{"fclass":"secondary"}},{"type":"Feature","geometry":{"type":"LineString","coordinates":[[0.7059202,9.9663103],[0.7093177,9.9622199],[0.7161613,9.9550701],[0.7217713,9.9538401],[0.7259634,9.95405],[0.7279763,9.9534451],[0.7313713,9.9515821],[0.7362433,9.9487741],[0.7390283,9.9472441],[0.7414343,9.9461251],[0.7424702,9.9458501],[0.7438863,9.9454741],[0.7465663,9.9451391],[0.7506213,9.9456621],[0.7528491,9.9453624],[0.7574833,9.9419671],[0.7598083,9.9400541],[0.7617683,9.9376501],[0.7646333,9.9351891],[0.7696091,9.9303801],[0.7704458,9.9296611],[0.7708266,9.9295118],[0.7714932,9.9296307],[0.7733991,9.9298032],[0.7747995,9.9299393],[0.7749539,9.9299011]]},"properties":{"fclass":"secondary"}},{"type":"Feature","geometry":{"type":"LineString","coordinates":[[1.2072167,7.7700925],[1.2086248,7.7703343]]},"properties":{"fclass":"primary"}},{"type":"Feature","geometry":{"type":"LineString","coordinates":[[1.2086248,7.7703343],[1.208767,7.7703529]]},"properties":{"fclass":"primary"}},{"type":"Feature","geometry":{"type":"LineString","coordinates":[[0.9140188,9.3004489],[0.9141073,9.3004536]]},"properties":{"fclass":"secondary"}},{"type":"Feature","geometry":{"type":"LineString","coordinates":[[0.9053752,9.2991524],[0.9054879,9.2993182],[0.9058721,9.2993986],[0.9063573,9.2994403],[0.9085728,9.2998164],[0.9105858,9.3001762],[0.9117901,9.3003257],[0.9140188,9.3004489]]},"properties":{"fclass":"secondary"}},{"type":"Feature","geometry":{"type":"LineString","coordinates":[[1.1079513,9.7653823],[1.1080047,9.7653047],[1.108098,9.7653237],[1.1081158,9.7654158],[1.1080363,9.7654674],[1.1079575,9.7654147],[1.1079513,9.7653823]]},"properties":{"fclass":"secondary"}},{"type":"Feature","geometry":{"type":"LineString","coordinates":[[1.1080036,9.7654607],[1.1067787,9.7660153]]},"properties":{"fclass":"secondary"}},{"type":"Feature","geometry":{"type":"LineString","coordinates":[[1.1080703,9.7653052],[1.1083771,9.7652587]]},"properties":{"fclass":"secondary"}},{"type":"Feature","geometry":{"type":"LineString","coordinates":[[0.6607923,9.9596299],[0.6656913,9.9571221],[0.6664093,9.9572141],[0.6752593,9.9658041],[0.6764863,9.9666971],[0.6805003,9.9723751],[0.6825,9.9722379],[0.6880092,9.9723235],[0.6951933,9.9699951],[0.6987575,9.9700271],[0.7010593,9.9690821],[0.7035033,9.9680041]]},"properties":{"fclass":"secondary"}},{"type":"Feature","geometry":{"type":"LineString","coordinates":[[0.5871453,9.9693353],[0.5882187,9.9696786],[0.5893508,9.970056],[0.5909147,9.9704636],[0.5925787,9.9708686],[0.5935149,9.9709766],[0.5951679,9.9710954],[0.5968716,9.9707863],[0.5987563,9.9703826],[0.6008973,9.9699277],[0.6020226,9.9695538],[0.6035426,9.9688342],[0.6050037,9.968139],[0.6068802,9.9672737],[0.6080206,9.9669956],[0.609268,9.96691],[0.6103342,9.9669821],[0.616052,9.965672],[0.623035,9.962068],[0.6257342,9.9613866],[0.6263169,9.9611277],[0.631428,9.959307],[0.639472,9.958278],[0.641292,9.959252],[0.6495461,9.9620984],[0.653803,9.962877],[0.6552396,9.9623499],[0.6570876,9.961496],[0.658544,9.9607431],[0.6604091,9.9598218]]},"properties":{"fclass":"secondary"}},{"type":"Feature","geometry":{"type":"LineString","coordinates":[[0.5870568,9.9693034],[0.5871453,9.9693353]]},"properties":{"fclass":"secondary"}},{"type":"Feature","geometry":{"type":"LineString","coordinates":[[1.1824507,6.2069478],[1.1823486,6.2063172],[1.1821689,6.2055145],[1.1818926,6.2042026],[1.1817274,6.2034183],[1.1815893,6.2027973],[1.1812904,6.2014468],[1.181162,6.2007541]]},"properties":{"fclass":"secondary"}},{"type":"Feature","geometry":{"type":"LineString","coordinates":[[1.1814305,6.2011712],[1.1816338,6.2020268],[1.1818685,6.2031254],[1.1819331,6.2034256],[1.182197,6.2046599],[1.1823513,6.2053719],[1.182543,6.2062412],[1.1826789,6.2068987]]},"properties":{"fclass":"secondary"}},{"type":"Feature","geometry":{"type":"LineString","coordinates":[[1.1832777,6.210802],[1.1831747,6.2103769],[1.1830567,6.2097849],[1.1829172,6.2091463],[1.1826932,6.208105],[1.1825058,6.2072018]]},"properties":{"fclass":"secondary"}},{"type":"Feature","geometry":{"type":"LineString","coordinates":[[1.1834227,6.2107321],[1.1834665,6.2107727],[1.1834765,6.210851],[1.1834063,6.2109215],[1.1833091,6.2108992],[1.1832762,6.2108106],[1.1833173,6.2107415],[1.1834227,6.2107321]]},"properties":{"fclass":"secondary"}},{"type":"Feature","geometry":{"type":"LineString","coordinates":[[1.1824507,6.2069478],[1.1825807,6.2068764],[1.1826789,6.2068987]]},"properties":{"fclass":"secondary"}},{"type":"Feature","geometry":{"type":"LineString","coordinates":[[0.5759977,9.869733],[0.5748781,9.8721815],[0.572743,9.8768428],[0.5721368,9.8808752],[0.5715949,9.8850289],[0.5710505,9.8861307]]},"properties":{"fclass":"primary"}},{"type":"Feature","geometry":{"type":"LineString","coordinates":[[0.5710505,9.8861307],[0.5694171,9.8883161]]},"properties":{"fclass":"primary"}},{"type":"Feature","geometry":{"type":"LineString","coordinates":[[1.0324063,6.2604456],[1.0316266,6.2599051],[1.0314341,6.259792]]},"properties":{"fclass":"primary"}},{"type":"Feature","geometry":{"type":"LineString","coordinates":[[1.0315277,6.2594164],[1.0321108,6.2600295],[1.0325506,6.2604068]]},"properties":{"fclass":"primary"}},{"type":"Feature","geometry":{"type":"LineString","coordinates":[[1.118046,9.7202815],[1.1179079,9.7205565]]},"properties":{"fclass":"trunk"}},{"type":"Feature","geometry":{"type":"LineString","coordinates":[[1.0292027,9.8736692],[1.0275365,9.8700523],[1.0261595,9.8669994],[1.0257867,9.8659793],[1.0246655,9.8625176],[1.0239832,9.8606296]]},"properties":{"fclass":"primary"}},{"type":"Feature","geometry":{"type":"LineString","coordinates":[[1.0292871,9.873847],[1.0292027,9.8736692]]},"properties":{"fclass":"primary"}},{"type":"Feature","geometry":{"type":"LineString","coordinates":[[1.0210452,9.854949],[1.0209574,9.8547895]]},"properties":{"fclass":"primary"}},{"type":"Feature","geometry":{"type":"LineString","coordinates":[[1.0239832,9.8606296],[1.0239167,9.8604535]]},"properties":{"fclass":"primary"}},{"type":"Feature","geometry":{"type":"LineString","coordinates":[[1.0470204,9.9379772],[1.046767,9.9356255],[1.0463627,9.9321677],[1.0461232,9.9308606],[1.0460588,9.9301578],[1.0461687,9.9280787],[1.0462975,9.926163],[1.0465953,9.9242185],[1.0466179,9.9232861],[1.0462385,9.920649],[1.0460213,9.9186991],[1.0457208,9.9170135],[1.0455224,9.9157716],[1.0453454,9.9146303]]},"properties":{"fclass":"primary"}},{"type":"Feature","geometry":{"type":"LineString","coordinates":[[1.0239167,9.8604535],[1.0236141,9.8597746],[1.0223739,9.8574684],[1.0211787,9.8551914],[1.0210452,9.854949]]},"properties":{"fclass":"primary"}},{"type":"Feature","geometry":{"type":"LineString","coordinates":[[1.1116926,8.9658836],[1.1119004,8.9659944]]},"properties":{"fclass":"secondary"}},{"type":"Feature","geometry":{"type":"LineString","coordinates":[[1.1398166,8.982725],[1.1398343,8.9827846]]},"properties":{"fclass":"trunk"}},{"type":"Feature","geometry":{"type":"LineString","coordinates":[[1.1377273,8.977],[1.1383815,8.978794],[1.1394951,8.9818281],[1.1397846,8.9826298],[1.1398166,8.982725]]},"properties":{"fclass":"trunk"}},{"type":"Feature","geometry":{"type":"LineString","coordinates":[[1.1119004,8.9659944],[1.1130135,8.9665163],[1.1145795,8.9676274],[1.1155533,8.9683584],[1.1169064,8.9690289],[1.1185779,8.9701221],[1.122672,8.9735957],[1.123736,8.974496],[1.1246853,8.9749755],[1.1276357,8.9757295],[1.1290263,8.9756091],[1.1307777,8.9757707],[1.133199,8.9762769],[1.1335779,8.9772287],[1.133738,8.977692]]},"properties":{"fclass":"secondary"}},{"type":"Feature","geometry":{"type":"LineString","coordinates":[[1.1336553,9.0572977],[1.1340192,9.0589617],[1.1347917,9.0631441],[1.1351189,9.0647452],[1.1352155,9.0658061],[1.1353697,9.0682998],[1.1353388,9.0691924],[1.1349504,9.0718044],[1.134807,9.0729693],[1.134464,9.075875],[1.1344752,9.0766576],[1.1346579,9.0778263]]},"properties":{"fclass":"trunk"}},{"type":"Feature","geometry":{"type":"LineString","coordinates":[[1.1336331,9.0571666],[1.1336553,9.0572977]]},"properties":{"fclass":"trunk"}},{"type":"Feature","geometry":{"type":"LineString","coordinates":[[1.1346579,9.0778263],[1.1346892,9.078067]]},"properties":{"fclass":"trunk"}},{"type":"Feature","geometry":{"type":"LineString","coordinates":[[1.1777485,9.1659027],[1.1780014,9.1661513]]},"properties":{"fclass":"trunk"}},{"type":"Feature","geometry":{"type":"LineString","coordinates":[[1.152577,9.1380481],[1.1536691,9.1393636],[1.1543772,9.1404864],[1.1550182,9.1415774],[1.1568582,9.1462778],[1.1576494,9.1475278],[1.1595458,9.1496886],[1.1608118,9.1514945],[1.1628073,9.1547967],[1.1633304,9.1555037],[1.1641028,9.1561684],[1.1650014,9.1566583],[1.1665168,9.157082],[1.1674154,9.1574183],[1.1682764,9.1579187],[1.1691012,9.1584717],[1.1697435,9.1590547],[1.1718819,9.1612903],[1.1728924,9.1621582],[1.1738688,9.1627805],[1.1755908,9.1638979],[1.1763096,9.1644937],[1.1777485,9.1659027]]},"properties":{"fclass":"trunk"}},{"type":"Feature","geometry":{"type":"LineString","coordinates":[[1.1346892,9.078067],[1.1360174,9.0869792],[1.1365485,9.0894052],[1.138469,9.09649],[1.1389759,9.0978486],[1.141308,9.102135],[1.1428866,9.1050127],[1.1433479,9.1063686],[1.1440667,9.1087893],[1.1444476,9.1113555],[1.1448795,9.1138715],[1.1456761,9.1180267],[1.148037,9.129987],[1.1485809,9.1315832],[1.14903,9.132175],[1.1500025,9.1332383],[1.1505148,9.1340963],[1.1517473,9.1368716],[1.1521912,9.1375761],[1.152577,9.1380481]]},"properties":{"fclass":"trunk"}},{"type":"Feature","geometry":{"type":"LineString","coordinates":[[1.1780014,9.1661513],[1.1852306,9.1724931],[1.1861761,9.1733669],[1.1871913,9.1739508],[1.1889723,9.1749636],[1.1896831,9.1756375],[1.1901171,9.1762436],[1.1904534,9.177043],[1.1922115,9.1819458],[1.1928105,9.1838048],[1.1941382,9.1887456],[1.1943743,9.1893705],[1.1947632,9.1900589],[1.1993471,9.1980773],[1.2002429,9.2013754],[1.2005683,9.2040871],[1.20092,9.2058787],[1.2011278,9.2066158]]},"properties":{"fclass":"trunk"}},{"type":"Feature","geometry":{"type":"LineString","coordinates":[[1.0342541,9.1154919],[1.035494,9.1136291],[1.035904,9.1131962],[1.0385567,9.1104412],[1.0394338,9.1092925],[1.0427439,9.1029237],[1.044981,9.0986396],[1.0475421,9.0936375],[1.0479848,9.0924493]]},"properties":{"fclass":"primary"}},{"type":"Feature","geometry":{"type":"LineString","coordinates":[[1.0341365,9.1156698],[1.0342541,9.1154919]]},"properties":{"fclass":"primary"}},{"type":"Feature","geometry":{"type":"LineString","coordinates":[[1.0964366,8.9101312],[1.0983807,8.9122016],[1.0989131,8.9127992],[1.1012094,8.9160232],[1.1029948,8.9185848],[1.1051069,8.9215805],[1.1071596,8.9245112],[1.1076558,8.9252584],[1.1080796,8.9256797],[1.1085248,8.9259977],[1.1093202,8.9265329],[1.1141628,8.929796],[1.116216,8.9312057],[1.1172701,8.9319197],[1.1177543,8.9323186],[1.1182786,8.9328868],[1.1185426,8.9331773]]},"properties":{"fclass":"trunk"}},{"type":"Feature","geometry":{"type":"LineString","coordinates":[[1.12748,8.943564],[1.1275521,8.9436383]]},"properties":{"fclass":"trunk"}},{"type":"Feature","geometry":{"type":"LineString","coordinates":[[1.1316558,8.9546294],[1.1316744,8.9546666]]},"properties":{"fclass":"trunk"}},{"type":"Feature","geometry":{"type":"LineString","coordinates":[[1.1185426,8.9331773],[1.1186389,8.9332922]]},"properties":{"fclass":"trunk"}},{"type":"Feature","geometry":{"type":"LineString","coordinates":[[1.1186389,8.9332922],[1.1207379,8.9357195],[1.1223945,8.9376152],[1.1246047,8.9402039],[1.1259532,8.9417327],[1.1267169,8.942668],[1.12748,8.943564]]},"properties":{"fclass":"trunk"}},{"type":"Feature","geometry":{"type":"LineString","coordinates":[[1.1352505,8.9618584],[1.1356527,8.9626786],[1.1358753,8.9632204],[1.1359718,8.9637874],[1.1359138,8.9650902],[1.1357174,8.9680298]]},"properties":{"fclass":"trunk"}},{"type":"Feature","geometry":{"type":"LineString","coordinates":[[1.1316744,8.9546666],[1.1324641,8.9562083],[1.1326963,8.9566825],[1.1352505,8.9618584]]},"properties":{"fclass":"trunk"}},{"type":"Feature","geometry":{"type":"LineString","coordinates":[[1.1614268,8.8929505],[1.1614446,8.8931287]]},"properties":{"fclass":"secondary"}},{"type":"Feature","geometry":{"type":"LineString","coordinates":[[1.1614446,8.8931287],[1.1615467,8.8956451],[1.1609888,8.9018035],[1.1577272,8.9075379],[1.1587626,8.9163777],[1.1620778,8.9218574],[1.1658436,8.9318787],[1.1682656,8.9387015],[1.1686666,8.9412035],[1.1680449,8.9436832],[1.1677751,8.9454001],[1.1677832,8.9461332],[1.1681195,8.9476188],[1.1683568,8.9486177],[1.1685848,8.9495702],[1.1688546,8.9507186],[1.1691172,8.9517932],[1.1693585,8.9527022],[1.1697747,8.9544158]]},"properties":{"fclass":"secondary"}},{"type":"Feature","geometry":{"type":"LineString","coordinates":[[1.2904882,9.0529835],[1.2901025,9.0529251],[1.287444,9.0501186],[1.2855772,9.0481055],[1.2815217,9.0460076],[1.2801913,9.0446514],[1.2762431,9.0428925],[1.2732122,9.0416232],[1.2684271,9.0395253],[1.2657288,9.03929],[1.2597153,9.0389107],[1.2567839,9.0387109],[1.2548172,9.0380619]]},"properties":{"fclass":"secondary"}},{"type":"Feature","geometry":{"type":"LineString","coordinates":[[1.2849392,9.0244172],[1.2850319,9.0245545]]},"properties":{"fclass":"secondary"}},{"type":"Feature","geometry":{"type":"LineString","coordinates":[[1.2850319,9.0245545],[1.2855516,9.0253027],[1.286183,9.027637],[1.2874523,9.0303286],[1.2880158,9.0313354],[1.2885844,9.0322423],[1.290053,9.0344254],[1.2914127,9.0375146],[1.2915253,9.0426519],[1.2912592,9.0457692],[1.2906754,9.0507366],[1.2903301,9.0524099],[1.2904882,9.0529835]]},"properties":{"fclass":"secondary"}},{"type":"Feature","geometry":{"type":"LineString","coordinates":[[1.2904882,9.0529835],[1.2917677,9.0545825],[1.2924293,9.0563572],[1.2929721,9.0570364],[1.2943287,9.0580124],[1.2958303,9.0590733],[1.2965076,9.0596913],[1.2971907,9.0608859],[1.2983017,9.062642],[1.298941,9.0633523],[1.2991601,9.0638367],[1.2994575,9.0649382],[1.3000598,9.0664864],[1.3017734,9.0687273],[1.3028544,9.069007],[1.303553,9.0693275],[1.3065285,9.0733082],[1.3082762,9.0768239],[1.3088944,9.0791338],[1.3102071,9.0836952],[1.3103922,9.084236]]},"properties":{"fclass":"secondary"}},{"type":"Feature","geometry":{"type":"LineString","coordinates":[[1.2138163,8.9529298],[1.2146719,8.9539618],[1.216057,8.9556325]]},"properties":{"fclass":"secondary"}},{"type":"Feature","geometry":{"type":"LineString","coordinates":[[1.2081607,8.9532191],[1.2082487,8.9532169]]},"properties":{"fclass":"primary"}},{"type":"Feature","geometry":{"type":"LineString","coordinates":[[1.2082487,8.9532169],[1.2120379,8.953023],[1.2138163,8.9529298],[1.2179005,8.952702],[1.2190513,8.9526433]]},"properties":{"fclass":"primary"}},{"type":"Feature","geometry":{"type":"LineString","coordinates":[[1.3205789,9.1200639],[1.3216254,9.1206737],[1.3225999,9.1208715],[1.324141,9.1207138],[1.3242891,9.1207071]]},"properties":{"fclass":"secondary"}},{"type":"Feature","geometry":{"type":"LineString","coordinates":[[1.3200985,9.119748],[1.3205789,9.1200639]]},"properties":{"fclass":"secondary"}},{"type":"Feature","geometry":{"type":"LineString","coordinates":[[1.3103922,9.084236],[1.3104781,9.0845205]]},"properties":{"fclass":"secondary"}},{"type":"Feature","geometry":{"type":"LineString","coordinates":[[1.3104781,9.0845205],[1.3124172,9.0892697],[1.3146657,9.0940522],[1.3173383,9.0982009],[1.3198164,9.1016849],[1.3217713,9.1060563],[1.3218277,9.1069474],[1.3209748,9.1097863],[1.3206198,9.1124537],[1.3199273,9.115204],[1.3197561,9.1168518],[1.3197795,9.1183518],[1.3196083,9.1191911],[1.319725,9.1194657],[1.3200985,9.119748]]},"properties":{"fclass":"secondary"}},{"type":"Feature","geometry":{"type":"LineString","coordinates":[[1.3242835,9.1207458],[1.3243301,9.1206514],[1.3244312,9.1206346],[1.3245055,9.1207058],[1.3244922,9.1208051],[1.3244129,9.1208538],[1.3243124,9.1208172],[1.3242835,9.1207458]]},"properties":{"fclass":"secondary"}},{"type":"Feature","geometry":{"type":"LineString","coordinates":[[1.2935674,8.9588885],[1.2936864,8.9589512]]},"properties":{"fclass":"primary"}},{"type":"Feature","geometry":{"type":"LineString","coordinates":[[1.2190513,8.9526433],[1.2206787,8.9525562],[1.2216094,8.9526834],[1.2265991,8.9537666],[1.2274459,8.9537962],[1.2329283,8.9533325],[1.2339259,8.9534173],[1.2346127,8.9537289],[1.2372681,8.9552667],[1.2379615,8.9554641],[1.2384926,8.9554283],[1.2424598,8.9542205],[1.2440005,8.953779],[1.2460336,8.9532001],[1.2467806,8.9532477],[1.2474243,8.9535604],[1.2501964,8.9552773],[1.253804,8.9569465],[1.2552738,8.9575373],[1.2566873,8.9578764],[1.2671882,8.9602292],[1.2679298,8.9603352],[1.2686326,8.9602292],[1.2773055,8.9579983],[1.2783435,8.9579215],[1.2810147,8.9579889],[1.2819135,8.9578473],[1.2862733,8.9564695],[1.2873799,8.9562761],[1.2883589,8.9563636],[1.289067,8.9565729],[1.2902471,8.9571717],[1.2935674,8.9588885]]},"properties":{"fclass":"primary"}},{"type":"Feature","geometry":{"type":"LineString","coordinates":[[1.3489913,9.2307449],[1.3476154,9.2289371],[1.346517,9.2264863],[1.3450042,9.2232532],[1.3447716,9.223165],[1.3446418,9.2231678]]},"properties":{"fclass":"secondary"}},{"type":"Feature","geometry":{"type":"LineString","coordinates":[[1.3492003,9.2309273],[1.3489913,9.2307449]]},"properties":{"fclass":"secondary"}},{"type":"Feature","geometry":{"type":"LineString","coordinates":[[1.3450403,9.219968],[1.3450187,9.2201296]]},"properties":{"fclass":"secondary"}},{"type":"Feature","geometry":{"type":"LineString","coordinates":[[1.3468244,9.1944893],[1.346137,9.2125154],[1.3450403,9.219968]]},"properties":{"fclass":"secondary"}},{"type":"Feature","geometry":{"type":"LineString","coordinates":[[1.4189873,9.1387482],[1.4190977,9.1386201]]},"properties":{"fclass":"secondary"}},{"type":"Feature","geometry":{"type":"LineString","coordinates":[[1.4175702,9.2086646],[1.41689,9.2051226],[1.4163867,9.2045284],[1.4134314,9.2031486],[1.4130579,9.2023503],[1.4132022,9.199281],[1.4133321,9.1965558],[1.4135677,9.1936241],[1.4138106,9.1906568],[1.4136038,9.1874639],[1.4132671,9.1841167],[1.4129473,9.1809689],[1.4129016,9.1785309],[1.4130916,9.1739254],[1.4132335,9.1708202],[1.4133778,9.1675464],[1.413522,9.1642299],[1.4136591,9.1610581],[1.4138034,9.1577938],[1.4136808,9.1554838],[1.4132503,9.1527393],[1.4131541,9.1512365],[1.4138347,9.149406],[1.415316,9.1455243],[1.4164462,9.1425708],[1.4179323,9.1400565],[1.4189873,9.1387482]]},"properties":{"fclass":"secondary"}},{"type":"Feature","geometry":{"type":"LineString","coordinates":[[1.472141,8.6539452],[1.4719993,8.6538652]]},"properties":{"fclass":"secondary"}},{"type":"Feature","geometry":{"type":"LineString","coordinates":[[1.4719993,8.6538652],[1.4691164,8.6524759],[1.4680567,8.6523618]]},"properties":{"fclass":"secondary"}},{"type":"Feature","geometry":{"type":"LineString","coordinates":[[1.4532802,9.0636154],[1.4533653,9.063655]]},"properties":{"fclass":"secondary"}},{"type":"Feature","geometry":{"type":"LineString","coordinates":[[1.4533653,9.063655],[1.4553054,9.064576],[1.4571429,9.0662462],[1.4588082,9.0679817],[1.4601446,9.0690126],[1.463321,9.0713833],[1.4659862,9.0733819],[1.4685352,9.0752559],[1.4719599,9.0777571],[1.4747633,9.0798586],[1.4776089,9.0819502],[1.4800075,9.0837924],[1.4823301,9.0855436],[1.4851836,9.0876688],[1.4867446,9.0888214]]},"properties":{"fclass":"secondary"}},{"type":"Feature","geometry":{"type":"LineString","coordinates":[[1.1886879,6.2176754],[1.18855,6.2178292],[1.1884738,6.2178195]]},"properties":{"fclass":"primary"}},{"type":"Feature","geometry":{"type":"LineString","coordinates":[[1.1886879,6.2176754],[1.1893335,6.2185832],[1.1896991,6.2191527]]},"properties":{"fclass":"primary"}},{"type":"Feature","geometry":{"type":"LineString","coordinates":[[1.2782091,6.1474635],[1.2774328,6.1463217]]},"properties":{"fclass":"trunk"}},{"type":"Feature","geometry":{"type":"LineString","coordinates":[[1.2766358,6.1446673],[1.2770189,6.145231]]},"properties":{"fclass":"trunk"}},{"type":"Feature","geometry":{"type":"LineString","coordinates":[[1.2776571,6.1461586],[1.2784256,6.1472583]]},"properties":{"fclass":"trunk"}},{"type":"Feature","geometry":{"type":"LineString","coordinates":[[1.2768265,6.1454503],[1.2764165,6.1448254]]},"properties":{"fclass":"trunk"}},{"type":"Feature","geometry":{"type":"LineString","coordinates":[[1.2155812,6.3060051],[1.2156214,6.3062877]]},"properties":{"fclass":"trunk"}},{"type":"Feature","geometry":{"type":"LineString","coordinates":[[1.2130679,6.2886432],[1.2131471,6.289643],[1.2133348,6.2919925],[1.2134772,6.2939041],[1.2138398,6.2962541],[1.2139704,6.296977],[1.2141344,6.2980587],[1.2143902,6.2995133],[1.214456,6.2999272],[1.2146558,6.3010863],[1.2150541,6.3032604],[1.2150729,6.3034564]]},"properties":{"fclass":"trunk"}},{"type":"Feature","geometry":{"type":"LineString","coordinates":[[1.2150729,6.3034564],[1.2155812,6.3060051]]},"properties":{"fclass":"trunk"}},{"type":"Feature","geometry":{"type":"LineString","coordinates":[[1.2151834,6.3058487],[1.2147973,6.3035829]]},"properties":{"fclass":"trunk"}},{"type":"Feature","geometry":{"type":"LineString","coordinates":[[1.2054224,6.374775],[1.2054974,6.3742816],[1.2061729,6.3717908],[1.2063276,6.371466],[1.2076543,6.3665879],[1.2081329,6.364846],[1.2085987,6.3631953],[1.2099446,6.3583276],[1.2102966,6.3570565],[1.2119089,6.3511999],[1.2126298,6.348529],[1.2136326,6.345027],[1.2140606,6.3434461],[1.2148335,6.3405983],[1.2154414,6.3384848],[1.21619,6.3359698],[1.2171945,6.3324909],[1.217865,6.3302036],[1.2182191,6.3290252],[1.2183827,6.3282441],[1.2185356,6.3269059],[1.2185302,6.3260528],[1.2184498,6.325293],[1.2181909,6.3237695],[1.2177926,6.3213688],[1.2176746,6.320649]]},"properties":{"fclass":"trunk"}},{"type":"Feature","geometry":{"type":"LineString","coordinates":[[1.2179442,6.3206518],[1.2180971,6.3215902],[1.2183358,6.3230591],[1.2185261,6.3242441],[1.2187247,6.3255064],[1.2187998,6.3264794],[1.2187301,6.3277777],[1.2185048,6.328892],[1.2176076,6.3322577],[1.2169415,6.3345695],[1.2160232,6.3377825],[1.2156596,6.3390371],[1.2154221,6.3398584],[1.2150474,6.3411855],[1.2143876,6.3435487],[1.2140335,6.344871],[1.2133448,6.3473498],[1.21278,6.3493404],[1.2120621,6.3518545],[1.2110496,6.3554276],[1.2104394,6.3575626],[1.2101993,6.3585093],[1.209362,6.3616996],[1.2086115,6.3646053]]},"properties":{"fclass":"trunk"}},{"type":"Feature","geometry":{"type":"LineString","coordinates":[[1.2086322,6.2650806],[1.2085223,6.2645674],[1.2083673,6.2638542],[1.2082603,6.2632907],[1.2081313,6.2623824],[1.2080965,6.2620118]]},"properties":{"fclass":"trunk"}},{"type":"Feature","geometry":{"type":"LineString","coordinates":[[1.208649,6.265142],[1.2086322,6.2650806]]},"properties":{"fclass":"trunk"}},{"type":"Feature","geometry":{"type":"LineString","coordinates":[[1.2121452,6.2841195],[1.2120634,6.283597]]},"properties":{"fclass":"trunk"}},{"type":"Feature","geometry":{"type":"LineString","coordinates":[[1.2118348,6.281998],[1.2117704,6.2812821],[1.211637,6.2798018],[1.2114596,6.2783508],[1.2111904,6.2768624],[1.2107947,6.2748934],[1.2102744,6.2723852],[1.2098841,6.2704203],[1.2096414,6.2692132],[1.2092471,6.2674488],[1.2088662,6.2659638],[1.208649,6.265142]]},"properties":{"fclass":"trunk"}},{"type":"Feature","geometry":{"type":"LineString","coordinates":[[1.2127165,6.2881973],[1.2126146,6.2870789],[1.2124255,6.2858272],[1.2121452,6.2841195]]},"properties":{"fclass":"trunk"}},{"type":"Feature","geometry":{"type":"LineString","coordinates":[[0.7312801,7.1289734],[0.7311031,7.1299834],[0.731028,7.1307446],[0.7310964,7.131422],[0.7313504,7.1326426],[0.7317442,7.1343416],[0.732202,7.1362144],[0.7326078,7.1379891],[0.7329485,7.1394635],[0.7331918,7.1405885],[0.7335708,7.142596],[0.7338685,7.1437244],[0.7347206,7.1462399],[0.7356505,7.1490715],[0.7363881,7.1519137],[0.7367167,7.1531034],[0.7372411,7.1550472],[0.7375582,7.1562239],[0.7378494,7.157066],[0.7387819,7.1589674],[0.740295,7.161912],[0.7408449,7.1629871],[0.7413089,7.1637083],[0.7421444,7.1648221],[0.7428351,7.1657748],[0.7435834,7.1667887],[0.7468562,7.1713121],[0.7475612,7.1723653],[0.7478173,7.1728989],[0.7479152,7.1734006],[0.7480989,7.1743451],[0.7484168,7.176212],[0.7487861,7.1782352],[0.7489196,7.1786743],[0.7490781,7.179499],[0.7493615,7.1813901],[0.7496855,7.1826615],[0.7500181,7.1832017],[0.7507798,7.1840107],[0.7514745,7.1846973],[0.7527266,7.1858539],[0.7538601,7.1869003],[0.7550177,7.1879998],[0.7554924,7.1884202],[0.7560023,7.1887219],[0.756973,7.1891973],[0.7582954,7.1898306],[0.7600576,7.1907141],[0.7621229,7.1917227],[0.7631448,7.1923081],[0.7642867,7.1930506],[0.7655497,7.1938767],[0.7667443,7.1946392],[0.7684717,7.1955759],[0.7695445,7.19618],[0.7705075,7.1967974],[0.771575,7.1975451],[0.7722254,7.1981346],[0.7727256,7.1989023],[0.7735834,7.2001812],[0.7742786,7.2010604],[0.7751954,7.2017752],[0.7768804,7.2030961],[0.7778996,7.2038199],[0.7791093,7.2046714],[0.7801178,7.2053713],[0.7807374,7.2059008],[0.7813972,7.2066725],[0.78269,7.208184],[0.7836825,7.2094586],[0.7844362,7.2104565],[0.7857103,7.2122863],[0.7864961,7.2136204],[0.7868099,7.2141818],[0.7872605,7.2151504],[0.7876334,7.215962],[0.7883895,7.217588],[0.7891138,7.2193245],[0.7895914,7.2205016],[0.7897523,7.221369],[0.7898811,7.222186],[0.7900022,7.2233107],[0.7900554,7.2241054],[0.7900139,7.2251875],[0.7899301,7.2260311],[0.7898413,7.2270512],[0.7897959,7.2281101],[0.7898239,7.2291863],[0.7898703,7.2309417],[0.7899011,7.2320682],[0.7899454,7.2332247],[0.7900956,7.2342238],[0.7903602,7.2354475],[0.7905141,7.2362168],[0.7908749,7.2374581],[0.791179,7.2383387],[0.7916171,7.2395948],[0.7922494,7.2413576],[0.7926142,7.242209],[0.7930085,7.2430312],[0.7933424,7.2438401],[0.7934886,7.2445173],[0.7938091,7.2461324],[0.7940076,7.2471368],[0.794237,7.2479949],[0.7944636,7.2486921],[0.7946594,7.2492974],[0.7949249,7.2501302],[0.7952661,7.2510798],[0.7954567,7.2515058],[0.7959174,7.2523506],[0.7961668,7.2528601],[0.7964364,7.25352],[0.796769,7.254406],[0.7970238,7.2552601],[0.7971793,7.2563524],[0.79717,7.259037],[0.7971793,7.2604831],[0.7972303,7.2622871],[0.7973322,7.2636214],[0.7974382,7.2643079],[0.7976823,7.2648693],[0.7980484,7.2653508],[0.7986304,7.2660466],[0.7988141,7.2663991],[0.798908,7.2667198],[0.7989764,7.2673264],[0.798963,7.2677414],[0.798908,7.2686487],[0.7988228,7.2695494],[0.7988322,7.2701853],[0.7989141,7.270869],[0.7991253,7.2717337],[0.7992909,7.2724548],[0.7994498,7.2740658],[0.7994807,7.2745846],[0.7995611,7.2751433],[0.799895,7.2758205],[0.8003698,7.2765761],[0.8010082,7.2777148],[0.8014306,7.2785356],[0.8018585,7.2793045],[0.8021213,7.2796125],[0.8025022,7.2800508],[0.8027371,7.280421],[0.8032163,7.2814745],[0.8035786,7.2820715],[0.8039766,7.282445],[0.8045232,7.2827739],[0.8054204,7.283451],[0.8059743,7.2839911],[0.8063592,7.2845246],[0.8070258,7.2858286],[0.8074425,7.2866276],[0.8076894,7.2873397],[0.8079381,7.2880238],[0.8081415,7.2887043],[0.8082498,7.2893024],[0.8082717,7.2897969],[0.8083082,7.2907159],[0.8083106,7.2916383],[0.8086431,7.2953689],[0.8086351,7.2963852],[0.8082649,7.2993623],[0.8082381,7.3000327],[0.8083722,7.3007111],[0.8086619,7.3014002],[0.8090159,7.3020174],[0.8100164,7.3038159],[0.8108023,7.30517],[0.8113655,7.3061491],[0.8124331,7.3080646],[0.8132431,7.3097619],[0.8135666,7.3102113],[0.8137965,7.3103985],[0.8140668,7.3105361],[0.8149064,7.3107738],[0.8168828,7.3113297],[0.8173789,7.3114605],[0.8177244,7.3114808],[0.8183573,7.3113821]]},"properties":{"fclass":"primary"}},{"type":"Feature","geometry":{"type":"LineString","coordinates":[[1.186098,6.5608795],[1.186049,6.5606434]]},"properties":{"fclass":"trunk"}},{"type":"Feature","geometry":{"type":"LineString","coordinates":[[1.1787937,6.7726525],[1.1777179,6.7651501],[1.1741037,6.7383441],[1.1730787,6.7310817],[1.1705093,6.7123896],[1.1698294,6.706605],[1.168601,6.6951157],[1.1683247,6.6924353],[1.1681664,6.6907628],[1.1680893,6.6896577],[1.1680552,6.6890528],[1.1678365,6.6864579],[1.1676444,6.6840869],[1.1675427,6.6827912],[1.1674315,6.6812525],[1.1671069,6.6768169],[1.1670774,6.6758951],[1.1671472,6.6748405],[1.1673,6.6740956],[1.1676447,6.6728768],[1.1680209,6.6715088],[1.1689236,6.6683067],[1.1695278,6.6661908],[1.1718035,6.6580033],[1.1737588,6.6510259],[1.1745393,6.6481859],[1.1754095,6.6451347],[1.1765098,6.6419305],[1.1780772,6.637601],[1.179727,6.633608],[1.1831009,6.626134],[1.1835033,6.6251749],[1.1837126,6.6243692],[1.1838922,6.62315],[1.1841062,6.6193938],[1.1841448,6.6176053],[1.1839968,6.6164865],[1.1820486,6.6063768],[1.1816605,6.6035424],[1.1812504,6.5984577],[1.1812153,6.5972629],[1.1812502,6.5967593]]},"properties":{"fclass":"trunk"}},{"type":"Feature","geometry":{"type":"LineString","coordinates":[[0.8575505,8.2078719],[0.8583739,8.2083153],[0.8613351,8.2105559],[0.8629471,8.2117372],[0.8640039,8.2124407],[0.8651806,8.2129095],[0.8658144,8.21305],[0.8666566,8.2130752],[0.8692645,8.213051],[0.8702779,8.2130446],[0.8719012,8.2130344],[0.8730175,8.2130253],[0.8741306,8.2130152],[0.8751237,8.2129556],[0.875622,8.2129163],[0.876259,8.212866],[0.877374,8.212778],[0.8780716,8.2127229],[0.8790725,8.2126186],[0.8804271,8.2123345],[0.8814597,8.2118859],[0.8822939,8.2113523],[0.8839112,8.2100993],[0.885646,8.2087651],[0.886613,8.2080788],[0.8873532,8.2077227],[0.8885434,8.2074127],[0.8894451,8.2073492],[0.8903167,8.2074235],[0.8922398,8.2077859],[0.8933191,8.2079779],[0.8953133,8.2082463],[0.8962387,8.2081772],[0.8971667,8.2079649],[0.8980116,8.2075985],[0.8986923,8.207157],[0.8993179,8.2066269],[0.9021717,8.2039748],[0.9029657,8.203396],[0.9038696,8.2029261],[0.9047332,8.2026474],[0.9075978,8.2018695],[0.910567,8.2009191],[0.9127611,8.2000829]]},"properties":{"fclass":"primary"}},{"type":"Feature","geometry":{"type":"LineString","coordinates":[[0.7713819,8.237057],[0.772574,8.2371134],[0.7740319,8.2369588],[0.7753247,8.2366004],[0.7805926,8.2349228],[0.7831836,8.2340043],[0.7880035,8.2320479],[0.7968333,8.2284721],[0.798094,8.2278297],[0.7989845,8.2272139],[0.8027771,8.2239566],[0.809437,8.2184748],[0.8102792,8.2178005],[0.8112475,8.2171342],[0.8121514,8.2167572],[0.813235,8.216659],[0.8140907,8.2167864],[0.8149543,8.2171873],[0.8157402,8.2178616],[0.8171564,8.2195818],[0.8181059,8.2205348],[0.8191279,8.2210365],[0.8202919,8.2212197],[0.8214265,8.221018],[0.8234221,8.2202189],[0.8257556,8.2192739],[0.82755,8.2184005],[0.8289528,8.2175297],[0.8313829,8.2155892],[0.8363262,8.2115461],[0.8374661,8.2109435],[0.8386785,8.2104922],[0.8403549,8.2101417],[0.8439222,8.2094011],[0.8448556,8.2090586],[0.8464354,8.2082861],[0.8475646,8.2079463],[0.8506034,8.2076951],[0.8553457,8.2074021],[0.8565706,8.2075342],[0.8575505,8.2078719]]},"properties":{"fclass":"primary"}},{"type":"Feature","geometry":{"type":"LineString","coordinates":[[1.025391,8.1741968],[1.0158491,8.1754935],[1.0088988,8.1762998],[1.005119,8.1767015],[1.003282,8.1769984],[0.9990271,8.1778333],[0.9975511,8.1780343],[0.9966847,8.1780422],[0.991036,8.1775458],[0.9894481,8.1773971],[0.9883726,8.1773918],[0.987407,8.1774873],[0.9862244,8.1776388],[0.9834204,8.1782362],[0.9812862,8.1786556],[0.9805891,8.178736],[0.9792196,8.1786515],[0.9770483,8.1782069],[0.9762235,8.1779785],[0.9751815,8.1778724],[0.9745283,8.1778975],[0.9734514,8.1781869],[0.9727353,8.1785414],[0.9715793,8.1794781],[0.9690676,8.1815969]]},"properties":{"fclass":"primary"}},{"type":"Feature","geometry":{"type":"LineString","coordinates":[[0.2020602,10.8503751],[0.2021742,10.8507268],[0.2027986,10.8526942],[0.2035826,10.8553905],[0.2037374,10.8559687],[0.2041186,10.8576093],[0.2044755,10.858885],[0.2048966,10.860316],[0.204902,10.8606176],[0.2046854,10.8610345],[0.2039089,10.8622205],[0.2037996,10.8624661],[0.203718,10.8627688]]},"properties":{"fclass":"secondary"}},{"type":"Feature","geometry":{"type":"LineString","coordinates":[[0.2036534,10.8630362],[0.203718,10.8627688]]},"properties":{"fclass":"secondary"}},{"type":"Feature","geometry":{"type":"LineString","coordinates":[[0.2037035,10.8631748],[0.2035935,10.8635042]]},"properties":{"fclass":"secondary"}},{"type":"Feature","geometry":{"type":"LineString","coordinates":[[0.2037683,10.863117],[0.2037292,10.8631668],[0.2036616,10.8631686],[0.203622,10.8631269],[0.2036206,10.8630773],[0.2036534,10.8630362],[0.2037147,10.8630279],[0.2037598,10.8630624],[0.2037683,10.863117]]},"properties":{"fclass":"secondary"}},{"type":"Feature","geometry":{"type":"LineString","coordinates":[[1.1994775,6.1697894],[1.1994962,6.1695296]]},"properties":{"fclass":"secondary"}},{"type":"Feature","geometry":{"type":"LineString","coordinates":[[1.199587,6.1697265],[1.1995644,6.1698168]]},"properties":{"fclass":"secondary"}},{"type":"Feature","geometry":{"type":"LineString","coordinates":[[1.2222143,6.1365499],[1.2223759,6.1359878],[1.2226428,6.1350517],[1.2226672,6.1349669],[1.222978,6.1339224],[1.2232456,6.1329996]]},"properties":{"fclass":"secondary"}},{"type":"Feature","geometry":{"type":"LineString","coordinates":[[1.2184244,6.1494224],[1.2183468,6.1498049]]},"properties":{"fclass":"secondary"}},{"type":"Feature","geometry":{"type":"LineString","coordinates":[[1.2184244,6.1494224],[1.216355,6.1491296],[1.2137894,6.1487825],[1.2131306,6.1486951]]},"properties":{"fclass":"secondary"}},{"type":"Feature","geometry":{"type":"LineString","coordinates":[[1.2341653,6.1792955],[1.2342962,6.1801702],[1.2346637,6.1813278],[1.2359579,6.1848955],[1.2363774,6.1868313],[1.2370945,6.1899533],[1.2379146,6.1924732],[1.2386467,6.1947392]]},"properties":{"fclass":"secondary"}},{"type":"Feature","geometry":{"type":"LineString","coordinates":[[1.2345861,6.17161],[1.2344954,6.1734377],[1.2343231,6.1765996],[1.2342547,6.1779749],[1.2341653,6.1792955]]},"properties":{"fclass":"secondary"}},{"type":"Feature","geometry":{"type":"LineString","coordinates":[[1.2386467,6.1947392],[1.2387997,6.1952191],[1.2397546,6.198051],[1.2406414,6.200483],[1.2413687,6.2025856],[1.2416095,6.2032528]]},"properties":{"fclass":"secondary"}},{"type":"Feature","geometry":{"type":"LineString","coordinates":[[1.2416611,6.2034091],[1.2421168,6.2047883],[1.2426347,6.2063058],[1.2429845,6.2072392],[1.2442782,6.2101944]]},"properties":{"fclass":"secondary"}},{"type":"Feature","geometry":{"type":"LineString","coordinates":[[1.2416095,6.2032528],[1.2416611,6.2034091]]},"properties":{"fclass":"secondary"}},{"type":"Feature","geometry":{"type":"LineString","coordinates":[[1.2268064,6.1693529],[1.2261364,6.1691782],[1.2242504,6.1686649],[1.2230064,6.168336],[1.2215625,6.167932]]},"properties":{"fclass":"secondary"}},{"type":"Feature","geometry":{"type":"LineString","coordinates":[[1.2215625,6.167932],[1.2215175,6.167915]]},"properties":{"fclass":"secondary"}},{"type":"Feature","geometry":{"type":"LineString","coordinates":[[1.2318927,6.1495819],[1.2323312,6.1519839],[1.2325905,6.1533538],[1.2327197,6.1540828],[1.2329649,6.1554196]]},"properties":{"fclass":"secondary"}},{"type":"Feature","geometry":{"type":"LineString","coordinates":[[1.2463045,6.168437],[1.2452954,6.1693006],[1.2438918,6.1704429],[1.2421039,6.1718197],[1.2414399,6.1723626],[1.2413378,6.1724356]]},"properties":{"fclass":"secondary"}},{"type":"Feature","geometry":{"type":"LineString","coordinates":[[1.2428811,6.158725],[1.24265,6.1577035],[1.2425521,6.1569128],[1.2423523,6.1548141],[1.2422376,6.153756],[1.2421391,6.1532796]]},"properties":{"fclass":"secondary"}},{"type":"Feature","geometry":{"type":"LineString","coordinates":[[1.2423234,6.153518],[1.2424717,6.1549665],[1.2426131,6.156416],[1.2427466,6.1576302],[1.2428445,6.1581462],[1.2429504,6.1585342]]},"properties":{"fclass":"secondary"}},{"type":"Feature","geometry":{"type":"LineString","coordinates":[[1.2417669,6.152902],[1.2409833,6.1526034],[1.2398522,6.1521487],[1.2397754,6.1521162]]},"properties":{"fclass":"secondary"}},{"type":"Feature","geometry":{"type":"LineString","coordinates":[[1.2445107,6.1503347],[1.2443935,6.1495507]]},"properties":{"fclass":"secondary"}},{"type":"Feature","geometry":{"type":"LineString","coordinates":[[1.2615951,6.1875887],[1.2611091,6.1873699]]},"properties":{"fclass":"secondary"}},{"type":"Feature","geometry":{"type":"LineString","coordinates":[[1.2568102,6.1879587],[1.2565977,6.1871583],[1.2560539,6.1851],[1.2555916,6.1833087],[1.2549681,6.1807702],[1.254206,6.1776043]]},"properties":{"fclass":"secondary"}},{"type":"Feature","geometry":{"type":"LineString","coordinates":[[1.2611091,6.1873699],[1.2606205,6.1873384],[1.2602198,6.1873981],[1.2590772,6.1877181],[1.2581143,6.1878267],[1.2572117,6.1880134],[1.2569649,6.1880715]]},"properties":{"fclass":"secondary"}},{"type":"Feature","geometry":{"type":"LineString","coordinates":[[1.266929,6.1562574],[1.2668851,6.1563232]]},"properties":{"fclass":"secondary"}},{"type":"Feature","geometry":{"type":"LineString","coordinates":[[1.266607,6.1566978],[1.2668435,6.1563824]]},"properties":{"fclass":"secondary"}},{"type":"Feature","geometry":{"type":"LineString","coordinates":[[1.2445558,6.1506941],[1.2445107,6.1503347]]},"properties":{"fclass":"secondary"}},{"type":"Feature","geometry":{"type":"LineString","coordinates":[[1.2653909,6.1570351],[1.265656,6.1569655],[1.265921,6.1569248]]},"properties":{"fclass":"secondary"}},{"type":"Feature","geometry":{"type":"LineString","coordinates":[[1.2660453,6.1571044],[1.2659359,6.1572561],[1.2659084,6.1573145]]},"properties":{"fclass":"secondary"}},{"type":"Feature","geometry":{"type":"LineString","coordinates":[[1.2747612,6.1430239],[1.274502,6.1438703],[1.2739253,6.1458982],[1.2735987,6.1470485],[1.2732923,6.1478992],[1.2728262,6.1486672],[1.2722643,6.1493694],[1.2711927,6.1506406],[1.2700541,6.1520553],[1.2690718,6.1532767],[1.2682343,6.1544367],[1.2676656,6.1551801],[1.2674072,6.1554058]]},"properties":{"fclass":"secondary"}},{"type":"Feature","geometry":{"type":"LineString","coordinates":[[1.2443669,6.1493548],[1.2442775,6.1487424]]},"properties":{"fclass":"secondary"}},{"type":"Feature","geometry":{"type":"LineString","coordinates":[[1.2443935,6.1495507],[1.2443669,6.1493548]]},"properties":{"fclass":"secondary"}},{"type":"Feature","geometry":{"type":"LineString","coordinates":[[1.2210224,6.1404433],[1.2209626,6.1406537]]},"properties":{"fclass":"secondary"}},{"type":"Feature","geometry":{"type":"LineString","coordinates":[[1.2238502,6.1309583],[1.2235842,6.1318975],[1.2232456,6.1329996]]},"properties":{"fclass":"secondary"}},{"type":"Feature","geometry":{"type":"LineString","coordinates":[[1.2238502,6.1309583],[1.2241475,6.1299921],[1.2246488,6.1283676],[1.2250625,6.1270348]]},"properties":{"fclass":"secondary"}},{"type":"Feature","geometry":{"type":"LineString","coordinates":[[1.2489993,6.1350462],[1.2489977,6.1337557],[1.249005,6.132651],[1.2489752,6.1323621]]},"properties":{"fclass":"secondary"}},{"type":"Feature","geometry":{"type":"LineString","coordinates":[[1.2805731,6.170094],[1.2792508,6.169777]]},"properties":{"fclass":"secondary"}},{"type":"Feature","geometry":{"type":"LineString","coordinates":[[1.2819379,6.1703751],[1.2805731,6.170094]]},"properties":{"fclass":"secondary"}},{"type":"Feature","geometry":{"type":"LineString","coordinates":[[1.2850045,6.1589197],[1.2849129,6.1591855],[1.2846728,6.1599672],[1.2844906,6.1607094],[1.2843257,6.1614378],[1.2839057,6.1631615]]},"properties":{"fclass":"primary"}},{"type":"Feature","geometry":{"type":"LineString","coordinates":[[1.2839057,6.1631615],[1.2835546,6.1648998],[1.2830399,6.1672733],[1.282663,6.1692139],[1.2825015,6.170282],[1.2825208,6.1704011]]},"properties":{"fclass":"primary"}},{"type":"Feature","geometry":{"type":"LineString","coordinates":[[1.2823368,6.1703776],[1.2824667,6.1698503],[1.2827924,6.1679211],[1.2832667,6.1657473],[1.2837485,6.1634949]]},"properties":{"fclass":"primary"}},{"type":"Feature","geometry":{"type":"LineString","coordinates":[[1.2818007,6.1743153],[1.2820074,6.1728477],[1.2821666,6.1716957]]},"properties":{"fclass":"primary"}},{"type":"Feature","geometry":{"type":"LineString","coordinates":[[1.220921,6.1407978],[1.2207813,6.1413037],[1.2200336,6.1437163],[1.2193083,6.1463147],[1.2187998,6.1480855],[1.2186111,6.1487668],[1.2185192,6.1490896],[1.2184244,6.1494224]]},"properties":{"fclass":"secondary"}},{"type":"Feature","geometry":{"type":"LineString","coordinates":[[1.2299691,6.1493582],[1.2299578,6.1487925],[1.2299404,6.1481912],[1.2298756,6.1466306],[1.2297784,6.145934],[1.2294284,6.1449087],[1.2292933,6.1443396]]},"properties":{"fclass":"trunk"}},{"type":"Feature","geometry":{"type":"LineString","coordinates":[[1.2302096,6.1493913],[1.2305184,6.1494592],[1.2318189,6.1494762]]},"properties":{"fclass":"secondary"}},{"type":"Feature","geometry":{"type":"LineString","coordinates":[[1.2120634,6.283597],[1.2118777,6.2823259],[1.2118348,6.281998]]},"properties":{"fclass":"trunk"}},{"type":"Feature","geometry":{"type":"LineString","coordinates":[[1.1463658,7.5173422],[1.1464648,7.5176556]]},"properties":{"fclass":"trunk"}},{"type":"Feature","geometry":{"type":"LineString","coordinates":[[1.2011278,9.2066158],[1.2012158,9.2085718],[1.2010073,9.2114201],[1.2007915,9.2130449],[1.1997963,9.2150187],[1.1998246,9.2167417],[1.2002619,9.2186665]]},"properties":{"fclass":"trunk"}},{"type":"Feature","geometry":{"type":"LineString","coordinates":[[1.2217937,9.2746318],[1.2226166,9.2746436],[1.2232323,9.2746771],[1.2235663,9.2748294],[1.2237035,9.2749876],[1.2237326,9.2751985],[1.223599,9.2754382],[1.2228862,9.2762028],[1.2220431,9.2768396],[1.2217872,9.2771628],[1.2217403,9.2774256],[1.2218297,9.2777465],[1.2222402,9.2781839],[1.2230453,9.2789438],[1.2236343,9.279289],[1.2239767,9.2794058],[1.2277742,9.280393],[1.230315,9.2810271],[1.2333175,9.2818213],[1.2347391,9.2821819],[1.2357097,9.2824769],[1.2362246,9.2828728],[1.2366215,9.2833618],[1.2368537,9.2838573]]},"properties":{"fclass":"trunk"}},{"type":"Feature","geometry":{"type":"LineString","coordinates":[[1.2433907,9.3500882],[1.2436217,9.3508517],[1.2441075,9.3525109],[1.244276,9.3531256],[1.2443092,9.3537025],[1.2440112,9.3548142],[1.2437645,9.3554666],[1.2428105,9.3572121],[1.2409119,9.3606485],[1.2403947,9.3615015],[1.2403428,9.3615955]]},"properties":{"fclass":"trunk"}},{"type":"Feature","geometry":{"type":"LineString","coordinates":[[1.2389395,9.2984112],[1.2387293,9.2991115],[1.2383399,9.300041],[1.2377845,9.3013804],[1.237311,9.3026775],[1.2370377,9.303954],[1.2368431,9.3048599],[1.2367008,9.3057122],[1.2367411,9.3066453],[1.2369181,9.3094813],[1.2370375,9.3107056],[1.2372373,9.3115711],[1.237358,9.3120237],[1.2376115,9.3128915],[1.2379262,9.3140162],[1.2380537,9.3145016],[1.2388164,9.3171434],[1.2390867,9.3178673],[1.2393857,9.3184132],[1.2409612,9.3204235],[1.2414136,9.3210495]]},"properties":{"fclass":"trunk"}},{"type":"Feature","geometry":{"type":"LineString","coordinates":[[1.1973847,9.5487736],[1.1970886,9.5487334]]},"properties":{"fclass":"secondary"}},{"type":"Feature","geometry":{"type":"LineString","coordinates":[[1.1977068,9.5487934],[1.1977725,9.5485285]]},"properties":{"fclass":"trunk"}},{"type":"Feature","geometry":{"type":"LineString","coordinates":[[1.1977725,9.5485285],[1.1977895,9.5488015]]},"properties":{"fclass":"trunk"}},{"type":"Feature","geometry":{"type":"LineString","coordinates":[[1.1976548,9.5489103],[1.1973847,9.5487736]]},"properties":{"fclass":"secondary"}},{"type":"Feature","geometry":{"type":"LineString","coordinates":[[1.1978253,9.5488446],[1.1982177,9.5490756]]},"properties":{"fclass":"primary"}},{"type":"Feature","geometry":{"type":"LineString","coordinates":[[1.1973847,9.5487736],[1.197682,9.5488077]]},"properties":{"fclass":"secondary"}},{"type":"Feature","geometry":{"type":"LineString","coordinates":[[1.1982177,9.5490756],[1.1978097,9.5489345]]},"properties":{"fclass":"primary"}},{"type":"Feature","geometry":{"type":"LineString","coordinates":[[1.1977497,9.5493361],[1.1977117,9.5490611],[1.1976907,9.5489535]]},"properties":{"fclass":"trunk"}},{"type":"Feature","geometry":{"type":"LineString","coordinates":[[1.1978027,9.5489422],[1.1977688,9.5492178],[1.1977497,9.5493361]]},"properties":{"fclass":"trunk"}},{"type":"Feature","geometry":{"type":"LineString","coordinates":[[0.4643024,10.3091955],[0.4647718,10.3110322],[0.4659078,10.3155566],[0.4667929,10.3191757],[0.4675198,10.3221761],[0.4683727,10.3256012],[0.4689811,10.3280068],[0.4693812,10.3301306],[0.4695188,10.3317466],[0.4695361,10.3322294],[0.4695904,10.334119],[0.4696394,10.3357786],[0.4697061,10.3377591],[0.4697249,10.3386364],[0.469758,10.3400069],[0.4697017,10.3408121],[0.4695877,10.3419071]]},"properties":{"fclass":"trunk"}},{"type":"Feature","geometry":{"type":"LineString","coordinates":[[0.471102,10.3570735],[0.4710804,10.3567768]]},"properties":{"fclass":"trunk"}},{"type":"Feature","geometry":{"type":"LineString","coordinates":[[0.4710804,10.3567768],[0.4712761,10.3570381]]},"properties":{"fclass":"trunk"}},{"type":"Feature","geometry":{"type":"LineString","coordinates":[[0.8120232,9.45415],[0.8128051,9.4543579]]},"properties":{"fclass":"primary"}},{"type":"Feature","geometry":{"type":"LineString","coordinates":[[0.8001413,9.4578325],[0.8008808,9.4577294],[0.8016751,9.4574498],[0.802407,9.4570124],[0.8037276,9.4557936],[0.8050033,9.4546074],[0.8058563,9.453856],[0.8063847,9.4535438],[0.807023,9.4532978],[0.8077151,9.4532184],[0.8083722,9.453266],[0.8111345,9.4539282],[0.8120232,9.45415]]},"properties":{"fclass":"primary"}},{"type":"Feature","geometry":{"type":"LineString","coordinates":[[1.614791,7.0239751],[1.614749,7.0237213]]},"properties":{"fclass":"secondary"}},{"type":"Feature","geometry":{"type":"LineString","coordinates":[[1.1609256,6.2626065],[1.1619051,6.2613745],[1.1629092,6.2601725],[1.1637746,6.2594515],[1.1659489,6.2580727],[1.167921,6.2568487],[1.1691684,6.2560308],[1.1702336,6.2553102],[1.1721981,6.2539242],[1.1734289,6.2530093],[1.1758107,6.2511976],[1.1771821,6.2501778],[1.1790629,6.2488126],[1.1802149,6.2479367],[1.1820991,6.2465196],[1.1839968,6.2451478],[1.1846762,6.2448171],[1.1853111,6.2446692],[1.1869405,6.2446052],[1.1888811,6.2445612],[1.1906536,6.2445168],[1.1911798,6.2444532],[1.1934368,6.24388],[1.1956255,6.2432601],[1.1987168,6.2423962],[1.2010033,6.2417429],[1.2042785,6.2408323],[1.2052402,6.2405628],[1.2055263,6.2404888]]},"properties":{"fclass":"primary"}},{"type":"Feature","geometry":{"type":"LineString","coordinates":[[1.2057629,6.2405231],[1.2044473,6.2408917],[1.2039846,6.2410244]]},"properties":{"fclass":"primary"}},{"type":"Feature","geometry":{"type":"LineString","coordinates":[[1.2298859,6.1440806],[1.2298879,6.1441187]]},"properties":{"fclass":"trunk"}},{"type":"Feature","geometry":{"type":"LineString","coordinates":[[1.2298787,6.1444723],[1.2299613,6.1461942],[1.2300409,6.1477214],[1.2300658,6.1484657],[1.2300845,6.1489189],[1.230116,6.1491832],[1.2301745,6.1493628]]},"properties":{"fclass":"trunk"}},{"type":"Feature","geometry":{"type":"LineString","coordinates":[[0.0497738,11.0921791],[0.0519001,11.0907052],[0.0615004,11.0842932],[0.0690964,11.0791841],[0.0704375,11.0782667],[0.0709967,11.0777956],[0.0715546,11.0772231],[0.0797233,11.0675126],[0.0807801,11.0661438],[0.0831941,11.0627322],[0.0838298,11.0619689],[0.0846747,11.0611712],[0.0857314,11.0605079],[0.0868633,11.0600288],[0.0881749,11.0596234],[0.0996199,11.0562802],[0.1006499,11.0558985],[0.1016423,11.0553299],[0.1025435,11.0546534],[0.1035815,11.0534583],[0.1043165,11.0521736],[0.1074976,11.0440998],[0.1080233,11.0428309],[0.1085651,11.0418963],[0.1097265,11.0404721],[0.1104607,11.0398057],[0.1114055,11.0391295],[0.11229,11.0386193],[0.113491,11.0379106]]},"properties":{"fclass":"trunk"}},{"type":"Feature","geometry":{"type":"LineString","coordinates":[[1.2446583,6.1522133],[1.2447401,6.15202]]},"properties":{"fclass":"secondary"}},{"type":"Feature","geometry":{"type":"LineString","coordinates":[[1.2658955,6.1570747],[1.2655822,6.1570835],[1.2653909,6.1570351]]},"properties":{"fclass":"secondary"}},{"type":"Feature","geometry":{"type":"LineString","coordinates":[[1.254206,6.1776043],[1.253998,6.1767685],[1.2531204,6.1732429],[1.252863,6.1724097],[1.2527432,6.172297],[1.2527177,6.172117],[1.2523291,6.171546],[1.2512125,6.1701288],[1.2505503,6.1692981],[1.2501418,6.1687891],[1.2494011,6.1678636],[1.2485509,6.1668031]]},"properties":{"fclass":"secondary"}},{"type":"Feature","geometry":{"type":"LineString","coordinates":[[1.266175,6.1621919],[1.2660166,6.1620239]]},"properties":{"fclass":"secondary"}},{"type":"Feature","geometry":{"type":"LineString","coordinates":[[1.2663064,6.1618946],[1.2663747,6.1620749]]},"properties":{"fclass":"secondary"}},{"type":"Feature","geometry":{"type":"LineString","coordinates":[[1.2660493,6.1619593],[1.2662435,6.1620613]]},"properties":{"fclass":"secondary"}},{"type":"Feature","geometry":{"type":"LineString","coordinates":[[1.2662562,6.162056],[1.2663064,6.1618946]]},"properties":{"fclass":"secondary"}},{"type":"Feature","geometry":{"type":"LineString","coordinates":[[1.2486426,6.1667379],[1.2494166,6.167773],[1.2499689,6.1684494]]},"properties":{"fclass":"secondary"}},{"type":"Feature","geometry":{"type":"LineString","coordinates":[[1.2484575,6.1667956],[1.2479518,6.1671331]]},"properties":{"fclass":"secondary"}},{"type":"Feature","geometry":{"type":"LineString","coordinates":[[1.2479518,6.1671331],[1.2483796,6.1667211]]},"properties":{"fclass":"secondary"}},{"type":"Feature","geometry":{"type":"LineString","coordinates":[[1.2423126,6.1532883],[1.2423234,6.153518]]},"properties":{"fclass":"secondary"}},{"type":"Feature","geometry":{"type":"LineString","coordinates":[[1.2319186,6.1494992],[1.2330427,6.1494963],[1.2338179,6.1496357],[1.2343539,6.1498072],[1.2349533,6.1500795],[1.2359002,6.1505046],[1.2368298,6.1508903],[1.2389791,6.1517128],[1.2401986,6.1522195],[1.2414802,6.1526364],[1.2418289,6.1528144],[1.2421774,6.1530089]]},"properties":{"fclass":"secondary"}},{"type":"Feature","geometry":{"type":"LineString","coordinates":[[1.2421774,6.1530089],[1.2422848,6.153008],[1.2423491,6.1530509]]},"properties":{"fclass":"secondary"}},{"type":"Feature","geometry":{"type":"LineString","coordinates":[[1.2420759,6.1531574],[1.2417669,6.152902]]},"properties":{"fclass":"secondary"}},{"type":"Feature","geometry":{"type":"LineString","coordinates":[[1.2819768,6.1703085],[1.2823153,6.1703995]]},"properties":{"fclass":"secondary"}},{"type":"Feature","geometry":{"type":"LineString","coordinates":[[1.2823014,6.1705327],[1.2819379,6.1703751]]},"properties":{"fclass":"secondary"}},{"type":"Feature","geometry":{"type":"LineString","coordinates":[[0.8001413,9.4578325],[0.8010967,9.4580579],[0.8035842,9.458484],[0.8066475,9.4590417],[0.8089945,9.4594368]]},"properties":{"fclass":"secondary"}},{"type":"Feature","geometry":{"type":"LineString","coordinates":[[1.256835,6.1881047],[1.2565029,6.1882244],[1.2555998,6.1885246],[1.253871,6.1891847]]},"properties":{"fclass":"secondary"}},{"type":"Feature","geometry":{"type":"LineString","coordinates":[[1.2569455,6.187949],[1.2576073,6.1877741],[1.258638,6.1876421],[1.259393,6.1874974],[1.2603828,6.1872194],[1.2608387,6.1871881],[1.261142,6.1872469],[1.2616233,6.1874527],[1.2623012,6.1878414],[1.2627943,6.1879109],[1.2636376,6.1877474],[1.2659658,6.1871421],[1.2665874,6.1869881],[1.2675992,6.1868001],[1.2682644,6.1868148],[1.2688136,6.1868274],[1.2692039,6.1867048],[1.2700736,6.1860748],[1.2701869,6.1859854]]},"properties":{"fclass":"secondary"}},{"type":"Feature","geometry":{"type":"LineString","coordinates":[[1.2525659,6.1895345],[1.2548219,6.1886727],[1.2556051,6.1883714],[1.2565888,6.1880527],[1.25679,6.1879962]]},"properties":{"fclass":"secondary"}},{"type":"Feature","geometry":{"type":"LineString","coordinates":[[1.2569649,6.1880715],[1.2569168,6.1881111],[1.2568544,6.188113],[1.256835,6.1881047]]},"properties":{"fclass":"secondary"}},{"type":"Feature","geometry":{"type":"LineString","coordinates":[[1.2499689,6.1684494],[1.250588,6.1692076],[1.2512962,6.1700762],[1.2526111,6.1717211],[1.2528947,6.172139],[1.2530503,6.1725477],[1.2532176,6.1732137],[1.2537332,6.1752665],[1.2540038,6.1763436],[1.2543143,6.177701],[1.2548427,6.1798709],[1.2551613,6.1811932],[1.2557581,6.1835932],[1.2563058,6.1856695],[1.2567981,6.1875618],[1.2569102,6.1879299]]},"properties":{"fclass":"secondary"}},{"type":"Feature","geometry":{"type":"LineString","coordinates":[[1.2665483,6.1623512],[1.2663801,6.1622659]]},"properties":{"fclass":"secondary"}},{"type":"Feature","geometry":{"type":"LineString","coordinates":[[1.2663719,6.1622725],[1.2664098,6.1625326]]},"properties":{"fclass":"secondary"}},{"type":"Feature","geometry":{"type":"LineString","coordinates":[[1.2664214,6.1621548],[1.2666373,6.162354]]},"properties":{"fclass":"secondary"}},{"type":"Feature","geometry":{"type":"LineString","coordinates":[[1.1834765,6.210851],[1.1835931,6.2113368],[1.1837246,6.2118648],[1.1840211,6.2122768],[1.184557,6.2128865],[1.1855071,6.2140512],[1.1862013,6.2148489]]},"properties":{"fclass":"secondary"}},{"type":"Feature","geometry":{"type":"LineString","coordinates":[[1.1902092,6.2058243],[1.1901149,6.2063451],[1.1898735,6.2072658]]},"properties":{"fclass":"primary"}},{"type":"Feature","geometry":{"type":"LineString","coordinates":[[1.1827275,6.2071615],[1.1828957,6.208017],[1.1830594,6.2087596],[1.1832109,6.2094623],[1.1833236,6.2100009],[1.1834201,6.2105235],[1.1834524,6.2107539]]},"properties":{"fclass":"secondary"}},{"type":"Feature","geometry":{"type":"LineString","coordinates":[[1.1884322,6.1956713],[1.1885917,6.1955112]]},"properties":{"fclass":"secondary"}},{"type":"Feature","geometry":{"type":"LineString","coordinates":[[1.1885787,6.1956398],[1.1884322,6.1956713]]},"properties":{"fclass":"secondary"}},{"type":"Feature","geometry":{"type":"LineString","coordinates":[[1.1896241,6.2072411],[1.1899379,6.2060685],[1.1900517,6.2057564]]},"properties":{"fclass":"primary"}},{"type":"Feature","geometry":{"type":"LineString","coordinates":[[1.2448395,6.2116663],[1.2447056,6.2114116],[1.2442394,6.2103231],[1.2438579,6.2094213],[1.2430626,6.2076217],[1.2423823,6.2058055],[1.24164,6.2035476],[1.2410649,6.2018508],[1.240308,6.1997776],[1.239599,6.1977657],[1.2392343,6.1966751],[1.2388856,6.1956365],[1.2385923,6.1947422],[1.2378985,6.1925499],[1.2375227,6.1913891],[1.2370201,6.1899047],[1.236544,6.1881821],[1.2362342,6.1863475],[1.2360344,6.1853715],[1.2353209,6.1833196],[1.2347467,6.1817075],[1.2343097,6.1804809],[1.2341314,6.1795263],[1.2341287,6.178909],[1.2342226,6.1771251],[1.2343191,6.175693],[1.2344372,6.1733931],[1.2345188,6.1717725],[1.2345326,6.1715297],[1.2345846,6.1702726],[1.2346461,6.1688791],[1.2346437,6.168659],[1.234639,6.1656186],[1.2344693,6.163773],[1.2341822,6.1620712],[1.233991,6.1609641],[1.2336687,6.1592116],[1.2334337,6.1581553],[1.2330464,6.1561275],[1.232893,6.1553369],[1.2327075,6.1543789],[1.2324276,6.1528865],[1.232015,6.1507566],[1.2318066,6.1495743]]},"properties":{"fclass":"secondary"}},{"type":"Feature","geometry":{"type":"LineString","coordinates":[[1.2270536,6.1926694],[1.2271536,6.1927089],[1.2271804,6.1928126],[1.227123,6.1928896],[1.2270388,6.192902],[1.2269557,6.1928336],[1.2269626,6.1927267],[1.2270536,6.1926694]]},"properties":{"fclass":"secondary"}},{"type":"Feature","geometry":{"type":"LineString","coordinates":[[1.2475182,6.2098716],[1.2469201,6.2102049],[1.2453731,6.2110486],[1.2445504,6.2115135],[1.2423432,6.2130265]]},"properties":{"fclass":"primary_link"}},{"type":"Feature","geometry":{"type":"LineString","coordinates":[[1.242237,6.2129308],[1.2434861,6.2116766],[1.2443391,6.2110913],[1.2447455,6.2108595],[1.2459143,6.2103102],[1.2473271,6.209803]]},"properties":{"fclass":"primary_link"}},{"type":"Feature","geometry":{"type":"LineString","coordinates":[[1.2168373,6.1547684],[1.2165566,6.1558819],[1.2164435,6.1563449],[1.2156419,6.1564819],[1.215984,6.1580158],[1.2158469,6.1586005],[1.2154485,6.1602125],[1.2148764,6.1623509],[1.2146555,6.1631273]]},"properties":{"fclass":"secondary"}},{"type":"Feature","geometry":{"type":"LineString","coordinates":[[1.1948239,6.1826268],[1.1942737,6.184455],[1.1937891,6.1857341],[1.1932909,6.186919],[1.1930841,6.1873544],[1.1921327,6.1895447],[1.1915848,6.1907393],[1.1913635,6.1912579],[1.1911348,6.1918073],[1.1907312,6.1926146],[1.1904328,6.1931405],[1.1899862,6.1938252],[1.1891083,6.1951624],[1.188881,6.1955387]]},"properties":{"fclass":"secondary"}},{"type":"Feature","geometry":{"type":"LineString","coordinates":[[1.2021492,6.1657007],[1.2023237,6.1666136]]},"properties":{"fclass":"trunk_link"}},{"type":"Feature","geometry":{"type":"LineString","coordinates":[[-0.1973943,11.0668878],[-0.1932236,11.0649285],[-0.1885996,11.0628138],[-0.1876527,11.0625717],[-0.1849377,11.0621545],[-0.1835674,11.0619528],[-0.1799581,11.0618506],[-0.1727772,11.0617662],[-0.1706673,11.0610203],[-0.1677942,11.0602994],[-0.1658329,11.0602131],[-0.1620014,11.0610996],[-0.1588977,11.0636661],[-0.1513921,11.0671181],[-0.1437674,11.0648742],[-0.139661,11.0628103],[-0.1379341,11.0622629],[-0.1338989,11.0620232],[-0.1298726,11.0630981],[-0.1275386,11.0635661],[-0.122187,11.0637103],[-0.1193286,11.0631846],[-0.1166971,11.0624385],[-0.1153381,11.0624684],[-0.1104271,11.0637545],[-0.1075559,11.0636461],[-0.1042521,11.0622532],[-0.1008827,11.0605135],[-0.096808,11.0591378],[-0.0950629,11.0582151],[-0.0937926,11.0570966],[-0.0920508,11.0544475],[-0.0885885,11.0489342],[-0.0820988,11.0434289],[-0.0789641,11.0408832],[-0.0781662,11.0408756],[-0.0727619,11.0427769],[-0.0702656,11.0428603],[-0.0664343,11.0423965],[-0.0646258,11.0412002],[-0.0610708,11.0387448],[-0.0591132,11.0376105],[-0.0581127,11.0368628],[-0.0562272,11.034554],[-0.0520054,11.0328955],[-0.0488484,11.0313685],[-0.0441948,11.0302865],[-0.0393721,11.0335984],[-0.0362071,11.0373025],[-0.0335357,11.041046],[-0.0300005,11.0429467],[-0.0190705,11.0470903],[-0.0179493,11.0473193],[-0.0158063,11.0480854],[-0.0131589,11.0524658],[-0.011901,11.0556353],[-0.011496,11.0592233],[-0.011048,11.0636404],[-0.010289,11.0649829],[-0.0032699,11.0744864],[-0.0028432,11.0750344],[-0.0026017,11.0750515],[-0.0021109,11.0745987],[-0.0011332,11.0739736],[-0.0002334,11.0735879],[0.0007653,11.0734666],[0.0026165,11.0737419],[0.0039197,11.074299],[0.0049849,11.0752581],[0.0055294,11.0758082],[0.0061718,11.0759122],[0.0070032,11.075574],[0.0078575,11.0757293],[0.0088513,11.0764361]]},"properties":{"fclass":"trunk"}},{"type":"Feature","geometry":{"type":"LineString","coordinates":[[1.2220772,6.1366867],[1.2222143,6.1365499]]},"properties":{"fclass":"secondary"}},{"type":"Feature","geometry":{"type":"LineString","coordinates":[[1.222111,6.1370943],[1.2219554,6.1372513]]},"properties":{"fclass":"secondary"}},{"type":"Feature","geometry":{"type":"LineString","coordinates":[[0.203718,10.8627688],[0.2037341,10.8630364]]},"properties":{"fclass":"secondary"}},{"type":"Feature","geometry":{"type":"LineString","coordinates":[[0.2035935,10.8635042],[0.2036296,10.8631415]]},"properties":{"fclass":"secondary"}},{"type":"Feature","geometry":{"type":"LineString","coordinates":[[0.1991151,10.8857524],[0.1988804,10.8861245],[0.1977834,10.8872366],[0.1964464,10.8885049],[0.1956175,10.8892733],[0.1950455,10.8895729],[0.1935744,10.8901122],[0.1925056,10.8905267],[0.1909906,10.8910768],[0.1904911,10.8911667],[0.1896793,10.8909776],[0.1887438,10.8907616],[0.1876568,10.8905217],[0.1860337,10.890143],[0.1847361,10.8898204],[0.1835408,10.8895298],[0.1825529,10.8893064],[0.1815432,10.8890769]]},"properties":{"fclass":"secondary"}},{"type":"Feature","geometry":{"type":"LineString","coordinates":[[0.1991151,10.8857524],[0.1995456,10.8835979],[0.1997593,10.8825589],[0.2000123,10.8812747],[0.2003838,10.8795703],[0.2007861,10.8775318],[0.2009067,10.8768887]]},"properties":{"fclass":"secondary"}},{"type":"Feature","geometry":{"type":"LineString","coordinates":[[1.1336035,9.6203263],[1.1334177,9.6205101],[1.1333498,9.6206405]]},"properties":{"fclass":"trunk"}},{"type":"Feature","geometry":{"type":"LineString","coordinates":[[1.05916,7.5202115],[1.0586392,7.5204993]]},"properties":{"fclass":"secondary"}},{"type":"Feature","geometry":{"type":"LineString","coordinates":[[1.1333436,9.6205276],[1.1332387,9.6203752],[1.1331722,9.6203247]]},"properties":{"fclass":"trunk_link"}},{"type":"Feature","geometry":{"type":"LineString","coordinates":[[1.2089715,6.1945353],[1.2087845,6.1944001],[1.2087047,6.1943553]]},"properties":{"fclass":"trunk_link"}},{"type":"Feature","geometry":{"type":"LineString","coordinates":[[0.6092949,7.5856056],[0.6101944,7.5838959],[0.610468,7.5835848],[0.6115503,7.5830463]]},"properties":{"fclass":"secondary"}},{"type":"Feature","geometry":{"type":"LineString","coordinates":[[0.2952106,10.9049138],[0.2959818,10.9049085],[0.2969313,10.9047241],[0.2998549,10.9040551],[0.3005871,10.904121],[0.3013381,10.9045055],[0.3028241,10.9054431],[0.3036582,10.905775],[0.3050852,10.9059251],[0.3067857,10.9059962],[0.3091085,10.9062939],[0.3103611,10.9066784],[0.311273,10.9071498],[0.3134698,10.9083034],[0.3140733,10.9085444],[0.3151435,10.9088407],[0.3179195,10.9094333],[0.3212669,10.9101154],[0.3234167,10.9105381],[0.3241656,10.910593]]},"properties":{"fclass":"primary"}},{"type":"Feature","geometry":{"type":"LineString","coordinates":[[1.2579814,6.1348576],[1.2579298,6.1349642]]},"properties":{"fclass":"trunk_link"}},{"type":"Feature","geometry":{"type":"LineString","coordinates":[[1.2183468,6.1498049],[1.2193062,6.1505657],[1.2194994,6.1507434]]},"properties":{"fclass":"secondary"}},{"type":"Feature","geometry":{"type":"LineString","coordinates":[[1.2169678,6.1544883],[1.2170543,6.1544199],[1.2171628,6.1544412],[1.217216,6.1545302],[1.2171958,6.1546184],[1.2171351,6.1546683],[1.2170458,6.1546719],[1.2169642,6.1545982],[1.2169558,6.1545241],[1.2169678,6.1544883]]},"properties":{"fclass":"secondary"}},{"type":"Feature","geometry":{"type":"LineString","coordinates":[[1.2170543,6.1544199],[1.2171281,6.154241]]},"properties":{"fclass":"secondary"}},{"type":"Feature","geometry":{"type":"LineString","coordinates":[[1.2171281,6.154241],[1.2171628,6.1544412]]},"properties":{"fclass":"secondary"}},{"type":"Feature","geometry":{"type":"LineString","coordinates":[[1.2168373,6.1547684],[1.2168941,6.1546147],[1.2169539,6.1545571]]},"properties":{"fclass":"secondary"}},{"type":"Feature","geometry":{"type":"LineString","coordinates":[[1.2170458,6.1546719],[1.2168373,6.1547684]]},"properties":{"fclass":"secondary"}},{"type":"Feature","geometry":{"type":"LineString","coordinates":[[1.2456781,6.141211],[1.2463907,6.1403521],[1.2474183,6.1390267],[1.2484021,6.1376837],[1.2489895,6.1369317],[1.2489726,6.136738]]},"properties":{"fclass":"secondary"}},{"type":"Feature","geometry":{"type":"LineString","coordinates":[[1.4997656,6.5879096],[1.4998741,6.5878499],[1.5000049,6.5879477],[1.4999965,6.5880381],[1.4998413,6.5881086],[1.4997536,6.5880306],[1.4997656,6.5879096]]},"properties":{"fclass":"secondary"}},{"type":"Feature","geometry":{"type":"LineString","coordinates":[[1.4995008,6.5879956],[1.4997656,6.5879096]]},"properties":{"fclass":"secondary"}},{"type":"Feature","geometry":{"type":"LineString","coordinates":[[1.4998175,6.5878637],[1.5000253,6.5877178]]},"properties":{"fclass":"secondary"}},{"type":"Feature","geometry":{"type":"LineString","coordinates":[[1.5000253,6.5877178],[1.5000049,6.5879477]]},"properties":{"fclass":"secondary"}},{"type":"Feature","geometry":{"type":"LineString","coordinates":[[1.4997753,6.5880665],[1.4995008,6.5879956]]},"properties":{"fclass":"secondary"}},{"type":"Feature","geometry":{"type":"LineString","coordinates":[[1.4084717,6.3610223],[1.4087858,6.3611758],[1.4111097,6.3623413],[1.4121991,6.3628912],[1.4134145,6.3635107],[1.4147499,6.3641734],[1.4156441,6.3646219],[1.4162553,6.3649353],[1.4170553,6.365349],[1.4173275,6.3655702],[1.4175166,6.3659541],[1.4175475,6.3666432],[1.4175354,6.3675042],[1.4174995,6.3691432],[1.4174932,6.3715132],[1.4174551,6.3744759],[1.4174905,6.3748354],[1.4177151,6.3750746],[1.4218971,6.3775763],[1.4292715,6.3821276]]},"properties":{"fclass":"secondary"}},{"type":"Feature","geometry":{"type":"LineString","coordinates":[[0.4641425,10.3086399],[0.4643024,10.3091955]]},"properties":{"fclass":"trunk"}},{"type":"Feature","geometry":{"type":"LineString","coordinates":[[1.197537,9.55013],[1.1975144,9.550185]]},"properties":{"fclass":"trunk"}},{"type":"Feature","geometry":{"type":"LineString","coordinates":[[1.1977497,9.5493361],[1.1976653,9.5497429],[1.197537,9.55013]]},"properties":{"fclass":"trunk"}},{"type":"Feature","geometry":{"type":"LineString","coordinates":[[1.230579,6.1495389],[1.2302248,6.149617]]},"properties":{"fclass":"secondary"}},{"type":"Feature","geometry":{"type":"LineString","coordinates":[[0.5576598,6.7211366],[0.5572643,6.7225255],[0.5569173,6.7241496],[0.5568722,6.7248929],[0.5570433,6.7256191],[0.5591226,6.7294684],[0.5608875,6.7359252],[0.5622353,6.7382115],[0.566087,6.7429634],[0.5754103,6.7526164],[0.5775883,6.7554505],[0.5796896,6.7584661],[0.5811111,6.7599293],[0.5822251,6.7609554],[0.5825406,6.7614133]]},"properties":{"fclass":"secondary"}},{"type":"Feature","geometry":{"type":"LineString","coordinates":[[1.1884322,6.1956713],[1.1875119,6.1963179]]},"properties":{"fclass":"secondary"}},{"type":"Feature","geometry":{"type":"LineString","coordinates":[[0.723117,10.8798235],[0.7202179,10.8813242],[0.7170175,10.8828748],[0.7119333,10.8833624],[0.7052348,10.8837777],[0.6957088,10.8858376],[0.6898558,10.8860181],[0.6745367,10.886835],[0.673158,10.8868284]]},"properties":{"fclass":"primary"}},{"type":"Feature","geometry":{"type":"LineString","coordinates":[[0.6716824,10.8867668],[0.6667281,10.8860922],[0.6618687,10.8863029],[0.6558261,10.8859023],[0.6539065,10.885867]]},"properties":{"fclass":"primary"}},{"type":"Feature","geometry":{"type":"LineString","coordinates":[[0.673158,10.8868284],[0.6729944,10.8868297]]},"properties":{"fclass":"primary"}},{"type":"Feature","geometry":{"type":"LineString","coordinates":[[0.6539065,10.885867],[0.6537657,10.8858657]]},"properties":{"fclass":"primary"}},{"type":"Feature","geometry":{"type":"LineString","coordinates":[[0.6537657,10.8858657],[0.6514764,10.885784],[0.6487676,10.885264],[0.6450283,10.8855259],[0.6390158,10.886723],[0.6354162,10.8872883],[0.6327918,10.8876492],[0.6318939,10.8877965],[0.6296983,10.8880446],[0.6277603,10.887936],[0.6227203,10.8866664]]},"properties":{"fclass":"primary"}},{"type":"Feature","geometry":{"type":"LineString","coordinates":[[1.2483584,6.1910853],[1.2503771,6.1903405],[1.2518084,6.1898126],[1.2525659,6.1895345]]},"properties":{"fclass":"secondary"}},{"type":"Feature","geometry":{"type":"LineString","coordinates":[[1.2385923,6.1947422],[1.2407,6.1939712],[1.2439731,6.1927385],[1.2448042,6.1924192],[1.2462341,6.1918893],[1.2482746,6.1911166],[1.2483584,6.1910853]]},"properties":{"fclass":"secondary"}},{"type":"Feature","geometry":{"type":"LineString","coordinates":[[1.2704401,6.1863556],[1.2707126,6.1867835],[1.2715584,6.1878688],[1.272566,6.1891007],[1.2735903,6.1901854]]},"properties":{"fclass":"secondary"}},{"type":"Feature","geometry":{"type":"LineString","coordinates":[[1.2484793,6.166513],[1.2486279,6.1665586],[1.248666,6.1666576]]},"properties":{"fclass":"secondary"}},{"type":"Feature","geometry":{"type":"LineString","coordinates":[[1.253998,6.1767685],[1.2541004,6.1767443]]},"properties":{"fclass":"secondary_link"}},{"type":"Feature","geometry":{"type":"LineString","coordinates":[[0.4268891,10.9618531],[0.4270473,10.9610157],[0.4273349,10.9589328],[0.4276482,10.957466],[0.428088,10.9554778],[0.4293648,10.9527919],[0.4297971,10.9516806],[0.4303336,10.9498505],[0.4320032,10.9486307]]},"properties":{"fclass":"secondary"}},{"type":"Feature","geometry":{"type":"LineString","coordinates":[[0.632343,6.9117487],[0.632902,6.9132512],[0.6337562,6.9151845],[0.6337269,6.9164791],[0.633743,6.9172766],[0.6338891,6.9186646],[0.6340121,6.9198027],[0.6342498,6.9213285],[0.6342605,6.9229807],[0.6341894,6.9241669],[0.6341346,6.9259675],[0.6339951,6.9268396],[0.6338677,6.9275425],[0.6335887,6.9284811],[0.6331722,6.9296184],[0.6326963,6.9306897],[0.6319431,6.9321611],[0.6317245,6.9329057],[0.6318036,6.9332957],[0.6321518,6.9342478],[0.6325131,6.9350997],[0.6331313,6.935973],[0.6337804,6.9369248],[0.634738,6.9383945],[0.6358833,6.9403675],[0.6365914,6.9417001],[0.6369535,6.9425002],[0.6375356,6.9440366],[0.6379808,6.9451521],[0.6386098,6.9465879],[0.6389625,6.9473992],[0.6397028,6.9491166],[0.6402625,6.9507707],[0.640529,6.9516075],[0.640604,6.9518298]]},"properties":{"fclass":"primary"}},{"type":"Feature","geometry":{"type":"LineString","coordinates":[[0.6323179,6.9116958],[0.632343,6.9117487]]},"properties":{"fclass":"primary"}},{"type":"Feature","geometry":{"type":"LineString","coordinates":[[0.6528914,6.9787414],[0.652938,6.9788481]]},"properties":{"fclass":"primary"}},{"type":"Feature","geometry":{"type":"LineString","coordinates":[[1.4146997,9.0178546],[1.4146919,9.0177098]]},"properties":{"fclass":"secondary"}},{"type":"Feature","geometry":{"type":"LineString","coordinates":[[1.4148962,9.0222111],[1.415167,9.0212582],[1.4151682,9.0204128],[1.4146997,9.0178546]]},"properties":{"fclass":"secondary"}},{"type":"Feature","geometry":{"type":"LineString","coordinates":[[1.1953181,6.1134839],[1.1958146,6.1130512],[1.1965348,6.1124404],[1.1971249,6.112319],[1.1978799,6.1124884]]},"properties":{"fclass":"trunk"}},{"type":"Feature","geometry":{"type":"LineString","coordinates":[[1.1596576,7.0240469],[1.1596203,7.0242016]]},"properties":{"fclass":"trunk"}},{"type":"Feature","geometry":{"type":"LineString","coordinates":[[1.1709979,6.9830231],[1.1705586,6.9840491],[1.1702351,6.9851613],[1.1685692,6.9914388],[1.1674163,6.9957126],[1.1665436,6.9989237],[1.1656621,7.0021406],[1.1650238,7.004498],[1.1640623,7.0079699],[1.1627644,7.0127202],[1.1622092,7.0147328],[1.1601941,7.0219306],[1.1596576,7.0240469]]},"properties":{"fclass":"trunk"}},{"type":"Feature","geometry":{"type":"LineString","coordinates":[[1.16949,7.3475913],[1.1702397,7.3516668],[1.1709559,7.3554894],[1.1719215,7.3609799],[1.1720851,7.3619029],[1.1722608,7.3626238],[1.1727074,7.3643342],[1.1728415,7.3651137],[1.173048,7.3666751],[1.1736891,7.3712903],[1.173909,7.3726044],[1.1741316,7.373836],[1.1747646,7.3768258],[1.17488,7.3778287],[1.1749122,7.379015],[1.1748491,7.379962],[1.1747604,7.3806643]]},"properties":{"fclass":"trunk"}},{"type":"Feature","geometry":{"type":"LineString","coordinates":[[1.1679448,7.3369618],[1.1679303,7.3374344]]},"properties":{"fclass":"trunk"}},{"type":"Feature","geometry":{"type":"LineString","coordinates":[[0.3970524,10.6106889],[0.3975305,10.6086439],[0.3978109,10.607516],[0.3978381,10.607414],[0.3981558,10.6059248],[0.398739,10.603223],[0.39824,10.596888],[0.3981958,10.5967409]]},"properties":{"fclass":"secondary"}},{"type":"Feature","geometry":{"type":"LineString","coordinates":[[0.3713894,10.7244326],[0.368724,10.72312],[0.366655,10.722068],[0.3632216,10.7203604],[0.3608509,10.7188192],[0.359977,10.717337],[0.359826,10.716708],[0.3599567,10.7150384],[0.3602441,10.7126446],[0.363709,10.685103],[0.366108,10.677603],[0.368329,10.669211],[0.368801,10.667058],[0.369396,10.662688],[0.370042,10.658574],[0.372466,10.652693],[0.374547,10.647961],[0.3762686,10.6438959],[0.382168,10.629992],[0.3840201,10.6272102],[0.3855178,10.6248225],[0.3880621,10.6208325],[0.388776,10.619713],[0.3903221,10.6174914],[0.3919144,10.6157461],[0.3931542,10.6145466],[0.3941959,10.6135388],[0.3951111,10.6126532],[0.3954915,10.6122851],[0.3961601,10.6116489],[0.3969115,10.6109111],[0.3970524,10.6106889]]},"properties":{"fclass":"secondary"}},{"type":"Feature","geometry":{"type":"LineString","coordinates":[[0.6325415,9.6148602],[0.6323165,9.6142152],[0.6321306,9.6133171],[0.6319934,9.6125441],[0.631961,9.6122287]]},"properties":{"fclass":"secondary"}},{"type":"Feature","geometry":{"type":"LineString","coordinates":[[0.6321591,9.5769645],[0.6323453,9.5756492],[0.6326279,9.5732068],[0.6325467,9.5724802]]},"properties":{"fclass":"secondary"}},{"type":"Feature","geometry":{"type":"LineString","coordinates":[[0.6325467,9.5724802],[0.6315078,9.5666924],[0.6292204,9.5566383],[0.6257321,9.5486467],[0.624529,9.5458347]]},"properties":{"fclass":"secondary"}},{"type":"Feature","geometry":{"type":"LineString","coordinates":[[1.0093434,8.3444915],[1.0091825,8.3444089],[1.0091127,8.3442022]]},"properties":{"fclass":"secondary"}},{"type":"Feature","geometry":{"type":"LineString","coordinates":[[1.0091127,8.3442022],[1.0092643,8.3443137],[1.009387,8.3443847]]},"properties":{"fclass":"secondary"}},{"type":"Feature","geometry":{"type":"LineString","coordinates":[[1.2298867,6.1441563],[1.2298787,6.1444723]]},"properties":{"fclass":"trunk"}},{"type":"Feature","geometry":{"type":"LineString","coordinates":[[1.2298879,6.1441187],[1.2298867,6.1441563]]},"properties":{"fclass":"trunk"}},{"type":"Feature","geometry":{"type":"LineString","coordinates":[[1.2292493,6.144018],[1.2292408,6.1439659]]},"properties":{"fclass":"trunk"}},{"type":"Feature","geometry":{"type":"LineString","coordinates":[[1.2292933,6.1443396],[1.2292493,6.144018]]},"properties":{"fclass":"trunk"}},{"type":"Feature","geometry":{"type":"LineString","coordinates":[[1.2169736,6.1326429],[1.216595,6.1329549],[1.2156123,6.1337067]]},"properties":{"fclass":"secondary"}},{"type":"Feature","geometry":{"type":"LineString","coordinates":[[1.2093004,6.1943598],[1.2091961,6.1943543]]},"properties":{"fclass":"primary"}},{"type":"Feature","geometry":{"type":"LineString","coordinates":[[1.1334529,9.6203272],[1.1331722,9.6203247]]},"properties":{"fclass":"trunk"}},{"type":"Feature","geometry":{"type":"LineString","coordinates":[[0.0610592,10.664003],[0.0608232,10.6639878]]},"properties":{"fclass":"secondary"}},{"type":"Feature","geometry":{"type":"LineString","coordinates":[[0.1125666,10.7020921],[0.1089406,10.7024739],[0.1041813,10.7016364],[0.0897284,10.6963563],[0.0877656,10.6951318],[0.086904,10.6923063],[0.0845438,10.6828531],[0.0794209,10.6739464],[0.0790744,10.6723125],[0.0791405,10.670087],[0.0788708,10.6687154],[0.077913,10.6675494],[0.0775633,10.667122],[0.0744595,10.6639468],[0.0728032,10.6634046],[0.0636289,10.664113],[0.0610592,10.664003]]},"properties":{"fclass":"secondary"}},{"type":"Feature","geometry":{"type":"LineString","coordinates":[[1.2047818,6.1456751],[1.2047098,6.1456367]]},"properties":{"fclass":"trunk"}},{"type":"Feature","geometry":{"type":"LineString","coordinates":[[1.2109336,6.1374666],[1.2108055,6.137787]]},"properties":{"fclass":"trunk"}},{"type":"Feature","geometry":{"type":"LineString","coordinates":[[1.2110023,6.1372876],[1.2109336,6.1374666]]},"properties":{"fclass":"trunk"}},{"type":"Feature","geometry":{"type":"LineString","coordinates":[[1.2108326,6.1374286],[1.2108648,6.1372385]]},"properties":{"fclass":"trunk"}},{"type":"Feature","geometry":{"type":"LineString","coordinates":[[1.2107225,6.1377551],[1.2108326,6.1374286]]},"properties":{"fclass":"trunk"}},{"type":"Feature","geometry":{"type":"LineString","coordinates":[[1.2016111,6.1494918],[1.2016634,6.149558],[1.2016645,6.1496292],[1.2015803,6.1497127],[1.2015308,6.1497163]]},"properties":{"fclass":"trunk"}},{"type":"Feature","geometry":{"type":"LineString","coordinates":[[1.2108055,6.137787],[1.2102772,6.1389301],[1.2097186,6.139998],[1.2092397,6.1408182],[1.2086489,6.1415041],[1.2080888,6.1419936],[1.207995,6.1421524]]},"properties":{"fclass":"trunk"}},{"type":"Feature","geometry":{"type":"LineString","coordinates":[[1.2020635,6.1653896],[1.2019421,6.1630582],[1.2018708,6.1620719],[1.2017753,6.1599268],[1.2017307,6.1591394],[1.2016596,6.1582215],[1.2015678,6.1569399],[1.2014632,6.1556255]]},"properties":{"fclass":"trunk"}},{"type":"Feature","geometry":{"type":"LineString","coordinates":[[1.2141605,6.1821209],[1.2142812,6.182358]]},"properties":{"fclass":"trunk_link"}},{"type":"Feature","geometry":{"type":"LineString","coordinates":[[1.2141605,6.1821209],[1.2143527,6.1821275],[1.2143873,6.1820993]]},"properties":{"fclass":"trunk_link"}},{"type":"Feature","geometry":{"type":"LineString","coordinates":[[1.1804565,9.5634773],[1.1805513,9.5635068]]},"properties":{"fclass":"secondary"}},{"type":"Feature","geometry":{"type":"LineString","coordinates":[[1.1820407,9.5601992],[1.1819349,9.5601591]]},"properties":{"fclass":"secondary"}},{"type":"Feature","geometry":{"type":"LineString","coordinates":[[1.1803034,9.5646341],[1.1801264,9.5642479]]},"properties":{"fclass":"secondary"}},{"type":"Feature","geometry":{"type":"LineString","coordinates":[[1.1822911,9.5596308],[1.1819271,9.5604595],[1.1813324,9.5617479],[1.1805513,9.5635068],[1.1802189,9.5642122],[1.1802551,9.5644252],[1.1803745,9.5645614]]},"properties":{"fclass":"secondary"}},{"type":"Feature","geometry":{"type":"LineString","coordinates":[[1.1826067,9.558875],[1.1825109,9.5588358]]},"properties":{"fclass":"secondary_link"}},{"type":"Feature","geometry":{"type":"LineString","coordinates":[[1.1948239,6.1826268],[1.194737,6.1826096]]},"properties":{"fclass":"secondary"}},{"type":"Feature","geometry":{"type":"LineString","coordinates":[[1.1909969,6.2031344],[1.1914406,6.2028683],[1.1923921,6.2023201],[1.192891,6.2020561],[1.1941289,6.2015395],[1.1945258,6.2013441],[1.1950569,6.2010375],[1.1963738,6.2003149]]},"properties":{"fclass":"primary"}},{"type":"Feature","geometry":{"type":"LineString","coordinates":[[1.1966227,6.200431],[1.1948892,6.2014135],[1.1944531,6.2016333],[1.1936184,6.2019835],[1.1927638,6.2023884],[1.1916206,6.203033],[1.1911623,6.2033073]]},"properties":{"fclass":"primary"}},{"type":"Feature","geometry":{"type":"LineString","coordinates":[[1.2289748,6.1360698],[1.2289805,6.1361522]]},"properties":{"fclass":"trunk"}},{"type":"Feature","geometry":{"type":"LineString","coordinates":[[1.227916,6.1364245],[1.2278791,6.1362752]]},"properties":{"fclass":"trunk"}},{"type":"Feature","geometry":{"type":"LineString","coordinates":[[1.2156123,6.1337067],[1.2155222,6.133757]]},"properties":{"fclass":"trunk"}},{"type":"Feature","geometry":{"type":"LineString","coordinates":[[1.2122368,6.1304324],[1.2122568,6.1303478]]},"properties":{"fclass":"trunk"}},{"type":"Feature","geometry":{"type":"LineString","coordinates":[[1.1946599,6.2012761],[1.1947699,6.2014774]]},"properties":{"fclass":"primary_link"}},{"type":"Feature","geometry":{"type":"LineString","coordinates":[[1.1942187,6.2017361],[1.1941289,6.2015395]]},"properties":{"fclass":"primary_link"}},{"type":"Feature","geometry":{"type":"LineString","coordinates":[[1.1812585,6.200756],[1.1814305,6.2011712]]},"properties":{"fclass":"secondary"}},{"type":"Feature","geometry":{"type":"LineString","coordinates":[[1.1815922,6.2011041],[1.1814722,6.2011148],[1.1814305,6.2011712]]},"properties":{"fclass":"secondary_link"}},{"type":"Feature","geometry":{"type":"LineString","coordinates":[[0.8236261,9.2226629],[0.8259176,9.2201344],[0.8267453,9.2192707],[0.8278692,9.218262],[0.8290522,9.2174111],[0.8299273,9.2168416],[0.8311146,9.2161995],[0.8324799,9.2155667],[0.8338237,9.2150796],[0.8354437,9.2146427],[0.8368526,9.2143515],[0.8379503,9.2142006],[0.8388247,9.2140166],[0.8400625,9.2136657],[0.8413553,9.2132779],[0.8426106,9.212886],[0.8438498,9.2125087],[0.8449189,9.2121192],[0.8456013,9.2118535],[0.8468637,9.2112903],[0.8513626,9.2088471],[0.8521405,9.2084155],[0.8528593,9.2079072],[0.8534628,9.2074174],[0.854419,9.2064118],[0.856514,9.203281],[0.8586591,9.1999646],[0.8601844,9.1976659],[0.8610147,9.1967767],[0.862325,9.1957344],[0.8662703,9.1934759],[0.8726494,9.1897958],[0.8744372,9.1888316],[0.8753584,9.1885277],[0.8757564,9.1884661],[0.8766122,9.1884661]]},"properties":{"fclass":"primary"}},{"type":"Feature","geometry":{"type":"LineString","coordinates":[[0.8235069,9.2227936],[0.8236261,9.2226629]]},"properties":{"fclass":"primary"}},{"type":"Feature","geometry":{"type":"LineString","coordinates":[[0.5624712,6.9570674],[0.5618724,6.9570565],[0.5615666,6.9572236],[0.5611795,6.9576433],[0.5609262,6.9577777],[0.5606389,6.9578159]]},"properties":{"fclass":"secondary"}},{"type":"Feature","geometry":{"type":"LineString","coordinates":[[1.1694793,7.3475275],[1.16949,7.3475913]]},"properties":{"fclass":"trunk"}},{"type":"Feature","geometry":{"type":"LineString","coordinates":[[1.1679303,7.3374344],[1.1678467,7.3379445],[1.1677802,7.3386398],[1.1679009,7.3395762],[1.1686642,7.3430845],[1.1694793,7.3475275]]},"properties":{"fclass":"trunk"}},{"type":"Feature","geometry":{"type":"LineString","coordinates":[[1.1660127,7.189267],[1.1661313,7.192855],[1.1662115,7.1976396],[1.1662218,7.20155],[1.1663089,7.212228],[1.166319,7.2156677],[1.166325,7.2216737],[1.1662406,7.2248362],[1.1659153,7.2299381],[1.1657456,7.232888],[1.1655097,7.2375689],[1.1653151,7.2417788],[1.1649644,7.2486209],[1.1647681,7.2549355],[1.1645535,7.2628005],[1.1644891,7.2647162],[1.164425,7.2665459],[1.1643456,7.2691565],[1.1642608,7.271948],[1.1641886,7.2743998],[1.1640492,7.2779777],[1.1638812,7.2824145],[1.1637247,7.2861794],[1.1635641,7.2899569],[1.1633679,7.293714],[1.1631885,7.2983332],[1.1630339,7.3022726],[1.1628959,7.3050024],[1.1628503,7.3061783],[1.1627725,7.3068966],[1.162515,7.3082934],[1.1623675,7.3091394],[1.1623392,7.3098629],[1.162397,7.3103898],[1.1625847,7.3111666],[1.1631855,7.312812],[1.1636327,7.3140252],[1.1638332,7.3145691],[1.1639808,7.3149256],[1.1642087,7.3153619],[1.1644089,7.3156615],[1.1647395,7.3161228],[1.1650992,7.3166575],[1.165338,7.3170467],[1.1656401,7.3175755],[1.1658724,7.3179751],[1.1661767,7.3184995],[1.1664197,7.3189184],[1.1667024,7.3193922],[1.1670358,7.3199668],[1.1674234,7.3206881],[1.1676836,7.3214064],[1.1677882,7.32213],[1.1678553,7.3230717],[1.1680001,7.3246067],[1.1681315,7.3266392],[1.1682055,7.3296832],[1.1682738,7.3331702],[1.168322,7.3345429],[1.1682415,7.3354394],[1.1681733,7.3358532],[1.1680978,7.3362306],[1.1679448,7.3369618]]},"properties":{"fclass":"trunk"}},{"type":"Feature","geometry":{"type":"LineString","coordinates":[[1.1658899,7.1691157],[1.1659011,7.1692374]]},"properties":{"fclass":"trunk"}},{"type":"Feature","geometry":{"type":"LineString","coordinates":[[1.1710216,8.4238271],[1.1713055,8.4237447]]},"properties":{"fclass":"secondary"}},{"type":"Feature","geometry":{"type":"LineString","coordinates":[[1.1388074,8.4266418],[1.1467289,8.4264082],[1.1561818,8.4262294],[1.1619861,8.4258367],[1.1658163,8.4247542],[1.1710216,8.4238271]]},"properties":{"fclass":"secondary"}},{"type":"Feature","geometry":{"type":"LineString","coordinates":[[1.2091961,6.1943543],[1.2089916,6.1943545]]},"properties":{"fclass":"primary"}},{"type":"Feature","geometry":{"type":"LineString","coordinates":[[0.2019703,10.850034],[0.2020602,10.8503751]]},"properties":{"fclass":"secondary"}},{"type":"Feature","geometry":{"type":"LineString","coordinates":[[0.201048,10.8764963],[0.2023043,10.8760936],[0.2036305,10.8756719],[0.2049328,10.8752724],[0.2069626,10.8746297],[0.2080442,10.8742195],[0.2089414,10.8737177],[0.209453,10.8733542],[0.2101343,10.8727148],[0.2106017,10.8721517],[0.2111851,10.8712772],[0.2114855,10.8706161],[0.2119562,10.8692918],[0.2125221,10.8677634],[0.2133724,10.8652359],[0.2135018,10.8642113],[0.2133805,10.8629311],[0.2131444,10.8621803],[0.2124068,10.8602943],[0.2115123,10.8579841],[0.2105172,10.855637],[0.2098828,10.8547743],[0.209445,10.8543219],[0.2087335,10.8538128],[0.2079932,10.853415],[0.2068198,10.8530371],[0.205004,10.8525471],[0.204568,10.8523798],[0.2032578,10.851575],[0.2025805,10.8509112],[0.2020481,10.8501736],[0.2019033,10.8499049],[0.2014004,10.8486919],[0.2003503,10.8458363],[0.1998235,10.8443553],[0.1996621,10.8438297],[0.1994487,10.8428741],[0.1993257,10.8423461],[0.1987517,10.839564],[0.1984352,10.8380558],[0.1981973,10.836895]]},"properties":{"fclass":"trunk"}},{"type":"Feature","geometry":{"type":"LineString","coordinates":[[1.2949229,6.2775383],[1.2962338,6.278726],[1.2972638,6.2796565],[1.298409,6.2806024],[1.2998186,6.2818213],[1.300561,6.2824594],[1.3030359,6.2846367],[1.3042107,6.2857272],[1.3048451,6.2864044],[1.3052836,6.2869602],[1.3064315,6.2884363],[1.3075863,6.2899089],[1.3085385,6.2911406],[1.3100687,6.2931068],[1.3108955,6.2941653],[1.3114165,6.2948318],[1.3121071,6.2957249],[1.3125356,6.2964001],[1.3129078,6.2970996],[1.3149999,6.3012422],[1.3169371,6.3050499],[1.3183585,6.3077753],[1.3192425,6.3092768],[1.3199702,6.3100506],[1.3217148,6.3116169],[1.323241,6.3129339]]},"properties":{"fclass":"secondary"}},{"type":"Feature","geometry":{"type":"LineString","coordinates":[[1.294764,6.277393],[1.2949229,6.2775383]]},"properties":{"fclass":"secondary"}},{"type":"Feature","geometry":{"type":"LineString","coordinates":[[0.1661475,10.8634846],[0.1660039,10.8634888]]},"properties":{"fclass":"secondary"}},{"type":"Feature","geometry":{"type":"LineString","coordinates":[[1.0972879,6.2364987],[1.0956005,6.2370395],[1.0953767,6.2371114]]},"properties":{"fclass":"trunk"}},{"type":"Feature","geometry":{"type":"LineString","coordinates":[[1.0504469,6.2477528],[1.0520884,6.2459983],[1.0536441,6.2444372],[1.0549249,6.2430867],[1.0559937,6.2421149],[1.0569231,6.2416027],[1.0579397,6.241291],[1.0597743,6.2412883],[1.0632599,6.2414041],[1.0662029,6.2414749],[1.0675084,6.241516]]},"properties":{"fclass":"trunk"}},{"type":"Feature","geometry":{"type":"LineString","coordinates":[[1.3510941,8.1058201],[1.3517447,8.1060604],[1.3530662,8.106599],[1.355669,8.1078318],[1.3571495,8.1085327]]},"properties":{"fclass":"secondary"}},{"type":"Feature","geometry":{"type":"LineString","coordinates":[[1.1242661,7.5324211],[1.1238874,7.5324541]]},"properties":{"fclass":"primary"}},{"type":"Feature","geometry":{"type":"LineString","coordinates":[[0.9247646,6.4354261],[0.9233365,6.4373683],[0.9221805,6.4389561],[0.9215024,6.4399638],[0.921025,6.4406114],[0.9198032,6.4422612],[0.9189806,6.4433447],[0.9176011,6.4451891],[0.9169427,6.4461165],[0.9157959,6.447632],[0.9132827,6.4512138],[0.911522,6.4534519],[0.9103559,6.4551196],[0.910105,6.4556707],[0.9095694,6.4574751],[0.9085949,6.4609371],[0.9071493,6.4660988],[0.9054514,6.4721567],[0.9041594,6.4766774],[0.9033764,6.4794171],[0.902689,6.4818068],[0.9008583,6.4880688],[0.8976533,6.4988515],[0.8921275,6.5166928],[0.8891274,6.5257626],[0.8851859,6.5376503],[0.884856,6.5387162],[0.8836624,6.543125],[0.8821456,6.5487116],[0.8820075,6.549595],[0.8820236,6.5502665],[0.8822744,6.5513044],[0.8836691,6.5550656],[0.8841627,6.556262],[0.8847299,6.5571254],[0.885477,6.5578542],[0.8916031,6.5636511],[0.8939366,6.565936],[0.8945334,6.5669232],[0.8948459,6.5677359],[0.895043,6.5686765],[0.8950524,6.5696544],[0.8949116,6.5704858],[0.8946675,6.5713119],[0.8943095,6.5720886],[0.8903619,6.578794],[0.8818728,6.5930791],[0.8791952,6.5975267],[0.8735706,6.6061714],[0.8698169,6.6120617],[0.8671105,6.6163147],[0.8622021,6.6251083],[0.8604841,6.6282442],[0.8600711,6.6291634],[0.8541662,6.6444521],[0.8532616,6.647003],[0.8500356,6.6572187],[0.8496493,6.6582724],[0.84896,6.6593127],[0.84632,6.6622425],[0.845614,6.6630811],[0.8451869,6.6638869],[0.8449508,6.6645676],[0.8441213,6.6678098],[0.8437311,6.6690566],[0.8433824,6.6697652],[0.8427816,6.6705538],[0.8404749,6.673367],[0.8385115,6.6774163],[0.8330707,6.6888705],[0.8252258,6.7059482],[0.8242743,6.7081475],[0.8238666,6.7096872],[0.8225753,6.7161269],[0.8193719,6.7328116],[0.8190279,6.7347107],[0.8189636,6.7363488],[0.8189903,6.7393346],[0.8189805,6.7406597],[0.8187954,6.7424217],[0.8185898,6.7441189],[0.818197,6.7470773],[0.8179852,6.7477279],[0.8172597,6.7492915],[0.81616,6.7516594],[0.8155276,6.7528439],[0.8144098,6.7542458],[0.8134067,6.7556415],[0.8129882,6.7566956],[0.8112877,6.761365],[0.8108445,6.7624005],[0.8100506,6.7638813],[0.8088167,6.7661667],[0.8079406,6.7677584],[0.8071349,6.7692743],[0.8066435,6.7703103],[0.8052671,6.7738919],[0.8037166,6.7779021],[0.8024536,6.7803504],[0.8011158,6.7829057],[0.799372,6.7862731],[0.7978995,6.7892055],[0.7975783,6.7900815],[0.7965986,6.7930967],[0.7963795,6.7935823],[0.7959495,6.7941374],[0.7945407,6.7955801],[0.7934759,6.7967082],[0.7916272,6.7993862],[0.782564,6.8126442],[0.781817,6.8135337],[0.7812121,6.8139945],[0.7791053,6.8150997],[0.7740667,6.8176378],[0.7729717,6.818319],[0.7721751,6.8191752],[0.7714047,6.8202904],[0.7697229,6.8227152],[0.7689632,6.8238198],[0.7680771,6.8250984],[0.7671493,6.8265356],[0.7665592,6.8274145],[0.7661542,6.8278592],[0.7654589,6.8284291],[0.764276,6.8291961],[0.7627854,6.8301296],[0.7611224,6.8311962],[0.7597531,6.8319845],[0.7578032,6.833135],[0.7566029,6.833826],[0.7544135,6.8351488],[0.7527374,6.8362275],[0.7512219,6.8372027],[0.7502219,6.8378301],[0.7478012,6.839428],[0.7454181,6.8409845],[0.7441306,6.8419992],[0.7430685,6.8430551],[0.7422155,6.8437475],[0.7414477,6.8441124],[0.7408395,6.8442934],[0.7400684,6.844396],[0.7373094,6.8444131],[0.7362098,6.8444819],[0.7333331,6.8450905],[0.7311239,6.8455265],[0.7292571,6.8456862],[0.7279387,6.8458179],[0.7272474,6.8460617],[0.7264173,6.8463667],[0.7254718,6.8463693],[0.7235192,6.8461217],[0.7214599,6.846075],[0.7203092,6.846376],[0.7194114,6.8468234],[0.7185665,6.8474119],[0.7172589,6.8483387],[0.7166367,6.8488815],[0.7159862,6.84979],[0.7157891,6.8503946],[0.7156596,6.851268],[0.7156807,6.8516861],[0.7157931,6.8523226],[0.7164013,6.8544597],[0.7164715,6.8553845],[0.7164284,6.8568728],[0.7162913,6.8596007],[0.7159775,6.8608683],[0.7153988,6.8618323],[0.7146947,6.8625433],[0.7139423,6.8630772],[0.7131102,6.8634247],[0.7098238,6.8645512],[0.7068761,6.865374],[0.7055095,6.8652902],[0.7021373,6.8649426],[0.7010704,6.8649],[0.7000022,6.8650545],[0.6946988,6.8659073],[0.6916237,6.8663973],[0.6910443,6.8665777],[0.690292,6.8669411],[0.6890606,6.8678131],[0.6878907,6.8686528],[0.6870183,6.8692833],[0.6867313,6.869487]]},"properties":{"fclass":"primary"}},{"type":"Feature","geometry":{"type":"LineString","coordinates":[[1.6022252,6.392525],[1.6050365,6.3887757],[1.6055757,6.3879467],[1.6059029,6.3871151],[1.606037,6.386382],[1.6060784,6.3842574],[1.6061123,6.3824721],[1.6061342,6.3803955],[1.6062038,6.3773689],[1.606316,6.369618],[1.6064474,6.3650251],[1.6066912,6.3561944],[1.6068497,6.3503583],[1.6071448,6.3428089],[1.6073406,6.3391114],[1.6073942,6.3370321],[1.6075562,6.3341671],[1.6076139,6.3333161]]},"properties":{"fclass":"secondary"}},{"type":"Feature","geometry":{"type":"LineString","coordinates":[[1.1978619,6.1125289],[1.1972289,6.1123968],[1.1971457,6.1123894]]},"properties":{"fclass":"trunk"}},{"type":"Feature","geometry":{"type":"LineString","coordinates":[[1.1978799,6.1124884],[1.1989233,6.1129319],[1.1993644,6.113148]]},"properties":{"fclass":"trunk"}},{"type":"Feature","geometry":{"type":"LineString","coordinates":[[1.227916,6.1364245],[1.2272179,6.1365625],[1.2265071,6.1367079],[1.2262795,6.1367516],[1.2252612,6.1369366],[1.2251218,6.1369439],[1.2234588,6.136945],[1.2223277,6.1369481],[1.2222731,6.1369499]]},"properties":{"fclass":"trunk"}},{"type":"Feature","geometry":{"type":"LineString","coordinates":[[1.2278791,6.1362752],[1.2284135,6.1361745],[1.2287769,6.1361032],[1.2289748,6.1360698]]},"properties":{"fclass":"trunk"}},{"type":"Feature","geometry":{"type":"LineString","coordinates":[[1.6254539,8.6798469],[1.6260222,8.6790094],[1.626513,8.6783213],[1.627661,8.676688],[1.6289605,8.6748107],[1.6297598,8.6735526],[1.6300093,8.6729321],[1.6302574,8.6724164],[1.6314925,8.6695779],[1.6318627,8.6690502],[1.6323911,8.6686803],[1.63364,8.6678415]]},"properties":{"fclass":"primary"}},{"type":"Feature","geometry":{"type":"LineString","coordinates":[[1.2057969,6.240408],[1.2059762,6.2404424]]},"properties":{"fclass":"primary"}},{"type":"Feature","geometry":{"type":"LineString","coordinates":[[1.2057629,6.2405231],[1.2055263,6.2404888]]},"properties":{"fclass":"primary"}},{"type":"Feature","geometry":{"type":"LineString","coordinates":[[1.0867506,6.167793],[1.0875191,6.1693157]]},"properties":{"fclass":"secondary"}},{"type":"Feature","geometry":{"type":"LineString","coordinates":[[1.2017397,6.1592451],[1.2018323,6.1592595]]},"properties":{"fclass":"secondary"}},{"type":"Feature","geometry":{"type":"LineString","coordinates":[[1.2018372,6.1593598],[1.2017454,6.1593554]]},"properties":{"fclass":"secondary"}},{"type":"Feature","geometry":{"type":"LineString","coordinates":[[1.2227238,6.1649887],[1.2228054,6.1649958]]},"properties":{"fclass":"secondary"}},{"type":"Feature","geometry":{"type":"LineString","coordinates":[[1.2227324,6.1651732],[1.2226535,6.1651572]]},"properties":{"fclass":"secondary"}},{"type":"Feature","geometry":{"type":"LineString","coordinates":[[1.2228889,6.1651197],[1.2227635,6.1650895]]},"properties":{"fclass":"secondary"}},{"type":"Feature","geometry":{"type":"LineString","coordinates":[[1.250282,6.2084338],[1.2502242,6.2083036]]},"properties":{"fclass":"secondary"}},{"type":"Feature","geometry":{"type":"LineString","coordinates":[[1.2503279,6.2082502],[1.2503922,6.2083723]]},"properties":{"fclass":"secondary"}},{"type":"Feature","geometry":{"type":"LineString","coordinates":[[1.2664098,6.1625326],[1.2664908,6.1631763],[1.2667293,6.1658301],[1.2668424,6.1670573],[1.2669801,6.1686027],[1.2670825,6.169884],[1.2671342,6.1706384],[1.267336,6.1728263],[1.2674137,6.1736693],[1.2675711,6.175376],[1.2677259,6.1770539],[1.2677788,6.1778581],[1.2679902,6.1791796],[1.2680751,6.1793099]]},"properties":{"fclass":"secondary"}},{"type":"Feature","geometry":{"type":"LineString","coordinates":[[1.2489726,6.136738],[1.2489689,6.1352779],[1.2489993,6.1350462]]},"properties":{"fclass":"secondary"}},{"type":"Feature","geometry":{"type":"LineString","coordinates":[[1.2329649,6.1554196],[1.2330153,6.1556939],[1.2334483,6.157635],[1.2337994,6.1596837],[1.2341011,6.1614929]]},"properties":{"fclass":"secondary"}},{"type":"Feature","geometry":{"type":"LineString","coordinates":[[1.2341011,6.1614929],[1.2342214,6.1620873]]},"properties":{"fclass":"secondary"}},{"type":"Feature","geometry":{"type":"LineString","coordinates":[[1.2342214,6.1620873],[1.2345846,6.1641409],[1.2347026,6.165669],[1.2347026,6.1680517],[1.2346999,6.1691853],[1.2346154,6.170783],[1.2345861,6.17161]]},"properties":{"fclass":"secondary"}},{"type":"Feature","geometry":{"type":"LineString","coordinates":[[1.2479518,6.1671331],[1.2471588,6.167741],[1.2463045,6.168437]]},"properties":{"fclass":"secondary"}},{"type":"Feature","geometry":{"type":"LineString","coordinates":[[1.0325506,6.2604068],[1.0336116,6.2613457],[1.0350518,6.2627253]]},"properties":{"fclass":"primary"}},{"type":"Feature","geometry":{"type":"LineString","coordinates":[[1.0349401,6.2628592],[1.0328647,6.2608425],[1.0324063,6.2604456]]},"properties":{"fclass":"primary"}},{"type":"Feature","geometry":{"type":"LineString","coordinates":[[1.1796691,6.2484913],[1.1795939,6.248402]]},"properties":{"fclass":"primary_link"}},{"type":"Feature","geometry":{"type":"LineString","coordinates":[[1.1825256,6.2463343],[1.1824706,6.246257]]},"properties":{"fclass":"primary_link"}},{"type":"Feature","geometry":{"type":"LineString","coordinates":[[1.0309446,6.2589283],[1.0307735,6.258933],[1.0306834,6.2591113],[1.0306965,6.259179]]},"properties":{"fclass":"primary_link"}},{"type":"Feature","geometry":{"type":"LineString","coordinates":[[1.02705,6.2560901],[1.0270462,6.2558957],[1.0272135,6.2557947],[1.0272807,6.2558049]]},"properties":{"fclass":"primary_link"}},{"type":"Feature","geometry":{"type":"LineString","coordinates":[[1.0280778,6.2569253],[1.0269845,6.256033],[1.0265028,6.2554289]]},"properties":{"fclass":"primary"}},{"type":"Feature","geometry":{"type":"LineString","coordinates":[[1.0265028,6.2554289],[1.0272807,6.2558049],[1.0283564,6.2566832]]},"properties":{"fclass":"primary"}},{"type":"Feature","geometry":{"type":"LineString","coordinates":[[1.0315277,6.2594164],[1.0314762,6.2596081],[1.0312849,6.259665],[1.0312209,6.2596389]]},"properties":{"fclass":"primary_link"}},{"type":"Feature","geometry":{"type":"LineString","coordinates":[[1.030607,6.2585993],[1.0315277,6.2594164]]},"properties":{"fclass":"primary"}},{"type":"Feature","geometry":{"type":"LineString","coordinates":[[1.0314341,6.259792],[1.0303009,6.258863]]},"properties":{"fclass":"primary"}},{"type":"Feature","geometry":{"type":"LineString","coordinates":[[1.0302017,6.2587218],[1.0292063,6.2587817],[1.0278346,6.2576112],[1.027789,6.2573286],[1.0280986,6.2569637]]},"properties":{"fclass":"primary"}},{"type":"Feature","geometry":{"type":"LineString","coordinates":[[1.028163,6.2570222],[1.0278547,6.2574699],[1.0283361,6.2579125],[1.0285883,6.2579098],[1.0289203,6.2575724],[1.0301131,6.2585617],[1.0302179,6.258592]]},"properties":{"fclass":"primary"}},{"type":"Feature","geometry":{"type":"LineString","coordinates":[[1.0305208,6.2585004],[1.030607,6.2585993],[1.0306183,6.2587297],[1.0305503,6.2588417],[1.0304291,6.2588926],[1.0303009,6.258863],[1.0302146,6.2587641],[1.0302034,6.2586338],[1.0302713,6.2585217],[1.0303926,6.2584708],[1.0305208,6.2585004]]},"properties":{"fclass":"primary"}},{"type":"Feature","geometry":{"type":"LineString","coordinates":[[1.028316,6.256666],[1.0284208,6.2567417],[1.0284553,6.2568657],[1.0284044,6.2569841],[1.0282904,6.2570451],[1.028163,6.2570222],[1.0280778,6.2569253],[1.0280719,6.2567967],[1.028148,6.2566925],[1.0282728,6.2566583],[1.028316,6.256666]]},"properties":{"fclass":"primary"}},{"type":"Feature","geometry":{"type":"LineString","coordinates":[[1.1923029,6.5181725],[1.1923183,6.5181032]]},"properties":{"fclass":"trunk"}},{"type":"Feature","geometry":{"type":"LineString","coordinates":[[1.186049,6.5606434],[1.1849047,6.5552734],[1.1845198,6.5533642],[1.184442,6.5524982],[1.1844555,6.5514163],[1.1846593,6.5501799],[1.1877417,6.5372877],[1.1896842,6.5291565],[1.1918385,6.520131],[1.1923029,6.5181725]]},"properties":{"fclass":"trunk"}},{"type":"Feature","geometry":{"type":"LineString","coordinates":[[0.5062549,10.9740831],[0.5054677,10.9728679],[0.505076,10.9725282],[0.5018819,10.9721826],[0.4980211,10.9718057],[0.4978188,10.971786]]},"properties":{"fclass":"primary"}},{"type":"Feature","geometry":{"type":"LineString","coordinates":[[1.2074447,6.2400663],[1.2057629,6.2405231]]},"properties":{"fclass":"primary"}},{"type":"Feature","geometry":{"type":"LineString","coordinates":[[1.2055263,6.2404888],[1.206174,6.2402851],[1.2075225,6.2399218]]},"properties":{"fclass":"primary"}},{"type":"Feature","geometry":{"type":"LineString","coordinates":[[1.2447401,6.15202],[1.2447728,6.1522234]]},"properties":{"fclass":"secondary"}},{"type":"Feature","geometry":{"type":"LineString","coordinates":[[1.0352799,6.2629442],[1.0361544,6.2638049],[1.0374892,6.2650739],[1.0390097,6.2660702],[1.0407253,6.2666457],[1.0417525,6.266803],[1.0430548,6.2667843],[1.0444441,6.2665523],[1.0460736,6.2662297],[1.0474884,6.2659365],[1.0508825,6.2652667],[1.0534705,6.2647909],[1.0577773,6.2643557],[1.0601596,6.2641841],[1.0652306,6.2637857],[1.0685264,6.2635475],[1.0707885,6.2633411],[1.0723292,6.2631629],[1.0749812,6.2626292],[1.0787062,6.2616677],[1.0813205,6.2610267],[1.08407,6.2603418],[1.0875539,6.2594519],[1.0905491,6.2587943],[1.0929363,6.2584938],[1.0952426,6.2583227],[1.0968393,6.2582781],[1.0979122,6.2583387],[1.1023795,6.2582204],[1.1052709,6.2579359],[1.1085142,6.2573637],[1.112079,6.2567665],[1.1149046,6.2563961],[1.1166215,6.2564606],[1.117719,6.2566343],[1.1190348,6.2570089],[1.120685,6.2577096],[1.1238532,6.2593708],[1.1260259,6.2604899],[1.1278348,6.2614689],[1.129909,6.2625005],[1.1322306,6.2634095],[1.1336882,6.2638465],[1.1349598,6.2641606],[1.1359311,6.2643761],[1.1368728,6.2645355],[1.1380808,6.264682],[1.1395485,6.2647992],[1.140434,6.2648404],[1.1408681,6.2648373],[1.1417582,6.26483],[1.1432347,6.2648357],[1.1447188,6.2648186],[1.1458071,6.264922],[1.1464215,6.2651053],[1.1471797,6.2654276],[1.1475957,6.2656742],[1.1488462,6.2664545],[1.1496938,6.2668631],[1.150767,6.267186],[1.1515147,6.2672909],[1.1527981,6.2672167],[1.1535218,6.2670478],[1.1546454,6.2666603],[1.1563016,6.2660764],[1.1584045,6.2652406],[1.1592011,6.264678],[1.1605071,6.2631053],[1.1609256,6.2626065]]},"properties":{"fclass":"primary"}},{"type":"Feature","geometry":{"type":"LineString","coordinates":[[1.2121641,6.130829],[1.2122368,6.1304324]]},"properties":{"fclass":"trunk"}},{"type":"Feature","geometry":{"type":"LineString","coordinates":[[1.2688404,7.8002124],[1.2727312,7.805245],[1.2732956,7.8070153],[1.2732581,7.8143796]]},"properties":{"fclass":"secondary"}},{"type":"Feature","geometry":{"type":"LineString","coordinates":[[1.2188671,7.7733279],[1.2190345,7.7733754]]},"properties":{"fclass":"primary"}},{"type":"Feature","geometry":{"type":"LineString","coordinates":[[1.208767,7.7703529],[1.2114572,7.7708153],[1.2123558,7.771121],[1.2165749,7.7726411],[1.2175834,7.7730158],[1.2188671,7.7733279]]},"properties":{"fclass":"primary"}},{"type":"Feature","geometry":{"type":"LineString","coordinates":[[1.269125,7.8002227],[1.2690389,7.8003798],[1.2690102,7.8004189]]},"properties":{"fclass":"primary_link"}},{"type":"Feature","geometry":{"type":"LineString","coordinates":[[0.7120635,6.5294081],[0.7121868,6.5292669]]},"properties":{"fclass":"primary"}},{"type":"Feature","geometry":{"type":"LineString","coordinates":[[0.7121868,6.5292669],[0.7143407,6.5263955],[0.7173997,6.5153484],[0.7181051,6.5086127],[0.7188454,6.5025088],[0.7215196,6.4976319],[0.725824,6.4913703]]},"properties":{"fclass":"primary"}},{"type":"Feature","geometry":{"type":"LineString","coordinates":[[0.6909397,6.5470675],[0.6921762,6.5475178],[0.6934047,6.5475245],[0.6943649,6.547294],[0.6956913,6.5465945],[0.696518,6.5458205],[0.7030188,6.5394804],[0.7061934,6.5363126],[0.7091533,6.532891],[0.7120635,6.5294081]]},"properties":{"fclass":"primary"}},{"type":"Feature","geometry":{"type":"LineString","coordinates":[[0.1815432,10.8890769],[0.1808909,10.8888342],[0.1808211,10.8887591]]},"properties":{"fclass":"secondary"}},{"type":"Feature","geometry":{"type":"LineString","coordinates":[[0.1813043,10.8885403],[0.1813576,10.8888526],[0.1814418,10.88899]]},"properties":{"fclass":"trunk_link"}},{"type":"Feature","geometry":{"type":"LineString","coordinates":[[0.1806126,10.8889523],[0.1810504,10.8886023],[0.1831453,10.8871971],[0.1846513,10.8861752],[0.1874364,10.8842993],[0.1896945,10.8827813],[0.1919,10.8812931],[0.1938084,10.8799946],[0.194778,10.8793387],[0.1967776,10.8780375],[0.1976332,10.8776095],[0.1991956,10.8770682],[0.2008507,10.8765221]]},"properties":{"fclass":"trunk"}},{"type":"Feature","geometry":{"type":"LineString","coordinates":[[0.2008775,10.8766261],[0.1986364,10.8773711],[0.1976091,10.8777385],[0.1965818,10.8782917]]},"properties":{"fclass":"trunk"}},{"type":"Feature","geometry":{"type":"LineString","coordinates":[[0.2010494,10.8761914],[0.2010245,10.8764695]]},"properties":{"fclass":"secondary"}},{"type":"Feature","geometry":{"type":"LineString","coordinates":[[0.2009343,10.8764469],[0.2010494,10.8761914]]},"properties":{"fclass":"secondary"}},{"type":"Feature","geometry":{"type":"LineString","coordinates":[[0.2009067,10.8768887],[0.2008967,10.8766414]]},"properties":{"fclass":"secondary"}},{"type":"Feature","geometry":{"type":"LineString","coordinates":[[0.2009729,10.8766568],[0.2009067,10.8768887]]},"properties":{"fclass":"secondary"}},{"type":"Feature","geometry":{"type":"LineString","coordinates":[[0.2010636,10.8765578],[0.2010085,10.8766445],[0.2008967,10.8766414],[0.2008499,10.8765777],[0.2008628,10.8764954],[0.2009343,10.8764469],[0.2010245,10.8764695],[0.2010606,10.8765259],[0.2010636,10.8765578]]},"properties":{"fclass":"trunk"}},{"type":"Feature","geometry":{"type":"LineString","coordinates":[[0.1958723,10.8787316],[0.1948444,10.8794283],[0.1938432,10.8801019],[0.1923308,10.8811172],[0.1912133,10.8818739],[0.1901472,10.8825996],[0.1864512,10.8850949],[0.1847067,10.8862607],[0.1832078,10.8872832],[0.1811121,10.8886945],[0.1808909,10.8888342],[0.1806126,10.8889523]]},"properties":{"fclass":"trunk"}},{"type":"Feature","geometry":{"type":"LineString","coordinates":[[0.2022535,10.8503006],[0.2021748,10.8503498]]},"properties":{"fclass":"trunk"}},{"type":"Feature","geometry":{"type":"LineString","coordinates":[[0.2026373,10.8760882],[0.2026167,10.8760054]]},"properties":{"fclass":"trunk_link"}},{"type":"Feature","geometry":{"type":"LineString","coordinates":[[0.2127602,10.8670824],[0.2128454,10.8671104]]},"properties":{"fclass":"trunk_link"}},{"type":"Feature","geometry":{"type":"LineString","coordinates":[[0.2134971,10.8636317],[0.2135882,10.8636312]]},"properties":{"fclass":"trunk_link"}},{"type":"Feature","geometry":{"type":"LineString","coordinates":[[0.1981973,10.836895],[0.1978924,10.8353594],[0.1976684,10.83424],[0.1969094,10.8305685],[0.1967463,10.8294675],[0.1965938,10.8278435],[0.1965508,10.8259042],[0.196453,10.8220753],[0.1964034,10.8198425],[0.196331,10.8161516],[0.1962586,10.8129571],[0.1961744,10.8092984],[0.1961221,10.8070858],[0.1960722,10.8044368],[0.1961432,10.8034316],[0.1961941,10.8033373]]},"properties":{"fclass":"trunk"}},{"type":"Feature","geometry":{"type":"LineString","coordinates":[[0.1961941,10.8033373],[0.1961701,10.8041601],[0.1961652,10.8048504],[0.1962516,10.8088221],[0.1962824,10.8099326],[0.1963364,10.8117781],[0.1963913,10.8146801],[0.1964671,10.817612],[0.1965081,10.8198478],[0.196563,10.8220779],[0.1965798,10.8227946],[0.1966153,10.8243093],[0.1966642,10.8262089],[0.1967025,10.8278501],[0.1969171,10.8300235],[0.1972741,10.8318049],[0.1977656,10.8342336],[0.1979925,10.8353415],[0.1982998,10.8368842]]},"properties":{"fclass":"trunk"}},{"type":"Feature","geometry":{"type":"LineString","coordinates":[[0.1982998,10.8368842],[0.198568,10.8382152],[0.1987492,10.8390923],[0.1992828,10.8416385],[0.1995574,10.8428651],[0.1998377,10.8440542],[0.2002711,10.8453305],[0.2006976,10.8464791],[0.201293,10.8481044],[0.2017317,10.8492858],[0.2018923,10.8496369]]},"properties":{"fclass":"trunk"}},{"type":"Feature","geometry":{"type":"LineString","coordinates":[[1.188,6.2169216],[1.1882877,6.2169077],[1.1884157,6.216815]]},"properties":{"fclass":"primary_link"}},{"type":"Feature","geometry":{"type":"LineString","coordinates":[[1.2703103,6.1864495],[1.2700152,6.1863441],[1.2699589,6.1863434]]},"properties":{"fclass":"secondary_link"}},{"type":"Feature","geometry":{"type":"LineString","coordinates":[[1.2705282,6.1858808],[1.2704677,6.1861259],[1.2704401,6.1863556]]},"properties":{"fclass":"secondary_link"}},{"type":"Feature","geometry":{"type":"LineString","coordinates":[[0.6926513,9.0676397],[0.692499,9.0665362],[0.692622,9.0639137],[0.6927183,9.061809],[0.6927217,9.0600745],[0.6926807,9.0580548],[0.6926689,9.0575507],[0.6918668,9.0559657],[0.6914091,9.0548644],[0.6916917,9.0540279],[0.6926432,9.0506457],[0.6930103,9.0493224],[0.6935992,9.0485301],[0.6951422,9.0467061],[0.696095,9.0444653],[0.6976033,9.040827],[0.6983503,9.0388766],[0.6983791,9.0382622],[0.6971181,9.0343343],[0.6960885,9.0315061],[0.6954501,9.0292511],[0.6950933,9.0286527],[0.69264,9.0268797],[0.6923439,9.0262151],[0.6922645,9.0240653],[0.69225,9.023352],[0.6919406,9.0226177],[0.6916365,9.0220765],[0.691257,9.0214036],[0.6908658,9.0206669],[0.6904543,9.0196879],[0.6903477,9.0189543],[0.6902393,9.0180688],[0.690184,9.0176374],[0.6900896,9.0172017],[0.6897897,9.0168019],[0.6892551,9.0161886]]},"properties":{"fclass":"secondary"}},{"type":"Feature","geometry":{"type":"LineString","coordinates":[[1.219545,6.1298021],[1.2194449,6.1298667],[1.2192859,6.1298225]]},"properties":{"fclass":"secondary_link"}},{"type":"Feature","geometry":{"type":"LineString","coordinates":[[1.1863607,6.2149969],[1.1866669,6.2153739],[1.1872161,6.216001],[1.1879236,6.2168104],[1.1882649,6.2172169],[1.188547,6.2175152]]},"properties":{"fclass":"secondary"}},{"type":"Feature","geometry":{"type":"LineString","coordinates":[[1.1883799,6.2177332],[1.1877499,6.2169564],[1.1871965,6.2162885],[1.1866492,6.2156768],[1.1862518,6.215236],[1.1861949,6.2151494]]},"properties":{"fclass":"secondary"}},{"type":"Feature","geometry":{"type":"LineString","coordinates":[[1.1861577,6.2148576],[1.1862442,6.2148528],[1.1863211,6.2148978],[1.1863592,6.2149779],[1.1863389,6.2150774],[1.1862372,6.2151474],[1.1861438,6.2151353],[1.1860675,6.2150528],[1.1860663,6.214949],[1.1861577,6.2148576]]},"properties":{"fclass":"secondary"}},{"type":"Feature","geometry":{"type":"LineString","coordinates":[[1.2232571,6.1224089],[1.2230289,6.1225708],[1.2229792,6.1226288]]},"properties":{"fclass":"trunk_link"}},{"type":"Feature","geometry":{"type":"LineString","coordinates":[[1.222923,6.1226434],[1.2228178,6.1224347],[1.222732,6.1223438]]},"properties":{"fclass":"trunk_link"}},{"type":"Feature","geometry":{"type":"LineString","coordinates":[[1.1897711,6.2192742],[1.1896615,6.2193861],[1.1896056,6.2193791]]},"properties":{"fclass":"primary"}},{"type":"Feature","geometry":{"type":"LineString","coordinates":[[1.191197,6.221706],[1.1906688,6.2209335],[1.1902007,6.2202227],[1.1896056,6.2193791]]},"properties":{"fclass":"primary"}},{"type":"Feature","geometry":{"type":"LineString","coordinates":[[0.0972982,10.9756836],[0.0952264,10.9756931],[0.0941394,10.9756504],[0.0912239,10.9749936],[0.0874108,10.9731224],[0.0846996,10.9716477],[0.0837092,10.9716572],[0.0828952,10.9716453],[0.0809507,10.9732175],[0.0804072,10.9733598],[0.0762284,10.9723496],[0.0747911,10.9721646],[0.0715,10.9716567],[0.0699457,10.9704796],[0.0671343,10.9666095],[0.06613,10.9656838],[0.0609663,10.9613483],[0.059157,10.9600786],[0.057888,10.9607628],[0.0550526,10.9622183],[0.0528664,10.9626845],[0.0501164,10.9630936],[0.0481317,10.962822],[0.0468509,10.9624564],[0.0443351,10.961327],[0.0424986,10.9597936],[0.0409375,10.9590759],[0.0372481,10.9585057],[0.0334016,10.9579691],[0.0288548,10.9558395],[0.0280372,10.9555257],[0.0245847,10.9555675],[0.0211001,10.9549994],[0.0186548,10.9517703],[0.0176784,10.9513384],[0.0126573,10.95137]]},"properties":{"fclass":"secondary"}},{"type":"Feature","geometry":{"type":"LineString","coordinates":[[0.2944563,10.9047578],[0.2945095,10.9049749],[0.2945712,10.9051561]]},"properties":{"fclass":"secondary"}},{"type":"Feature","geometry":{"type":"LineString","coordinates":[[0.2945712,10.9051561],[0.2944091,10.9049697],[0.294292,10.9047636],[0.2942906,10.9047057]]},"properties":{"fclass":"secondary"}},{"type":"Feature","geometry":{"type":"LineString","coordinates":[[0.3245129,10.9109065],[0.3246779,10.9107245],[0.3247607,10.9105603]]},"properties":{"fclass":"secondary"}},{"type":"Feature","geometry":{"type":"LineString","coordinates":[[0.2102128,10.872633],[0.2118489,10.8737309],[0.2125731,10.8742471],[0.2130103,10.8747048],[0.213361,10.875225],[0.213595,10.8755418],[0.2141918,10.8760903],[0.2151899,10.8768847],[0.2157824,10.8772394],[0.2163986,10.8774429],[0.2170457,10.87751],[0.2175761,10.8774508],[0.2182983,10.8771986],[0.2190265,10.8766849],[0.2196823,10.8761403],[0.2202845,10.8755898],[0.2207955,10.8752889]]},"properties":{"fclass":"primary"}},{"type":"Feature","geometry":{"type":"LineString","coordinates":[[0.2207955,10.8752889],[0.2204347,10.8755839],[0.219915,10.8760238],[0.2193471,10.8765328],[0.2184927,10.8771749],[0.2176243,10.8775232],[0.2168667,10.8775818],[0.2163839,10.8775193],[0.2157897,10.8773224],[0.2153572,10.8770927],[0.2141435,10.8761502],[0.2134535,10.8754944],[0.2130452,10.8748668],[0.2126496,10.8744197],[0.2117819,10.8737816],[0.2102255,10.8727681],[0.2101343,10.8727148]]},"properties":{"fclass":"primary"}},{"type":"Feature","geometry":{"type":"LineString","coordinates":[[1.2633546,6.1879734],[1.2632983,6.1878361]]},"properties":{"fclass":"secondary_link"}},{"type":"Feature","geometry":{"type":"LineString","coordinates":[[0.6222258,9.4236401],[0.623838,9.4197721],[0.6243089,9.4186653]]},"properties":{"fclass":"secondary"}},{"type":"Feature","geometry":{"type":"LineString","coordinates":[[1.1791313,9.7604246],[1.179034,9.7654378],[1.1799679,9.7707604],[1.1813689,9.7781242],[1.1821754,9.78199],[1.1832025,9.7850507],[1.1856792,9.7922239],[1.1882998,9.799129],[1.1898647,9.8030045],[1.1940496,9.8099404],[1.1966839,9.8126006]]},"properties":{"fclass":"secondary"}},{"type":"Feature","geometry":{"type":"LineString","coordinates":[[1.2434586,6.2120314],[1.2423432,6.2130265],[1.2401184,6.2154382],[1.237421,6.2185402],[1.235459,6.220748],[1.2337667,6.2225039],[1.2319534,6.2241263],[1.2287468,6.2264808],[1.2254612,6.228798],[1.222115,6.2312309],[1.2188306,6.233556],[1.2163925,6.2353104],[1.2144573,6.2366716],[1.2128989,6.2377888]]},"properties":{"fclass":"primary"}},{"type":"Feature","geometry":{"type":"LineString","coordinates":[[1.2466881,6.2102142],[1.245132,6.210939],[1.2439348,6.2116754],[1.2434586,6.2120314]]},"properties":{"fclass":"primary"}},{"type":"Feature","geometry":{"type":"LineString","coordinates":[[1.243393,6.2119501],[1.2443439,6.2112786],[1.245469,6.2106542],[1.2466532,6.2101249]]},"properties":{"fclass":"primary"}},{"type":"Feature","geometry":{"type":"LineString","coordinates":[[1.212789,6.2377248],[1.2143943,6.2365876],[1.2163322,6.2352344],[1.2180045,6.2340346],[1.220039,6.2325747],[1.2236948,6.229971],[1.2252994,6.2287973],[1.227536,6.2271938],[1.2300698,6.2254195],[1.2319185,6.2240163],[1.2331992,6.2228991],[1.2354013,6.2206693],[1.2362947,6.2196059],[1.2394837,6.2160098],[1.2414469,6.2138256],[1.242658,6.2125724],[1.243393,6.2119501]]},"properties":{"fclass":"primary"}},{"type":"Feature","geometry":{"type":"LineString","coordinates":[[1.2500977,6.208376],[1.2502261,6.2081779]]},"properties":{"fclass":"primary_link"}},{"type":"Feature","geometry":{"type":"LineString","coordinates":[[1.2503074,6.2080894],[1.2505015,6.2081652]]},"properties":{"fclass":"primary_link"}},{"type":"Feature","geometry":{"type":"LineString","coordinates":[[1.2792508,6.169777],[1.2775894,6.1693978],[1.2768294,6.1689598],[1.2749507,6.1678179],[1.2739507,6.1672051],[1.2716978,6.1658313],[1.2706017,6.1651744],[1.2696081,6.164521],[1.2689325,6.1640843],[1.2684424,6.1637334],[1.2665483,6.1623512]]},"properties":{"fclass":"secondary"}},{"type":"Feature","geometry":{"type":"LineString","coordinates":[[1.2660166,6.1620239],[1.2648249,6.1611856],[1.2636661,6.1603626],[1.2633384,6.1601423]]},"properties":{"fclass":"secondary"}},{"type":"Feature","geometry":{"type":"LineString","coordinates":[[1.5240282,7.5859726],[1.5224433,7.5910053],[1.5241358,7.6035249],[1.5232427,7.607033],[1.5221858,7.6110833],[1.522405,7.6119639],[1.5232023,7.6158462],[1.5229058,7.6186698],[1.5210915,7.6276619],[1.5210807,7.6283212],[1.521424,7.6313412],[1.5213382,7.6377215],[1.5204263,7.6417516],[1.5212256,7.6446971],[1.5194392,7.6533101],[1.5190905,7.6552666],[1.5212363,7.66456],[1.5206569,7.6657987],[1.5203726,7.6716627],[1.5210378,7.6737042],[1.5200722,7.6815724],[1.5192676,7.6920825],[1.5178621,7.6948204],[1.5171486,7.7037832],[1.5118432,7.7070153],[1.5060711,7.7073449],[1.5024984,7.7083231]]},"properties":{"fclass":"secondary"}},{"type":"Feature","geometry":{"type":"LineString","coordinates":[[1.4801395,7.7525122],[1.4825427,7.7507209],[1.4848977,7.7461656],[1.4862817,7.7426255],[1.4890927,7.7374269],[1.491394,7.7343757],[1.492306,7.7323132],[1.4933789,7.7255464],[1.4944571,7.7237231],[1.4963669,7.7223038],[1.4983678,7.719093],[1.4992207,7.7176843],[1.5016454,7.7140855],[1.5017474,7.7131924],[1.5016723,7.7113],[1.5024984,7.7083231]]},"properties":{"fclass":"secondary"}},{"type":"Feature","geometry":{"type":"LineString","coordinates":[[0.7796873,9.2611407],[0.7795476,9.2613032],[0.7794628,9.2613593]]},"properties":{"fclass":"primary"}},{"type":"Feature","geometry":{"type":"LineString","coordinates":[[0.7794206,9.2612525],[0.7796873,9.2611407]]},"properties":{"fclass":"primary"}},{"type":"Feature","geometry":{"type":"LineString","coordinates":[[0.7794412,9.2613873],[0.7794204,9.2617059]]},"properties":{"fclass":"primary"}},{"type":"Feature","geometry":{"type":"LineString","coordinates":[[0.7794204,9.2617059],[0.7793483,9.261395]]},"properties":{"fclass":"primary"}},{"type":"Feature","geometry":{"type":"LineString","coordinates":[[0.7794628,9.2613593],[0.7793795,9.2614054],[0.7793233,9.2613724],[0.7793168,9.2612904],[0.7793906,9.2612462],[0.7794637,9.261295],[0.7794628,9.2613593]]},"properties":{"fclass":"primary"}},{"type":"Feature","geometry":{"type":"LineString","coordinates":[[1.2403428,9.3615955],[1.240704,9.3617174]]},"properties":{"fclass":"trunk"}},{"type":"Feature","geometry":{"type":"LineString","coordinates":[[1.1961031,9.548607],[1.1968751,9.5487048],[1.1970065,9.5487234]]},"properties":{"fclass":"secondary"}},{"type":"Feature","geometry":{"type":"LineString","coordinates":[[1.6129836,6.2365813],[1.6127022,6.236775],[1.612516,6.2369876]]},"properties":{"fclass":"secondary"}},{"type":"Feature","geometry":{"type":"LineString","coordinates":[[1.612516,6.2369876],[1.6126211,6.236648],[1.6127438,6.2364021]]},"properties":{"fclass":"secondary"}},{"type":"Feature","geometry":{"type":"LineString","coordinates":[[1.2093004,6.1943598],[1.2092187,6.1942389]]},"properties":{"fclass":"secondary"}},{"type":"Feature","geometry":{"type":"LineString","coordinates":[[1.2107042,6.2392693],[1.2104346,6.2393752],[1.2102972,6.2394246]]},"properties":{"fclass":"trunk_link"}},{"type":"Feature","geometry":{"type":"LineString","coordinates":[[1.209581,6.2391179],[1.2103924,6.2387846],[1.2105104,6.238726]]},"properties":{"fclass":"trunk_link"}},{"type":"Feature","geometry":{"type":"LineString","coordinates":[[1.2105332,6.2384354],[1.2106821,6.238574],[1.210839,6.2385847]]},"properties":{"fclass":"trunk_link"}},{"type":"Feature","geometry":{"type":"LineString","coordinates":[[1.2102757,6.2396445],[1.210084,6.2395379],[1.2099847,6.2395379]]},"properties":{"fclass":"trunk_link"}},{"type":"Feature","geometry":{"type":"LineString","coordinates":[[0.3981958,10.5967409],[0.3971575,10.5929361]]},"properties":{"fclass":"secondary"}},{"type":"Feature","geometry":{"type":"LineString","coordinates":[[1.2234595,6.1368152],[1.2234588,6.136945]]},"properties":{"fclass":"trunk_link"}},{"type":"Feature","geometry":{"type":"LineString","coordinates":[[1.2409833,6.1526034],[1.2410293,6.1524764]]},"properties":{"fclass":"secondary_link"}},{"type":"Feature","geometry":{"type":"LineString","coordinates":[[1.2436947,6.1525933],[1.243908,6.152458]]},"properties":{"fclass":"secondary"}},{"type":"Feature","geometry":{"type":"LineString","coordinates":[[1.2439831,6.152526],[1.2437551,6.152662]]},"properties":{"fclass":"secondary"}},{"type":"Feature","geometry":{"type":"LineString","coordinates":[[1.2589868,6.1354337],[1.259041,6.1353246]]},"properties":{"fclass":"trunk_link"}},{"type":"Feature","geometry":{"type":"LineString","coordinates":[[1.2082681,6.2597242],[1.2081445,6.2597054]]},"properties":{"fclass":"trunk_link"}},{"type":"Feature","geometry":{"type":"LineString","coordinates":[[1.2344726,6.1687203],[1.2346437,6.168659]]},"properties":{"fclass":"secondary_link"}},{"type":"Feature","geometry":{"type":"LineString","coordinates":[[1.2346461,6.1688791],[1.2344807,6.168801]]},"properties":{"fclass":"secondary_link"}},{"type":"Feature","geometry":{"type":"LineString","coordinates":[[1.2612378,6.1364199],[1.2612881,6.1363171]]},"properties":{"fclass":"trunk_link"}},{"type":"Feature","geometry":{"type":"LineString","coordinates":[[1.2037474,6.2387566],[1.2038762,6.238602]]},"properties":{"fclass":"primary_link"}},{"type":"Feature","geometry":{"type":"LineString","coordinates":[[0.4741891,10.360749],[0.4740774,10.3605971],[0.4731707,10.3601949],[0.4721766,10.3597458],[0.4712588,10.3593414]]},"properties":{"fclass":"secondary"}},{"type":"Feature","geometry":{"type":"LineString","coordinates":[[1.2648249,6.1611856],[1.2648796,6.1611095]]},"properties":{"fclass":"secondary_link"}},{"type":"Feature","geometry":{"type":"LineString","coordinates":[[1.2675565,6.1630949],[1.2675944,6.163045]]},"properties":{"fclass":"secondary_link"}},{"type":"Feature","geometry":{"type":"LineString","coordinates":[[1.2684424,6.1637334],[1.2684807,6.1636811]]},"properties":{"fclass":"secondary_link"}},{"type":"Feature","geometry":{"type":"LineString","coordinates":[[0.4695744,10.3420271],[0.4691194,10.3458883],[0.4689319,10.3477123],[0.4687591,10.3492886],[0.4687576,10.3498559],[0.4688578,10.3502246],[0.4697956,10.3530432],[0.4707571,10.3558597],[0.4710804,10.3567768]]},"properties":{"fclass":"trunk"}},{"type":"Feature","geometry":{"type":"LineString","coordinates":[[0.4695877,10.3419071],[0.4695744,10.3420271]]},"properties":{"fclass":"trunk"}},{"type":"Feature","geometry":{"type":"LineString","coordinates":[[0.1874317,10.9521812],[0.1875164,10.9483841],[0.187393,10.9412739],[0.1873287,10.9369919],[0.1871409,10.9346428],[0.186446,10.93264],[0.1862021,10.9251515],[0.1873823,10.9215697],[0.1884731,10.9182256],[0.1898414,10.9141792],[0.1918852,10.9092726],[0.1933417,10.9059488],[0.1939237,10.9042395],[0.194259,10.9032018],[0.1946699,10.9019354],[0.1950024,10.9009794],[0.1954459,10.8996041],[0.1962802,10.8971415],[0.1964758,10.8966551],[0.1968466,10.8957076],[0.197027,10.8952898],[0.1972416,10.8947788],[0.1975796,10.8934645],[0.1979398,10.8911258],[0.1982144,10.8899125],[0.1983722,10.8891489],[0.1984535,10.8887882],[0.1987611,10.8874816],[0.1991151,10.8857524]]},"properties":{"fclass":"secondary"}},{"type":"Feature","geometry":{"type":"LineString","coordinates":[[1.2544336,6.1577829],[1.2544658,6.1576935]]},"properties":{"fclass":"secondary_link"}},{"type":"Feature","geometry":{"type":"LineString","coordinates":[[0.1962586,10.8129571],[0.1963491,10.8129558]]},"properties":{"fclass":"trunk_link"}},{"type":"Feature","geometry":{"type":"LineString","coordinates":[[0.2194476,10.876357],[0.2194221,10.8761509],[0.2193879,10.8760824]]},"properties":{"fclass":"secondary_link"}},{"type":"Feature","geometry":{"type":"LineString","coordinates":[[0.199609,10.8436227],[0.1997167,10.843597]]},"properties":{"fclass":"trunk_link"}},{"type":"Feature","geometry":{"type":"LineString","coordinates":[[0.6320576,6.9108223],[0.6323179,6.9116958]]},"properties":{"fclass":"primary"}},{"type":"Feature","geometry":{"type":"LineString","coordinates":[[0.1809123,10.8886958],[0.1815432,10.8890769]]},"properties":{"fclass":"secondary"}},{"type":"Feature","geometry":{"type":"LineString","coordinates":[[0.2114963,10.8523765],[0.2112677,10.8526547],[0.2100645,10.8537258],[0.2093847,10.8543812],[0.2092807,10.8544635]]},"properties":{"fclass":"primary"}},{"type":"Feature","geometry":{"type":"LineString","coordinates":[[0.2092807,10.8544635],[0.2094636,10.8542452],[0.2106164,10.8531522],[0.2114077,10.8524167],[0.2114963,10.8523765]]},"properties":{"fclass":"primary"}},{"type":"Feature","geometry":{"type":"LineString","coordinates":[[0.1961383,10.807909],[0.1962251,10.8079068]]},"properties":{"fclass":"trunk_link"}},{"type":"Feature","geometry":{"type":"LineString","coordinates":[[0.2002711,10.8453305],[0.2001772,10.8453661]]},"properties":{"fclass":"trunk_link"}},{"type":"Feature","geometry":{"type":"LineString","coordinates":[[0.1985405,10.8642442],[0.1993504,10.8646221],[0.2017645,10.8654868],[0.2031123,10.8658332]]},"properties":{"fclass":"secondary"}},{"type":"Feature","geometry":{"type":"LineString","coordinates":[[1.2223525,6.1649678],[1.2226692,6.1651195]]},"properties":{"fclass":"secondary"}},{"type":"Feature","geometry":{"type":"LineString","coordinates":[[1.2224622,6.1649651],[1.2227238,6.1649887]]},"properties":{"fclass":"secondary"}},{"type":"Feature","geometry":{"type":"LineString","coordinates":[[1.1897711,6.2192742],[1.190528,6.2202707],[1.1912743,6.2213752],[1.1913825,6.2215774]]},"properties":{"fclass":"primary"}},{"type":"Feature","geometry":{"type":"LineString","coordinates":[[1.1932446,6.2253959],[1.1936098,6.2261179]]},"properties":{"fclass":"primary"}},{"type":"Feature","geometry":{"type":"LineString","coordinates":[[1.20088,6.212838],[1.200933,6.212742]]},"properties":{"fclass":"secondary_link"}},{"type":"Feature","geometry":{"type":"LineString","coordinates":[[1.2256107,6.1591021],[1.2257412,6.1591531]]},"properties":{"fclass":"trunk_link"}},{"type":"Feature","geometry":{"type":"LineString","coordinates":[[1.2130444,6.288188],[1.2130679,6.2886432]]},"properties":{"fclass":"trunk"}},{"type":"Feature","geometry":{"type":"LineString","coordinates":[[1.1842744,6.2128954],[1.1844251,6.2127345]]},"properties":{"fclass":"secondary"}},{"type":"Feature","geometry":{"type":"LineString","coordinates":[[1.2195313,6.129508],[1.2195924,6.1296525]]},"properties":{"fclass":"secondary_link"}},{"type":"Feature","geometry":{"type":"LineString","coordinates":[[1.2633872,6.160073],[1.2633384,6.1601423]]},"properties":{"fclass":"secondary_link"}},{"type":"Feature","geometry":{"type":"LineString","coordinates":[[1.2501039,6.2069395],[1.2502016,6.2069347]]},"properties":{"fclass":"secondary_link"}},{"type":"Feature","geometry":{"type":"LineString","coordinates":[[1.2104648,6.2732471],[1.2105936,6.2732204]]},"properties":{"fclass":"trunk_link"}},{"type":"Feature","geometry":{"type":"LineString","coordinates":[[1.2093552,6.194217],[1.2094629,6.1942942],[1.2096389,6.1943648]]},"properties":{"fclass":"secondary"}},{"type":"Feature","geometry":{"type":"LineString","coordinates":[[1.2096674,6.1944865],[1.2093004,6.1943598]]},"properties":{"fclass":"secondary"}},{"type":"Feature","geometry":{"type":"LineString","coordinates":[[1.2838322,6.1631386],[1.2839057,6.1631615]]},"properties":{"fclass":"primary_link"}},{"type":"Feature","geometry":{"type":"LineString","coordinates":[[1.2445447,6.2108064],[1.2447455,6.2108595]]},"properties":{"fclass":"primary_link"}},{"type":"Feature","geometry":{"type":"LineString","coordinates":[[1.2447399,6.2115294],[1.2446033,6.2115188],[1.2445504,6.2115135]]},"properties":{"fclass":"primary_link"}},{"type":"Feature","geometry":{"type":"LineString","coordinates":[[1.2445198,6.210747],[1.2447743,6.2113677],[1.2448395,6.2116663]]},"properties":{"fclass":"secondary"}},{"type":"Feature","geometry":{"type":"LineString","coordinates":[[0.686726,8.9940177],[0.6864282,8.9931382],[0.6861801,8.9917562],[0.6861125,8.9911512],[0.6859173,8.9901451],[0.6855665,8.9892616],[0.6853052,8.9886056],[0.6851153,8.9874232],[0.6848851,8.9860605],[0.6847543,8.9848461],[0.6846426,8.9835324],[0.6844487,8.9823683],[0.6838981,8.9811336],[0.6830837,8.9795558],[0.6825422,8.9787759],[0.6820594,8.9782912],[0.6817413,8.9777118],[0.681474,8.9768349],[0.6810724,8.9755636],[0.6807546,8.9746104],[0.6803527,8.9733173],[0.6798214,8.9717619],[0.6795462,8.971061],[0.6788321,8.9694871],[0.678144,8.9680296],[0.6777528,8.9670746],[0.67722,8.965658],[0.6767111,8.9640648],[0.6761496,8.9623141],[0.6757061,8.9608297],[0.6754446,8.9596957],[0.6754347,8.9588719],[0.6755213,8.957949],[0.6756931,8.9567501],[0.6757968,8.9559763],[0.6757809,8.9551805],[0.6757139,8.9544344],[0.675616,8.9538791],[0.6753153,8.953248],[0.6744259,8.9518478],[0.6733287,8.9501015],[0.6729594,8.9494098],[0.672371,8.9472392],[0.6719466,8.9453452],[0.6716601,8.9438788],[0.6713582,8.9424043],[0.6711349,8.941391],[0.670894,8.9403084],[0.6706834,8.9393644],[0.6704202,8.9384457],[0.6701235,8.9373614],[0.6697215,8.9360613],[0.6691081,8.9341315],[0.6686749,8.9327318],[0.6682417,8.9312943],[0.6680297,8.9303895],[0.6678842,8.9281022],[0.6677406,8.9275412],[0.6673769,8.9265216],[0.6669653,8.9253916],[0.6665665,8.9242175],[0.6660129,8.9228038],[0.6655088,8.921833],[0.6647574,8.9207519],[0.6638449,8.9197149],[0.6629318,8.9185049],[0.662666,8.9180538],[0.662264,8.9166275],[0.6620805,8.9156551],[0.6617551,8.9144227],[0.6613547,8.9129129],[0.6611106,8.912024],[0.6607261,8.9106481],[0.660386,8.9094491],[0.6600146,8.9075607],[0.6597498,8.906303],[0.6594053,8.9044574],[0.6590686,8.9025583],[0.6587783,8.9008829],[0.6585087,8.8993305],[0.6582742,8.8978285],[0.6580237,8.8968513],[0.6575962,8.8952169],[0.6570729,8.8933335],[0.6567667,8.8921057],[0.6563423,8.8902002],[0.6559658,8.8881307],[0.6556165,8.8865861],[0.6551856,8.8848906],[0.6543881,8.8814116],[0.6544838,8.880127],[0.6549081,8.8772127],[0.6553047,8.8744909],[0.6556053,8.8722745],[0.6558972,8.8702334],[0.6561253,8.8678675],[0.6563981,8.8649972],[0.6565991,8.8631498],[0.6569307,8.8593357],[0.6571384,8.8568212],[0.6570777,8.8541006],[0.6570905,8.8518087],[0.6571505,8.8483028],[0.6570426,8.8468575],[0.6567682,8.8445593],[0.6567363,8.843615],[0.6572596,8.8416982],[0.6583763,8.83873],[0.6592665,8.8364222],[0.6599971,8.8347797],[0.6607868,8.8326847],[0.6614684,8.8299305],[0.6613547,8.8271264],[0.6614252,8.8237974],[0.6616514,8.8222317],[0.6627841,8.8172108],[0.663263,8.811314],[0.6638633,8.8074799],[0.6637061,8.8052928],[0.6635769,8.8030557],[0.6634046,8.8005712],[0.6632387,8.7986983],[0.6630744,8.7969137],[0.6628973,8.7951291],[0.6628558,8.7935872],[0.6632684,8.7922509],[0.6640619,8.7883783],[0.6642788,8.7871707],[0.6657194,8.7834043],[0.6669502,8.7806866],[0.6700367,8.7767766],[0.6709649,8.7738624],[0.6707055,8.7710582]]},"properties":{"fclass":"secondary"}},{"type":"Feature","geometry":{"type":"LineString","coordinates":[[1.1323737,9.6507432],[1.1323712,9.6508831]]},"properties":{"fclass":"trunk"}},{"type":"Feature","geometry":{"type":"LineString","coordinates":[[1.1331944,9.6260331],[1.1330938,9.6283139],[1.1329329,9.633415],[1.1328149,9.6379316],[1.1326465,9.6426883],[1.1323737,9.6507432]]},"properties":{"fclass":"trunk"}},{"type":"Feature","geometry":{"type":"LineString","coordinates":[[1.0658529,9.9490885],[1.0657972,9.9491468]]},"properties":{"fclass":"trunk"}},{"type":"Feature","geometry":{"type":"LineString","coordinates":[[1.0657972,9.9491468],[1.0653225,9.9496184],[1.0648034,9.9500252],[1.0643448,9.9503515],[1.0628917,9.9511931],[1.0612967,9.9521007],[1.0578744,9.9541042],[1.056189,9.9550872],[1.0552213,9.955655],[1.054775,9.95595],[1.0535858,9.9568203],[1.0517881,9.9582069],[1.0512771,9.9585676],[1.0508869,9.9587631],[1.0496959,9.9591778],[1.0495296,9.9592201]]},"properties":{"fclass":"trunk"}},{"type":"Feature","geometry":{"type":"LineString","coordinates":[[1.1453234,9.6245123],[1.1452643,9.6242251]]},"properties":{"fclass":"trunk_link"}},{"type":"Feature","geometry":{"type":"LineString","coordinates":[[1.1454883,9.6242362],[1.1452643,9.6242251],[1.1451155,9.6241172]]},"properties":{"fclass":"trunk"}},{"type":"Feature","geometry":{"type":"LineString","coordinates":[[1.1451155,9.6241172],[1.1453716,9.6241568],[1.145605,9.6240683]]},"properties":{"fclass":"trunk"}},{"type":"Feature","geometry":{"type":"LineString","coordinates":[[1.1333498,9.6206405],[1.1333674,9.6204612],[1.1334529,9.6203272]]},"properties":{"fclass":"trunk"}},{"type":"Feature","geometry":{"type":"LineString","coordinates":[[1.1796784,9.5653469],[1.1801264,9.5642479]]},"properties":{"fclass":"trunk_link"}},{"type":"Feature","geometry":{"type":"LineString","coordinates":[[1.0919434,8.9055558],[1.0922116,8.9058393]]},"properties":{"fclass":"trunk"}},{"type":"Feature","geometry":{"type":"LineString","coordinates":[[1.0922116,8.9058393],[1.0953079,8.9090459],[1.0961835,8.909878]]},"properties":{"fclass":"trunk"}},{"type":"Feature","geometry":{"type":"LineString","coordinates":[[0.9897968,8.4467613],[0.9897606,8.4468608]]},"properties":{"fclass":"trunk"}},{"type":"Feature","geometry":{"type":"LineString","coordinates":[[0.9897606,8.4468608],[0.9888041,8.4494965],[0.9886461,8.4504504],[0.9886488,8.4512517],[0.9894258,8.4576761],[0.9895769,8.4591153],[0.9895098,8.4601447],[0.9893408,8.4609167],[0.9882948,8.4638987],[0.9859559,8.4708124],[0.9855482,8.4718205],[0.9825629,8.4770865],[0.9820747,8.4779182],[0.9799021,8.481042],[0.9794167,8.4819254],[0.9766674,8.4879474],[0.975448,8.490285],[0.9749025,8.4914066],[0.974478,8.492567],[0.9730571,8.4974179],[0.9725542,8.4991952]]},"properties":{"fclass":"trunk"}},{"type":"Feature","geometry":{"type":"LineString","coordinates":[[0.9725542,8.4991952],[0.9725314,8.4992774]]},"properties":{"fclass":"trunk"}},{"type":"Feature","geometry":{"type":"LineString","coordinates":[[0.9725314,8.4992774],[0.9717455,8.5020628],[0.9698975,8.5102676],[0.9679717,8.5187428],[0.9675547,8.5200332],[0.9663382,8.5227058],[0.9658742,8.5239419],[0.9647141,8.5273134],[0.9628513,8.5313744],[0.9620279,8.5345389],[0.9617999,8.5356449],[0.9618348,8.5363266],[0.961985,8.5369235],[0.9632476,8.5399572],[0.9654781,8.5455472],[0.9658112,8.5461593],[0.9670758,8.5476845],[0.9684639,8.5494814],[0.9689681,8.5501644],[0.9693932,8.5508726],[0.9695666,8.5512246]]},"properties":{"fclass":"trunk"}},{"type":"Feature","geometry":{"type":"LineString","coordinates":[[1.1504169,7.5159582],[1.150498,7.5161084],[1.1505496,7.5161443]]},"properties":{"fclass":"trunk_link"}},{"type":"Feature","geometry":{"type":"LineString","coordinates":[[1.1492535,7.5165658],[1.1496089,7.5164428],[1.1499106,7.5163125],[1.1501547,7.516147],[1.1503612,7.5159549],[1.1504752,7.5158725]]},"properties":{"fclass":"trunk"}},{"type":"Feature","geometry":{"type":"LineString","coordinates":[[1.1504752,7.5158725],[1.1503813,7.5160014],[1.1501252,7.5162327],[1.1498375,7.5163936],[1.1494949,7.5165213],[1.1492535,7.5165658]]},"properties":{"fclass":"trunk"}},{"type":"Feature","geometry":{"type":"LineString","coordinates":[[1.1492535,7.5165658],[1.1480606,7.5168184],[1.1471459,7.517087],[1.1463658,7.5173422]]},"properties":{"fclass":"trunk"}},{"type":"Feature","geometry":{"type":"LineString","coordinates":[[1.1812502,6.5967593],[1.1812744,6.5965408]]},"properties":{"fclass":"trunk"}},{"type":"Feature","geometry":{"type":"LineString","coordinates":[[1.1812744,6.5965408],[1.1814138,6.5957175],[1.1819932,6.593482],[1.1853278,6.5807558],[1.1865583,6.5759415],[1.1873791,6.5726135],[1.1876897,6.5712256],[1.1877948,6.5699222],[1.1877197,6.5686379],[1.1863789,6.5622141],[1.186098,6.5608795]]},"properties":{"fclass":"trunk"}},{"type":"Feature","geometry":{"type":"LineString","coordinates":[[0.2483099,10.6085916],[0.2480873,10.6086627]]},"properties":{"fclass":"trunk"}},{"type":"Feature","geometry":{"type":"LineString","coordinates":[[0.2480873,10.6086627],[0.2464143,10.6092016],[0.243389,10.6101366],[0.2422088,10.6103501],[0.2331886,10.6116103],[0.2320728,10.6119635],[0.2311823,10.6124223],[0.2300987,10.6132211],[0.2247611,10.6176105],[0.2233475,10.6189366],[0.2224329,10.6198856],[0.2216041,10.6209691],[0.216068,10.6284376],[0.2153277,10.6295131],[0.2148128,10.6305386],[0.2127421,10.6368205],[0.2123585,10.6378262],[0.2119321,10.6385538],[0.2105044,10.6408239]]},"properties":{"fclass":"trunk"}},{"type":"Feature","geometry":{"type":"LineString","coordinates":[[0.113491,11.0379106],[0.1137578,11.0377329]]},"properties":{"fclass":"trunk"}},{"type":"Feature","geometry":{"type":"LineString","coordinates":[[0.1137578,11.0377329],[0.1167195,11.0359047],[0.1215903,11.032968],[0.1263696,11.0301075],[0.1288231,11.028637],[0.1296576,11.0281477],[0.1314676,11.027092]]},"properties":{"fclass":"trunk"}},{"type":"Feature","geometry":{"type":"LineString","coordinates":[[1.1894993,7.6649162],[1.1895436,7.665037]]},"properties":{"fclass":"trunk"}},{"type":"Feature","geometry":{"type":"LineString","coordinates":[[1.1967149,7.7120009],[1.1965601,7.7134802],[1.1963656,7.7155685],[1.1962916,7.7167274],[1.1962234,7.7189845],[1.196176,7.7209858],[1.1961284,7.7238509],[1.1960813,7.7261342],[1.1960411,7.7282894],[1.1960074,7.7307891],[1.1959616,7.7329786],[1.1960276,7.7342247],[1.1964017,7.7353138],[1.1969101,7.7362752],[1.1979451,7.7380588],[1.198515,7.7390442]]},"properties":{"fclass":"trunk"}},{"type":"Feature","geometry":{"type":"LineString","coordinates":[[1.1143465,8.2674609],[1.1142862,8.2676029]]},"properties":{"fclass":"trunk"}},{"type":"Feature","geometry":{"type":"LineString","coordinates":[[1.1357841,8.1348966],[1.1357331,8.1404732],[1.135937,8.1438319],[1.1369589,8.1610423],[1.1370152,8.16173],[1.1376134,8.1650833],[1.1390148,8.172581],[1.1392924,8.1741076],[1.1393353,8.1744421]]},"properties":{"fclass":"trunk"}},{"type":"Feature","geometry":{"type":"LineString","coordinates":[[1.0557383,8.3219466],[1.0555191,8.3220249]]},"properties":{"fclass":"trunk"}},{"type":"Feature","geometry":{"type":"LineString","coordinates":[[1.0555191,8.3220249],[1.0517693,8.3233871],[1.0508707,8.323815],[1.0502082,8.3242702],[1.0495953,8.3248036],[1.0440163,8.3303543],[1.0429032,8.3314371],[1.0423882,8.3318339],[1.0418781,8.3321327],[1.0412751,8.3324032],[1.0406086,8.3326141],[1.0369552,8.3336829],[1.0321301,8.3350597],[1.031049,8.3353311],[1.0301466,8.3354564],[1.0295123,8.3355029],[1.0284675,8.335475],[1.0260407,8.335278],[1.0252606,8.3352362],[1.0244563,8.3353078],[1.0237268,8.3354883],[1.0198343,8.3374298],[1.0160515,8.3392692]]},"properties":{"fclass":"trunk"}},{"type":"Feature","geometry":{"type":"LineString","coordinates":[[1.0363184,9.5147578],[1.0365464,9.5147525]]},"properties":{"fclass":"primary"}},{"type":"Feature","geometry":{"type":"LineString","coordinates":[[0.988276,9.4811184],[0.9885657,9.4817798],[0.9889653,9.4823195],[0.9895648,9.4828499],[0.9899417,9.4830615],[0.9905653,9.4832904],[0.9912591,9.4833822],[0.9925622,9.483338],[0.9932502,9.4833592],[0.9939529,9.4834888],[0.9978545,9.4846452],[1.0006893,9.4854954],[1.0019875,9.4859029],[1.00887,9.4887309],[1.0100368,9.4891807],[1.011133,9.489648],[1.0119385,9.4902494],[1.0124427,9.4908209],[1.0138804,9.4926171],[1.0146823,9.4936886],[1.0152563,9.4945629],[1.0167128,9.4968737],[1.0172734,9.4975668],[1.01807,9.4983631],[1.02175,9.5017677],[1.0226217,9.5028259],[1.0232091,9.5037359],[1.0243329,9.5059422],[1.0250003,9.5071529],[1.0257626,9.5080003],[1.0265538,9.5086272],[1.0282145,9.5097093],[1.0292602,9.5104208],[1.0299173,9.5109035],[1.030506,9.5114022],[1.0311498,9.5119908],[1.0321476,9.513078],[1.0327242,9.513652],[1.0332285,9.5140197],[1.0337958,9.5143491],[1.0345414,9.5146136],[1.0352562,9.5147538],[1.0359482,9.5147697],[1.0363184,9.5147578]]},"properties":{"fclass":"primary"}},{"type":"Feature","geometry":{"type":"LineString","coordinates":[[0.3791383,10.9233931],[0.3792872,10.9235234]]},"properties":{"fclass":"primary"}},{"type":"Feature","geometry":{"type":"LineString","coordinates":[[0.3792872,10.9235234],[0.3816006,10.9253037],[0.3829456,10.9263016]]},"properties":{"fclass":"primary"}},{"type":"Feature","geometry":{"type":"LineString","coordinates":[[0.3577051,10.9063496],[0.3580078,10.9062965],[0.3583314,10.9063591],[0.3585443,10.9065967],[0.3586248,10.9067864]]},"properties":{"fclass":"primary"}},{"type":"Feature","geometry":{"type":"LineString","coordinates":[[0.3586248,10.9067864],[0.3584343,10.9065572],[0.3582928,10.9064157]]},"properties":{"fclass":"primary"}},{"type":"Feature","geometry":{"type":"LineString","coordinates":[[0.3582928,10.9064157],[0.3579864,10.9063478],[0.3577051,10.9063496]]},"properties":{"fclass":"primary"}},{"type":"Feature","geometry":{"type":"LineString","coordinates":[[0.2947027,10.9048618],[0.2945413,10.9050793]]},"properties":{"fclass":"primary_link"}},{"type":"Feature","geometry":{"type":"LineString","coordinates":[[0.3245317,10.9108518],[0.324502,10.9106184]]},"properties":{"fclass":"primary_link"}},{"type":"Feature","geometry":{"type":"LineString","coordinates":[[0.4237622,10.9429825],[0.4242772,10.9432511]]},"properties":{"fclass":"primary"}},{"type":"Feature","geometry":{"type":"LineString","coordinates":[[0.4242772,10.9432511],[0.4267716,10.9444889],[0.4302639,10.9465508],[0.4308486,10.9470986],[0.4336247,10.9508511],[0.4344079,10.9519229],[0.435175,10.9526339],[0.4359421,10.9530684],[0.4382595,10.9540875],[0.438906,10.9541244],[0.4393271,10.9540612]]},"properties":{"fclass":"primary"}},{"type":"Feature","geometry":{"type":"LineString","coordinates":[[0.3875575,10.9289654],[0.3880839,10.9291983]]},"properties":{"fclass":"primary"}},{"type":"Feature","geometry":{"type":"LineString","coordinates":[[0.3829456,10.9263016],[0.3843498,10.9272974],[0.3851169,10.9277714],[0.3861415,10.9282665],[0.3872463,10.9288178],[0.3875575,10.9289654]]},"properties":{"fclass":"primary"}},{"type":"Feature","geometry":{"type":"LineString","coordinates":[[1.2115363,6.4196698],[1.211688,6.4199631],[1.2117383,6.420099],[1.2117441,6.420377]]},"properties":{"fclass":"trunk"}},{"type":"Feature","geometry":{"type":"LineString","coordinates":[[1.2117441,6.420377],[1.2116253,6.4201625],[1.2115659,6.4199337],[1.2115363,6.4196698]]},"properties":{"fclass":"trunk"}},{"type":"Feature","geometry":{"type":"LineString","coordinates":[[1.2115363,6.4196698],[1.2110623,6.4180334],[1.2103627,6.4156712],[1.2099237,6.414189],[1.2095217,6.4127651],[1.2092822,6.4120102],[1.2090268,6.4111385],[1.208712,6.4100645],[1.208001,6.4076584],[1.2075891,6.4062731],[1.2069566,6.4041462],[1.2064753,6.4024485],[1.2060421,6.4009499],[1.2054962,6.3989863],[1.2052354,6.3980183],[1.2049199,6.39676],[1.2045269,6.3951372],[1.2040389,6.3933501],[1.2031146,6.3897767],[1.2024827,6.3873999],[1.2023391,6.3867046],[1.2023203,6.3861701],[1.2024812,6.3853678],[1.2028433,6.384103],[1.2030512,6.38325],[1.2034214,6.3819999],[1.2037309,6.3808385],[1.204694,6.3773244],[1.2050335,6.3761628],[1.2054224,6.374775]]},"properties":{"fclass":"trunk"}},{"type":"Feature","geometry":{"type":"LineString","coordinates":[[0.9127611,8.2000829],[0.9130105,8.199978]]},"properties":{"fclass":"primary"}},{"type":"Feature","geometry":{"type":"LineString","coordinates":[[0.9130105,8.199978],[0.9151059,8.1990259],[0.9180511,8.1976122],[0.9190038,8.197167],[0.9222427,8.1955803],[0.9232539,8.1952087],[0.9241256,8.1950361],[0.9254131,8.1949589],[0.9286559,8.194718],[0.9309438,8.1945582],[0.9316787,8.1944361],[0.9325826,8.1941812],[0.9349667,8.1934612],[0.9404254,8.1918237],[0.9420762,8.1913185],[0.9438414,8.1907966],[0.9455397,8.1902957],[0.9464187,8.1900364],[0.9492285,8.1892032],[0.9505668,8.1887839],[0.9565884,8.1872036]]},"properties":{"fclass":"primary"}},{"type":"Feature","geometry":{"type":"LineString","coordinates":[[1.0350122,8.1701477],[1.0348271,8.1702579]]},"properties":{"fclass":"primary"}},{"type":"Feature","geometry":{"type":"LineString","coordinates":[[1.0348271,8.1702579],[1.0312611,8.1722651],[1.0299736,8.1729713],[1.0291395,8.1733682],[1.0282651,8.1736775],[1.02694,8.1739563],[1.025391,8.1741968]]},"properties":{"fclass":"primary"}},{"type":"Feature","geometry":{"type":"LineString","coordinates":[[1.2911001,9.3570042],[1.2908735,9.3570334]]},"properties":{"fclass":"secondary"}},{"type":"Feature","geometry":{"type":"LineString","coordinates":[[1.3162887,9.3591241],[1.31134,9.359537],[1.3060105,9.3599551],[1.3039264,9.3601668],[1.3027328,9.3602065],[1.3014561,9.3600663],[1.3000023,9.3597751],[1.2957993,9.3585233],[1.2948713,9.3582799],[1.294139,9.3581026],[1.2923312,9.3574899],[1.291953,9.3572213],[1.2915131,9.3570572],[1.2911001,9.3570042]]},"properties":{"fclass":"secondary"}},{"type":"Feature","geometry":{"type":"LineString","coordinates":[[1.1574107,9.3378853],[1.1576065,9.3378588]]},"properties":{"fclass":"secondary"}},{"type":"Feature","geometry":{"type":"LineString","coordinates":[[1.1576065,9.3378588],[1.1585374,9.3378197],[1.1590442,9.3379858],[1.1598489,9.3384834],[1.1606669,9.338801],[1.1614823,9.3390577],[1.1638319,9.3394071],[1.1659509,9.3397194],[1.1664686,9.3395818],[1.1670747,9.3394203],[1.16763,9.3395288],[1.1689067,9.3399814],[1.1695504,9.3400158],[1.1704329,9.3398147],[1.1709747,9.3398755],[1.1717534,9.3400134],[1.1722407,9.3398438],[1.1734718,9.3396982],[1.1741188,9.3397073],[1.1749336,9.3398597],[1.1758965,9.3400052],[1.177074,9.3399655],[1.1777043,9.3398729],[1.1779337,9.3398081]]},"properties":{"fclass":"secondary"}},{"type":"Feature","geometry":{"type":"LineString","coordinates":[[1.2031183,9.3442504],[1.2032228,9.344351]]},"properties":{"fclass":"secondary"}},{"type":"Feature","geometry":{"type":"LineString","coordinates":[[1.2032228,9.344351],[1.2037673,9.3447692],[1.2041214,9.3452932],[1.2046417,9.3461137],[1.2056342,9.3470109],[1.2062189,9.3471379],[1.2097004,9.347167],[1.2107491,9.347339],[1.2130558,9.3479398],[1.2139758,9.3483659],[1.2158802,9.3493849],[1.2162718,9.3497421],[1.2172374,9.3509834],[1.2177121,9.3510654],[1.2202146,9.3505546],[1.2209952,9.3505123],[1.2216335,9.3506446],[1.2223577,9.3510363],[1.2230256,9.3513592],[1.2237444,9.3515445],[1.2242594,9.3516186],[1.2251472,9.351645],[1.2271508,9.352484],[1.2279743,9.3526719],[1.2287709,9.3527725],[1.2296024,9.352836],[1.2306914,9.3530742],[1.2316704,9.3532991],[1.2332606,9.3533711],[1.2341621,9.3533097],[1.2352314,9.3531721],[1.235864,9.3531814],[1.2369489,9.3536802],[1.2375685,9.354056],[1.238124,9.354256],[1.2394649,9.3541566],[1.2408691,9.3540256],[1.2442185,9.353918]]},"properties":{"fclass":"secondary"}},{"type":"Feature","geometry":{"type":"LineString","coordinates":[[0.9576613,9.3065817],[0.9578302,9.3064825]]},"properties":{"fclass":"secondary"}},{"type":"Feature","geometry":{"type":"LineString","coordinates":[[0.9578302,9.3064825],[0.9584861,9.3059294],[0.9592223,9.3053747],[0.9611052,9.3055733],[0.9616619,9.3056833],[0.9627601,9.3059888],[0.9632605,9.3057269],[0.9634654,9.3056976],[0.9637862,9.3059837],[0.9640215,9.3060883],[0.9645894,9.3059597],[0.9650829,9.3059835],[0.966411,9.3059602],[0.9681916,9.306775],[0.9685805,9.3068623],[0.9690446,9.3066903],[0.9695193,9.3066823],[0.9697768,9.306902],[0.9698975,9.3072937],[0.9702274,9.3075214],[0.9707183,9.3076114],[0.9710428,9.3076352],[0.9711608,9.3078443],[0.971343,9.3080326],[0.972797,9.308371],[0.9735024,9.3084425],[0.9739852,9.3082678],[0.9747925,9.3077411],[0.9750769,9.3075928],[0.9754202,9.3077517],[0.9760237,9.3078893],[0.9770107,9.308326],[0.977523,9.3084707],[0.9785718,9.3082837],[0.9791806,9.3083525],[0.9839764,9.3098771],[0.9845155,9.3102027],[0.9853685,9.3104806],[0.9857655,9.3107532],[0.9871066,9.3121667],[0.9877449,9.3126616],[0.9885764,9.3131354],[0.9890619,9.313183],[0.9897992,9.3130132]]},"properties":{"fclass":"secondary"}},{"type":"Feature","geometry":{"type":"LineString","coordinates":[[1.2939084,9.6587472],[1.2935811,9.6588636]]},"properties":{"fclass":"primary"}},{"type":"Feature","geometry":{"type":"LineString","coordinates":[[1.2935811,9.6588636],[1.2923366,9.6591941],[1.2916258,9.6592153],[1.2863097,9.6587049],[1.2855399,9.6586018],[1.2846252,9.6583321]]},"properties":{"fclass":"primary"}},{"type":"Feature","geometry":{"type":"LineString","coordinates":[[1.2846252,9.6583321],[1.284475,9.6582766]]},"properties":{"fclass":"primary"}},{"type":"Feature","geometry":{"type":"LineString","coordinates":[[1.284475,9.6582766],[1.2834102,9.6579751],[1.2824446,9.6579328],[1.279344,9.6583162],[1.2781557,9.6582871],[1.2771445,9.658036],[1.2747725,9.6570714],[1.2719409,9.6558397],[1.2693903,9.6547439],[1.2683603,9.6542283],[1.2655172,9.6526074]]},"properties":{"fclass":"primary"}},{"type":"Feature","geometry":{"type":"LineString","coordinates":[[1.2655172,9.6526074],[1.2652597,9.6524646]]},"properties":{"fclass":"primary"}},{"type":"Feature","geometry":{"type":"LineString","coordinates":[[1.3327069,9.6580772],[1.330837,9.6582951],[1.3293269,9.6585674],[1.3268887,9.6592335],[1.3255021,9.6596013],[1.3243702,9.6597876],[1.3225808,9.6599076],[1.3194376,9.6600032],[1.3180804,9.6600429],[1.3174206,9.6600535],[1.3165998,9.659953],[1.3140359,9.6593171],[1.3117504,9.6587261],[1.3112994,9.6586605],[1.3095272,9.6586547],[1.3085961,9.6586944],[1.3081314,9.6588038],[1.3069358,9.6592443],[1.3046286,9.6601351],[1.3032961,9.6604818],[1.3025424,9.6603761],[1.3006866,9.6596966],[1.2975267,9.6585436],[1.2965235,9.6583136],[1.2955284,9.6583215],[1.294874,9.6584405],[1.2939084,9.6587472]]},"properties":{"fclass":"primary"}},{"type":"Feature","geometry":{"type":"LineString","coordinates":[[1.24771,9.6201029],[1.2475169,9.6197406]]},"properties":{"fclass":"primary"}},{"type":"Feature","geometry":{"type":"LineString","coordinates":[[1.239086,9.6022408],[1.2389553,9.6001601],[1.238789,9.5984967],[1.2384349,9.5975499],[1.2373372,9.5951654],[1.2361698,9.5928014],[1.2356941,9.5919774],[1.2351733,9.5909659],[1.2347764,9.5900059],[1.2344438,9.5891808],[1.2342319,9.5885341],[1.2338631,9.5870874]]},"properties":{"fclass":"primary"}},{"type":"Feature","geometry":{"type":"LineString","coordinates":[[1.2542358,6.440818],[1.2544517,6.4409512]]},"properties":{"fclass":"secondary"}},{"type":"Feature","geometry":{"type":"LineString","coordinates":[[1.2544517,6.4409512],[1.2557298,6.4418374]]},"properties":{"fclass":"secondary"}},{"type":"Feature","geometry":{"type":"LineString","coordinates":[[1.2557298,6.4418374],[1.2560181,6.4420613]]},"properties":{"fclass":"secondary"}},{"type":"Feature","geometry":{"type":"LineString","coordinates":[[1.2560181,6.4420613],[1.2571688,6.4429915],[1.2573069,6.4431687]]},"properties":{"fclass":"secondary"}},{"type":"Feature","geometry":{"type":"LineString","coordinates":[[1.2573069,6.4431687],[1.2574786,6.4433886]]},"properties":{"fclass":"secondary"}},{"type":"Feature","geometry":{"type":"LineString","coordinates":[[1.2129736,6.4301127],[1.2141126,6.4305312],[1.2155986,6.4310003],[1.2185302,6.4319145],[1.2199169,6.432317],[1.2205097,6.4324556],[1.2216638,6.4325083],[1.2229027,6.432569],[1.2245316,6.4326475],[1.2273524,6.4327833],[1.2294332,6.4328834],[1.2352672,6.4331806],[1.240814,6.4334338],[1.2426004,6.4336043],[1.2435779,6.4339609],[1.2443814,6.4344466],[1.2481874,6.436844],[1.2508669,6.4385938],[1.2536269,6.4404102],[1.2542358,6.440818]]},"properties":{"fclass":"secondary"}},{"type":"Feature","geometry":{"type":"LineString","coordinates":[[1.3359761,6.504774],[1.3362417,6.5050591]]},"properties":{"fclass":"secondary"}},{"type":"Feature","geometry":{"type":"LineString","coordinates":[[1.3362417,6.5050591],[1.337479,6.5064444]]},"properties":{"fclass":"secondary"}},{"type":"Feature","geometry":{"type":"LineString","coordinates":[[1.3473567,6.5184236],[1.3476958,6.5188152]]},"properties":{"fclass":"secondary"}},{"type":"Feature","geometry":{"type":"LineString","coordinates":[[1.3377915,6.5068096],[1.3445806,6.5149886],[1.3473567,6.5184236]]},"properties":{"fclass":"secondary"}},{"type":"Feature","geometry":{"type":"LineString","coordinates":[[1.3991672,6.6091451],[1.4018971,6.6080518],[1.4071315,6.6062039],[1.4119792,6.6045181],[1.4202404,6.6015766],[1.4221233,6.6010491],[1.4307976,6.5993705],[1.4550769,6.5951342],[1.4706391,6.5928133],[1.4764009,6.5919572],[1.4889225,6.5898636],[1.4914901,6.5894106],[1.4935663,6.589035],[1.4955966,6.5886692],[1.4985113,6.5881664],[1.4995008,6.5879956]]},"properties":{"fclass":"secondary"}},{"type":"Feature","geometry":{"type":"LineString","coordinates":[[1.6077999,6.3289879],[1.6075653,6.3287263]]},"properties":{"fclass":"secondary_link"}},{"type":"Feature","geometry":{"type":"LineString","coordinates":[[1.5800545,6.3332133],[1.5802409,6.333236]]},"properties":{"fclass":"secondary"}},{"type":"Feature","geometry":{"type":"LineString","coordinates":[[1.5802409,6.333236],[1.5843605,6.3337409],[1.5869566,6.334056],[1.5925402,6.3347811],[1.5928835,6.3348021],[1.5933046,6.3347528],[1.5936211,6.3347422],[1.5939349,6.3348781],[1.5942916,6.3349421],[1.5946792,6.3348794],[1.5952574,6.3346606],[1.599836,6.3323345],[1.6014092,6.3315786],[1.6030592,6.3307679],[1.6041499,6.3302734],[1.6067076,6.3290732],[1.6075005,6.3287257]]},"properties":{"fclass":"secondary"}},{"type":"Feature","geometry":{"type":"LineString","coordinates":[[0.9565884,8.1872036],[0.9571657,8.1870518]]},"properties":{"fclass":"primary"}},{"type":"Feature","geometry":{"type":"LineString","coordinates":[[0.9571657,8.1870518],[0.958536,8.1866954],[0.9594389,8.1864625],[0.961211,8.1859826]]},"properties":{"fclass":"primary"}},{"type":"Feature","geometry":{"type":"LineString","coordinates":[[1.6271955,6.2407735],[1.6268671,6.2406736],[1.6254063,6.2407068],[1.6234915,6.2403438],[1.6180721,6.2392113],[1.6167082,6.23889],[1.616208,6.238698],[1.6155455,6.2383527],[1.6139033,6.2372569]]},"properties":{"fclass":"trunk"}},{"type":"Feature","geometry":{"type":"LineString","coordinates":[[0.8120925,10.849715],[0.807094,10.8510778],[0.8012772,10.853005],[0.7935453,10.8566342],[0.7914089,10.8578583]]},"properties":{"fclass":"primary"}},{"type":"Feature","geometry":{"type":"LineString","coordinates":[[0.0985226,10.7194029],[0.0953096,10.7207993]]},"properties":{"fclass":"secondary"}},{"type":"Feature","geometry":{"type":"LineString","coordinates":[[0.0367948,10.7462024],[0.037508,10.7496045],[0.0345683,10.7585691],[0.0310654,10.76376]]},"properties":{"fclass":"secondary"}},{"type":"Feature","geometry":{"type":"LineString","coordinates":[[0.3963632,9.546325],[0.3985639,9.5463972],[0.3994497,9.5463542],[0.4019809,9.5454879],[0.4044066,9.5446541],[0.4071659,9.5436922],[0.4102862,9.5426101],[0.4118776,9.5419949],[0.4132918,9.5411368],[0.415326,9.5398757],[0.417013,9.5388222],[0.4186504,9.5377955],[0.4204604,9.5366623],[0.4222408,9.5355651],[0.4244931,9.5341381],[0.4262218,9.5330523],[0.428094,9.5318937],[0.429667,9.5308957],[0.4305443,9.5303581]]},"properties":{"fclass":"secondary"}},{"type":"Feature","geometry":{"type":"LineString","coordinates":[[0.6325415,9.6148602],[0.6332512,9.6151736]]},"properties":{"fclass":"secondary"}},{"type":"Feature","geometry":{"type":"LineString","coordinates":[[0.7749539,9.9299011],[0.7781408,9.9331643],[0.7846574,9.938517],[0.789741,9.9398233],[0.7949009,9.9413848],[0.8000379,9.942586],[0.8019238,9.9427263]]},"properties":{"fclass":"secondary"}},{"type":"Feature","geometry":{"type":"LineString","coordinates":[[1.078468,8.8343785],[1.0822692,8.8337045],[1.0857475,8.8343096],[1.102573,8.8418658],[1.1046571,8.8424171],[1.1079642,8.8418154],[1.1105284,8.840159],[1.1115435,8.8393904]]},"properties":{"fclass":"secondary"}},{"type":"Feature","geometry":{"type":"LineString","coordinates":[[1.6097955,6.2343117],[1.6098373,6.2342323]]},"properties":{"fclass":"trunk_link"}},{"type":"Feature","geometry":{"type":"LineString","coordinates":[[0.2417059,10.8831672],[0.2418548,10.8832265]]},"properties":{"fclass":"primary"}},{"type":"Feature","geometry":{"type":"LineString","coordinates":[[0.2463179,10.8850439],[0.2478254,10.8854627],[0.2496761,10.8858999],[0.2507919,10.8861712],[0.2520454,10.8862102],[0.2551666,10.8864557],[0.2582417,10.8864346],[0.2598435,10.8863413],[0.2650449,10.8861357],[0.2669614,10.8862469]]},"properties":{"fclass":"primary"}},{"type":"Feature","geometry":{"type":"LineString","coordinates":[[0.2462107,10.8850097],[0.2463179,10.8850439]]},"properties":{"fclass":"primary"}},{"type":"Feature","geometry":{"type":"LineString","coordinates":[[0.2418548,10.8832265],[0.245229,10.8846462],[0.2462107,10.8850097]]},"properties":{"fclass":"primary"}},{"type":"Feature","geometry":{"type":"LineString","coordinates":[[0.5755082,9.8699973],[0.5757482,9.8701109],[0.575803,9.8701776]]},"properties":{"fclass":"primary_link"}},{"type":"Feature","geometry":{"type":"LineString","coordinates":[[1.4356675,7.4270974],[1.4357165,7.4272004]]},"properties":{"fclass":"secondary"}},{"type":"Feature","geometry":{"type":"LineString","coordinates":[[0.7412829,6.8441771],[0.7411819,6.8444662]]},"properties":{"fclass":"primary_link"}},{"type":"Feature","geometry":{"type":"LineString","coordinates":[[0.7411656,6.8444502],[0.7408395,6.8442934]]},"properties":{"fclass":"primary_link"}},{"type":"Feature","geometry":{"type":"LineString","coordinates":[[0.3241656,10.910593],[0.3245324,10.9105573],[0.3251833,10.9105532],[0.325373,10.9105741]]},"properties":{"fclass":"primary"}},{"type":"Feature","geometry":{"type":"LineString","coordinates":[[0.325373,10.9105741],[0.3248484,10.9106171],[0.3243158,10.9106213],[0.3241656,10.910593]]},"properties":{"fclass":"primary"}},{"type":"Feature","geometry":{"type":"LineString","coordinates":[[0.325373,10.9105741],[0.3262484,10.910488],[0.328344,10.9102807],[0.341295,10.9085273],[0.3422043,10.9084799],[0.3435132,10.9086089],[0.3443849,10.9086906],[0.3465307,10.908738],[0.3490324,10.9086544],[0.3509107,10.9083245],[0.3546363,10.907271],[0.3577051,10.9063496]]},"properties":{"fclass":"primary"}},{"type":"Feature","geometry":{"type":"LineString","coordinates":[[1.2080379,6.3651823],[1.2081414,6.3650731],[1.2082588,6.3650171],[1.2083808,6.3650184],[1.2084583,6.3650354],[1.2084883,6.365038]]},"properties":{"fclass":"trunk_link"}},{"type":"Feature","geometry":{"type":"LineString","coordinates":[[0.2932902,10.9042263],[0.2938226,10.9044897],[0.2944563,10.9047578],[0.2950604,10.9048782],[0.2952106,10.9049138]]},"properties":{"fclass":"primary"}},{"type":"Feature","geometry":{"type":"LineString","coordinates":[[0.2952106,10.9049138],[0.2948975,10.9049085],[0.294292,10.9047636],[0.2937998,10.9045542],[0.2934699,10.9043567],[0.2932902,10.9042263]]},"properties":{"fclass":"primary"}},{"type":"Feature","geometry":{"type":"LineString","coordinates":[[0.2672288,10.8862686],[0.2684033,10.8863661],[0.2690577,10.8865347],[0.2703372,10.8871247],[0.2713138,10.8876568],[0.2720189,10.8883785],[0.2728531,10.8896714],[0.2737677,10.8907174],[0.2750418,10.8917314],[0.2762112,10.8924742],[0.2771446,10.8931695],[0.278931,10.8949606],[0.2795988,10.89554],[0.2810553,10.8965435],[0.2822623,10.8976234],[0.2832305,10.898295],[0.2843282,10.8989604],[0.2858242,10.8997015],[0.2887264,10.9014846],[0.2932902,10.9042263]]},"properties":{"fclass":"primary"}},{"type":"Feature","geometry":{"type":"LineString","coordinates":[[0.6320054,6.910322],[0.6320499,6.9104888]]},"properties":{"fclass":"primary"}},{"type":"Feature","geometry":{"type":"LineString","coordinates":[[0.6319728,6.9104817],[0.6320054,6.910322]]},"properties":{"fclass":"primary"}},{"type":"Feature","geometry":{"type":"LineString","coordinates":[[0.6320871,6.9106842],[0.6320576,6.9108223]]},"properties":{"fclass":"primary"}},{"type":"Feature","geometry":{"type":"LineString","coordinates":[[0.6320576,6.9108223],[0.6319927,6.9107179]]},"properties":{"fclass":"primary"}},{"type":"Feature","geometry":{"type":"LineString","coordinates":[[1.2404562,9.3613885],[1.2405427,9.3616147],[1.240704,9.3617174]]},"properties":{"fclass":"trunk_link"}},{"type":"Feature","geometry":{"type":"LineString","coordinates":[[1.240704,9.3617174],[1.2403687,9.3617335],[1.2402161,9.3618202]]},"properties":{"fclass":"trunk_link"}},{"type":"Feature","geometry":{"type":"LineString","coordinates":[[1.1352047,8.1243572],[1.1354895,8.1243022]]},"properties":{"fclass":"secondary"}},{"type":"Feature","geometry":{"type":"LineString","coordinates":[[1.1354886,8.1244526],[1.1352047,8.1243572]]},"properties":{"fclass":"secondary"}},{"type":"Feature","geometry":{"type":"LineString","coordinates":[[0.6623997,6.9981581],[0.6624976,6.9982605]]},"properties":{"fclass":"primary"}},{"type":"Feature","geometry":{"type":"LineString","coordinates":[[0.6624976,6.9982605],[0.6631011,6.998962],[0.6639835,6.9999417],[0.6649142,7.0009853],[0.666069,7.002174],[0.6667784,7.0030006],[0.6681141,7.0043796],[0.6688905,7.0052068]]},"properties":{"fclass":"primary"}},{"type":"Feature","geometry":{"type":"LineString","coordinates":[[0.9017855,9.4870206],[0.9019531,9.4871727]]},"properties":{"fclass":"primary"}},{"type":"Feature","geometry":{"type":"LineString","coordinates":[[0.8661067,9.4781566],[0.8672276,9.4773351],[0.8682767,9.4769529],[0.8693844,9.4768524],[0.8701891,9.4769714],[0.8709133,9.4772598],[0.8726992,9.4782136],[0.877956,9.4808902],[0.879399,9.4812711],[0.8847374,9.4822255],[0.8872104,9.4829478],[0.8926848,9.4846991],[0.8942673,9.4850933],[0.8956986,9.4853986],[0.8964749,9.4855724],[0.8976254,9.485842],[0.8989172,9.4860339],[0.900114,9.4861411],[0.9007046,9.4862891],[0.9013483,9.4866383],[0.9017855,9.4870206]]},"properties":{"fclass":"primary"}},{"type":"Feature","geometry":{"type":"LineString","coordinates":[[1.148947,9.4818697],[1.1491844,9.4819583]]},"properties":{"fclass":"primary"}},{"type":"Feature","geometry":{"type":"LineString","coordinates":[[1.1491844,9.4819583],[1.1513007,9.4827256],[1.1522609,9.4831912],[1.15338,9.483832],[1.1539778,9.4841545]]},"properties":{"fclass":"primary"}},{"type":"Feature","geometry":{"type":"LineString","coordinates":[[1.1392911,8.1904697],[1.1392884,8.1906025]]},"properties":{"fclass":"trunk"}},{"type":"Feature","geometry":{"type":"LineString","coordinates":[[1.1392884,8.1906025],[1.1390457,8.1997324],[1.1389813,8.2009616],[1.1383966,8.2049889],[1.1381853,8.2063169]]},"properties":{"fclass":"trunk"}},{"type":"Feature","geometry":{"type":"LineString","coordinates":[[1.1381853,8.2063169],[1.1381686,8.2064092]]},"properties":{"fclass":"trunk"}},{"type":"Feature","geometry":{"type":"LineString","coordinates":[[1.1381686,8.2064092],[1.1373733,8.211781]]},"properties":{"fclass":"trunk"}},{"type":"Feature","geometry":{"type":"LineString","coordinates":[[1.1373733,8.211781],[1.1373532,8.2119284]]},"properties":{"fclass":"trunk"}},{"type":"Feature","geometry":{"type":"LineString","coordinates":[[1.1373532,8.2119284],[1.137203,8.2131681],[1.1366811,8.2185893],[1.1363715,8.2211852],[1.1362012,8.221886],[1.1360174,8.2224594],[1.1344363,8.2267679],[1.1338812,8.2283771],[1.1329506,8.231075],[1.1318761,8.2341768],[1.1314175,8.2353793],[1.1309754,8.2362144],[1.12991,8.2377578],[1.1273029,8.241498],[1.1235908,8.2468163],[1.1215898,8.2505126]]},"properties":{"fclass":"trunk"}},{"type":"Feature","geometry":{"type":"LineString","coordinates":[[1.1215898,8.2505126],[1.1215161,8.2506454]]},"properties":{"fclass":"trunk"}},{"type":"Feature","geometry":{"type":"LineString","coordinates":[[1.1215161,8.2506454],[1.1194608,8.2544778],[1.1192483,8.2549084],[1.1183846,8.2572867],[1.1177167,8.2591334],[1.1174566,8.2598044]]},"properties":{"fclass":"trunk"}},{"type":"Feature","geometry":{"type":"LineString","coordinates":[[1.1174566,8.2598044],[1.1174116,8.2599073]]},"properties":{"fclass":"trunk"}},{"type":"Feature","geometry":{"type":"LineString","coordinates":[[1.1174116,8.2599073],[1.1164926,8.2621318],[1.1143465,8.2674609]]},"properties":{"fclass":"trunk"}},{"type":"Feature","geometry":{"type":"LineString","coordinates":[[1.0393077,9.8951491],[1.039238,9.8949905]]},"properties":{"fclass":"primary"}},{"type":"Feature","geometry":{"type":"LineString","coordinates":[[1.039238,9.8949905],[1.0367283,9.8893103],[1.0346836,9.8853143],[1.0340667,9.8842547],[1.0335034,9.8832347],[1.0329562,9.8820165],[1.0323769,9.8806583],[1.0318029,9.879464],[1.0295489,9.8743983],[1.0292871,9.873847]]},"properties":{"fclass":"primary"}},{"type":"Feature","geometry":{"type":"LineString","coordinates":[[1.0091882,8.3447197],[1.009165,8.3443926]]},"properties":{"fclass":"trunk_link"}},{"type":"Feature","geometry":{"type":"LineString","coordinates":[[1.0091801,8.3442377],[1.0093835,8.3442204]]},"properties":{"fclass":"trunk_link"}},{"type":"Feature","geometry":{"type":"LineString","coordinates":[[1.0107261,8.3424387],[1.01036,8.3428315],[1.0100738,8.3431268],[1.0098276,8.3434697],[1.009554,8.3439872],[1.0093434,8.3444915],[1.0090242,8.3453155],[1.008925,8.3454919]]},"properties":{"fclass":"trunk"}},{"type":"Feature","geometry":{"type":"LineString","coordinates":[[1.0158671,8.3393564],[1.0145965,8.3401206],[1.0111702,8.3421553],[1.0107261,8.3424387]]},"properties":{"fclass":"trunk"}},{"type":"Feature","geometry":{"type":"LineString","coordinates":[[1.2419968,9.321807],[1.2418501,9.3218626],[1.2418016,9.321955]]},"properties":{"fclass":"trunk_link"}},{"type":"Feature","geometry":{"type":"LineString","coordinates":[[1.2414136,9.3210495],[1.2422276,9.3220493]]},"properties":{"fclass":"trunk"}},{"type":"Feature","geometry":{"type":"LineString","coordinates":[[1.2422276,9.3220493],[1.2417711,9.3215878],[1.2415984,9.3214303]]},"properties":{"fclass":"trunk"}},{"type":"Feature","geometry":{"type":"LineString","coordinates":[[1.2003905,9.2194743],[1.2001536,9.2194746]]},"properties":{"fclass":"trunk_link"}},{"type":"Feature","geometry":{"type":"LineString","coordinates":[[1.2005412,9.2198525],[1.2002595,9.2190515]]},"properties":{"fclass":"trunk"}},{"type":"Feature","geometry":{"type":"LineString","coordinates":[[1.2002619,9.2186665],[1.2005412,9.2198525]]},"properties":{"fclass":"trunk"}},{"type":"Feature","geometry":{"type":"LineString","coordinates":[[1.1376689,8.9768223],[1.1379122,8.9769716]]},"properties":{"fclass":"trunk_link"}},{"type":"Feature","geometry":{"type":"LineString","coordinates":[[1.1377507,8.9770774],[1.13451,8.9776173],[1.1337601,8.9777456]]},"properties":{"fclass":"secondary"}},{"type":"Feature","geometry":{"type":"LineString","coordinates":[[1.1393206,8.9768278],[1.1386728,8.9769523],[1.1377507,8.9770774]]},"properties":{"fclass":"primary"}},{"type":"Feature","geometry":{"type":"LineString","coordinates":[[1.1377273,8.977],[1.1386715,8.9768847],[1.1393206,8.9768278]]},"properties":{"fclass":"primary"}},{"type":"Feature","geometry":{"type":"LineString","coordinates":[[1.5929639,8.7475867],[1.5932623,8.7473653],[1.5933113,8.7471996],[1.5933073,8.7467105],[1.5932913,8.7464706]]},"properties":{"fclass":"primary"}},{"type":"Feature","geometry":{"type":"LineString","coordinates":[[1.5934103,8.7464667],[1.593377,8.7471996],[1.5933193,8.7474038],[1.5931906,8.7475032],[1.5929639,8.7475867]]},"properties":{"fclass":"primary"}},{"type":"Feature","geometry":{"type":"LineString","coordinates":[[1.5932751,8.7464172],[1.5933335,8.7463523],[1.5934155,8.7463904],[1.5934103,8.7464667],[1.593338,8.7464972],[1.5932779,8.7464454],[1.5932751,8.7464172]]},"properties":{"fclass":"primary"}},{"type":"Feature","geometry":{"type":"LineString","coordinates":[[1.123552,7.5325696],[1.1235426,7.5324901]]},"properties":{"fclass":"primary_link"}},{"type":"Feature","geometry":{"type":"LineString","coordinates":[[1.1227524,7.5326384],[1.1227479,7.5325835]]},"properties":{"fclass":"primary_link"}},{"type":"Feature","geometry":{"type":"LineString","coordinates":[[1.121901,7.5326887],[1.1218135,7.5327222]]},"properties":{"fclass":"primary"}},{"type":"Feature","geometry":{"type":"LineString","coordinates":[[1.1218135,7.5327222],[1.123108,7.5325988],[1.1245282,7.5325125],[1.124542,7.5324317]]},"properties":{"fclass":"primary"}},{"type":"Feature","geometry":{"type":"LineString","coordinates":[[0.7313494,7.1285046],[0.7314196,7.1282255],[0.7314357,7.1281869]]},"properties":{"fclass":"primary"}},{"type":"Feature","geometry":{"type":"LineString","coordinates":[[0.7314357,7.1281869],[0.7314471,7.1282821],[0.7314219,7.1285252]]},"properties":{"fclass":"primary"}},{"type":"Feature","geometry":{"type":"LineString","coordinates":[[0.7314056,7.1286576],[0.7312801,7.1289734]]},"properties":{"fclass":"primary"}},{"type":"Feature","geometry":{"type":"LineString","coordinates":[[0.7312801,7.1289734],[0.7313087,7.1286458]]},"properties":{"fclass":"primary"}},{"type":"Feature","geometry":{"type":"LineString","coordinates":[[0.7312828,7.1285755],[0.731325,7.1285134],[0.7314004,7.1285107],[0.7314469,7.1285697],[0.7314261,7.1286417],[0.7313552,7.1286673],[0.7312927,7.1286255],[0.7312828,7.1285755]]},"properties":{"fclass":"primary"}},{"type":"Feature","geometry":{"type":"LineString","coordinates":[[0.6702287,7.0065056],[0.6709103,7.0070272],[0.6723893,7.0082605],[0.6733035,7.0089253],[0.6740491,7.00931],[0.6751163,7.009662],[0.6756175,7.0098427],[0.6760133,7.0100685],[0.6763925,7.0105079],[0.6767516,7.0112177],[0.6771025,7.0118969],[0.6773582,7.012404],[0.6776962,7.0130418],[0.6780175,7.0135495],[0.6783617,7.013814],[0.6789154,7.014014],[0.6797469,7.0142616],[0.6821886,7.0149517],[0.6836554,7.0153719],[0.6857202,7.0161515],[0.6880461,7.0172657],[0.689539,7.017885],[0.6917578,7.0187925],[0.6928516,7.0195486],[0.6946918,7.0211517],[0.6986835,7.0254243],[0.6998244,7.0271012],[0.7007864,7.0286711],[0.7015081,7.0302046],[0.7021326,7.0314134],[0.7029453,7.0327018],[0.7037312,7.0338225],[0.7044518,7.035087],[0.7052336,7.0366313],[0.7075775,7.0411856],[0.7084787,7.0429106],[0.7087281,7.0435788],[0.7089105,7.0443188],[0.7089454,7.0449976],[0.7086128,7.0491955],[0.7086611,7.0499009],[0.7088703,7.0505664],[0.7094282,7.0517855],[0.7096562,7.0524883],[0.7097769,7.0536276],[0.7099619,7.0544607],[0.7103348,7.0555015],[0.7104474,7.0563906],[0.7101354,7.0599466],[0.7100603,7.0609581],[0.7102007,7.0618555],[0.7111877,7.0649885],[0.7116075,7.0663527],[0.7118623,7.0671512],[0.7125664,7.0684622],[0.7139128,7.0710148],[0.715608,7.0740333],[0.7182124,7.0785956],[0.7199585,7.0817924],[0.7202402,7.0825323],[0.7206375,7.0840928],[0.7213094,7.0870704],[0.7216838,7.0886149],[0.723027,7.0930621],[0.7240865,7.0965702],[0.7242407,7.0973407],[0.7243319,7.0982337],[0.7247128,7.1030912],[0.7247771,7.1037167],[0.7248656,7.1041984],[0.7251647,7.1052363],[0.7256341,7.1068866],[0.7262913,7.1089324],[0.7269618,7.1106395],[0.7276404,7.1119729],[0.728209,7.1128885],[0.7288177,7.1137619],[0.729664,7.1150633],[0.7305345,7.1165961],[0.7312399,7.1178789],[0.7315859,7.1187492],[0.731838,7.1196888],[0.7319557,7.1205672],[0.7320606,7.1216176],[0.7321565,7.1232549],[0.7322058,7.1249127],[0.7320902,7.125443],[0.7317022,7.1269892],[0.7314357,7.1281869]]},"properties":{"fclass":"primary"}},{"type":"Feature","geometry":{"type":"LineString","coordinates":[[0.6083827,9.6869225],[0.6084332,9.6868617],[0.6085129,9.6868663],[0.6085559,9.6869325],[0.6085269,9.6870057],[0.6084497,9.6870256],[0.608388,9.6869758],[0.6083827,9.6869225]]},"properties":{"fclass":"primary"}},{"type":"Feature","geometry":{"type":"LineString","coordinates":[[0.6729944,10.8868297],[0.6716824,10.8867668]]},"properties":{"fclass":"primary"}},{"type":"Feature","geometry":{"type":"LineString","coordinates":[[1.0933548,8.5015204],[1.0924798,8.501641],[1.0907257,8.5038771],[1.0875156,8.5066056],[1.0832839,8.5071521],[1.0818006,8.5071892],[1.080316,8.5069969],[1.0792606,8.5069372],[1.0783245,8.5069902],[1.0763557,8.5076295],[1.0712722,8.5105635],[1.0674334,8.5118776],[1.0594704,8.5105847],[1.0571873,8.5114744],[1.0556939,8.5146486],[1.053119,8.5186487],[1.0479176,8.5191034],[1.0456432,8.5205517],[1.044404,8.5218531],[1.0433605,8.5232987],[1.0412791,8.5264954],[1.0400472,8.5284431],[1.0397664,8.5291779],[1.0395813,8.5302018],[1.0389537,8.5313691],[1.0381252,8.5322424],[1.0347334,8.5351617],[1.0333175,8.5361092],[1.0318973,8.5367803],[1.0308306,8.5374497],[1.0301083,8.5381437],[1.028493,8.5400255],[1.0277179,8.5411356],[1.0270131,8.5424061],[1.0256875,8.5463713],[1.0252087,8.5470545],[1.0240465,8.5477362],[1.0222314,8.5483157],[1.0216427,8.5487266],[1.0202694,8.5508435],[1.0197973,8.5513474],[1.0190007,8.5518089],[1.0176811,8.5524641],[1.0169944,8.5527558],[1.0166752,8.552846],[1.0156345,8.5530874],[1.0144383,8.5533738],[1.0133707,8.5536523],[1.012255,8.5539441],[1.0110801,8.5542571],[1.0101092,8.5544985],[1.0095733,8.5545854],[1.0072714,8.5547464],[1.0057537,8.5549026],[1.004335,8.5551563],[1.003013,8.5554658],[1.0022897,8.5556403],[1.0013142,8.5558671],[1.0005257,8.5560607],[0.9994483,8.5563646],[0.997916,8.5568895],[0.9971595,8.5572569],[0.9958549,8.5581251],[0.9945798,8.5589986]]},"properties":{"fclass":"secondary"}},{"type":"Feature","geometry":{"type":"LineString","coordinates":[[0.1742685,10.6586099],[0.174357,10.658171],[0.174302,10.6579958],[0.1740164,10.6576821]]},"properties":{"fclass":"secondary"}},{"type":"Feature","geometry":{"type":"LineString","coordinates":[[1.3637698,9.6718661],[1.3673191,9.6733574]]},"properties":{"fclass":"primary"}},{"type":"Feature","geometry":{"type":"LineString","coordinates":[[1.0350884,6.262716],[1.0358101,6.2616905],[1.0366697,6.2608041],[1.0376783,6.2597856],[1.0387042,6.2585377],[1.0393479,6.2577699],[1.0404557,6.2570926],[1.0430521,6.2556289],[1.0437172,6.2549655],[1.0444656,6.2541758],[1.0457852,6.2527707],[1.0473597,6.2510776],[1.0493579,6.2489419],[1.0504469,6.2477528]]},"properties":{"fclass":"trunk"}},{"type":"Feature","geometry":{"type":"LineString","coordinates":[[1.035095,6.2630662],[1.0339286,6.2654105]]},"properties":{"fclass":"primary"}},{"type":"Feature","geometry":{"type":"LineString","coordinates":[[1.0339286,6.2654105],[1.0345054,6.2640597],[1.0349718,6.2629956]]},"properties":{"fclass":"primary"}},{"type":"Feature","geometry":{"type":"LineString","coordinates":[[1.0352061,6.2627407],[1.0352864,6.2628592],[1.0352577,6.2629884],[1.0351462,6.2630604],[1.0350191,6.2630363],[1.0349394,6.262914],[1.0349994,6.2627559],[1.0351495,6.262718],[1.0352061,6.2627407]]},"properties":{"fclass":"primary"}},{"type":"Feature","geometry":{"type":"LineString","coordinates":[[1.0339286,6.2654105],[1.0311967,6.2712608],[1.0293003,6.2753666],[1.0276401,6.2790033],[1.0249901,6.2849087],[1.0232791,6.2892145],[1.0197731,6.2987962],[1.019344,6.3002011],[1.0191294,6.3010969],[1.0176706,6.3078478],[1.017279,6.3088428],[1.0152599,6.3132714],[1.0059102,6.3340525],[1.0037626,6.3387564],[1.0007065,6.3454802],[0.9961575,6.355626],[0.9924569,6.3638591],[0.9915349,6.3658882],[0.9909522,6.3668232],[0.9898899,6.367963],[0.984883,6.3735441],[0.9828195,6.3758129],[0.981245,6.3775403],[0.9754413,6.3840434],[0.9744999,6.3851479],[0.9682876,6.3929455],[0.9658473,6.3959526],[0.9650599,6.3966982],[0.953094,6.4076131],[0.9463826,6.4136541],[0.9421552,6.41751],[0.9409681,6.4185755],[0.9365542,6.4226276],[0.9355002,6.4235978],[0.9336668,6.4252582],[0.9329033,6.4259877],[0.9317109,6.427045],[0.9300321,6.4285461],[0.9293092,6.4289852],[0.9288538,6.4293307],[0.9285866,6.4296973],[0.9283957,6.4301278],[0.92792,6.4310089],[0.9275798,6.4316115],[0.9271274,6.4322799],[0.9268105,6.4327194],[0.9262741,6.4334658],[0.9252888,6.434756],[0.9247646,6.4354261]]},"properties":{"fclass":"primary"}},{"type":"Feature","geometry":{"type":"LineString","coordinates":[[1.2184397,9.5255097],[1.218278,9.5255055]]},"properties":{"fclass":"secondary"}},{"type":"Feature","geometry":{"type":"LineString","coordinates":[[1.2245406,9.5253829],[1.2225099,9.5254407],[1.2204536,9.5255037],[1.2184397,9.5255097]]},"properties":{"fclass":"secondary"}},{"type":"Feature","geometry":{"type":"LineString","coordinates":[[0.8486053,10.8420139],[0.8482804,10.842085]]},"properties":{"fclass":"primary"}},{"type":"Feature","geometry":{"type":"LineString","coordinates":[[0.854229,10.841197],[0.8510864,10.8415094],[0.8486053,10.8420139]]},"properties":{"fclass":"primary"}},{"type":"Feature","geometry":{"type":"LineString","coordinates":[[1.1781254,9.339726],[1.1792815,9.3390736],[1.1799252,9.3388645],[1.181505,9.3385072],[1.1821407,9.338449],[1.1838976,9.3383908],[1.1851689,9.3382717],[1.1857536,9.3382478],[1.1870813,9.3385125],[1.1888389,9.3390483],[1.1900935,9.3394918],[1.1917162,9.3397512],[1.1927247,9.3403758],[1.1933389,9.3408919],[1.196461,9.3440175],[1.198293,9.3447004],[1.1987945,9.3448036],[1.2020963,9.344044],[1.2026113,9.3440175],[1.2031183,9.3442504]]},"properties":{"fclass":"secondary"}},{"type":"Feature","geometry":{"type":"LineString","coordinates":[[1.1779337,9.3398081],[1.1781254,9.339726]]},"properties":{"fclass":"secondary"}},{"type":"Feature","geometry":{"type":"LineString","coordinates":[[1.2082588,6.3650171],[1.2083419,6.3651164],[1.2083694,6.3652724],[1.2083854,6.3654153]]},"properties":{"fclass":"trunk_link"}},{"type":"Feature","geometry":{"type":"LineString","coordinates":[[1.2086115,6.3646053],[1.2084713,6.3647992],[1.2083311,6.3649471]]},"properties":{"fclass":"trunk_link"}},{"type":"Feature","geometry":{"type":"LineString","coordinates":[[1.2084883,6.365038],[1.2083311,6.3649471],[1.2082124,6.3648172],[1.2081747,6.3646976]]},"properties":{"fclass":"trunk_link"}},{"type":"Feature","geometry":{"type":"LineString","coordinates":[[1.2062737,6.3733045],[1.20607,6.3742176]]},"properties":{"fclass":"trunk"}},{"type":"Feature","geometry":{"type":"LineString","coordinates":[[1.2086115,6.3646053],[1.2084883,6.365038],[1.2084196,6.3652797],[1.2081836,6.366242],[1.2077774,6.3678342],[1.20745,6.3691089],[1.2072485,6.3699045],[1.2069283,6.3711375],[1.2067983,6.3716613]]},"properties":{"fclass":"trunk"}},{"type":"Feature","geometry":{"type":"LineString","coordinates":[[1.2064626,6.3725914],[1.2062737,6.3733045]]},"properties":{"fclass":"trunk"}},{"type":"Feature","geometry":{"type":"LineString","coordinates":[[1.2067983,6.3716613],[1.2066199,6.3722011],[1.2064626,6.3725914]]},"properties":{"fclass":"trunk"}},{"type":"Feature","geometry":{"type":"LineString","coordinates":[[1.2063224,6.3733173],[1.2061913,6.3737848]]},"properties":{"fclass":"trunk"}},{"type":"Feature","geometry":{"type":"LineString","coordinates":[[1.2065468,6.3724381],[1.2065113,6.3726041]]},"properties":{"fclass":"trunk"}},{"type":"Feature","geometry":{"type":"LineString","coordinates":[[1.2063711,6.37333],[1.2061913,6.3737848]]},"properties":{"fclass":"trunk"}},{"type":"Feature","geometry":{"type":"LineString","coordinates":[[1.2065468,6.3724381],[1.20656,6.3726168]]},"properties":{"fclass":"trunk"}},{"type":"Feature","geometry":{"type":"LineString","coordinates":[[1.2064198,6.3733427],[1.2062966,6.3738115]]},"properties":{"fclass":"trunk"}},{"type":"Feature","geometry":{"type":"LineString","coordinates":[[1.2066925,6.372475],[1.2066087,6.3726296]]},"properties":{"fclass":"trunk"}},{"type":"Feature","geometry":{"type":"LineString","coordinates":[[1.2064685,6.3733555],[1.2062966,6.3738115]]},"properties":{"fclass":"trunk"}},{"type":"Feature","geometry":{"type":"LineString","coordinates":[[1.2066925,6.372475],[1.2066574,6.3726423]]},"properties":{"fclass":"trunk"}},{"type":"Feature","geometry":{"type":"LineString","coordinates":[[1.2067061,6.3726551],[1.2065172,6.3733682]]},"properties":{"fclass":"trunk"}},{"type":"Feature","geometry":{"type":"LineString","coordinates":[[1.2065172,6.3733682],[1.20607,6.3742176]]},"properties":{"fclass":"trunk"}},{"type":"Feature","geometry":{"type":"LineString","coordinates":[[1.2066574,6.3726423],[1.2064685,6.3733555]]},"properties":{"fclass":"trunk"}},{"type":"Feature","geometry":{"type":"LineString","coordinates":[[1.2065113,6.3726041],[1.2063224,6.3733173]]},"properties":{"fclass":"trunk"}},{"type":"Feature","geometry":{"type":"LineString","coordinates":[[1.2066087,6.3726296],[1.2064198,6.3733427]]},"properties":{"fclass":"trunk"}},{"type":"Feature","geometry":{"type":"LineString","coordinates":[[1.20656,6.3726168],[1.2063711,6.37333]]},"properties":{"fclass":"trunk"}},{"type":"Feature","geometry":{"type":"LineString","coordinates":[[1.2067983,6.3716613],[1.2067312,6.3722237],[1.2067061,6.3726551]]},"properties":{"fclass":"trunk"}},{"type":"Feature","geometry":{"type":"LineString","coordinates":[[1.20607,6.3742176],[1.2057857,6.3752226],[1.2055577,6.3756344],[1.205193,6.3759769],[1.2050335,6.3761628]]},"properties":{"fclass":"trunk"}},{"type":"Feature","geometry":{"type":"LineString","coordinates":[[1.2054224,6.374775],[1.2059128,6.3731516],[1.2063042,6.3715522]]},"properties":{"fclass":"trunk"}},{"type":"Feature","geometry":{"type":"LineString","coordinates":[[1.2177351,6.1320376],[1.2169736,6.1326429]]},"properties":{"fclass":"secondary"}},{"type":"Feature","geometry":{"type":"LineString","coordinates":[[1.1626741,6.188451],[1.1627343,6.1884691]]},"properties":{"fclass":"trunk"}},{"type":"Feature","geometry":{"type":"LineString","coordinates":[[1.1624887,6.188593],[1.1625744,6.1884709],[1.1626741,6.188451]]},"properties":{"fclass":"trunk"}},{"type":"Feature","geometry":{"type":"LineString","coordinates":[[1.1624897,6.188649],[1.1624887,6.188593]]},"properties":{"fclass":"trunk"}},{"type":"Feature","geometry":{"type":"LineString","coordinates":[[1.1627373,6.1887658],[1.1626461,6.1887862]]},"properties":{"fclass":"trunk"}},{"type":"Feature","geometry":{"type":"LineString","coordinates":[[1.1628117,6.1886842],[1.1627373,6.1887658]]},"properties":{"fclass":"trunk"}},{"type":"Feature","geometry":{"type":"LineString","coordinates":[[1.1628227,6.188589],[1.1628117,6.1886842]]},"properties":{"fclass":"trunk"}},{"type":"Feature","geometry":{"type":"LineString","coordinates":[[1.1627343,6.1884691],[1.1628116,6.1885522],[1.1628227,6.188589]]},"properties":{"fclass":"trunk"}},{"type":"Feature","geometry":{"type":"LineString","coordinates":[[1.2015085,6.1494798],[1.2016111,6.1494918]]},"properties":{"fclass":"trunk"}},{"type":"Feature","geometry":{"type":"LineString","coordinates":[[1.2014485,6.1496682],[1.2014244,6.1495896],[1.2014646,6.1495051],[1.2015085,6.1494798]]},"properties":{"fclass":"trunk"}},{"type":"Feature","geometry":{"type":"LineString","coordinates":[[1.2015308,6.1497163],[1.2014485,6.1496682]]},"properties":{"fclass":"trunk"}},{"type":"Feature","geometry":{"type":"LineString","coordinates":[[1.2229809,6.1222825],[1.2230723,6.1222813]]},"properties":{"fclass":"trunk"}},{"type":"Feature","geometry":{"type":"LineString","coordinates":[[1.2221711,6.1220407],[1.2225704,6.1221964],[1.2229809,6.1222825]]},"properties":{"fclass":"trunk"}},{"type":"Feature","geometry":{"type":"LineString","coordinates":[[1.2117908,6.1177518],[1.2119642,6.1179043],[1.2126723,6.1182077],[1.2142105,6.1187464],[1.2148194,6.1189984],[1.2164383,6.1197393],[1.2178361,6.1202974],[1.2189319,6.1207],[1.2194315,6.1208793],[1.2221711,6.1220407]]},"properties":{"fclass":"trunk"}},{"type":"Feature","geometry":{"type":"LineString","coordinates":[[1.2196507,6.1295363],[1.219545,6.1298021],[1.2193309,6.1304371],[1.2191086,6.1309515],[1.2189496,6.1311255],[1.2177351,6.1320376]]},"properties":{"fclass":"secondary"}},{"type":"Feature","geometry":{"type":"LineString","coordinates":[[1.1886529,6.2175862],[1.1886879,6.2176754]]},"properties":{"fclass":"primary"}},{"type":"Feature","geometry":{"type":"LineString","coordinates":[[1.188547,6.2175152],[1.1886529,6.2175862]]},"properties":{"fclass":"primary"}},{"type":"Feature","geometry":{"type":"LineString","coordinates":[[1.1883842,6.2175989],[1.188547,6.2175152]]},"properties":{"fclass":"primary"}},{"type":"Feature","geometry":{"type":"LineString","coordinates":[[1.1883799,6.2177332],[1.1883842,6.2175989]]},"properties":{"fclass":"primary"}},{"type":"Feature","geometry":{"type":"LineString","coordinates":[[1.188451,6.2178095],[1.1883799,6.2177332]]},"properties":{"fclass":"primary"}},{"type":"Feature","geometry":{"type":"LineString","coordinates":[[1.1884738,6.2178195],[1.188451,6.2178095]]},"properties":{"fclass":"primary"}},{"type":"Feature","geometry":{"type":"LineString","coordinates":[[1.1896991,6.2191527],[1.1897417,6.2191844]]},"properties":{"fclass":"primary"}},{"type":"Feature","geometry":{"type":"LineString","coordinates":[[1.1895269,6.2192435],[1.1896444,6.2191419],[1.1896991,6.2191527]]},"properties":{"fclass":"primary"}},{"type":"Feature","geometry":{"type":"LineString","coordinates":[[1.1895573,6.2193469],[1.1895269,6.2192435]]},"properties":{"fclass":"primary"}},{"type":"Feature","geometry":{"type":"LineString","coordinates":[[1.1896056,6.2193791],[1.1895573,6.2193469]]},"properties":{"fclass":"primary"}},{"type":"Feature","geometry":{"type":"LineString","coordinates":[[1.1897702,6.2192466],[1.1897711,6.2192742]]},"properties":{"fclass":"primary"}},{"type":"Feature","geometry":{"type":"LineString","coordinates":[[1.1897417,6.2191844],[1.1897702,6.2192466]]},"properties":{"fclass":"primary"}},{"type":"Feature","geometry":{"type":"LineString","coordinates":[[1.1929944,6.2253476],[1.1930044,6.2253039]]},"properties":{"fclass":"primary"}},{"type":"Feature","geometry":{"type":"LineString","coordinates":[[1.1930534,6.2254489],[1.1930026,6.225368],[1.1929944,6.2253476]]},"properties":{"fclass":"primary"}},{"type":"Feature","geometry":{"type":"LineString","coordinates":[[1.1932446,6.2253959],[1.193186,6.2254502],[1.1930912,6.2254627],[1.1930534,6.2254489]]},"properties":{"fclass":"primary"}},{"type":"Feature","geometry":{"type":"LineString","coordinates":[[1.1932493,6.2253809],[1.1932446,6.2253959]]},"properties":{"fclass":"primary"}},{"type":"Feature","geometry":{"type":"LineString","coordinates":[[1.1932444,6.2253056],[1.1932493,6.2253809]]},"properties":{"fclass":"primary"}},{"type":"Feature","geometry":{"type":"LineString","coordinates":[[1.193213,6.2252662],[1.1932444,6.2253056]]},"properties":{"fclass":"primary"}},{"type":"Feature","geometry":{"type":"LineString","coordinates":[[1.1930044,6.2253039],[1.1930673,6.2252349],[1.1931609,6.2252304],[1.193213,6.2252662]]},"properties":{"fclass":"primary"}},{"type":"Feature","geometry":{"type":"LineString","coordinates":[[1.1973152,6.2325642],[1.196987,6.2321887]]},"properties":{"fclass":"primary"}},{"type":"Feature","geometry":{"type":"LineString","coordinates":[[1.2071304,6.1854044],[1.2071323,6.1855274]]},"properties":{"fclass":"primary"}},{"type":"Feature","geometry":{"type":"LineString","coordinates":[[1.2070696,6.1853557],[1.2071304,6.1854044]]},"properties":{"fclass":"primary"}},{"type":"Feature","geometry":{"type":"LineString","coordinates":[[1.2069285,6.1854465],[1.2069477,6.1853943]]},"properties":{"fclass":"primary"}},{"type":"Feature","geometry":{"type":"LineString","coordinates":[[1.2069396,6.1855302],[1.2069285,6.1854465]]},"properties":{"fclass":"primary"}},{"type":"Feature","geometry":{"type":"LineString","coordinates":[[1.2070083,6.1855742],[1.2069396,6.1855302]]},"properties":{"fclass":"primary"}},{"type":"Feature","geometry":{"type":"LineString","coordinates":[[1.2070748,6.1855717],[1.2070083,6.1855742]]},"properties":{"fclass":"primary"}},{"type":"Feature","geometry":{"type":"LineString","coordinates":[[1.207084,6.185568],[1.2070748,6.1855717]]},"properties":{"fclass":"primary"}},{"type":"Feature","geometry":{"type":"LineString","coordinates":[[1.2071323,6.1855274],[1.207084,6.185568]]},"properties":{"fclass":"primary"}},{"type":"Feature","geometry":{"type":"LineString","coordinates":[[1.2089916,6.1943545],[1.2087047,6.1943553]]},"properties":{"fclass":"primary"}},{"type":"Feature","geometry":{"type":"LineString","coordinates":[[1.2093198,6.1942352],[1.2093004,6.1943598]]},"properties":{"fclass":"trunk"}},{"type":"Feature","geometry":{"type":"LineString","coordinates":[[1.2093198,6.1942352],[1.2092478,6.1942431],[1.2092187,6.1942389]]},"properties":{"fclass":"trunk"}},{"type":"Feature","geometry":{"type":"LineString","coordinates":[[1.2093552,6.194217],[1.2093198,6.1942352]]},"properties":{"fclass":"trunk"}},{"type":"Feature","geometry":{"type":"LineString","coordinates":[[1.2094731,6.193955],[1.2094051,6.19416],[1.2093552,6.194217]]},"properties":{"fclass":"trunk"}},{"type":"Feature","geometry":{"type":"LineString","coordinates":[[1.2091004,6.1934968],[1.2093371,6.1937222]]},"properties":{"fclass":"primary"}},{"type":"Feature","geometry":{"type":"LineString","coordinates":[[1.2090616,6.193746],[1.2091004,6.1934968]]},"properties":{"fclass":"trunk"}},{"type":"Feature","geometry":{"type":"LineString","coordinates":[[1.2090482,6.1938964],[1.2090616,6.193746]]},"properties":{"fclass":"trunk"}},{"type":"Feature","geometry":{"type":"LineString","coordinates":[[1.2090343,6.1940722],[1.2090482,6.1938964]]},"properties":{"fclass":"trunk"}},{"type":"Feature","geometry":{"type":"LineString","coordinates":[[1.2093371,6.1937222],[1.2094282,6.1938031],[1.2094731,6.193955]]},"properties":{"fclass":"trunk"}},{"type":"Feature","geometry":{"type":"LineString","coordinates":[[1.2090482,6.1938964],[1.2091995,6.1937259],[1.2093371,6.1937222]]},"properties":{"fclass":"trunk"}},{"type":"Feature","geometry":{"type":"LineString","coordinates":[[1.2090149,6.1941676],[1.2090343,6.1940722]]},"properties":{"fclass":"trunk"}},{"type":"Feature","geometry":{"type":"LineString","coordinates":[[1.2089916,6.1943545],[1.2090149,6.1941676]]},"properties":{"fclass":"trunk"}},{"type":"Feature","geometry":{"type":"LineString","coordinates":[[1.2089715,6.1945353],[1.2089916,6.1943545]]},"properties":{"fclass":"trunk"}},{"type":"Feature","geometry":{"type":"LineString","coordinates":[[1.2002843,6.1982854],[1.200193,6.1982065],[1.2001945,6.1981242]]},"properties":{"fclass":"primary"}},{"type":"Feature","geometry":{"type":"LineString","coordinates":[[1.2003098,6.1982858],[1.2002843,6.1982854]]},"properties":{"fclass":"primary"}},{"type":"Feature","geometry":{"type":"LineString","coordinates":[[1.2004201,6.1982099],[1.2003264,6.198286],[1.2003098,6.1982858]]},"properties":{"fclass":"primary"}},{"type":"Feature","geometry":{"type":"LineString","coordinates":[[1.2004279,6.1981689],[1.2004201,6.1982099]]},"properties":{"fclass":"primary"}},{"type":"Feature","geometry":{"type":"LineString","coordinates":[[1.20037,6.198065],[1.2004242,6.1981381],[1.2004279,6.1981689]]},"properties":{"fclass":"primary"}},{"type":"Feature","geometry":{"type":"LineString","coordinates":[[1.1909612,6.2031403],[1.1909969,6.2031344]]},"properties":{"fclass":"primary"}},{"type":"Feature","geometry":{"type":"LineString","coordinates":[[1.1908455,6.2032925],[1.1909149,6.203162],[1.1909612,6.2031403]]},"properties":{"fclass":"primary"}},{"type":"Feature","geometry":{"type":"LineString","coordinates":[[1.1910196,6.2034508],[1.1908793,6.2033906],[1.1908455,6.2032925]]},"properties":{"fclass":"primary"}},{"type":"Feature","geometry":{"type":"LineString","coordinates":[[1.1910425,6.203447],[1.1910196,6.2034508]]},"properties":{"fclass":"primary"}},{"type":"Feature","geometry":{"type":"LineString","coordinates":[[1.1911623,6.2033198],[1.1910854,6.2034299],[1.1910425,6.203447]]},"properties":{"fclass":"primary"}},{"type":"Feature","geometry":{"type":"LineString","coordinates":[[1.1911623,6.2033073],[1.1911623,6.2033198]]},"properties":{"fclass":"primary"}},{"type":"Feature","geometry":{"type":"LineString","coordinates":[[1.1900745,6.2055143],[1.190105,6.2054944]]},"properties":{"fclass":"primary"}},{"type":"Feature","geometry":{"type":"LineString","coordinates":[[1.1900143,6.2056156],[1.1900745,6.2055143]]},"properties":{"fclass":"primary"}},{"type":"Feature","geometry":{"type":"LineString","coordinates":[[1.1900517,6.2057564],[1.1900143,6.2056156]]},"properties":{"fclass":"primary"}},{"type":"Feature","geometry":{"type":"LineString","coordinates":[[1.1902092,6.2058243],[1.1900517,6.2057564]]},"properties":{"fclass":"primary"}},{"type":"Feature","geometry":{"type":"LineString","coordinates":[[1.1902258,6.2058236],[1.1902092,6.2058243]]},"properties":{"fclass":"primary"}},{"type":"Feature","geometry":{"type":"LineString","coordinates":[[1.1903553,6.2056449],[1.1902957,6.205776],[1.1902258,6.2058236]]},"properties":{"fclass":"primary"}},{"type":"Feature","geometry":{"type":"LineString","coordinates":[[1.1903361,6.2055679],[1.1903553,6.2056449]]},"properties":{"fclass":"primary"}},{"type":"Feature","geometry":{"type":"LineString","coordinates":[[1.1966227,6.200431],[1.1965171,6.2003771],[1.1964691,6.200272]]},"properties":{"fclass":"primary"}},{"type":"Feature","geometry":{"type":"LineString","coordinates":[[1.1967997,6.2003189],[1.1967438,6.200397],[1.1966227,6.200431]]},"properties":{"fclass":"primary"}},{"type":"Feature","geometry":{"type":"LineString","coordinates":[[1.1967138,6.2001158],[1.1967879,6.2001857],[1.1968073,6.2002854],[1.1967997,6.2003189]]},"properties":{"fclass":"primary"}},{"type":"Feature","geometry":{"type":"LineString","coordinates":[[1.1686519,6.1830622],[1.1697382,6.1821342],[1.1703761,6.1815052],[1.1710868,6.1810342],[1.1723957,6.1803386],[1.1738529,6.1795208],[1.1745945,6.1790995],[1.1753725,6.1786716],[1.1766643,6.1779553],[1.1775762,6.1774506],[1.1785112,6.1769458],[1.1790561,6.1766594],[1.1798358,6.1762843],[1.1811268,6.1756936],[1.1825605,6.1750343],[1.183628,6.1745356],[1.1859031,6.1734612],[1.1866241,6.1731493],[1.1878696,6.1725913],[1.1884791,6.1723104],[1.1891751,6.1719817],[1.1901203,6.1715497],[1.191129,6.1710727],[1.1922462,6.1706021],[1.1925171,6.1705268]]},"properties":{"fclass":"trunk"}},{"type":"Feature","geometry":{"type":"LineString","coordinates":[[1.1887581,6.1954338],[1.188881,6.1955387]]},"properties":{"fclass":"secondary"}},{"type":"Feature","geometry":{"type":"LineString","coordinates":[[1.1885917,6.1955112],[1.1887094,6.1954327],[1.1887581,6.1954338]]},"properties":{"fclass":"secondary"}},{"type":"Feature","geometry":{"type":"LineString","coordinates":[[1.1886485,6.1957261],[1.1886286,6.1957121]]},"properties":{"fclass":"secondary"}},{"type":"Feature","geometry":{"type":"LineString","coordinates":[[1.1888087,6.1957278],[1.1886485,6.1957261]]},"properties":{"fclass":"secondary"}},{"type":"Feature","geometry":{"type":"LineString","coordinates":[[1.1888683,6.1956689],[1.1888087,6.1957278]]},"properties":{"fclass":"secondary"}},{"type":"Feature","geometry":{"type":"LineString","coordinates":[[1.188881,6.1955387],[1.1888683,6.1956689]]},"properties":{"fclass":"secondary"}},{"type":"Feature","geometry":{"type":"LineString","coordinates":[[1.181077,6.2006692],[1.1810673,6.2006273]]},"properties":{"fclass":"secondary"}},{"type":"Feature","geometry":{"type":"LineString","coordinates":[[1.1811223,6.2007413],[1.181077,6.2006692]]},"properties":{"fclass":"secondary"}},{"type":"Feature","geometry":{"type":"LineString","coordinates":[[1.181162,6.2007541],[1.1811223,6.2007413]]},"properties":{"fclass":"secondary"}},{"type":"Feature","geometry":{"type":"LineString","coordinates":[[1.1812585,6.200756],[1.181162,6.2007541]]},"properties":{"fclass":"secondary"}},{"type":"Feature","geometry":{"type":"LineString","coordinates":[[1.1812969,6.2007431],[1.1812585,6.200756]]},"properties":{"fclass":"secondary"}},{"type":"Feature","geometry":{"type":"LineString","coordinates":[[1.1813554,6.2006793],[1.1812969,6.2007431]]},"properties":{"fclass":"secondary"}},{"type":"Feature","geometry":{"type":"LineString","coordinates":[[1.1813437,6.2005698],[1.1813554,6.2006793]]},"properties":{"fclass":"secondary"}},{"type":"Feature","geometry":{"type":"LineString","coordinates":[[1.1812713,6.2005069],[1.1813437,6.2005698]]},"properties":{"fclass":"secondary"}},{"type":"Feature","geometry":{"type":"LineString","coordinates":[[1.1811888,6.2005084],[1.1812713,6.2005069]]},"properties":{"fclass":"secondary"}},{"type":"Feature","geometry":{"type":"LineString","coordinates":[[1.1824336,6.2069765],[1.1824507,6.2069478]]},"properties":{"fclass":"secondary"}},{"type":"Feature","geometry":{"type":"LineString","coordinates":[[1.1824744,6.2071792],[1.1824184,6.2070295],[1.1824336,6.2069765]]},"properties":{"fclass":"secondary"}},{"type":"Feature","geometry":{"type":"LineString","coordinates":[[1.1825058,6.2072018],[1.1824744,6.2071792]]},"properties":{"fclass":"secondary"}},{"type":"Feature","geometry":{"type":"LineString","coordinates":[[1.1827275,6.2071615],[1.1825631,6.2072221],[1.1825058,6.2072018]]},"properties":{"fclass":"secondary"}},{"type":"Feature","geometry":{"type":"LineString","coordinates":[[1.1827638,6.207087],[1.1827275,6.2071615]]},"properties":{"fclass":"secondary"}},{"type":"Feature","geometry":{"type":"LineString","coordinates":[[1.1827262,6.2069376],[1.1827638,6.207087]]},"properties":{"fclass":"secondary"}},{"type":"Feature","geometry":{"type":"LineString","coordinates":[[1.1826789,6.2068987],[1.1827262,6.2069376]]},"properties":{"fclass":"secondary"}},{"type":"Feature","geometry":{"type":"LineString","coordinates":[[1.1993825,6.1699653],[1.1993732,6.1698804]]},"properties":{"fclass":"secondary"}},{"type":"Feature","geometry":{"type":"LineString","coordinates":[[1.1994035,6.1699965],[1.1993825,6.1699653]]},"properties":{"fclass":"secondary"}},{"type":"Feature","geometry":{"type":"LineString","coordinates":[[1.1995862,6.1699768],[1.1995531,6.1700115]]},"properties":{"fclass":"secondary"}},{"type":"Feature","geometry":{"type":"LineString","coordinates":[[1.1995979,6.1699563],[1.1995862,6.1699768]]},"properties":{"fclass":"secondary"}},{"type":"Feature","geometry":{"type":"LineString","coordinates":[[1.199598,6.1698608],[1.1995979,6.1699563]]},"properties":{"fclass":"secondary"}},{"type":"Feature","geometry":{"type":"LineString","coordinates":[[1.1995644,6.1698168],[1.199598,6.1698608]]},"properties":{"fclass":"secondary"}},{"type":"Feature","geometry":{"type":"LineString","coordinates":[[1.1994775,6.1697894],[1.1995644,6.1698168]]},"properties":{"fclass":"secondary"}},{"type":"Feature","geometry":{"type":"LineString","coordinates":[[1.1993732,6.1698804],[1.1994775,6.1697894]]},"properties":{"fclass":"secondary"}},{"type":"Feature","geometry":{"type":"LineString","coordinates":[[1.2176746,6.320649],[1.2174749,6.3195056],[1.2171435,6.3175726],[1.2167627,6.3152372],[1.2162363,6.3120241],[1.2158976,6.3100333],[1.2155128,6.3078365],[1.2152151,6.3060366]]},"properties":{"fclass":"trunk"}},{"type":"Feature","geometry":{"type":"LineString","coordinates":[[1.2301745,6.1493628],[1.2302096,6.1493913]]},"properties":{"fclass":"trunk"}},{"type":"Feature","geometry":{"type":"LineString","coordinates":[[1.2299691,6.1493582],[1.2301745,6.1493628]]},"properties":{"fclass":"trunk"}},{"type":"Feature","geometry":{"type":"LineString","coordinates":[[1.2299159,6.1494082],[1.2299691,6.1493582]]},"properties":{"fclass":"trunk"}},{"type":"Feature","geometry":{"type":"LineString","coordinates":[[1.2299299,6.1496402],[1.2298887,6.1494646],[1.2299159,6.1494082]]},"properties":{"fclass":"trunk"}},{"type":"Feature","geometry":{"type":"LineString","coordinates":[[1.2299781,6.1496781],[1.2299299,6.1496402]]},"properties":{"fclass":"trunk"}},{"type":"Feature","geometry":{"type":"LineString","coordinates":[[1.2301932,6.1496536],[1.2300321,6.1496977],[1.2299781,6.1496781]]},"properties":{"fclass":"trunk"}},{"type":"Feature","geometry":{"type":"LineString","coordinates":[[1.2302248,6.149617],[1.2301932,6.1496536]]},"properties":{"fclass":"trunk"}},{"type":"Feature","geometry":{"type":"LineString","coordinates":[[1.2156214,6.3062877],[1.216068,6.3093642],[1.2162284,6.3103768],[1.2163034,6.3108592],[1.2170537,6.3154799],[1.2173595,6.3173221],[1.2176706,6.3191216],[1.2178235,6.319996],[1.2179442,6.3206518]]},"properties":{"fclass":"trunk"}},{"type":"Feature","geometry":{"type":"LineString","coordinates":[[1.3512889,6.1713853],[1.3523792,6.1717477],[1.3535728,6.1721797],[1.3551331,6.172763],[1.3566848,6.173321],[1.3577704,6.1737117],[1.3595232,6.174321],[1.3602206,6.174481],[1.3612613,6.174705],[1.3618541,6.174925],[1.3634218,6.175581],[1.3640575,6.1757796],[1.364763,6.1759396],[1.3659015,6.1761543],[1.3669275,6.176337],[1.3681895,6.1765816],[1.3699946,6.1769156],[1.3710581,6.1771156],[1.3721779,6.1773103],[1.3735365,6.1775729],[1.3745852,6.1777916],[1.3755494,6.1779689]]},"properties":{"fclass":"trunk"}},{"type":"Feature","geometry":{"type":"LineString","coordinates":[[1.2229596,6.1223791],[1.222732,6.1223438]]},"properties":{"fclass":"trunk"}},{"type":"Feature","geometry":{"type":"LineString","coordinates":[[1.2230474,6.1223908],[1.2229596,6.1223791]]},"properties":{"fclass":"trunk"}},{"type":"Feature","geometry":{"type":"LineString","coordinates":[[1.2232571,6.1224089],[1.2230474,6.1223908]]},"properties":{"fclass":"trunk"}},{"type":"Feature","geometry":{"type":"LineString","coordinates":[[1.2377464,6.1278167],[1.2374926,6.1276918],[1.2366046,6.1274089],[1.2337859,6.1264946],[1.2302837,6.1252857],[1.2291919,6.1248198],[1.2274989,6.1239674],[1.2269096,6.1236821],[1.2262498,6.123415]]},"properties":{"fclass":"trunk"}},{"type":"Feature","geometry":{"type":"LineString","coordinates":[[1.2380678,6.1277383],[1.2380506,6.1278768],[1.2380194,6.1279132]]},"properties":{"fclass":"trunk"}},{"type":"Feature","geometry":{"type":"LineString","coordinates":[[1.2377464,6.1278167],[1.2377736,6.1276953],[1.2378076,6.1276545]]},"properties":{"fclass":"trunk"}},{"type":"Feature","geometry":{"type":"LineString","coordinates":[[1.2377886,6.1279016],[1.2377464,6.1278167]]},"properties":{"fclass":"trunk"}},{"type":"Feature","geometry":{"type":"LineString","coordinates":[[1.2379645,6.1279451],[1.2378258,6.1279314],[1.2377886,6.1279016]]},"properties":{"fclass":"trunk"}},{"type":"Feature","geometry":{"type":"LineString","coordinates":[[1.2380194,6.1279132],[1.2379645,6.1279451]]},"properties":{"fclass":"trunk"}},{"type":"Feature","geometry":{"type":"LineString","coordinates":[[1.2490722,6.1314967],[1.2490576,6.1316223],[1.24903,6.1316558]]},"properties":{"fclass":"trunk"}},{"type":"Feature","geometry":{"type":"LineString","coordinates":[[1.2488576,6.1314079],[1.2489855,6.1314032],[1.2490722,6.1314967]]},"properties":{"fclass":"trunk"}},{"type":"Feature","geometry":{"type":"LineString","coordinates":[[1.2488234,6.1316558],[1.248778,6.1315795]]},"properties":{"fclass":"trunk"}},{"type":"Feature","geometry":{"type":"LineString","coordinates":[[1.2490058,6.1316738],[1.2488643,6.1316825],[1.2488234,6.1316558]]},"properties":{"fclass":"trunk"}},{"type":"Feature","geometry":{"type":"LineString","coordinates":[[1.24903,6.1316558],[1.2490058,6.1316738]]},"properties":{"fclass":"trunk"}},{"type":"Feature","geometry":{"type":"LineString","coordinates":[[1.2731716,6.1396397],[1.2731796,6.1397408]]},"properties":{"fclass":"trunk"}},{"type":"Feature","geometry":{"type":"LineString","coordinates":[[1.2730573,6.1394857],[1.2731399,6.1395684],[1.2731716,6.1396397]]},"properties":{"fclass":"trunk"}},{"type":"Feature","geometry":{"type":"LineString","coordinates":[[1.2729147,6.1394435],[1.2730573,6.1394857]]},"properties":{"fclass":"trunk"}},{"type":"Feature","geometry":{"type":"LineString","coordinates":[[1.2727627,6.1394952],[1.2728477,6.1394513],[1.2729147,6.1394435]]},"properties":{"fclass":"trunk"}},{"type":"Feature","geometry":{"type":"LineString","coordinates":[[1.2727268,6.1399001],[1.2726589,6.139781],[1.2726591,6.139644],[1.2727274,6.1395252],[1.2727627,6.1394952]]},"properties":{"fclass":"trunk"}},{"type":"Feature","geometry":{"type":"LineString","coordinates":[[1.2728717,6.1399753],[1.2727528,6.1399263],[1.2727268,6.1399001]]},"properties":{"fclass":"trunk"}},{"type":"Feature","geometry":{"type":"LineString","coordinates":[[1.2746469,6.1423044],[1.2748115,6.1421316],[1.2749713,6.1421061]]},"properties":{"fclass":"trunk"}},{"type":"Feature","geometry":{"type":"LineString","coordinates":[[1.2747466,6.1426619],[1.2746285,6.1424556],[1.2746469,6.1423044]]},"properties":{"fclass":"trunk"}},{"type":"Feature","geometry":{"type":"LineString","coordinates":[[1.274926,6.1427287],[1.2747466,6.1426619]]},"properties":{"fclass":"trunk"}},{"type":"Feature","geometry":{"type":"LineString","coordinates":[[1.2749488,6.1427278],[1.274926,6.1427287]]},"properties":{"fclass":"trunk"}},{"type":"Feature","geometry":{"type":"LineString","coordinates":[[1.2752481,6.1424715],[1.27523,6.1425335]]},"properties":{"fclass":"trunk"}},{"type":"Feature","geometry":{"type":"LineString","coordinates":[[1.2752443,6.1423429],[1.2752481,6.1424715]]},"properties":{"fclass":"trunk"}},{"type":"Feature","geometry":{"type":"LineString","coordinates":[[1.2752225,6.142282],[1.2752443,6.1423429]]},"properties":{"fclass":"trunk"}},{"type":"Feature","geometry":{"type":"LineString","coordinates":[[1.2750214,6.1421062],[1.2752225,6.142282]]},"properties":{"fclass":"trunk"}},{"type":"Feature","geometry":{"type":"LineString","coordinates":[[1.2749713,6.1421061],[1.2750214,6.1421062]]},"properties":{"fclass":"trunk"}},{"type":"Feature","geometry":{"type":"LineString","coordinates":[[1.2865057,6.1509743],[1.2867041,6.1509882],[1.2867436,6.1510081]]},"properties":{"fclass":"trunk"}},{"type":"Feature","geometry":{"type":"LineString","coordinates":[[1.2864849,6.1509855],[1.2865057,6.1509743]]},"properties":{"fclass":"trunk"}},{"type":"Feature","geometry":{"type":"LineString","coordinates":[[1.2864355,6.151366],[1.2863687,6.1512783]]},"properties":{"fclass":"trunk"}},{"type":"Feature","geometry":{"type":"LineString","coordinates":[[1.2866693,6.1514013],[1.2864942,6.1514018],[1.2864355,6.151366]]},"properties":{"fclass":"trunk"}},{"type":"Feature","geometry":{"type":"LineString","coordinates":[[1.2867114,6.1513795],[1.2866693,6.1514013]]},"properties":{"fclass":"trunk"}},{"type":"Feature","geometry":{"type":"LineString","coordinates":[[1.2868059,6.1510675],[1.2867897,6.1512955],[1.2867114,6.1513795]]},"properties":{"fclass":"trunk"}},{"type":"Feature","geometry":{"type":"LineString","coordinates":[[1.2867436,6.1510081],[1.2868059,6.1510675]]},"properties":{"fclass":"trunk"}},{"type":"Feature","geometry":{"type":"LineString","coordinates":[[1.2965606,6.1545911],[1.2966724,6.1545215]]},"properties":{"fclass":"trunk"}},{"type":"Feature","geometry":{"type":"LineString","coordinates":[[1.296547,6.1547619],[1.2965399,6.1546309],[1.2965606,6.1545911]]},"properties":{"fclass":"trunk"}},{"type":"Feature","geometry":{"type":"LineString","coordinates":[[1.2965719,6.1547992],[1.296547,6.1547619]]},"properties":{"fclass":"trunk"}},{"type":"Feature","geometry":{"type":"LineString","coordinates":[[1.296734,6.1548544],[1.2966042,6.1548276],[1.2965719,6.1547992]]},"properties":{"fclass":"trunk"}},{"type":"Feature","geometry":{"type":"LineString","coordinates":[[1.2968226,6.1547964],[1.296734,6.1548544]]},"properties":{"fclass":"trunk"}},{"type":"Feature","geometry":{"type":"LineString","coordinates":[[1.2968122,6.1545617],[1.2968638,6.1546102]]},"properties":{"fclass":"trunk"}},{"type":"Feature","geometry":{"type":"LineString","coordinates":[[1.2966724,6.1545215],[1.2967815,6.1545402],[1.2968122,6.1545617]]},"properties":{"fclass":"trunk"}},{"type":"Feature","geometry":{"type":"LineString","coordinates":[[1.3262368,6.1641623],[1.3262775,6.1641487]]},"properties":{"fclass":"trunk"}},{"type":"Feature","geometry":{"type":"LineString","coordinates":[[1.3261645,6.1643561],[1.326155,6.1642725],[1.3261917,6.1641967],[1.3262368,6.1641623]]},"properties":{"fclass":"trunk"}},{"type":"Feature","geometry":{"type":"LineString","coordinates":[[1.3262161,6.1644209],[1.3261645,6.1643561]]},"properties":{"fclass":"trunk"}},{"type":"Feature","geometry":{"type":"LineString","coordinates":[[1.3263634,6.1644383],[1.3262875,6.1644486],[1.3262161,6.1644209]]},"properties":{"fclass":"trunk"}},{"type":"Feature","geometry":{"type":"LineString","coordinates":[[1.3263803,6.1644302],[1.3263634,6.1644383]]},"properties":{"fclass":"trunk"}},{"type":"Feature","geometry":{"type":"LineString","coordinates":[[1.3264262,6.164205],[1.3264435,6.164233]]},"properties":{"fclass":"trunk"}},{"type":"Feature","geometry":{"type":"LineString","coordinates":[[1.3262775,6.1641487],[1.3263598,6.164156],[1.3264262,6.164205]]},"properties":{"fclass":"trunk"}},{"type":"Feature","geometry":{"type":"LineString","coordinates":[[1.3506189,6.171268],[1.350271,6.1711523],[1.3493774,6.1709099],[1.3479133,6.1704898],[1.3466108,6.1701091],[1.3453136,6.1697444],[1.3441729,6.1694358],[1.34332,6.1691867],[1.341845,6.1687763],[1.3399181,6.1682425],[1.3378165,6.1676476],[1.336994,6.167417],[1.3349827,6.1668478],[1.3339804,6.166566],[1.33154,6.1658937],[1.3299168,6.1654012],[1.3285538,6.1650003],[1.3268593,6.164517],[1.3266045,6.1644466],[1.3264479,6.1644253],[1.3263803,6.1644302]]},"properties":{"fclass":"trunk"}},{"type":"Feature","geometry":{"type":"LineString","coordinates":[[1.3506462,6.1711689],[1.3507609,6.1712061]]},"properties":{"fclass":"trunk"}},{"type":"Feature","geometry":{"type":"LineString","coordinates":[[1.2230723,6.1222813],[1.2234195,6.1223011],[1.2240682,6.1224432],[1.2247677,6.1226895],[1.2262987,6.1233038]]},"properties":{"fclass":"trunk"}},{"type":"Feature","geometry":{"type":"LineString","coordinates":[[1.2258929,6.1241762],[1.2262498,6.123415]]},"properties":{"fclass":"secondary"}},{"type":"Feature","geometry":{"type":"LineString","coordinates":[[1.2262498,6.123415],[1.2253569,6.1230488]]},"properties":{"fclass":"trunk"}},{"type":"Feature","geometry":{"type":"LineString","coordinates":[[1.2253569,6.1230488],[1.2240092,6.1225386],[1.2234287,6.1224159],[1.2232571,6.1224089]]},"properties":{"fclass":"trunk"}},{"type":"Feature","geometry":{"type":"LineString","coordinates":[[1.1815922,6.2011041],[1.1812969,6.2007431]]},"properties":{"fclass":"secondary"}},{"type":"Feature","geometry":{"type":"LineString","coordinates":[[1.1900143,6.2056156],[1.1893719,6.2053892],[1.1887738,6.2052399],[1.1868694,6.2048159]]},"properties":{"fclass":"secondary"}},{"type":"Feature","geometry":{"type":"LineString","coordinates":[[1.1857503,6.2045532],[1.1868467,6.2047412]]},"properties":{"fclass":"secondary"}},{"type":"Feature","geometry":{"type":"LineString","coordinates":[[1.1975787,6.2325269],[1.1975663,6.2326283],[1.1974855,6.2326913],[1.1974161,6.232692]]},"properties":{"fclass":"primary"}},{"type":"Feature","geometry":{"type":"LineString","coordinates":[[1.1968673,6.2318167],[1.1974828,6.2324336]]},"properties":{"fclass":"primary"}},{"type":"Feature","geometry":{"type":"LineString","coordinates":[[1.202702,6.2374762],[1.2027109,6.2375674],[1.2026474,6.2376339],[1.2025852,6.2376399]]},"properties":{"fclass":"primary"}},{"type":"Feature","geometry":{"type":"LineString","coordinates":[[1.2008805,6.2357171],[1.2015928,6.2364056],[1.2026567,6.2374334]]},"properties":{"fclass":"primary"}},{"type":"Feature","geometry":{"type":"LineString","coordinates":[[1.2024982,6.2375577],[1.201456,6.2365489],[1.2007586,6.2358803]]},"properties":{"fclass":"primary"}},{"type":"Feature","geometry":{"type":"LineString","coordinates":[[1.2008805,6.2357171],[1.2008875,6.2358096],[1.2008218,6.2358755],[1.2007586,6.2358803]]},"properties":{"fclass":"primary"}},{"type":"Feature","geometry":{"type":"LineString","coordinates":[[1.1994343,6.2343436],[1.2007109,6.2355563],[1.2008355,6.2356728]]},"properties":{"fclass":"primary"}},{"type":"Feature","geometry":{"type":"LineString","coordinates":[[1.2006724,6.2357952],[1.1997027,6.2348685],[1.1993456,6.2344969]]},"properties":{"fclass":"primary"}},{"type":"Feature","geometry":{"type":"LineString","coordinates":[[1.1994168,6.2343192],[1.1994457,6.2344017],[1.1994018,6.2344774],[1.1993156,6.2344941],[1.1992464,6.2344402],[1.1992421,6.2343529],[1.1993056,6.2342926],[1.1993931,6.2343007],[1.1994168,6.2343192]]},"properties":{"fclass":"primary"}},{"type":"Feature","geometry":{"type":"LineString","coordinates":[[1.1975787,6.2325269],[1.1986098,6.2335682],[1.1992053,6.2341321],[1.1993931,6.2343007]]},"properties":{"fclass":"primary"}},{"type":"Feature","geometry":{"type":"LineString","coordinates":[[1.1992365,6.2344119],[1.1980019,6.233216],[1.1974161,6.232692]]},"properties":{"fclass":"primary"}},{"type":"Feature","geometry":{"type":"LineString","coordinates":[[1.5165116,8.8346899],[1.5169957,8.8344686]]},"properties":{"fclass":"primary_link"}},{"type":"Feature","geometry":{"type":"LineString","coordinates":[[1.1811724,8.0083216],[1.1811174,8.0084066]]},"properties":{"fclass":"trunk"}},{"type":"Feature","geometry":{"type":"LineString","coordinates":[[1.18191,8.0070467],[1.1811724,8.0083216]]},"properties":{"fclass":"trunk"}},{"type":"Feature","geometry":{"type":"LineString","coordinates":[[1.1819445,8.0069832],[1.18191,8.0070467]]},"properties":{"fclass":"trunk"}},{"type":"Feature","geometry":{"type":"LineString","coordinates":[[1.1916704,7.9837951],[1.1910698,7.9864648],[1.1908671,7.9873139],[1.1901136,7.9906239],[1.1898199,7.9916314],[1.1891798,7.9930277],[1.1856195,8.0004092],[1.1847769,8.0020477],[1.1819445,8.0069832]]},"properties":{"fclass":"trunk"}},{"type":"Feature","geometry":{"type":"LineString","coordinates":[[1.2327063,6.1349318],[1.2332581,6.1345329],[1.2343666,6.1337071],[1.2345223,6.1335878]]},"properties":{"fclass":"trunk"}},{"type":"Feature","geometry":{"type":"LineString","coordinates":[[1.230908,6.1357405],[1.2310411,6.1357017],[1.232353,6.1352151],[1.232524,6.1350651],[1.2327063,6.1349318]]},"properties":{"fclass":"trunk"}},{"type":"Feature","geometry":{"type":"LineString","coordinates":[[1.2297915,6.1359285],[1.230908,6.1357405]]},"properties":{"fclass":"trunk"}},{"type":"Feature","geometry":{"type":"LineString","coordinates":[[1.2289748,6.1360698],[1.2294868,6.1359803],[1.2297915,6.1359285]]},"properties":{"fclass":"trunk"}},{"type":"Feature","geometry":{"type":"LineString","coordinates":[[1.2289922,6.1362152],[1.228307,6.1363459],[1.2279827,6.136411],[1.227916,6.1364245]]},"properties":{"fclass":"trunk"}},{"type":"Feature","geometry":{"type":"LineString","coordinates":[[1.2328305,6.1350244],[1.2325458,6.1352365],[1.2319191,6.1355271],[1.2310541,6.1358503],[1.2295682,6.1361138],[1.2291619,6.1361868],[1.2289922,6.1362152]]},"properties":{"fclass":"trunk"}},{"type":"Feature","geometry":{"type":"LineString","coordinates":[[1.2674072,6.1554058],[1.2671854,6.1558288]]},"properties":{"fclass":"secondary"}},{"type":"Feature","geometry":{"type":"LineString","coordinates":[[1.2659073,6.1570867],[1.2658955,6.1570747]]},"properties":{"fclass":"secondary"}},{"type":"Feature","geometry":{"type":"LineString","coordinates":[[1.2660453,6.1571044],[1.2659526,6.1571009],[1.2659073,6.1570867]]},"properties":{"fclass":"secondary"}},{"type":"Feature","geometry":{"type":"LineString","coordinates":[[1.2660651,6.1571028],[1.2660453,6.1571044]]},"properties":{"fclass":"secondary"}},{"type":"Feature","geometry":{"type":"LineString","coordinates":[[1.2662257,6.1570117],[1.2661677,6.1570655],[1.2660651,6.1571028]]},"properties":{"fclass":"secondary"}},{"type":"Feature","geometry":{"type":"LineString","coordinates":[[1.2662302,6.1569995],[1.2662257,6.1570117]]},"properties":{"fclass":"secondary"}},{"type":"Feature","geometry":{"type":"LineString","coordinates":[[1.265921,6.1569248],[1.2660434,6.1568825],[1.2661393,6.1568851]]},"properties":{"fclass":"secondary"}},{"type":"Feature","geometry":{"type":"LineString","coordinates":[[1.2658955,6.1570747],[1.2658682,6.1570125],[1.2658915,6.1569481],[1.265921,6.1569248]]},"properties":{"fclass":"secondary"}},{"type":"Feature","geometry":{"type":"LineString","coordinates":[[1.266175,6.1621919],[1.2662112,6.1620839],[1.2662435,6.1620613]]},"properties":{"fclass":"secondary"}},{"type":"Feature","geometry":{"type":"LineString","coordinates":[[1.2662113,6.1622616],[1.266175,6.1621919]]},"properties":{"fclass":"secondary"}},{"type":"Feature","geometry":{"type":"LineString","coordinates":[[1.2663801,6.1622659],[1.2663719,6.1622725]]},"properties":{"fclass":"secondary"}},{"type":"Feature","geometry":{"type":"LineString","coordinates":[[1.2664214,6.1621548],[1.2664007,6.1622429],[1.2663801,6.1622659]]},"properties":{"fclass":"secondary"}},{"type":"Feature","geometry":{"type":"LineString","coordinates":[[1.2663747,6.1620749],[1.2664214,6.1621548]]},"properties":{"fclass":"secondary"}},{"type":"Feature","geometry":{"type":"LineString","coordinates":[[1.2662562,6.162056],[1.2663747,6.1620749]]},"properties":{"fclass":"secondary"}},{"type":"Feature","geometry":{"type":"LineString","coordinates":[[1.2662435,6.1620613],[1.2662562,6.162056]]},"properties":{"fclass":"secondary"}},{"type":"Feature","geometry":{"type":"LineString","coordinates":[[1.2823153,6.1703995],[1.2823368,6.1703776]]},"properties":{"fclass":"primary"}},{"type":"Feature","geometry":{"type":"LineString","coordinates":[[1.2823014,6.1705327],[1.2822978,6.17043],[1.2823153,6.1703995]]},"properties":{"fclass":"primary"}},{"type":"Feature","geometry":{"type":"LineString","coordinates":[[1.2823282,6.1705791],[1.2823014,6.1705327]]},"properties":{"fclass":"primary"}},{"type":"Feature","geometry":{"type":"LineString","coordinates":[[1.2824866,6.1705854],[1.2823769,6.1705989],[1.2823282,6.1705791]]},"properties":{"fclass":"primary"}},{"type":"Feature","geometry":{"type":"LineString","coordinates":[[1.282514,6.1705621],[1.2824866,6.1705854]]},"properties":{"fclass":"primary"}},{"type":"Feature","geometry":{"type":"LineString","coordinates":[[1.2825361,6.1704276],[1.2825338,6.1705322],[1.282514,6.1705621]]},"properties":{"fclass":"primary"}},{"type":"Feature","geometry":{"type":"LineString","coordinates":[[1.2825208,6.1704011],[1.2825361,6.1704276]]},"properties":{"fclass":"primary"}},{"type":"Feature","geometry":{"type":"LineString","coordinates":[[1.2628023,6.159805],[1.2628009,6.159798]]},"properties":{"fclass":"secondary"}},{"type":"Feature","geometry":{"type":"LineString","coordinates":[[1.2629331,6.1599078],[1.2628194,6.1598462],[1.2628023,6.159805]]},"properties":{"fclass":"secondary"}},{"type":"Feature","geometry":{"type":"LineString","coordinates":[[1.2629553,6.1599057],[1.2629331,6.1599078]]},"properties":{"fclass":"secondary"}},{"type":"Feature","geometry":{"type":"LineString","coordinates":[[1.263059,6.1598129],[1.2629901,6.1598943],[1.2629553,6.1599057]]},"properties":{"fclass":"secondary"}},{"type":"Feature","geometry":{"type":"LineString","coordinates":[[1.263063,6.1597922],[1.263059,6.1598129]]},"properties":{"fclass":"secondary"}},{"type":"Feature","geometry":{"type":"LineString","coordinates":[[1.2629971,6.1596612],[1.2630572,6.1597333],[1.263063,6.1597922]]},"properties":{"fclass":"secondary"}},{"type":"Feature","geometry":{"type":"LineString","coordinates":[[1.2628009,6.159798],[1.2628347,6.159686]]},"properties":{"fclass":"secondary"}},{"type":"Feature","geometry":{"type":"LineString","coordinates":[[1.2446583,6.1522133],[1.2447728,6.1522234]]},"properties":{"fclass":"secondary"}},{"type":"Feature","geometry":{"type":"LineString","coordinates":[[1.244582,6.1522792],[1.2446583,6.1522133]]},"properties":{"fclass":"secondary"}},{"type":"Feature","geometry":{"type":"LineString","coordinates":[[1.2445841,6.1524101],[1.24457,6.1523111],[1.244582,6.1522792]]},"properties":{"fclass":"secondary"}},{"type":"Feature","geometry":{"type":"LineString","coordinates":[[1.2446487,6.1524684],[1.2445841,6.1524101]]},"properties":{"fclass":"secondary"}},{"type":"Feature","geometry":{"type":"LineString","coordinates":[[1.2448102,6.1524311],[1.2446915,6.1524794],[1.2446487,6.1524684]]},"properties":{"fclass":"secondary"}},{"type":"Feature","geometry":{"type":"LineString","coordinates":[[1.2439113,6.143506],[1.243959,6.1434434]]},"properties":{"fclass":"secondary"}},{"type":"Feature","geometry":{"type":"LineString","coordinates":[[1.271461,6.1845289],[1.2714301,6.1846688]]},"properties":{"fclass":"secondary"}},{"type":"Feature","geometry":{"type":"LineString","coordinates":[[1.2710175,6.1852812],[1.2712155,6.1849488],[1.2713711,6.1843635],[1.2713322,6.1837888],[1.2710707,6.1832569],[1.270564,6.1826033],[1.2698778,6.1817449],[1.2692669,6.1809796],[1.2679231,6.1792693],[1.26771,6.1778864],[1.2675664,6.1762196],[1.2673303,6.1735237],[1.2671989,6.1720997],[1.2670691,6.1706861],[1.2669602,6.1694677],[1.2668087,6.1678727],[1.2666717,6.166169],[1.2664115,6.1634963],[1.266274,6.1623828],[1.2662113,6.1622616]]},"properties":{"fclass":"secondary"}},{"type":"Feature","geometry":{"type":"LineString","coordinates":[[1.2734753,6.1902993],[1.2735903,6.1901854]]},"properties":{"fclass":"primary"}},{"type":"Feature","geometry":{"type":"LineString","coordinates":[[1.2648862,6.199151],[1.2654367,6.1987683],[1.2662729,6.1981963],[1.2671117,6.1975403],[1.2675704,6.197159],[1.2688632,6.1958991],[1.2693849,6.1953391],[1.2702747,6.1942252],[1.2725518,6.1913084],[1.2734753,6.1902993]]},"properties":{"fclass":"primary"}},{"type":"Feature","geometry":{"type":"LineString","coordinates":[[1.2318066,6.1495743],[1.2317982,6.1495546]]},"properties":{"fclass":"secondary"}},{"type":"Feature","geometry":{"type":"LineString","coordinates":[[1.2317982,6.1495546],[1.231805,6.1494931],[1.2318189,6.1494762]]},"properties":{"fclass":"secondary"}},{"type":"Feature","geometry":{"type":"LineString","coordinates":[[1.2318927,6.1495819],[1.2318251,6.1495847],[1.2318066,6.1495743]]},"properties":{"fclass":"secondary"}},{"type":"Feature","geometry":{"type":"LineString","coordinates":[[1.2319156,6.1495583],[1.2318927,6.1495819]]},"properties":{"fclass":"secondary"}},{"type":"Feature","geometry":{"type":"LineString","coordinates":[[1.2319186,6.1494992],[1.2319156,6.1495583]]},"properties":{"fclass":"secondary"}},{"type":"Feature","geometry":{"type":"LineString","coordinates":[[1.2318189,6.1494762],[1.2319082,6.1494841],[1.2319186,6.1494992]]},"properties":{"fclass":"secondary"}},{"type":"Feature","geometry":{"type":"LineString","coordinates":[[1.2420759,6.1531574],[1.2421147,6.153052],[1.2421774,6.1530089]]},"properties":{"fclass":"secondary"}},{"type":"Feature","geometry":{"type":"LineString","coordinates":[[1.2421391,6.1532796],[1.2420872,6.1532129],[1.2420759,6.1531574]]},"properties":{"fclass":"secondary"}},{"type":"Feature","geometry":{"type":"LineString","coordinates":[[1.2423126,6.1532883],[1.2422062,6.1533081],[1.2421391,6.1532796]]},"properties":{"fclass":"secondary"}},{"type":"Feature","geometry":{"type":"LineString","coordinates":[[1.2423801,6.1532061],[1.2423126,6.1532883]]},"properties":{"fclass":"secondary"}},{"type":"Feature","geometry":{"type":"LineString","coordinates":[[1.2423491,6.1530509],[1.2423886,6.1531656],[1.2423801,6.1532061]]},"properties":{"fclass":"secondary"}},{"type":"Feature","geometry":{"type":"LineString","coordinates":[[1.2483796,6.1667211],[1.2483841,6.1665858]]},"properties":{"fclass":"secondary"}},{"type":"Feature","geometry":{"type":"LineString","coordinates":[[1.2484575,6.1667956],[1.2483796,6.1667211]]},"properties":{"fclass":"secondary"}},{"type":"Feature","geometry":{"type":"LineString","coordinates":[[1.2485509,6.1668031],[1.2484575,6.1667956]]},"properties":{"fclass":"secondary"}},{"type":"Feature","geometry":{"type":"LineString","coordinates":[[1.2486426,6.1667379],[1.2485509,6.1668031]]},"properties":{"fclass":"secondary"}},{"type":"Feature","geometry":{"type":"LineString","coordinates":[[1.2486523,6.1667202],[1.2486426,6.1667379]]},"properties":{"fclass":"secondary"}},{"type":"Feature","geometry":{"type":"LineString","coordinates":[[1.248666,6.1666576],[1.2486523,6.1667202]]},"properties":{"fclass":"secondary"}},{"type":"Feature","geometry":{"type":"LineString","coordinates":[[1.2483841,6.1665858],[1.2484793,6.166513]]},"properties":{"fclass":"secondary"}},{"type":"Feature","geometry":{"type":"LineString","coordinates":[[1.25679,6.1879962],[1.2568102,6.1879587]]},"properties":{"fclass":"secondary"}},{"type":"Feature","geometry":{"type":"LineString","coordinates":[[1.256835,6.1881047],[1.2567938,6.1880581],[1.25679,6.1879962]]},"properties":{"fclass":"secondary"}},{"type":"Feature","geometry":{"type":"LineString","coordinates":[[1.2569455,6.187949],[1.2569778,6.1880067],[1.2569649,6.1880715]]},"properties":{"fclass":"secondary"}},{"type":"Feature","geometry":{"type":"LineString","coordinates":[[1.2569102,6.1879299],[1.2569455,6.187949]]},"properties":{"fclass":"secondary"}},{"type":"Feature","geometry":{"type":"LineString","coordinates":[[1.2568102,6.1879587],[1.2568667,6.1879273],[1.2569102,6.1879299]]},"properties":{"fclass":"secondary"}},{"type":"Feature","geometry":{"type":"LineString","coordinates":[[1.2701468,6.1861975],[1.2699589,6.1863434]]},"properties":{"fclass":"secondary"}},{"type":"Feature","geometry":{"type":"LineString","coordinates":[[1.2702727,6.1861055],[1.2701468,6.1861975]]},"properties":{"fclass":"secondary"}},{"type":"Feature","geometry":{"type":"LineString","coordinates":[[1.2705282,6.1858808],[1.2702727,6.1861055]]},"properties":{"fclass":"secondary"}},{"type":"Feature","geometry":{"type":"LineString","coordinates":[[1.2714301,6.1846688],[1.2712383,6.1851661],[1.2708018,6.1856475],[1.2705282,6.1858808]]},"properties":{"fclass":"secondary"}},{"type":"Feature","geometry":{"type":"LineString","coordinates":[[1.2644604,6.1994269],[1.2648862,6.199151]]},"properties":{"fclass":"primary"}},{"type":"Feature","geometry":{"type":"LineString","coordinates":[[1.2466532,6.2101249],[1.247541,6.2097089],[1.2483913,6.2093303],[1.2500977,6.208376],[1.2505015,6.2081652],[1.2528298,6.2067359],[1.254159,6.2058867],[1.2565269,6.2044095],[1.2587184,6.2030149],[1.2626646,6.2005535],[1.2644604,6.1994269]]},"properties":{"fclass":"primary"}},{"type":"Feature","geometry":{"type":"LineString","coordinates":[[1.2644792,6.1995202],[1.26002,6.2023374],[1.2572751,6.2040552],[1.2537235,6.2062941],[1.2511526,6.2079397],[1.250282,6.2084338],[1.2490817,6.2090926],[1.2475182,6.2098716],[1.2466881,6.2102142]]},"properties":{"fclass":"primary"}},{"type":"Feature","geometry":{"type":"LineString","coordinates":[[1.2701869,6.1859854],[1.2708467,6.1854648],[1.2710175,6.1852812]]},"properties":{"fclass":"secondary"}},{"type":"Feature","geometry":{"type":"LineString","coordinates":[[1.2736671,6.1902553],[1.2717471,6.1924454],[1.2701641,6.1945185],[1.2694332,6.1954031],[1.2687063,6.1961577],[1.2679271,6.196943],[1.2673129,6.1974977],[1.2664325,6.198185],[1.2650471,6.1991475]]},"properties":{"fclass":"primary"}},{"type":"Feature","geometry":{"type":"LineString","coordinates":[[1.2650471,6.1991475],[1.2644792,6.1995202]]},"properties":{"fclass":"primary"}},{"type":"Feature","geometry":{"type":"LineString","coordinates":[[1.0875191,6.1693157],[1.0890386,6.1708783],[1.0907014,6.1724904],[1.0925669,6.174341],[1.0946928,6.1767479],[1.0962563,6.178509],[1.0983571,6.1811118],[1.0991113,6.1821112],[1.0998844,6.1830324],[1.1005881,6.1838143],[1.1014351,6.184548],[1.1031369,6.1859277],[1.1044869,6.1870716],[1.1057561,6.1880925],[1.1069188,6.1890444],[1.108121,6.1898595],[1.1095712,6.1908624],[1.1105902,6.1916097],[1.1119579,6.1925807],[1.1121727,6.1928165]]},"properties":{"fclass":"secondary"}},{"type":"Feature","geometry":{"type":"LineString","coordinates":[[1.1126188,6.193396],[1.1126616,6.1934368]]},"properties":{"fclass":"secondary"}},{"type":"Feature","geometry":{"type":"LineString","coordinates":[[1.1145155,6.2294397],[1.1142271,6.2296831]]},"properties":{"fclass":"trunk"}},{"type":"Feature","geometry":{"type":"LineString","coordinates":[[1.113503,6.230315],[1.1109382,6.2315287],[1.1074305,6.2330253],[1.1067089,6.2333347],[1.1054979,6.2337759],[1.1042467,6.2342545],[1.1018961,6.2350133],[1.0997821,6.235737],[1.0983796,6.2361467],[1.0972879,6.2364987]]},"properties":{"fclass":"trunk"}},{"type":"Feature","geometry":{"type":"LineString","coordinates":[[1.2499295,6.2056219],[1.2501492,6.2066048],[1.2502985,6.2077768],[1.2503105,6.2081576],[1.2503279,6.2082502]]},"properties":{"fclass":"secondary"}},{"type":"Feature","geometry":{"type":"LineString","coordinates":[[1.2433997,6.1600908],[1.2431355,6.1594622],[1.2429236,6.1588541],[1.2428811,6.158725]]},"properties":{"fclass":"secondary"}},{"type":"Feature","geometry":{"type":"LineString","coordinates":[[1.2434648,6.1601841],[1.2433997,6.1600908]]},"properties":{"fclass":"secondary"}},{"type":"Feature","geometry":{"type":"LineString","coordinates":[[1.2434929,6.1599935],[1.2435473,6.1601102]]},"properties":{"fclass":"secondary"}},{"type":"Feature","geometry":{"type":"LineString","coordinates":[[1.2429504,6.1585342],[1.2432307,6.1593755],[1.2434304,6.1598701],[1.2434929,6.1599935]]},"properties":{"fclass":"secondary"}},{"type":"Feature","geometry":{"type":"LineString","coordinates":[[1.2390309,6.1713357],[1.2389646,6.1712977]]},"properties":{"fclass":"secondary"}},{"type":"Feature","geometry":{"type":"LineString","coordinates":[[1.2409331,6.1726645],[1.2406544,6.1724597],[1.2399806,6.1719698],[1.2390309,6.1713357]]},"properties":{"fclass":"secondary"}},{"type":"Feature","geometry":{"type":"LineString","coordinates":[[1.2390596,6.1712729],[1.2404875,6.172263],[1.2407896,6.1724817],[1.2409767,6.1726145]]},"properties":{"fclass":"secondary"}},{"type":"Feature","geometry":{"type":"LineString","coordinates":[[1.2389922,6.1712336],[1.2390596,6.1712729]]},"properties":{"fclass":"secondary"}},{"type":"Feature","geometry":{"type":"LineString","coordinates":[[1.2409331,6.1726645],[1.2409767,6.1726145]]},"properties":{"fclass":"secondary"}},{"type":"Feature","geometry":{"type":"LineString","coordinates":[[1.2409747,6.1727388],[1.2409327,6.1726874],[1.2409331,6.1726645]]},"properties":{"fclass":"secondary"}},{"type":"Feature","geometry":{"type":"LineString","coordinates":[[1.2409767,6.1726145],[1.241042,6.172627],[1.2410495,6.1726361]]},"properties":{"fclass":"secondary"}},{"type":"Feature","geometry":{"type":"LineString","coordinates":[[1.2412185,6.1725164],[1.2410495,6.1726361]]},"properties":{"fclass":"secondary"}},{"type":"Feature","geometry":{"type":"LineString","coordinates":[[1.2410495,6.1726361],[1.2410638,6.1726895],[1.2410202,6.1727395],[1.2409747,6.1727388]]},"properties":{"fclass":"secondary"}},{"type":"Feature","geometry":{"type":"LineString","coordinates":[[1.2486969,6.2017739],[1.2488236,6.2018246]]},"properties":{"fclass":"secondary"}},{"type":"Feature","geometry":{"type":"LineString","coordinates":[[1.2485123,6.2019275],[1.2485491,6.2018449],[1.2485805,6.2018159]]},"properties":{"fclass":"secondary"}},{"type":"Feature","geometry":{"type":"LineString","coordinates":[[1.2485708,6.202096],[1.2485146,6.2020014],[1.2485123,6.2019275]]},"properties":{"fclass":"secondary"}},{"type":"Feature","geometry":{"type":"LineString","coordinates":[[1.2486619,6.2021407],[1.2485708,6.202096]]},"properties":{"fclass":"secondary"}},{"type":"Feature","geometry":{"type":"LineString","coordinates":[[1.248843,6.2020717],[1.2487127,6.202143],[1.2486619,6.2021407]]},"properties":{"fclass":"secondary"}},{"type":"Feature","geometry":{"type":"LineString","coordinates":[[1.2488686,6.2020269],[1.248843,6.2020717]]},"properties":{"fclass":"secondary"}},{"type":"Feature","geometry":{"type":"LineString","coordinates":[[1.2488236,6.2018246],[1.2488773,6.2019189],[1.2488686,6.2020269]]},"properties":{"fclass":"secondary"}},{"type":"Feature","geometry":{"type":"LineString","coordinates":[[1.2502242,6.2083036],[1.2502073,6.2077265],[1.2500517,6.2066059],[1.2498228,6.2056246]]},"properties":{"fclass":"secondary"}},{"type":"Feature","geometry":{"type":"LineString","coordinates":[[1.1995531,6.1700115],[1.1993007,6.1707758],[1.1988589,6.1724331],[1.1985512,6.173469],[1.1982535,6.1743491],[1.1978645,6.175349],[1.1974771,6.1762198],[1.1967939,6.1776899],[1.196259,6.178872],[1.1955414,6.1804485],[1.195266,6.1812536],[1.1948239,6.1826268]]},"properties":{"fclass":"secondary"}},{"type":"Feature","geometry":{"type":"LineString","coordinates":[[1.194737,6.1826096],[1.1956096,6.1800434],[1.1964954,6.1781028],[1.1977109,6.1754776],[1.1980661,6.1746187],[1.198605,6.1729716],[1.1992933,6.1703712],[1.1994035,6.1699965]]},"properties":{"fclass":"secondary"}},{"type":"Feature","geometry":{"type":"LineString","coordinates":[[1.2091004,6.1934968],[1.2091801,6.1931699],[1.2095301,6.1923432],[1.2099757,6.1914529],[1.2106003,6.1901593],[1.2108685,6.189538],[1.2112565,6.1886181],[1.2113381,6.1884418]]},"properties":{"fclass":"trunk"}},{"type":"Feature","geometry":{"type":"LineString","coordinates":[[1.2113381,6.1884418],[1.2118609,6.1873314],[1.2127323,6.1855349],[1.2134002,6.1841725],[1.2139714,6.1829726],[1.2143214,6.1822699],[1.2148444,6.1811633],[1.2162861,6.1782673],[1.2170894,6.176738],[1.2180766,6.1748258],[1.2189185,6.1731717],[1.2197392,6.1715883]]},"properties":{"fclass":"trunk"}},{"type":"Feature","geometry":{"type":"LineString","coordinates":[[1.2198365,6.1715917],[1.2190218,6.1731608],[1.2181568,6.1748589],[1.217165,6.1767882]]},"properties":{"fclass":"trunk"}},{"type":"Feature","geometry":{"type":"LineString","coordinates":[[1.2113129,6.1887242],[1.2108222,6.189964],[1.2106512,6.190342],[1.2096917,6.1922826],[1.2095569,6.1927445],[1.2094986,6.1936938],[1.2094731,6.193955]]},"properties":{"fclass":"trunk"}},{"type":"Feature","geometry":{"type":"LineString","coordinates":[[1.2023237,6.1666136],[1.2023627,6.1668814]]},"properties":{"fclass":"primary"}},{"type":"Feature","geometry":{"type":"LineString","coordinates":[[1.1394078,6.2083783],[1.1402741,6.2076264]]},"properties":{"fclass":"trunk"}},{"type":"Feature","geometry":{"type":"LineString","coordinates":[[1.1472344,6.2017601],[1.148154,6.2009676],[1.148662,6.2005521],[1.1496766,6.1996532],[1.1502383,6.1991812],[1.1519227,6.197756],[1.1522805,6.1974445],[1.1534934,6.196437],[1.1548506,6.1952958],[1.1557384,6.1945324],[1.1565505,6.1938416],[1.1576475,6.1928979],[1.1591293,6.1916472],[1.1600308,6.1908602],[1.1603941,6.19054],[1.1623819,6.1887211],[1.1624897,6.188649]]},"properties":{"fclass":"trunk"}},{"type":"Feature","geometry":{"type":"LineString","coordinates":[[1.2227324,6.1651732],[1.2224921,6.1658224],[1.2216129,6.1679495]]},"properties":{"fclass":"trunk"}},{"type":"Feature","geometry":{"type":"LineString","coordinates":[[1.2215175,6.167915],[1.2219407,6.1669116],[1.2226038,6.1652831],[1.2226535,6.1651572]]},"properties":{"fclass":"trunk"}},{"type":"Feature","geometry":{"type":"LineString","coordinates":[[1.222901,6.1648228],[1.2228054,6.1649958]]},"properties":{"fclass":"trunk"}},{"type":"Feature","geometry":{"type":"LineString","coordinates":[[1.2227635,6.1650895],[1.2227388,6.1651558]]},"properties":{"fclass":"trunk"}},{"type":"Feature","geometry":{"type":"LineString","coordinates":[[1.2228054,6.1649958],[1.2227635,6.1650895]]},"properties":{"fclass":"trunk"}},{"type":"Feature","geometry":{"type":"LineString","coordinates":[[1.2227388,6.1651558],[1.2227324,6.1651732]]},"properties":{"fclass":"trunk"}},{"type":"Feature","geometry":{"type":"LineString","coordinates":[[1.2216129,6.1679495],[1.2212648,6.1687488],[1.2205332,6.170291],[1.2201818,6.1709582],[1.2198365,6.1715917]]},"properties":{"fclass":"trunk"}},{"type":"Feature","geometry":{"type":"LineString","coordinates":[[1.2226692,6.1651195],[1.2227388,6.1651558]]},"properties":{"fclass":"secondary"}},{"type":"Feature","geometry":{"type":"LineString","coordinates":[[1.2227238,6.1649887],[1.2227975,6.1648016]]},"properties":{"fclass":"trunk"}},{"type":"Feature","geometry":{"type":"LineString","coordinates":[[1.2226692,6.1651195],[1.2227238,6.1649887]]},"properties":{"fclass":"trunk"}},{"type":"Feature","geometry":{"type":"LineString","coordinates":[[1.2226535,6.1651572],[1.2226692,6.1651195]]},"properties":{"fclass":"trunk"}},{"type":"Feature","geometry":{"type":"LineString","coordinates":[[1.2197392,6.1715883],[1.2200624,6.170987],[1.220444,6.1702597],[1.2207558,6.1696457],[1.2210817,6.1689363],[1.2213859,6.1682288],[1.2215175,6.167915]]},"properties":{"fclass":"trunk"}},{"type":"Feature","geometry":{"type":"LineString","coordinates":[[1.2301932,6.1496536],[1.2301341,6.1501879],[1.230116,6.1507666],[1.2300088,6.1512006],[1.2298089,6.1516153],[1.2287107,6.1536439],[1.2280554,6.1548141],[1.2274391,6.1559473]]},"properties":{"fclass":"trunk"}},{"type":"Feature","geometry":{"type":"LineString","coordinates":[[1.2273248,6.1559121],[1.2276485,6.1553778],[1.2285083,6.1537971],[1.2298746,6.1513046],[1.2300061,6.1508926],[1.2300376,6.1505066],[1.2300235,6.1499072],[1.2299781,6.1496781]]},"properties":{"fclass":"trunk"}},{"type":"Feature","geometry":{"type":"LineString","coordinates":[[1.2183468,6.1498049],[1.2181547,6.1504897]]},"properties":{"fclass":"secondary"}},{"type":"Feature","geometry":{"type":"LineString","coordinates":[[1.2222281,6.1367543],[1.2222665,6.1368154]]},"properties":{"fclass":"trunk"}},{"type":"Feature","geometry":{"type":"LineString","coordinates":[[1.2220772,6.1366867],[1.2222281,6.1367543]]},"properties":{"fclass":"trunk"}},{"type":"Feature","geometry":{"type":"LineString","coordinates":[[1.2222731,6.1369499],[1.2221653,6.1370767],[1.222111,6.1370943]]},"properties":{"fclass":"trunk"}},{"type":"Feature","geometry":{"type":"LineString","coordinates":[[1.2222665,6.1368154],[1.2222731,6.1369499]]},"properties":{"fclass":"trunk"}},{"type":"Feature","geometry":{"type":"LineString","coordinates":[[1.2219522,6.1370572],[1.2218831,6.1369683]]},"properties":{"fclass":"trunk"}},{"type":"Feature","geometry":{"type":"LineString","coordinates":[[1.222111,6.1370943],[1.2219522,6.1370572]]},"properties":{"fclass":"trunk"}},{"type":"Feature","geometry":{"type":"LineString","coordinates":[[1.2218831,6.1369683],[1.2218886,6.1368033]]},"properties":{"fclass":"trunk"}},{"type":"Feature","geometry":{"type":"LineString","coordinates":[[1.2218831,6.1369683],[1.2216087,6.1368766],[1.2203038,6.1363992]]},"properties":{"fclass":"trunk"}},{"type":"Feature","geometry":{"type":"LineString","coordinates":[[1.2203715,6.1362917],[1.2216456,6.1367626],[1.2218385,6.1367971],[1.2218886,6.1368033]]},"properties":{"fclass":"trunk"}},{"type":"Feature","geometry":{"type":"LineString","coordinates":[[1.2108058,6.1288894],[1.2114431,6.1295362],[1.2122568,6.1303478],[1.2131779,6.1312822],[1.2137522,6.1318693],[1.2151282,6.1332486],[1.2156123,6.1337067],[1.2165926,6.1344139],[1.2180491,6.1354236],[1.2183512,6.1355671],[1.218927,6.1357767],[1.2193517,6.1359181],[1.2203715,6.1362917]]},"properties":{"fclass":"trunk"}},{"type":"Feature","geometry":{"type":"LineString","coordinates":[[1.2203038,6.1363992],[1.219589,6.1361228],[1.2190958,6.1359542],[1.2187006,6.1358017],[1.2181427,6.1355618],[1.2176085,6.135221],[1.2165528,6.1344657],[1.2155222,6.133757],[1.2148221,6.1330473],[1.2137207,6.1319326],[1.2126867,6.1308928],[1.2122368,6.1304324],[1.2114385,6.1296577],[1.2105025,6.1287122]]},"properties":{"fclass":"trunk"}},{"type":"Feature","geometry":{"type":"LineString","coordinates":[[0.6320146,6.9107191],[0.6319361,6.9107014],[0.6318791,6.9105989],[0.6319366,6.9104967],[0.6320499,6.9104888],[0.6321122,6.9105535],[0.6321211,6.9106068],[0.6320871,6.9106842],[0.6320146,6.9107191]]},"properties":{"fclass":"primary"}},{"type":"Feature","geometry":{"type":"LineString","coordinates":[[1.2664278,6.1569215],[1.2662302,6.1569995]]},"properties":{"fclass":"secondary"}},{"type":"Feature","geometry":{"type":"LineString","coordinates":[[1.2387977,6.1711783],[1.2390555,6.1710895]]},"properties":{"fclass":"secondary_link"}},{"type":"Feature","geometry":{"type":"LineString","coordinates":[[1.1656429,7.1646705],[1.1656967,7.1655066],[1.1658899,7.1691157]]},"properties":{"fclass":"trunk"}},{"type":"Feature","geometry":{"type":"LineString","coordinates":[[1.3211059,6.9880734],[1.3249879,6.9919377],[1.3262236,6.9931477],[1.3268244,6.9935843],[1.3275701,6.9938931],[1.3331196,6.9954346],[1.335386,6.9960229],[1.3395622,6.996803],[1.340493,6.9970053],[1.3409972,6.9970586]]},"properties":{"fclass":"secondary"}},{"type":"Feature","geometry":{"type":"LineString","coordinates":[[1.3204343,6.9873592],[1.3211059,6.9880734]]},"properties":{"fclass":"secondary"}},{"type":"Feature","geometry":{"type":"LineString","coordinates":[[1.3409972,6.9970586],[1.3421693,6.997181],[1.3442963,6.9973115]]},"properties":{"fclass":"secondary"}},{"type":"Feature","geometry":{"type":"LineString","coordinates":[[1.2722099,6.9447087],[1.2749693,6.9467796],[1.2796467,6.9501977],[1.2844911,6.9537447],[1.2857437,6.9547804],[1.2895203,6.9578129],[1.2926374,6.9605267],[1.2947445,6.9624056],[1.2974113,6.9648897],[1.2984422,6.9658706],[1.301568,6.9688637]]},"properties":{"fclass":"secondary"}},{"type":"Feature","geometry":{"type":"LineString","coordinates":[[1.1807144,6.8888217],[1.1807098,6.8889155]]},"properties":{"fclass":"trunk"}},{"type":"Feature","geometry":{"type":"LineString","coordinates":[[1.1807567,6.8841956],[1.180726,6.8871929],[1.1807144,6.8888217]]},"properties":{"fclass":"trunk"}},{"type":"Feature","geometry":{"type":"LineString","coordinates":[[1.1807578,6.8841086],[1.1807567,6.8841956]]},"properties":{"fclass":"trunk"}},{"type":"Feature","geometry":{"type":"LineString","coordinates":[[1.1791815,6.7847867],[1.1790991,6.7870974],[1.1789093,6.7900049],[1.1785889,6.7944356],[1.1782278,6.7993433],[1.1781274,6.8007115],[1.1778695,6.8044474],[1.1779207,6.8055666],[1.1781462,6.8077917],[1.178331,6.8095138],[1.1784497,6.8101799],[1.17875,6.811129],[1.1797804,6.8139598],[1.1809034,6.8169932],[1.1816576,6.8189321],[1.1831698,6.8226675],[1.1838126,6.8242625],[1.1859317,6.8295295],[1.1867237,6.8315086],[1.1871216,6.8325517],[1.1873898,6.8337022],[1.1875159,6.8347941],[1.1874923,6.8361606],[1.1871483,6.8383944],[1.1868021,6.8405877],[1.1862871,6.8439144],[1.1857805,6.8467428],[1.1849972,6.8510552],[1.1844971,6.8538085],[1.1838064,6.8576115],[1.1835558,6.8590222],[1.1833216,6.8602288],[1.1827648,6.8635107],[1.1819001,6.8686641],[1.1813944,6.8717113],[1.1810195,6.8740047],[1.1808907,6.8750778],[1.1808258,6.8761973],[1.1807971,6.8782296],[1.1807775,6.8808607],[1.1807602,6.8830355],[1.1807578,6.8841086]]},"properties":{"fclass":"trunk"}},{"type":"Feature","geometry":{"type":"LineString","coordinates":[[1.1660952,7.1890584],[1.1660127,7.189267]]},"properties":{"fclass":"trunk"}},{"type":"Feature","geometry":{"type":"LineString","coordinates":[[1.1662461,7.1790796],[1.1662245,7.1822809],[1.1661306,7.1839681],[1.1660461,7.184974],[1.1659938,7.185799],[1.1660475,7.1876884],[1.1660952,7.1890584]]},"properties":{"fclass":"trunk"}},{"type":"Feature","geometry":{"type":"LineString","coordinates":[[1.1662462,7.1790122],[1.1662461,7.1790796]]},"properties":{"fclass":"trunk"}},{"type":"Feature","geometry":{"type":"LineString","coordinates":[[1.1659011,7.1692374],[1.1661232,7.1735899],[1.1661824,7.1750717],[1.1662076,7.1760644],[1.1662422,7.177757],[1.1662462,7.1790122]]},"properties":{"fclass":"trunk"}},{"type":"Feature","geometry":{"type":"LineString","coordinates":[[1.1998483,9.8172476],[1.2013357,9.8188098],[1.2016454,9.8198033],[1.2015176,9.8210873],[1.2012871,9.8228553],[1.2012495,9.8230548]]},"properties":{"fclass":"secondary"}},{"type":"Feature","geometry":{"type":"LineString","coordinates":[[1.1997502,9.8171251],[1.1998483,9.8172476]]},"properties":{"fclass":"secondary"}},{"type":"Feature","geometry":{"type":"LineString","coordinates":[[0.4267073,10.9623851],[0.4268891,10.9618531]]},"properties":{"fclass":"secondary"}},{"type":"Feature","geometry":{"type":"LineString","coordinates":[[1.5941066,6.4042683],[1.5948307,6.4031842],[1.5954798,6.4022166],[1.5961316,6.4012597],[1.5988192,6.3972534],[1.6022252,6.392525]]},"properties":{"fclass":"secondary"}},{"type":"Feature","geometry":{"type":"LineString","coordinates":[[1.6079568,6.3285653],[1.6075653,6.3287263]]},"properties":{"fclass":"secondary"}},{"type":"Feature","geometry":{"type":"LineString","coordinates":[[1.6079568,6.3285653],[1.6078569,6.3287653],[1.6077999,6.3289879]]},"properties":{"fclass":"secondary_link"}},{"type":"Feature","geometry":{"type":"LineString","coordinates":[[1.6274871,6.2407597],[1.628007,6.2410364],[1.6297606,6.2408487],[1.6306356,6.2401031]]},"properties":{"fclass":"trunk"}},{"type":"Feature","geometry":{"type":"LineString","coordinates":[[1.6139567,6.245318],[1.6133876,6.243488]]},"properties":{"fclass":"secondary"}},{"type":"Feature","geometry":{"type":"LineString","coordinates":[[0.4121375,10.7403049],[0.4123655,10.7403207]]},"properties":{"fclass":"primary"}},{"type":"Feature","geometry":{"type":"LineString","coordinates":[[0.4045231,10.7400011],[0.4110938,10.7402274],[0.4121375,10.7403049]]},"properties":{"fclass":"primary"}},{"type":"Feature","geometry":{"type":"LineString","coordinates":[[1.1908459,6.2444945],[1.1908592,6.2445746]]},"properties":{"fclass":"primary_link"}},{"type":"Feature","geometry":{"type":"LineString","coordinates":[[1.1902517,6.2445745],[1.1902558,6.2446853]]},"properties":{"fclass":"primary_link"}},{"type":"Feature","geometry":{"type":"LineString","coordinates":[[1.6081117,6.3284481],[1.6079568,6.3285653]]},"properties":{"fclass":"secondary"}},{"type":"Feature","geometry":{"type":"LineString","coordinates":[[1.6078026,6.3285386],[1.6081117,6.3284481]]},"properties":{"fclass":"secondary"}},{"type":"Feature","geometry":{"type":"LineString","coordinates":[[1.6075653,6.3287263],[1.6075005,6.3287257]]},"properties":{"fclass":"secondary"}},{"type":"Feature","geometry":{"type":"LineString","coordinates":[[1.6075005,6.3287257],[1.6078026,6.3285386]]},"properties":{"fclass":"secondary"}},{"type":"Feature","geometry":{"type":"LineString","coordinates":[[1.6642034,6.5662171],[1.664603,6.5675348]]},"properties":{"fclass":"primary"}},{"type":"Feature","geometry":{"type":"LineString","coordinates":[[1.1440856,9.6474014],[1.1441472,9.6476415]]},"properties":{"fclass":"primary"}},{"type":"Feature","geometry":{"type":"LineString","coordinates":[[1.1440251,9.6473593],[1.143767,9.6467161]]},"properties":{"fclass":"primary"}},{"type":"Feature","geometry":{"type":"LineString","coordinates":[[1.1440694,9.6473466],[1.1440918,9.6473864],[1.1440575,9.6474167],[1.1440198,9.6473905],[1.1440374,9.6473485],[1.1440694,9.6473466]]},"properties":{"fclass":"primary"}},{"type":"Feature","geometry":{"type":"LineString","coordinates":[[1.1440413,9.6474141],[1.1446342,9.6500758],[1.1449201,9.652196],[1.145026,9.654126],[1.1451022,9.6561246],[1.1450788,9.6563431]]},"properties":{"fclass":"primary"}},{"type":"Feature","geometry":{"type":"LineString","coordinates":[[1.008925,8.3454919],[1.00902,8.345174],[1.0092827,8.3444645],[1.0094,8.3441834],[1.0096829,8.3435873],[1.0099283,8.3432084],[1.0102054,8.3428914],[1.010624,8.3424782],[1.0107261,8.3424387]]},"properties":{"fclass":"trunk"}},{"type":"Feature","geometry":{"type":"LineString","coordinates":[[0.1540379,10.7179179],[0.1539984,10.7178994]]},"properties":{"fclass":"secondary"}},{"type":"Feature","geometry":{"type":"LineString","coordinates":[[0.1935649,10.7406746],[0.1927282,10.7402529],[0.183454,10.732607],[0.178979,10.729189],[0.175122,10.728085],[0.1685,10.72723],[0.16416,10.72522],[0.159896,10.72147],[0.156008,10.718789],[0.1540379,10.7179179]]},"properties":{"fclass":"secondary"}},{"type":"Feature","geometry":{"type":"LineString","coordinates":[[0.4509812,10.2026474],[0.4523331,10.204626]]},"properties":{"fclass":"primary"}},{"type":"Feature","geometry":{"type":"LineString","coordinates":[[0.636662,8.6773817],[0.6383566,8.6790017],[0.6409803,8.6805201],[0.6417497,8.6811845],[0.6418706,8.6821258],[0.6424219,8.6852965],[0.6438134,8.6903381],[0.6449572,8.6947676],[0.6456824,8.6973787],[0.646219,8.6995555],[0.6466612,8.7015866],[0.6472802,8.7037023],[0.6470301,8.7047413],[0.6471357,8.707035],[0.6476342,8.7086125],[0.6482004,8.7108992],[0.6498422,8.715619],[0.6513823,8.7200535],[0.6540156,8.7243394],[0.6556086,8.7275889],[0.6562669,8.7295932],[0.6566448,8.7317341],[0.6571731,8.7340155],[0.6574901,8.7366705],[0.6581728,8.7394017],[0.6603624,8.7427921],[0.6626185,8.7461013],[0.6641506,8.7485152],[0.6667391,8.752395],[0.6684825,8.7559134],[0.6690555,8.7591948],[0.6695043,8.761433],[0.6705643,8.7706776],[0.6707055,8.7710582]]},"properties":{"fclass":"secondary"}},{"type":"Feature","geometry":{"type":"LineString","coordinates":[[0.0110459,11.1120646],[0.0113833,11.1116954],[0.0115517,11.1116172]]},"properties":{"fclass":"trunk"}},{"type":"Feature","geometry":{"type":"LineString","coordinates":[[0.0094226,11.1140576],[0.0097297,11.1136667]]},"properties":{"fclass":"trunk"}},{"type":"Feature","geometry":{"type":"LineString","coordinates":[[0.0090808,11.114488],[0.0094226,11.1140576]]},"properties":{"fclass":"trunk"}},{"type":"Feature","geometry":{"type":"LineString","coordinates":[[0.0097297,11.1136667],[0.0110459,11.1120646]]},"properties":{"fclass":"trunk"}},{"type":"Feature","geometry":{"type":"LineString","coordinates":[[0.0090563,11.1147036],[0.0085952,11.1153376]]},"properties":{"fclass":"trunk"}},{"type":"Feature","geometry":{"type":"LineString","coordinates":[[0.0095581,11.114147],[0.009179,11.1145924]]},"properties":{"fclass":"trunk"}},{"type":"Feature","geometry":{"type":"LineString","coordinates":[[0.0091382,11.1145118],[0.009179,11.1145924],[0.0091434,11.1146755],[0.0090258,11.1146958],[0.0089636,11.1146296],[0.0089738,11.11454],[0.0090494,11.114489],[0.0091382,11.1145118]]},"properties":{"fclass":"trunk"}},{"type":"Feature","geometry":{"type":"LineString","coordinates":[[0.6149353,8.6335494],[0.6162523,8.6369057],[0.6174344,8.6404702],[0.6186225,8.6432566],[0.6201997,8.6470425],[0.6213317,8.6507847],[0.6222839,8.6540519],[0.6227615,8.655069],[0.625854,8.6594086],[0.627558,8.6623318],[0.6288698,8.6649489],[0.6309217,8.6690814],[0.6327583,8.6720104],[0.635326,8.6759272],[0.636662,8.6773817]]},"properties":{"fclass":"secondary"}},{"type":"Feature","geometry":{"type":"LineString","coordinates":[[0.4123655,10.7403207],[0.4215506,10.7411469],[0.4250631,10.7414549],[0.4333621,10.7425562],[0.4363881,10.7434751],[0.4551004,10.7439245],[0.4567205,10.7438865],[0.4619545,10.74354],[0.4654625,10.7431654]]},"properties":{"fclass":"primary"}},{"type":"Feature","geometry":{"type":"LineString","coordinates":[[0.4654625,10.7431654],[0.4655445,10.743156]]},"properties":{"fclass":"primary"}},{"type":"Feature","geometry":{"type":"LineString","coordinates":[[1.3983253,6.6089265],[1.3986265,6.6090733]]},"properties":{"fclass":"secondary"}},{"type":"Feature","geometry":{"type":"LineString","coordinates":[[1.3988123,6.6091347],[1.3991672,6.6091451]]},"properties":{"fclass":"secondary"}},{"type":"Feature","geometry":{"type":"LineString","coordinates":[[1.3986733,6.6093633],[1.3985543,6.6092926],[1.3985692,6.6091135],[1.3987625,6.6090849],[1.3988228,6.6092708],[1.3986733,6.6093633]]},"properties":{"fclass":"secondary"}},{"type":"Feature","geometry":{"type":"LineString","coordinates":[[1.2680751,6.1793099],[1.2697924,6.1814719],[1.2709688,6.1829675],[1.2713236,6.1835322],[1.2714456,6.1839349],[1.2714771,6.1843248],[1.271461,6.1845289]]},"properties":{"fclass":"secondary"}},{"type":"Feature","geometry":{"type":"LineString","coordinates":[[1.2289805,6.1361522],[1.2289922,6.1362152]]},"properties":{"fclass":"trunk"}},{"type":"Feature","geometry":{"type":"LineString","coordinates":[[0.1172809,11.0219224],[0.117287,11.021754]]},"properties":{"fclass":"secondary"}},{"type":"Feature","geometry":{"type":"LineString","coordinates":[[0.117287,11.021754],[0.1173078,11.0211905],[0.1172736,11.020485],[0.1173118,11.0198268],[0.1173393,11.0190402],[0.1173306,11.018311],[0.1174477,11.0150462],[0.1172526,11.0126518],[0.1165777,11.0076874],[0.1154157,11.002057],[0.1144066,10.9965817],[0.1136891,10.9921355]]},"properties":{"fclass":"secondary"}},{"type":"Feature","geometry":{"type":"LineString","coordinates":[[0.1294468,11.0462176],[0.1293991,11.0461103]]},"properties":{"fclass":"secondary"}},{"type":"Feature","geometry":{"type":"LineString","coordinates":[[1.3985348,6.6092447],[1.3983253,6.6089265]]},"properties":{"fclass":"secondary"}},{"type":"Feature","geometry":{"type":"LineString","coordinates":[[1.3991672,6.6091451],[1.3988228,6.6092708]]},"properties":{"fclass":"secondary"}},{"type":"Feature","geometry":{"type":"LineString","coordinates":[[0.0115517,11.1116172],[0.0110077,11.112437],[0.0098853,11.1137457]]},"properties":{"fclass":"trunk"}},{"type":"Feature","geometry":{"type":"LineString","coordinates":[[0.5095309,10.9756],[0.5081852,10.9752415],[0.5067592,10.9745827],[0.5062549,10.9740831]]},"properties":{"fclass":"primary"}},{"type":"Feature","geometry":{"type":"LineString","coordinates":[[1.1344014,6.2125749],[1.1354663,6.2116861],[1.1360536,6.2111848],[1.1364707,6.2108342],[1.1381413,6.2094198],[1.1394078,6.2083783]]},"properties":{"fclass":"trunk"}},{"type":"Feature","geometry":{"type":"LineString","coordinates":[[1.1995931,6.1695137],[1.199587,6.1697265]]},"properties":{"fclass":"secondary"}},{"type":"Feature","geometry":{"type":"LineString","coordinates":[[1.199625,6.1693589],[1.1996369,6.1694553],[1.1995629,6.1695285],[1.1994651,6.1695156],[1.1994136,6.169434],[1.1994431,6.1693424],[1.1995546,6.1693086],[1.199625,6.1693589]]},"properties":{"fclass":"trunk"}},{"type":"Feature","geometry":{"type":"LineString","coordinates":[[1.2019211,6.1666051],[1.2017449,6.167085],[1.2012193,6.1679877],[1.2005514,6.1686517],[1.1996713,6.1693281],[1.199625,6.1693589]]},"properties":{"fclass":"trunk"}},{"type":"Feature","geometry":{"type":"LineString","coordinates":[[1.2021492,6.1657007],[1.2021486,6.1661903],[1.2021524,6.1663561]]},"properties":{"fclass":"trunk"}},{"type":"Feature","geometry":{"type":"LineString","coordinates":[[1.2023627,6.1668814],[1.2021989,6.1665172]]},"properties":{"fclass":"primary"}},{"type":"Feature","geometry":{"type":"LineString","coordinates":[[1.2022029,6.166459],[1.2023237,6.1666136]]},"properties":{"fclass":"primary"}},{"type":"Feature","geometry":{"type":"LineString","coordinates":[[1.2019362,6.1663414],[1.2020494,6.1655436],[1.2020635,6.1653896]]},"properties":{"fclass":"trunk"}},{"type":"Feature","geometry":{"type":"LineString","coordinates":[[1.2022029,6.166459],[1.2021344,6.1666181],[1.201967,6.1666299],[1.2018678,6.1664944],[1.2019362,6.1663414],[1.2021036,6.1663237],[1.2022029,6.166459]]},"properties":{"fclass":"trunk"}},{"type":"Feature","geometry":{"type":"LineString","coordinates":[[1.2347019,6.168841],[1.2346458,6.168807]]},"properties":{"fclass":"secondary"}},{"type":"Feature","geometry":{"type":"LineString","coordinates":[[1.2346483,6.168739],[1.2347036,6.1687733]]},"properties":{"fclass":"secondary"}},{"type":"Feature","geometry":{"type":"LineString","coordinates":[[1.1194803,9.7633072],[1.1189333,9.763315],[1.1160136,9.7633831],[1.113866,9.7634957],[1.1119285,9.7635583],[1.1102891,9.7636312],[1.1086006,9.763803],[1.1070686,9.7639691]]},"properties":{"fclass":"secondary"}},{"type":"Feature","geometry":{"type":"LineString","coordinates":[[1.1196386,9.763306],[1.1194803,9.7633072]]},"properties":{"fclass":"secondary"}},{"type":"Feature","geometry":{"type":"LineString","coordinates":[[0.2982331,10.9627274],[0.2982502,10.9628777]]},"properties":{"fclass":"secondary"}},{"type":"Feature","geometry":{"type":"LineString","coordinates":[[0.3005527,10.9390069],[0.3002753,10.9436258],[0.2986686,10.9491404],[0.2979705,10.9594185],[0.298094,10.961166],[0.2982331,10.9627274]]},"properties":{"fclass":"secondary"}},{"type":"Feature","geometry":{"type":"LineString","coordinates":[[1.1914388,6.2216854],[1.1913991,6.2217697],[1.191311,6.2218014],[1.1912262,6.2217619]]},"properties":{"fclass":"primary"}},{"type":"Feature","geometry":{"type":"LineString","coordinates":[[1.1914388,6.2216854],[1.1918547,6.2225323],[1.1928066,6.2244209],[1.193213,6.2252662]]},"properties":{"fclass":"primary"}},{"type":"Feature","geometry":{"type":"LineString","coordinates":[[1.1930044,6.2253039],[1.192605,6.2245463],[1.1922948,6.2239081],[1.1912262,6.2217619]]},"properties":{"fclass":"primary"}},{"type":"Feature","geometry":{"type":"LineString","coordinates":[[1.192602,6.2252543],[1.1928579,6.2250358]]},"properties":{"fclass":"primary_link"}},{"type":"Feature","geometry":{"type":"LineString","coordinates":[[1.1957348,6.2304524],[1.1957355,6.2305522],[1.19566,6.2306181],[1.1955605,6.2306046],[1.1955056,6.2305209],[1.1955332,6.2304249],[1.1956243,6.2303828],[1.195716,6.2304237],[1.1957348,6.2304524]]},"properties":{"fclass":"primary"}},{"type":"Feature","geometry":{"type":"LineString","coordinates":[[1.1957449,6.2305193],[1.1959313,6.230875],[1.1964054,6.2314122],[1.1968673,6.2318167]]},"properties":{"fclass":"primary"}},{"type":"Feature","geometry":{"type":"LineString","coordinates":[[1.196987,6.2321887],[1.1960426,6.2313021],[1.1957328,6.2309163],[1.1955605,6.2306046]]},"properties":{"fclass":"primary"}},{"type":"Feature","geometry":{"type":"LineString","coordinates":[[1.045049,9.6214642],[1.0449873,9.6214978]]},"properties":{"fclass":"primary"}},{"type":"Feature","geometry":{"type":"LineString","coordinates":[[1.0534456,9.6201372],[1.0513365,9.6205186],[1.0487964,9.6210053],[1.0468554,9.6213616],[1.0456538,9.6214621],[1.045049,9.6214642]]},"properties":{"fclass":"primary"}},{"type":"Feature","geometry":{"type":"LineString","coordinates":[[1.0449873,9.6214978],[1.0436099,9.6216737],[1.0398495,9.6223612],[1.0387686,9.6226124],[1.0377504,9.6230891],[1.0364216,9.6237522],[1.0338628,9.6248263],[1.0303105,9.6263145],[1.0270379,9.6276541],[1.0264092,9.6279258],[1.0256666,9.6283633],[1.0238191,9.6296693],[1.0221871,9.6307705],[1.0215541,9.6308367],[1.0186542,9.6302914],[1.0157503,9.6297702]]},"properties":{"fclass":"primary"}},{"type":"Feature","geometry":{"type":"LineString","coordinates":[[1.0536307,9.6201029],[1.0534456,9.6201372]]},"properties":{"fclass":"primary"}},{"type":"Feature","geometry":{"type":"LineString","coordinates":[[1.1414044,6.2069808],[1.1397679,6.2083211],[1.1359063,6.2115988],[1.1345088,6.2126989]]},"properties":{"fclass":"trunk"}},{"type":"Feature","geometry":{"type":"LineString","coordinates":[[1.1383805,8.0832359],[1.1381069,8.0853956],[1.1376616,8.0891239],[1.1371064,8.0934511],[1.1367966,8.0946806]]},"properties":{"fclass":"trunk"}},{"type":"Feature","geometry":{"type":"LineString","coordinates":[[1.1383838,8.0832008],[1.1383805,8.0832359]]},"properties":{"fclass":"trunk"}},{"type":"Feature","geometry":{"type":"LineString","coordinates":[[1.1367812,8.094733],[1.1350304,8.1013445],[1.1338797,8.1057551],[1.1337751,8.1069262],[1.1338851,8.1079751],[1.1343008,8.1099852],[1.135544,8.1158509],[1.1356392,8.1167006],[1.1356473,8.1179566],[1.1355333,8.1231026],[1.1355025,8.1250542],[1.1355668,8.1261747],[1.1356956,8.1274997],[1.1358297,8.1290929],[1.1358227,8.1305208],[1.1357839,8.1346616]]},"properties":{"fclass":"trunk"}},{"type":"Feature","geometry":{"type":"LineString","coordinates":[[1.1367966,8.0946806],[1.1367812,8.094733]]},"properties":{"fclass":"trunk"}},{"type":"Feature","geometry":{"type":"LineString","coordinates":[[1.2099678,6.3582439],[1.2102516,6.3583116]]},"properties":{"fclass":"trunk"}},{"type":"Feature","geometry":{"type":"LineString","coordinates":[[1.208481,6.3636124],[1.2087603,6.3637536],[1.2088361,6.3637716]]},"properties":{"fclass":"trunk"}},{"type":"Feature","geometry":{"type":"LineString","coordinates":[[1.209362,6.3616996],[1.2090539,6.3615455]]},"properties":{"fclass":"trunk"}},{"type":"Feature","geometry":{"type":"LineString","coordinates":[[1.1690801,6.18265],[1.1691908,6.1827458]]},"properties":{"fclass":"trunk"}},{"type":"Feature","geometry":{"type":"LineString","coordinates":[[0.6867881,8.9941862],[0.686726,8.9940177]]},"properties":{"fclass":"secondary"}},{"type":"Feature","geometry":{"type":"LineString","coordinates":[[0.6886843,9.0152524],[0.6882228,9.0143966],[0.6880896,9.0134712],[0.6881247,9.0128331],[0.6884329,9.0117117],[0.6887791,9.0105254],[0.6890061,9.0095134],[0.6888426,9.008828],[0.6885758,9.0075679],[0.6882683,9.0064197],[0.6877156,9.0040377],[0.6874373,9.0026689],[0.6873496,9.0020906],[0.6872475,9.0009546],[0.6872145,8.9992545],[0.6873196,8.9982305],[0.6874124,8.9969304],[0.687395,8.9960837],[0.6872461,8.9955511],[0.6869122,8.9945651],[0.6867881,8.9941862]]},"properties":{"fclass":"secondary"}},{"type":"Feature","geometry":{"type":"LineString","coordinates":[[1.5977423,8.743639],[1.5978004,8.7435823]]},"properties":{"fclass":"primary"}},{"type":"Feature","geometry":{"type":"LineString","coordinates":[[1.5934238,8.7464212],[1.5942587,8.7460128],[1.5952893,8.7454888],[1.5962859,8.7449821],[1.5968183,8.7446295],[1.5975111,8.743888],[1.5977423,8.743639]]},"properties":{"fclass":"primary"}},{"type":"Feature","geometry":{"type":"LineString","coordinates":[[0.5911184,7.1189489],[0.591002,7.1191392]]},"properties":{"fclass":"secondary_link"}},{"type":"Feature","geometry":{"type":"LineString","coordinates":[[0.590886,7.1190759],[0.5907165,7.1188315]]},"properties":{"fclass":"secondary_link"}},{"type":"Feature","geometry":{"type":"LineString","coordinates":[[0.5909396,7.1188978],[0.591018,7.1190447],[0.590903,7.1193166]]},"properties":{"fclass":"secondary"}},{"type":"Feature","geometry":{"type":"LineString","coordinates":[[0.590903,7.1193166],[0.5909396,7.1188978]]},"properties":{"fclass":"secondary"}},{"type":"Feature","geometry":{"type":"LineString","coordinates":[[1.170609,6.181323],[1.1707042,6.1814112]]},"properties":{"fclass":"trunk"}},{"type":"Feature","geometry":{"type":"LineString","coordinates":[[1.170463,6.1815749],[1.1703761,6.1815052]]},"properties":{"fclass":"trunk"}},{"type":"Feature","geometry":{"type":"LineString","coordinates":[[0.4860023,10.9701909],[0.4978188,10.971786]]},"properties":{"fclass":"primary"}},{"type":"Feature","geometry":{"type":"LineString","coordinates":[[0.4857925,10.9701609],[0.4860023,10.9701909]]},"properties":{"fclass":"primary"}},{"type":"Feature","geometry":{"type":"LineString","coordinates":[[0.1121461,11.0349491],[0.1108643,11.0358154],[0.1104088,11.0361484],[0.1100971,11.0368122],[0.1098273,11.0379033],[0.1093278,11.0403712],[0.109123,11.0411171],[0.1090472,11.0417731],[0.1070926,11.0451396]]},"properties":{"fclass":"secondary"}},{"type":"Feature","geometry":{"type":"LineString","coordinates":[[0.1123894,11.0348116],[0.1121461,11.0349491]]},"properties":{"fclass":"secondary"}},{"type":"Feature","geometry":{"type":"LineString","coordinates":[[0.8128051,9.4543579],[0.8158033,9.4551935],[0.8167394,9.4555837],[0.8184808,9.4566681],[0.8207081,9.4580777],[0.8226492,9.4592795],[0.8271362,9.4620553],[0.8326103,9.4654073],[0.835502,9.4674182],[0.8367996,9.4683625],[0.8379918,9.4691549],[0.8384344,9.4693665],[0.8390607,9.4695742],[0.8405949,9.4698097],[0.8420829,9.4701055],[0.8433147,9.4703785],[0.8440483,9.4706894],[0.8446933,9.4711233],[0.8462128,9.4723072],[0.8470121,9.4727437],[0.8495884,9.473925],[0.8528513,9.4752544],[0.8546081,9.4759529],[0.8594018,9.4778481],[0.8625689,9.4791355],[0.8632891,9.479281],[0.8640911,9.4792413],[0.8648917,9.4789927],[0.8654912,9.4786368],[0.8658755,9.4783381]]},"properties":{"fclass":"primary"}},{"type":"Feature","geometry":{"type":"LineString","coordinates":[[1.1952601,7.9253355],[1.1976412,7.9293575],[1.1980328,7.9303139],[1.1982447,7.9312543],[1.1983118,7.9322798],[1.1982394,7.9331495],[1.1981267,7.9340942],[1.197171,7.9418106],[1.1966676,7.9458996]]},"properties":{"fclass":"trunk"}},{"type":"Feature","geometry":{"type":"LineString","coordinates":[[1.1877621,7.8942315],[1.1877539,7.8944973]]},"properties":{"fclass":"trunk"}},{"type":"Feature","geometry":{"type":"LineString","coordinates":[[1.1951547,7.9251245],[1.1952601,7.9253355]]},"properties":{"fclass":"trunk"}},{"type":"Feature","geometry":{"type":"LineString","coordinates":[[1.1877052,7.8964618],[1.1873495,7.9095866],[1.1874074,7.9107927],[1.1875233,7.9115087],[1.1877884,7.9125293],[1.1882798,7.9136618],[1.1951547,7.9251245]]},"properties":{"fclass":"trunk"}},{"type":"Feature","geometry":{"type":"LineString","coordinates":[[1.1877085,7.89631],[1.1877052,7.8964618]]},"properties":{"fclass":"trunk"}},{"type":"Feature","geometry":{"type":"LineString","coordinates":[[1.1877539,7.8944973],[1.1877085,7.89631]]},"properties":{"fclass":"trunk"}},{"type":"Feature","geometry":{"type":"LineString","coordinates":[[1.1966756,7.9460364],[1.1945937,7.9624341],[1.1943018,7.9647627],[1.1930032,7.9754293],[1.1925435,7.9790165],[1.1922506,7.9811127],[1.1916884,7.9837148]]},"properties":{"fclass":"trunk"}},{"type":"Feature","geometry":{"type":"LineString","coordinates":[[1.1966676,7.9458996],[1.1966756,7.9460364]]},"properties":{"fclass":"trunk"}},{"type":"Feature","geometry":{"type":"LineString","coordinates":[[0.1874287,10.9523869],[0.1874317,10.9521812]]},"properties":{"fclass":"secondary"}},{"type":"Feature","geometry":{"type":"LineString","coordinates":[[0.1878478,10.9569433],[0.1874287,10.9523869]]},"properties":{"fclass":"secondary"}},{"type":"Feature","geometry":{"type":"LineString","coordinates":[[0.1878712,10.9571404],[0.1878478,10.9569433]]},"properties":{"fclass":"secondary"}},{"type":"Feature","geometry":{"type":"LineString","coordinates":[[0.1068291,10.956289],[0.1076764,10.9570662],[0.1081901,10.9592669],[0.1092269,10.9612934],[0.1083116,10.9633474],[0.1082649,10.9684456],[0.108928,10.9710314],[0.1100581,10.9753134],[0.1105251,10.9764779],[0.1115245,10.9790085],[0.1126173,10.9848758],[0.1132119,10.9893577],[0.1136478,10.99191]]},"properties":{"fclass":"secondary"}},{"type":"Feature","geometry":{"type":"LineString","coordinates":[[0.1136478,10.99191],[0.1136891,10.9921355]]},"properties":{"fclass":"secondary"}},{"type":"Feature","geometry":{"type":"LineString","coordinates":[[0.0494312,10.9630125],[0.0449761,10.9656299],[0.0444997,10.9664597],[0.0447706,10.9704759],[0.0445558,10.9735613],[0.0445371,10.9755373],[0.0448126,10.9761516],[0.0451816,10.9794021],[0.0456719,10.9817814],[0.0471196,10.9843991],[0.0474448,10.9857514]]},"properties":{"fclass":"secondary"}},{"type":"Feature","geometry":{"type":"LineString","coordinates":[[0.1887438,10.8907616],[0.1882027,10.8917941],[0.1878221,10.8931182],[0.1872708,10.8951514],[0.1866793,10.896813],[0.1860731,10.8977881],[0.1848076,10.8999155],[0.1836455,10.902251],[0.1837048,10.9029908],[0.1848945,10.905365],[0.1851012,10.9063742],[0.1850898,10.9071228],[0.1854241,10.9088269],[0.1863304,10.9099679],[0.1867461,10.910392],[0.1876956,10.9108739],[0.1894182,10.911721],[0.1902142,10.9120156],[0.1906868,10.9120833]]},"properties":{"fclass":"secondary"}},{"type":"Feature","geometry":{"type":"LineString","coordinates":[[0.1906868,10.9120833],[0.1913274,10.9118916],[0.1921977,10.9115429],[0.1931242,10.9116607],[0.1951882,10.9116733],[0.1961339,10.9117286],[0.1985323,10.9123868],[0.1998257,10.9128245],[0.2014942,10.9133568],[0.202319,10.9137842]]},"properties":{"fclass":"secondary"}},{"type":"Feature","geometry":{"type":"LineString","coordinates":[[0.3248666,10.9105561],[0.324592,10.910893],[0.3245129,10.9109065]]},"properties":{"fclass":"secondary"}},{"type":"Feature","geometry":{"type":"LineString","coordinates":[[1.1895711,6.2074516],[1.1898053,6.2075233]]},"properties":{"fclass":"primary"}},{"type":"Feature","geometry":{"type":"LineString","coordinates":[[1.1897461,6.2077431],[1.1895069,6.207679]]},"properties":{"fclass":"primary"}},{"type":"Feature","geometry":{"type":"LineString","coordinates":[[1.1886176,6.2136759],[1.1884627,6.2137159],[1.1884117,6.2136799]]},"properties":{"fclass":"primary_link"}},{"type":"Feature","geometry":{"type":"LineString","coordinates":[[1.1884198,6.2130138],[1.188578,6.2130153],[1.1886216,6.213048]]},"properties":{"fclass":"primary_link"}},{"type":"Feature","geometry":{"type":"LineString","coordinates":[[1.2227635,6.1650895],[1.2226907,6.1650702]]},"properties":{"fclass":"secondary"}},{"type":"Feature","geometry":{"type":"LineString","coordinates":[[1.2849417,6.1586648],[1.2850436,6.158667],[1.2851141,6.1587402],[1.2851119,6.1588415],[1.2850688,6.1588949],[1.2849698,6.158919],[1.2848827,6.1588665],[1.2848582,6.158781],[1.2848862,6.1587054],[1.2849417,6.1586648]]},"properties":{"fclass":"primary"}},{"type":"Feature","geometry":{"type":"LineString","coordinates":[[1.1135539,6.2301737],[1.1145919,6.2292831],[1.1157587,6.2282905],[1.1183146,6.2261393],[1.1199521,6.224716],[1.1212891,6.2236024],[1.1233494,6.2219052],[1.1248085,6.2206494],[1.1272654,6.2186015],[1.1293575,6.2168257],[1.1320397,6.2145645],[1.1342398,6.2126891]]},"properties":{"fclass":"trunk"}},{"type":"Feature","geometry":{"type":"LineString","coordinates":[[1.1771449,6.1776945],[1.1771802,6.1777537]]},"properties":{"fclass":"trunk_link"}},{"type":"Feature","geometry":{"type":"LineString","coordinates":[[1.176854,6.1779259],[1.1768184,6.17787]]},"properties":{"fclass":"trunk_link"}},{"type":"Feature","geometry":{"type":"LineString","coordinates":[[0.6406697,6.9520035],[0.6410841,6.9527164],[0.6416661,6.9533048],[0.6428309,6.9543609],[0.644131,6.9555893],[0.6445764,6.9562788],[0.6453449,6.9583241],[0.6458357,6.9597006],[0.6461629,6.9608055],[0.6462675,6.961953],[0.646289,6.9629355],[0.646289,6.9641682],[0.6460932,6.9655686],[0.6457204,6.9677811],[0.6455755,6.9687741],[0.6454682,6.9694238],[0.6453985,6.9702818],[0.6455084,6.9707145],[0.6457216,6.9710686],[0.6462409,6.9714886],[0.6473407,6.9722369],[0.6486037,6.9729487],[0.6497558,6.9736809],[0.6509024,6.9750068],[0.651809,6.9764218],[0.6524491,6.977798],[0.652812,6.9785724],[0.6528914,6.9787414]]},"properties":{"fclass":"primary"}},{"type":"Feature","geometry":{"type":"LineString","coordinates":[[0.640604,6.9518298],[0.6406697,6.9520035]]},"properties":{"fclass":"primary"}},{"type":"Feature","geometry":{"type":"LineString","coordinates":[[1.3135283,9.636286],[1.3167132,9.6341327],[1.3174441,9.6327443],[1.3174047,9.6306741],[1.3178657,9.6277004],[1.318352,9.6247738],[1.3180288,9.6227452],[1.3178261,9.6221689]]},"properties":{"fclass":"secondary"}},{"type":"Feature","geometry":{"type":"LineString","coordinates":[[1.3178261,9.6221689],[1.3177757,9.6220388]]},"properties":{"fclass":"secondary"}},{"type":"Feature","geometry":{"type":"LineString","coordinates":[[1.5926608,7.143417],[1.59266,7.1434742],[1.5926064,7.1434953],[1.5925662,7.1434542],[1.5925891,7.1434017],[1.5926467,7.1434026],[1.5926608,7.143417]]},"properties":{"fclass":"secondary"}},{"type":"Feature","geometry":{"type":"LineString","coordinates":[[0.4160053,10.8232569],[0.4155106,10.8218307],[0.413853,10.8197073],[0.4114712,10.8135635],[0.4106665,10.8105917],[0.4107041,10.8084788],[0.410173,10.8067373],[0.4101408,10.8059363],[0.4105056,10.8009305],[0.4099906,10.7982852],[0.4104251,10.7956452],[0.411144,10.793158],[0.4111184,10.7913374],[0.410861,10.7869745],[0.4103323,10.7795039],[0.4104417,10.7776976],[0.4117382,10.7770837],[0.4115372,10.7760432],[0.4112103,10.7748114],[0.4110125,10.7731968],[0.4117474,10.7637688],[0.4123768,10.7609219],[0.4131797,10.7597319],[0.4122517,10.7571865],[0.4074347,10.7494996],[0.4065212,10.7483581]]},"properties":{"fclass":"secondary"}},{"type":"Feature","geometry":{"type":"LineString","coordinates":[[0.416012,10.8233636],[0.4160053,10.8232569]]},"properties":{"fclass":"secondary"}},{"type":"Feature","geometry":{"type":"LineString","coordinates":[[0.566902,10.7518304],[0.5685576,10.7525838],[0.570092,10.7537241],[0.5715063,10.7557627],[0.5733019,10.7586571],[0.5749503,10.7612555],[0.5762243,10.7633991],[0.5769985,10.7657718],[0.577382,10.7669172],[0.5778014,10.7681342],[0.5786705,10.7705874],[0.5816424,10.7767505],[0.5836129,10.7808339],[0.5852446,10.7831453],[0.5855343,10.783862]]},"properties":{"fclass":"primary"}},{"type":"Feature","geometry":{"type":"LineString","coordinates":[[0.5661038,10.7515149],[0.566902,10.7518304]]},"properties":{"fclass":"primary"}},{"type":"Feature","geometry":{"type":"LineString","coordinates":[[1.1963738,6.2003149],[1.1964691,6.200272]]},"properties":{"fclass":"primary"}},{"type":"Feature","geometry":{"type":"LineString","coordinates":[[0.3665441,10.7241762],[0.367739,10.7239937]]},"properties":{"fclass":"primary"}},{"type":"Feature","geometry":{"type":"LineString","coordinates":[[0.3663058,10.7242126],[0.3665441,10.7241762]]},"properties":{"fclass":"primary"}},{"type":"Feature","geometry":{"type":"LineString","coordinates":[[0.3651274,10.7243925],[0.3663058,10.7242126]]},"properties":{"fclass":"primary"}},{"type":"Feature","geometry":{"type":"LineString","coordinates":[[0.3627001,10.7247687],[0.3651274,10.7243925]]},"properties":{"fclass":"primary"}},{"type":"Feature","geometry":{"type":"LineString","coordinates":[[0.3981436,10.7365589],[0.4006132,10.7381083],[0.4012589,10.7384631],[0.4044012,10.73989],[0.4045231,10.7400011]]},"properties":{"fclass":"primary"}},{"type":"Feature","geometry":{"type":"LineString","coordinates":[[0.3979758,10.7364541],[0.3981436,10.7365589]]},"properties":{"fclass":"primary"}},{"type":"Feature","geometry":{"type":"LineString","coordinates":[[0.9563041,9.6404119],[0.955809,9.6425385]]},"properties":{"fclass":"primary"}},{"type":"Feature","geometry":{"type":"LineString","coordinates":[[0.9555478,9.6433914],[0.9554511,9.6437094]]},"properties":{"fclass":"primary"}},{"type":"Feature","geometry":{"type":"LineString","coordinates":[[0.955809,9.6425385],[0.9555478,9.6433914]]},"properties":{"fclass":"primary"}},{"type":"Feature","geometry":{"type":"LineString","coordinates":[[0.4086707,10.9350639],[0.4176521,10.9399435],[0.4208869,10.9416342],[0.4237622,10.9429825]]},"properties":{"fclass":"primary"}},{"type":"Feature","geometry":{"type":"LineString","coordinates":[[0.4085825,10.9350104],[0.4086707,10.9350639]]},"properties":{"fclass":"primary"}},{"type":"Feature","geometry":{"type":"LineString","coordinates":[[0.5590186,10.747809],[0.5602288,10.7487843]]},"properties":{"fclass":"primary"}},{"type":"Feature","geometry":{"type":"LineString","coordinates":[[0.5602288,10.7487843],[0.5610034,10.7492932],[0.5657972,10.7513937],[0.5661038,10.7515149]]},"properties":{"fclass":"primary"}},{"type":"Feature","geometry":{"type":"LineString","coordinates":[[0.5602288,10.7487843],[0.5590186,10.747809]]},"properties":{"fclass":"primary"}},{"type":"Feature","geometry":{"type":"LineString","coordinates":[[0.511289,10.9771087],[0.5097308,10.9757052],[0.5095309,10.9756]]},"properties":{"fclass":"primary"}},{"type":"Feature","geometry":{"type":"LineString","coordinates":[[1.0730958,8.4286609],[1.0768506,8.4280896],[1.0813688,8.4279542],[1.0835815,8.4279384],[1.0876974,8.4277658],[1.0910931,8.4277844],[1.0955751,8.4276995],[1.0980964,8.4276358],[1.1024871,8.4278269],[1.1037907,8.4278787]]},"properties":{"fclass":"secondary"}},{"type":"Feature","geometry":{"type":"LineString","coordinates":[[1.0501417,6.2482704],[1.0489122,6.2495857],[1.0466428,6.2519994],[1.0449993,6.2537465],[1.0433578,6.2555115],[1.0422621,6.2562994],[1.0399165,6.2574845],[1.0391441,6.2581698],[1.0378634,6.2597576],[1.0369419,6.2606906],[1.0358355,6.2618371],[1.0352516,6.2627813]]},"properties":{"fclass":"trunk"}},{"type":"Feature","geometry":{"type":"LineString","coordinates":[[1.0730958,8.4286609],[1.0694182,8.4295382],[1.0642388,8.4290102],[1.0609692,8.42879],[1.0538694,8.42931],[1.0507339,8.4295223],[1.0488483,8.4295329],[1.0462788,8.4295648],[1.0447338,8.4298858],[1.0423279,8.4301339],[1.0350256,8.4306619],[1.0218412,8.4315706],[1.0162783,8.4319473],[1.0103304,8.4323453],[1.0072794,8.4325457],[1.0033594,8.432807],[0.9980801,8.4332042],[0.9948555,8.4334225],[0.9929263,8.4335454],[0.9912058,8.4336337]]},"properties":{"fclass":"secondary"}},{"type":"Feature","geometry":{"type":"LineString","coordinates":[[1.6133185,6.2432874],[1.6130463,6.2425427]]},"properties":{"fclass":"secondary"}},{"type":"Feature","geometry":{"type":"LineString","coordinates":[[1.6133876,6.243488],[1.6133185,6.2432874]]},"properties":{"fclass":"secondary"}},{"type":"Feature","geometry":{"type":"LineString","coordinates":[[1.6306356,6.2401031],[1.6316441,6.2404964]]},"properties":{"fclass":"trunk"}},{"type":"Feature","geometry":{"type":"LineString","coordinates":[[1.630708,6.2406497],[1.6303017,6.2407989],[1.6299684,6.2409411],[1.6277549,6.241087],[1.6274246,6.2408142]]},"properties":{"fclass":"trunk"}},{"type":"Feature","geometry":{"type":"LineString","coordinates":[[1.6273686,6.2404684],[1.627476,6.2405286],[1.6275222,6.2406423],[1.6274871,6.2407597],[1.6273859,6.2408298],[1.6272629,6.2408219],[1.6271716,6.2407394],[1.627152,6.2406184],[1.6272126,6.2405117],[1.6273269,6.2404657],[1.6273686,6.2404684]]},"properties":{"fclass":"trunk"}},{"type":"Feature","geometry":{"type":"LineString","coordinates":[[1.6076139,6.3333161],[1.6077147,6.3307214],[1.6077992,6.3290972],[1.6078026,6.3285386]]},"properties":{"fclass":"secondary"}},{"type":"Feature","geometry":{"type":"LineString","coordinates":[[1.206975,6.1431928],[1.2070333,6.143238]]},"properties":{"fclass":"trunk"}},{"type":"Feature","geometry":{"type":"LineString","coordinates":[[1.2067544,6.143565],[1.2047818,6.1456751],[1.2039206,6.1464064],[1.2035997,6.1467804]]},"properties":{"fclass":"trunk"}},{"type":"Feature","geometry":{"type":"LineString","coordinates":[[1.2070333,6.143238],[1.2067544,6.143565]]},"properties":{"fclass":"trunk"}},{"type":"Feature","geometry":{"type":"LineString","coordinates":[[1.2080332,6.1419274],[1.2085353,6.1414685],[1.2091157,6.1407641],[1.2094845,6.1401434],[1.210444,6.138338],[1.2107225,6.1377551]]},"properties":{"fclass":"trunk"}},{"type":"Feature","geometry":{"type":"LineString","coordinates":[[1.2067394,6.143472],[1.206975,6.1431928]]},"properties":{"fclass":"trunk"}},{"type":"Feature","geometry":{"type":"LineString","coordinates":[[1.206975,6.1431928],[1.2073112,6.1428451]]},"properties":{"fclass":"trunk"}},{"type":"Feature","geometry":{"type":"LineString","coordinates":[[1.2078251,6.1423686],[1.2070333,6.143238]]},"properties":{"fclass":"trunk"}},{"type":"Feature","geometry":{"type":"LineString","coordinates":[[1.2022774,6.1482892],[1.2018281,6.1489052],[1.2016176,6.1493719],[1.2016111,6.1494918]]},"properties":{"fclass":"trunk"}},{"type":"Feature","geometry":{"type":"LineString","coordinates":[[1.2029533,6.1475105],[1.2022774,6.1482892]]},"properties":{"fclass":"trunk"}},{"type":"Feature","geometry":{"type":"LineString","coordinates":[[1.2025952,6.1478318],[1.2029003,6.1474765]]},"properties":{"fclass":"trunk"}},{"type":"Feature","geometry":{"type":"LineString","coordinates":[[1.2015085,6.1494798],[1.2017718,6.1488732],[1.2022191,6.1482485],[1.2025952,6.1478318]]},"properties":{"fclass":"trunk"}},{"type":"Feature","geometry":{"type":"LineString","coordinates":[[1.2029003,6.1474765],[1.20296,6.1474051]]},"properties":{"fclass":"trunk"}},{"type":"Feature","geometry":{"type":"LineString","coordinates":[[1.2030154,6.1474401],[1.2029533,6.1475105]]},"properties":{"fclass":"trunk"}},{"type":"Feature","geometry":{"type":"LineString","coordinates":[[1.2035997,6.1467804],[1.2030154,6.1474401]]},"properties":{"fclass":"trunk"}},{"type":"Feature","geometry":{"type":"LineString","coordinates":[[1.2101853,6.2404287],[1.2102368,6.2400298]]},"properties":{"fclass":"trunk"}},{"type":"Feature","geometry":{"type":"LineString","coordinates":[[1.2101778,6.2404871],[1.2101853,6.2404287]]},"properties":{"fclass":"trunk"}},{"type":"Feature","geometry":{"type":"LineString","coordinates":[[1.2095616,6.2460084],[1.2100391,6.2419423],[1.2101778,6.2404871]]},"properties":{"fclass":"trunk"}},{"type":"Feature","geometry":{"type":"LineString","coordinates":[[1.2104984,6.2388513],[1.2104346,6.2393752]]},"properties":{"fclass":"trunk"}},{"type":"Feature","geometry":{"type":"LineString","coordinates":[[1.2105104,6.238726],[1.2104984,6.2388513]]},"properties":{"fclass":"trunk"}},{"type":"Feature","geometry":{"type":"LineString","coordinates":[[1.210538,6.2383381],[1.2105104,6.238726]]},"properties":{"fclass":"trunk"}},{"type":"Feature","geometry":{"type":"LineString","coordinates":[[1.2102972,6.2394246],[1.2099847,6.2395379]]},"properties":{"fclass":"trunk_link"}},{"type":"Feature","geometry":{"type":"LineString","coordinates":[[1.3018943,6.9691761],[1.3072927,6.9744599],[1.3107613,6.9778789],[1.3129315,6.9800217],[1.3189108,6.9859473],[1.3204343,6.9873592]]},"properties":{"fclass":"secondary"}},{"type":"Feature","geometry":{"type":"LineString","coordinates":[[1.301568,6.9688637],[1.3018943,6.9691761]]},"properties":{"fclass":"secondary"}},{"type":"Feature","geometry":{"type":"LineString","coordinates":[[1.1736487,6.1797282],[1.1736161,6.1796497]]},"properties":{"fclass":"trunk"}},{"type":"Feature","geometry":{"type":"LineString","coordinates":[[1.17464,6.1791705],[1.1745945,6.1790995]]},"properties":{"fclass":"trunk"}},{"type":"Feature","geometry":{"type":"LineString","coordinates":[[1.1744176,6.1792087],[1.1744495,6.1792803]]},"properties":{"fclass":"trunk"}},{"type":"Feature","geometry":{"type":"LineString","coordinates":[[1.2500784,9.3531672],[1.2500163,9.3530878]]},"properties":{"fclass":"secondary"}},{"type":"Feature","geometry":{"type":"LineString","coordinates":[[1.2500163,9.3530878],[1.2491525,9.3527597],[1.2475488,9.3522126],[1.2459142,9.3516549],[1.2453378,9.3514567],[1.2442446,9.3510853],[1.2438154,9.3515233]]},"properties":{"fclass":"secondary"}},{"type":"Feature","geometry":{"type":"LineString","coordinates":[[1.2602131,9.3397683],[1.2591293,9.3393449],[1.2582126,9.3389745],[1.2575302,9.3385255],[1.2568558,9.3379786],[1.2562215,9.3372231],[1.2561766,9.3371553]]},"properties":{"fclass":"trunk"}},{"type":"Feature","geometry":{"type":"LineString","coordinates":[[1.2603217,9.3398133],[1.2602131,9.3397683]]},"properties":{"fclass":"trunk"}},{"type":"Feature","geometry":{"type":"LineString","coordinates":[[1.0423854,9.9597499],[1.0430776,9.9590292],[1.0432514,9.9588665]]},"properties":{"fclass":"trunk"}},{"type":"Feature","geometry":{"type":"LineString","coordinates":[[1.0433407,9.9589715],[1.0423854,9.9597499]]},"properties":{"fclass":"trunk"}},{"type":"Feature","geometry":{"type":"LineString","coordinates":[[1.0435959,9.9587764],[1.0433898,9.9589194]]},"properties":{"fclass":"trunk"}},{"type":"Feature","geometry":{"type":"LineString","coordinates":[[1.0432905,9.9588327],[1.0435255,9.9586887]]},"properties":{"fclass":"trunk"}},{"type":"Feature","geometry":{"type":"LineString","coordinates":[[1.0435959,9.9587764],[1.0435328,9.9587505],[1.0435255,9.9586887]]},"properties":{"fclass":"trunk_link"}},{"type":"Feature","geometry":{"type":"LineString","coordinates":[[1.0433778,9.9588583],[1.0433797,9.9589419],[1.0433113,9.9589749],[1.0432458,9.9589232],[1.0432679,9.9588462],[1.0433535,9.9588371],[1.0433778,9.9588583]]},"properties":{"fclass":"trunk"}},{"type":"Feature","geometry":{"type":"LineString","coordinates":[[1.0439211,9.9584873],[1.04431,9.9583575],[1.0449001,9.9582995]]},"properties":{"fclass":"trunk"}},{"type":"Feature","geometry":{"type":"LineString","coordinates":[[1.0449001,9.9582995],[1.0440948,9.9585458],[1.0439533,9.9586019]]},"properties":{"fclass":"trunk"}},{"type":"Feature","geometry":{"type":"LineString","coordinates":[[0.0909792,10.9060568],[0.091238,10.906145]]},"properties":{"fclass":"secondary"}},{"type":"Feature","geometry":{"type":"LineString","coordinates":[[0.0831378,10.9034402],[0.0863262,10.9043778],[0.0909792,10.9060568]]},"properties":{"fclass":"secondary"}},{"type":"Feature","geometry":{"type":"LineString","coordinates":[[0.0977625,10.9056723],[0.0979382,10.905667]]},"properties":{"fclass":"secondary"}},{"type":"Feature","geometry":{"type":"LineString","coordinates":[[0.091238,10.906145],[0.0929944,10.9064296],[0.0946676,10.9058328],[0.0970666,10.9056987],[0.0977625,10.9056723]]},"properties":{"fclass":"secondary"}},{"type":"Feature","geometry":{"type":"LineString","coordinates":[[0.0830419,10.9034026],[0.0831378,10.9034402]]},"properties":{"fclass":"secondary"}},{"type":"Feature","geometry":{"type":"LineString","coordinates":[[0.0718827,10.8997837],[0.0811288,10.9026698],[0.0830419,10.9034026]]},"properties":{"fclass":"secondary"}},{"type":"Feature","geometry":{"type":"LineString","coordinates":[[1.0439211,9.9584873],[1.0439667,9.9585395],[1.0439533,9.9586019]]},"properties":{"fclass":"trunk_link"}},{"type":"Feature","geometry":{"type":"LineString","coordinates":[[0.8518529,6.3659137],[0.851221,6.3669793],[0.8488902,6.3716296],[0.8460383,6.3774108],[0.8442471,6.3821922],[0.8406865,6.3884641],[0.8395851,6.3905896],[0.8381485,6.3917539],[0.8350763,6.3920373],[0.8275995,6.3921435],[0.8200463,6.3923861],[0.8128434,6.3929513],[0.8099788,6.3937723],[0.8079189,6.3940762],[0.8029086,6.393552],[0.7999659,6.39368]]},"properties":{"fclass":"primary"}},{"type":"Feature","geometry":{"type":"LineString","coordinates":[[0.8815475,6.3277133],[0.8795768,6.3293372],[0.8773506,6.3336558],[0.874743,6.3397346],[0.870625,6.3523674],[0.868907,6.3558778],[0.865139,6.3605886],[0.8610859,6.3614415],[0.8585116,6.362094],[0.8550423,6.3636145],[0.8535057,6.3643707],[0.8522665,6.3653943],[0.8518529,6.3659137]]},"properties":{"fclass":"primary"}},{"type":"Feature","geometry":{"type":"LineString","coordinates":[[1.2014632,6.1556255],[1.2013815,6.1537994],[1.2013802,6.1529287],[1.2013413,6.1516853],[1.2013426,6.1504213],[1.2013775,6.1500446],[1.2014485,6.1496682]]},"properties":{"fclass":"trunk"}},{"type":"Feature","geometry":{"type":"LineString","coordinates":[[1.2073112,6.1428451],[1.2077732,6.1423262],[1.2080332,6.1419274]]},"properties":{"fclass":"trunk"}},{"type":"Feature","geometry":{"type":"LineString","coordinates":[[1.1502469,6.1994813],[1.1486727,6.2008153],[1.1478143,6.2015649],[1.1451222,6.2038587],[1.143579,6.2051369],[1.1414044,6.2069808]]},"properties":{"fclass":"trunk"}},{"type":"Feature","geometry":{"type":"LineString","coordinates":[[1.1623595,6.1890153],[1.160335,6.1908985],[1.1587518,6.1922646],[1.1567704,6.1939577],[1.1555673,6.1949597],[1.1521175,6.1979054],[1.1509753,6.1988866],[1.1502469,6.1994813]]},"properties":{"fclass":"trunk"}},{"type":"Feature","geometry":{"type":"LineString","coordinates":[[1.1402741,6.2076264],[1.1412545,6.2068078],[1.1422107,6.2060025],[1.1442608,6.204254],[1.1453837,6.2032973],[1.1464821,6.2023841],[1.1472344,6.2017601]]},"properties":{"fclass":"trunk"}},{"type":"Feature","geometry":{"type":"LineString","coordinates":[[1.1994651,6.1695156],[1.1988214,6.1696157],[1.1968714,6.1699144],[1.1953506,6.170153],[1.1928006,6.1705816],[1.1926845,6.170601]]},"properties":{"fclass":"trunk"}},{"type":"Feature","geometry":{"type":"LineString","coordinates":[[1.1626461,6.1887862],[1.1623595,6.1890153]]},"properties":{"fclass":"trunk"}},{"type":"Feature","geometry":{"type":"LineString","coordinates":[[1.1627343,6.1884691],[1.1634678,6.187834],[1.1650101,6.1864121],[1.1663183,6.1852421],[1.1671491,6.1844923],[1.1686519,6.1830622]]},"properties":{"fclass":"trunk"}},{"type":"Feature","geometry":{"type":"LineString","coordinates":[[1.1994688,6.1693216],[1.2001585,6.1688697],[1.2011066,6.1679596],[1.2014318,6.1674343],[1.2016631,6.166987],[1.2017879,6.1666863],[1.2018678,6.1664944]]},"properties":{"fclass":"trunk"}},{"type":"Feature","geometry":{"type":"LineString","coordinates":[[1.1925171,6.1705268],[1.1937818,6.1703316],[1.1954305,6.1700502],[1.1979081,6.1696636],[1.198593,6.1695579],[1.1990724,6.1694624],[1.1994688,6.1693216]]},"properties":{"fclass":"trunk"}},{"type":"Feature","geometry":{"type":"LineString","coordinates":[[1.351004,6.1712885],[1.3512889,6.1713853]]},"properties":{"fclass":"trunk"}},{"type":"Feature","geometry":{"type":"LineString","coordinates":[[1.2105574,6.2375021],[1.210538,6.2383381]]},"properties":{"fclass":"trunk"}},{"type":"Feature","geometry":{"type":"LineString","coordinates":[[1.2093004,6.1943598],[1.2090691,6.1952613],[1.208999,6.1957806],[1.2089422,6.196403],[1.2088086,6.1982517],[1.2087066,6.2001402],[1.2086168,6.2021734],[1.2086222,6.2029734],[1.2086624,6.2049586],[1.2086959,6.2067331]]},"properties":{"fclass":"trunk"}},{"type":"Feature","geometry":{"type":"LineString","coordinates":[[1.2096389,6.1943648],[1.2101014,6.1944885],[1.213823,6.1947951],[1.2150313,6.1948991],[1.2155101,6.1949898],[1.2155839,6.1950485]]},"properties":{"fclass":"secondary"}},{"type":"Feature","geometry":{"type":"LineString","coordinates":[[1.2015308,6.1497163],[1.2014472,6.1501906],[1.2014352,6.1507246],[1.2014694,6.1528133],[1.2014846,6.1540646],[1.2015384,6.1555514]]},"properties":{"fclass":"trunk"}},{"type":"Feature","geometry":{"type":"LineString","coordinates":[[1.207995,6.1421524],[1.2078251,6.1423686]]},"properties":{"fclass":"trunk"}},{"type":"Feature","geometry":{"type":"LineString","coordinates":[[1.2442782,6.2101944],[1.2445198,6.210747]]},"properties":{"fclass":"secondary"}},{"type":"Feature","geometry":{"type":"LineString","coordinates":[[1.2103642,6.2400405],[1.2101772,6.2419462],[1.2098211,6.2447985]]},"properties":{"fclass":"trunk"}},{"type":"Feature","geometry":{"type":"LineString","coordinates":[[1.176669,6.250723],[1.1753346,6.2517695],[1.1728234,6.2536363],[1.1709465,6.2549863],[1.1693009,6.2560848],[1.1675736,6.25719],[1.1654896,6.2585284],[1.1633177,6.2599782],[1.162751,6.2604908],[1.1620858,6.2613079],[1.1613774,6.2622112],[1.1610117,6.2626784]]},"properties":{"fclass":"primary"}},{"type":"Feature","geometry":{"type":"LineString","coordinates":[[1.2094335,6.2470542],[1.2095091,6.2464345]]},"properties":{"fclass":"trunk"}},{"type":"Feature","geometry":{"type":"LineString","coordinates":[[1.2093812,6.2475195],[1.2094335,6.2470542]]},"properties":{"fclass":"trunk"}},{"type":"Feature","geometry":{"type":"LineString","coordinates":[[1.2095091,6.2464345],[1.2095616,6.2460084]]},"properties":{"fclass":"trunk"}},{"type":"Feature","geometry":{"type":"LineString","coordinates":[[1.2122458,6.2841089],[1.2125731,6.2860978]]},"properties":{"fclass":"trunk"}},{"type":"Feature","geometry":{"type":"LineString","coordinates":[[1.2117013,6.2790366],[1.2118421,6.2808042],[1.2119173,6.28168],[1.2120748,6.2830458],[1.2121627,6.283573]]},"properties":{"fclass":"trunk"}},{"type":"Feature","geometry":{"type":"LineString","coordinates":[[1.1988172,7.7395584],[1.1991901,7.7402168],[1.1994268,7.740765],[1.1995384,7.7411865],[1.1995573,7.7415258],[1.1995024,7.7419145],[1.1993499,7.7423891],[1.1990806,7.7429124],[1.1966106,7.7469744],[1.1962692,7.747666],[1.1959285,7.7485957],[1.1953588,7.7505821],[1.1950553,7.7511668],[1.1942045,7.7521704],[1.1939209,7.7526304],[1.1936882,7.7531764],[1.1935119,7.7540522],[1.1934458,7.7555631],[1.1934186,7.7563289],[1.193394,7.757047],[1.1933593,7.7577038]]},"properties":{"fclass":"trunk"}},{"type":"Feature","geometry":{"type":"LineString","coordinates":[[1.1892932,7.8566298],[1.188515,7.8731124],[1.1878084,7.8925729],[1.1877621,7.8942315]]},"properties":{"fclass":"trunk"}},{"type":"Feature","geometry":{"type":"LineString","coordinates":[[1.1904612,7.8286264],[1.1900965,7.8364519],[1.1900097,7.8387153],[1.1893708,7.8547599]]},"properties":{"fclass":"trunk"}},{"type":"Feature","geometry":{"type":"LineString","coordinates":[[1.1892952,7.8564883],[1.1892932,7.8566298]]},"properties":{"fclass":"trunk"}},{"type":"Feature","geometry":{"type":"LineString","coordinates":[[1.2271536,6.1927089],[1.2274204,6.1928065]]},"properties":{"fclass":"secondary"}},{"type":"Feature","geometry":{"type":"LineString","coordinates":[[1.2274204,6.1928065],[1.2271432,6.1928753]]},"properties":{"fclass":"secondary"}},{"type":"Feature","geometry":{"type":"LineString","coordinates":[[1.0725885,6.2418522],[1.0684445,6.2417282],[1.0674957,6.2416849]]},"properties":{"fclass":"trunk"}},{"type":"Feature","geometry":{"type":"LineString","coordinates":[[1.0675084,6.241516],[1.0725647,6.2416941]]},"properties":{"fclass":"trunk"}},{"type":"Feature","geometry":{"type":"LineString","coordinates":[[1.0725647,6.2416941],[1.0769244,6.2418203],[1.0788931,6.2418816],[1.0804407,6.2417829],[1.0820501,6.241373],[1.0841154,6.2406977],[1.0868606,6.2397712],[1.0898854,6.2388009],[1.0923269,6.2380074],[1.094897,6.2371675],[1.0970925,6.2364669]]},"properties":{"fclass":"trunk"}},{"type":"Feature","geometry":{"type":"LineString","coordinates":[[1.0674957,6.2416849],[1.066017,6.2416451],[1.0613682,6.2414982],[1.0598842,6.2414309],[1.0581421,6.2414416],[1.0571256,6.2416842],[1.0562297,6.2421108],[1.0554653,6.2427027],[1.0532008,6.2450737],[1.0514071,6.2469182],[1.0501417,6.2482704]]},"properties":{"fclass":"trunk"}},{"type":"Feature","geometry":{"type":"LineString","coordinates":[[1.1834751,9.7386543],[1.1822176,9.7427772],[1.1814496,9.7452152],[1.1812102,9.7459931]]},"properties":{"fclass":"secondary"}},{"type":"Feature","geometry":{"type":"LineString","coordinates":[[0.1315386,11.0270505],[0.1328929,11.0262606],[0.1338497,11.0257026],[0.1345061,11.025316],[0.1352075,11.0248302],[0.1357679,11.0243356],[0.1360041,11.0240839],[0.1364614,11.0235205],[0.1368704,11.0228768],[0.1371538,11.0223096],[0.1373586,11.0218105],[0.1375544,11.0211379],[0.1377158,11.0203932]]},"properties":{"fclass":"trunk"}},{"type":"Feature","geometry":{"type":"LineString","coordinates":[[0.1314676,11.027092],[0.1315386,11.0270505]]},"properties":{"fclass":"trunk"}},{"type":"Feature","geometry":{"type":"LineString","coordinates":[[0.1316742,11.027436],[0.1305768,11.02791],[0.1293754,11.0283123]]},"properties":{"fclass":"secondary"}},{"type":"Feature","geometry":{"type":"LineString","coordinates":[[0.13175,11.0274032],[0.1316742,11.027436]]},"properties":{"fclass":"secondary"}},{"type":"Feature","geometry":{"type":"LineString","coordinates":[[0.7940958,9.2491664],[0.7927969,9.2459842],[0.7921998,9.244377],[0.7913241,9.2420278],[0.7906785,9.2397001],[0.7897261,9.2362369],[0.7892252,9.2328004],[0.7884465,9.2296759],[0.7875845,9.228302],[0.7841601,9.2235089],[0.7831416,9.2219378],[0.7820091,9.2188629],[0.7802111,9.2155445]]},"properties":{"fclass":"secondary"}},{"type":"Feature","geometry":{"type":"LineString","coordinates":[[1.1519651,8.988923],[1.1508761,8.9879939],[1.1503604,8.9875494]]},"properties":{"fclass":"secondary"}},{"type":"Feature","geometry":{"type":"LineString","coordinates":[[1.5112654,9.1406894],[1.513859,9.1386874],[1.5142155,9.1370104],[1.5127249,9.1350592],[1.5110037,9.1328318],[1.5106105,9.1319467],[1.5103309,9.129904],[1.5099395,9.1282735],[1.5094415,9.1264085],[1.5089788,9.1236085],[1.5083898,9.1196581],[1.5078554,9.1179129],[1.5064357,9.1148738],[1.505364,9.1128577],[1.5034212,9.1100216],[1.5024206,9.108161],[1.5012803,9.104866],[1.4999978,9.1013804],[1.4993502,9.0992288],[1.499048,9.0980051]]},"properties":{"fclass":"secondary"}},{"type":"Feature","geometry":{"type":"LineString","coordinates":[[1.5342717,9.1230305],[1.5331721,9.1253492],[1.5228295,9.1324571],[1.5148446,9.137949]]},"properties":{"fclass":"secondary"}},{"type":"Feature","geometry":{"type":"LineString","coordinates":[[1.3808274,8.7985701],[1.3884187,8.7965927],[1.3911331,8.7962693],[1.3948291,8.7962481],[1.3997805,8.7961315],[1.4064645,8.795604],[1.4078754,8.7953071],[1.409061,8.793714],[1.4126229,8.7928287],[1.4215064,8.7899342],[1.4294672,8.7853537],[1.4409685,8.776638],[1.4482856,8.7673919],[1.4584565,8.7653984],[1.4713096,8.7656529],[1.47874,8.758343]]},"properties":{"fclass":"secondary"}},{"type":"Feature","geometry":{"type":"LineString","coordinates":[[1.1017685,8.9559325],[1.1036337,8.9578065],[1.1054856,8.9588706],[1.1069899,8.9613858],[1.109937,8.963998],[1.1111292,8.9654367],[1.1116926,8.9658836]]},"properties":{"fclass":"secondary"}},{"type":"Feature","geometry":{"type":"LineString","coordinates":[[0.6421056,8.0739281],[0.6410929,8.0772245],[0.6403526,8.078317],[0.6405603,8.0796053],[0.6405865,8.0812941],[0.6407402,8.0816821]]},"properties":{"fclass":"secondary"}},{"type":"Feature","geometry":{"type":"LineString","coordinates":[[0.9690676,8.1815969],[0.9685123,8.1820273],[0.9657575,8.1836733],[0.9639741,8.1848345],[0.9632134,8.1852875],[0.9616638,8.1858659]]},"properties":{"fclass":"primary"}},{"type":"Feature","geometry":{"type":"LineString","coordinates":[[1.1244118,8.2315505],[1.1174538,8.2362773],[1.1121659,8.2378508],[1.1051305,8.2378314],[1.0982756,8.2376766],[1.0965191,8.238535]]},"properties":{"fclass":"secondary"}},{"type":"Feature","geometry":{"type":"LineString","coordinates":[[1.1336204,8.2261272],[1.1347809,8.2257246]]},"properties":{"fclass":"secondary"}},{"type":"Feature","geometry":{"type":"LineString","coordinates":[[1.1336204,8.2261272],[1.1313128,8.2275898],[1.1287392,8.2289944],[1.1244118,8.2315505]]},"properties":{"fclass":"secondary"}},{"type":"Feature","geometry":{"type":"LineString","coordinates":[[1.1485213,8.1171846],[1.144767,8.117481],[1.1399433,8.1193177],[1.1365591,8.1181759],[1.1356473,8.1179566]]},"properties":{"fclass":"secondary"}},{"type":"Feature","geometry":{"type":"LineString","coordinates":[[0.8612903,10.8360069],[0.8604694,10.8369574],[0.8597606,10.8381269],[0.8588326,10.8392123],[0.8578203,10.8401262],[0.8576852,10.840251]]},"properties":{"fclass":"primary"}},{"type":"Feature","geometry":{"type":"LineString","coordinates":[[0.3017357,10.5444681],[0.30227,10.5465729],[0.3028474,10.548226],[0.3028132,10.5514365],[0.3031881,10.5561511],[0.3032344,10.5564069]]},"properties":{"fclass":"secondary"}},{"type":"Feature","geometry":{"type":"LineString","coordinates":[[0.3030274,10.5543491],[0.3041146,10.5554306]]},"properties":{"fclass":"secondary"}},{"type":"Feature","geometry":{"type":"LineString","coordinates":[[0.2658205,10.8790481],[0.266752,10.8799493],[0.2664224,10.8837336],[0.2650449,10.8861357]]},"properties":{"fclass":"secondary"}},{"type":"Feature","geometry":{"type":"LineString","coordinates":[[0.5116976,10.9766746],[0.5110505,10.9759097],[0.5097455,10.9756063],[0.5095309,10.9756]]},"properties":{"fclass":"secondary"}},{"type":"Feature","geometry":{"type":"LineString","coordinates":[[0.1334077,10.8286009],[0.1337376,10.8302738],[0.1337403,10.8313671],[0.1336357,10.8319018],[0.1334667,10.8341306],[0.1334788,10.8350592]]},"properties":{"fclass":"secondary"}},{"type":"Feature","geometry":{"type":"LineString","coordinates":[[0.1028358,10.7133695],[0.0985226,10.7194029]]},"properties":{"fclass":"secondary"}},{"type":"Feature","geometry":{"type":"LineString","coordinates":[[0.1742685,10.6586099],[0.1760999,10.6595388],[0.1828006,10.6627932],[0.1896402,10.6651285],[0.192419,10.6646831],[0.1935455,10.6649031],[0.1938634,10.667883],[0.1947311,10.6684602],[0.1975568,10.6698928]]},"properties":{"fclass":"secondary"}},{"type":"Feature","geometry":{"type":"LineString","coordinates":[[0.1811396,10.8885404],[0.1792467,10.8853573],[0.1780872,10.8844142],[0.1772538,10.8839798],[0.1751152,10.8836458],[0.1639688,10.8823994],[0.160812,10.8834823]]},"properties":{"fclass":"secondary"}},{"type":"Feature","geometry":{"type":"LineString","coordinates":[[0.060878,10.8933337],[0.0675889,10.8978112],[0.0718827,10.8997837]]},"properties":{"fclass":"secondary"}},{"type":"Feature","geometry":{"type":"LineString","coordinates":[[0.0529044,11.0213353],[0.052981,11.0182991],[0.0527693,11.0157778]]},"properties":{"fclass":"secondary"}},{"type":"Feature","geometry":{"type":"LineString","coordinates":[[0.0526356,11.1000411],[0.0397074,11.1053893],[0.0311619,11.1051629],[0.0264557,11.1043328]]},"properties":{"fclass":"secondary"}},{"type":"Feature","geometry":{"type":"LineString","coordinates":[[0.2980976,10.9759557],[0.2938856,10.974733],[0.2906446,10.974205],[0.2882261,10.9745018],[0.2846617,10.9753576],[0.2826053,10.9761479],[0.2813609,10.9776973],[0.2802009,10.9782805],[0.2765521,10.9794055],[0.2728646,10.9805032],[0.2707766,10.9814312],[0.2685622,10.9826142],[0.2673865,10.9835829],[0.2651842,10.9859156],[0.2624932,10.9887319],[0.2615174,10.9899581]]},"properties":{"fclass":"secondary"}},{"type":"Feature","geometry":{"type":"LineString","coordinates":[[0.3131364,10.9810736],[0.2980976,10.9759557]]},"properties":{"fclass":"secondary"}},{"type":"Feature","geometry":{"type":"LineString","coordinates":[[0.3397836,10.9642836],[0.3408208,10.966761],[0.3426864,10.9704567],[0.3439285,10.9728769],[0.3453517,10.9762419],[0.3469746,10.9788395],[0.3493113,10.98104],[0.3518764,10.9841702],[0.3534136,10.9853943]]},"properties":{"fclass":"secondary"}},{"type":"Feature","geometry":{"type":"LineString","coordinates":[[1.4962877,6.2253489],[1.4960557,6.2252702]]},"properties":{"fclass":"trunk"}},{"type":"Feature","geometry":{"type":"LineString","coordinates":[[1.5579249,6.2258648],[1.5560728,6.2253329],[1.5531217,6.2244396],[1.5505823,6.2240197],[1.5489647,6.2236877],[1.5477043,6.2231958],[1.5451428,6.2226331],[1.544282,6.2224866],[1.5397194,6.2217226],[1.5354359,6.2209933],[1.533553,6.2207053],[1.5324989,6.2207787],[1.5315253,6.22106],[1.5306442,6.2215372],[1.5295013,6.2222798],[1.5285788,6.2227531],[1.5276723,6.2229998],[1.5263741,6.2230091],[1.5242431,6.2225105],[1.5206945,6.2215906],[1.5189182,6.221112],[1.5176435,6.220896],[1.5163936,6.2210453],[1.5149546,6.2216759],[1.5135947,6.2224865],[1.5127029,6.2230104],[1.5118861,6.2235211],[1.5111887,6.2239104],[1.5097927,6.224533],[1.5088163,6.2248103],[1.5079714,6.2249996],[1.5069924,6.2251049],[1.5062347,6.2251769],[1.5053818,6.2252382],[1.504469,6.2253141],[1.5035807,6.2253782],[1.5029056,6.2254359],[1.5017925,6.2255381],[1.5005659,6.2256408],[1.499793,6.2257168],[1.4988036,6.2257922],[1.4981794,6.2257975],[1.4977348,6.2257462],[1.4970274,6.2255668],[1.4962877,6.2253489]]},"properties":{"fclass":"trunk"}},{"type":"Feature","geometry":{"type":"LineString","coordinates":[[1.5662119,8.0502655],[1.5662488,8.0491941]]},"properties":{"fclass":"secondary"}},{"type":"Feature","geometry":{"type":"LineString","coordinates":[[1.2885873,9.720574],[1.2890192,9.7208531],[1.2906133,9.7214672],[1.2925449,9.7227518],[1.294492,9.7245021],[1.297346,9.7275591],[1.2995985,9.7302831],[1.3019521,9.7331437],[1.307338,9.7375982],[1.3114144,9.7406891],[1.3134728,9.7422551],[1.3156285,9.7438665],[1.3181305,9.74579],[1.322862,9.7492532],[1.3237922,9.7499325],[1.3252869,9.7510102],[1.3262555,9.7515698],[1.3275454,9.7522434],[1.3279131,9.7525085],[1.328031,9.7526891],[1.3280978,9.752998],[1.3280515,9.7534209],[1.3279526,9.7540631],[1.3278453,9.7547962],[1.327643,9.7561051],[1.3275711,9.7566065]]},"properties":{"fclass":"secondary"}},{"type":"Feature","geometry":{"type":"LineString","coordinates":[[1.1698217,9.4486569],[1.1748618,9.448928],[1.1801625,9.449213],[1.1837298,9.4493792],[1.184745,9.4490269],[1.1903013,9.4468792],[1.1913125,9.4465258],[1.1925262,9.4461011],[1.1934328,9.4457664],[1.1943073,9.4454843],[1.1971081,9.444942],[1.1990864,9.4447559],[1.2017101,9.4452823]]},"properties":{"fclass":"secondary"}},{"type":"Feature","geometry":{"type":"LineString","coordinates":[[0.1539984,10.7178994],[0.1537744,10.7178014]]},"properties":{"fclass":"secondary"}},{"type":"Feature","geometry":{"type":"LineString","coordinates":[[1.133738,8.977692],[1.1337601,8.9777456]]},"properties":{"fclass":"secondary"}},{"type":"Feature","geometry":{"type":"LineString","coordinates":[[0.2993405,10.9309228],[0.3005292,10.9375652],[0.3005442,10.9387277]]},"properties":{"fclass":"secondary"}},{"type":"Feature","geometry":{"type":"LineString","coordinates":[[0.0404625,10.7907231],[0.0528422,10.7929599],[0.0615968,10.7954427]]},"properties":{"fclass":"secondary"}},{"type":"Feature","geometry":{"type":"LineString","coordinates":[[1.0438688,9.9585055],[1.0439211,9.9584873]]},"properties":{"fclass":"trunk"}},{"type":"Feature","geometry":{"type":"LineString","coordinates":[[1.0439533,9.9586019],[1.0435959,9.9587764]]},"properties":{"fclass":"trunk"}},{"type":"Feature","geometry":{"type":"LineString","coordinates":[[1.0435255,9.9586887],[1.0438688,9.9585055]]},"properties":{"fclass":"trunk"}},{"type":"Feature","geometry":{"type":"LineString","coordinates":[[1.1933383,6.1704963],[1.1933247,6.1704067]]},"properties":{"fclass":"trunk"}},{"type":"Feature","geometry":{"type":"LineString","coordinates":[[1.1895604,6.171811],[1.1895902,6.1718763]]},"properties":{"fclass":"trunk"}},{"type":"Feature","geometry":{"type":"LineString","coordinates":[[1.189656,6.1717716],[1.1896865,6.1718321]]},"properties":{"fclass":"trunk"}},{"type":"Feature","geometry":{"type":"LineString","coordinates":[[1.1867232,6.1731875],[1.186704,6.1731188]]},"properties":{"fclass":"trunk"}},{"type":"Feature","geometry":{"type":"LineString","coordinates":[[1.1840222,6.1743557],[1.1840509,6.1744212]]},"properties":{"fclass":"trunk"}},{"type":"Feature","geometry":{"type":"LineString","coordinates":[[1.1786642,6.1769382],[1.1786264,6.1768791]]},"properties":{"fclass":"trunk"}},{"type":"Feature","geometry":{"type":"LineString","coordinates":[[1.1785453,6.177005],[1.1785112,6.1769458]]},"properties":{"fclass":"trunk"}},{"type":"Feature","geometry":{"type":"LineString","coordinates":[[1.1829025,6.1748756],[1.1829352,6.1749426]]},"properties":{"fclass":"trunk"}},{"type":"Feature","geometry":{"type":"LineString","coordinates":[[1.1135539,6.2301737],[1.1136028,6.230231],[1.1135773,6.2303016],[1.113503,6.230315],[1.1134542,6.2302577],[1.1134796,6.2301871],[1.1135539,6.2301737]]},"properties":{"fclass":"trunk"}},{"type":"Feature","geometry":{"type":"LineString","coordinates":[[1.0970925,6.2364669],[1.0992987,6.2356884],[1.1020151,6.2348131],[1.1047031,6.2339331],[1.1078241,6.2327883],[1.1108793,6.2314608],[1.113454,6.2302317]]},"properties":{"fclass":"trunk"}},{"type":"Feature","geometry":{"type":"LineString","coordinates":[[1.1142271,6.2296831],[1.1136028,6.230231]]},"properties":{"fclass":"trunk"}},{"type":"Feature","geometry":{"type":"LineString","coordinates":[[1.2096763,6.2460143],[1.2095616,6.2460084]]},"properties":{"fclass":"trunk"}},{"type":"Feature","geometry":{"type":"LineString","coordinates":[[1.2092585,6.2487333],[1.2093946,6.2487606]]},"properties":{"fclass":"trunk"}},{"type":"Feature","geometry":{"type":"LineString","coordinates":[[1.1692822,7.5069664],[1.1692509,7.5068674]]},"properties":{"fclass":"secondary"}},{"type":"Feature","geometry":{"type":"LineString","coordinates":[[1.1771821,6.2501778],[1.1772697,6.2502848]]},"properties":{"fclass":"primary_link"}},{"type":"Feature","geometry":{"type":"LineString","coordinates":[[1.1629488,7.5856978],[1.1650711,7.5895696],[1.1665329,7.5922336],[1.1693412,7.5973675],[1.1698025,7.5983911],[1.1701298,7.5995104],[1.1716694,7.6078797],[1.1718456,7.6088923],[1.17285,7.6143597],[1.1730722,7.6153822],[1.1732457,7.6160431],[1.1736099,7.6172355],[1.1746493,7.6207339],[1.1754325,7.623185],[1.1757517,7.6241846],[1.176154,7.6254341],[1.1769828,7.6279517]]},"properties":{"fclass":"trunk"}},{"type":"Feature","geometry":{"type":"LineString","coordinates":[[1.1629213,7.5856493],[1.1629488,7.5856978]]},"properties":{"fclass":"trunk"}},{"type":"Feature","geometry":{"type":"LineString","coordinates":[[1.1774817,7.6295122],[1.1769828,7.6279517]]},"properties":{"fclass":"trunk"}},{"type":"Feature","geometry":{"type":"LineString","coordinates":[[1.1774817,7.6295122],[1.1806253,7.6391995],[1.1828425,7.6462846],[1.183497,7.6483767],[1.1842704,7.6508804],[1.1878297,7.6604397],[1.1894993,7.6649162]]},"properties":{"fclass":"trunk"}},{"type":"Feature","geometry":{"type":"LineString","coordinates":[[1.1769828,7.6279517],[1.1774817,7.6295122]]},"properties":{"fclass":"trunk"}},{"type":"Feature","geometry":{"type":"LineString","coordinates":[[1.1895436,7.665037],[1.1906433,7.668021],[1.1920381,7.6716893],[1.1926925,7.6730689],[1.1947657,7.6771728],[1.1963859,7.6804028],[1.1967802,7.6813757],[1.1969653,7.6820402],[1.1971691,7.683037],[1.1976838,7.6862998],[1.1981133,7.6891268],[1.1981244,7.6891928]]},"properties":{"fclass":"trunk"}},{"type":"Feature","geometry":{"type":"LineString","coordinates":[[1.1983746,7.6948268],[1.1983559,7.6949819]]},"properties":{"fclass":"trunk"}},{"type":"Feature","geometry":{"type":"LineString","coordinates":[[1.1981378,7.6892726],[1.1982678,7.6902618],[1.1983809,7.6909848],[1.1984971,7.6918311],[1.1985423,7.6926265],[1.1985255,7.6932519],[1.1984109,7.6943862],[1.1983746,7.6948268]]},"properties":{"fclass":"trunk"}},{"type":"Feature","geometry":{"type":"LineString","coordinates":[[1.1981244,7.6891928],[1.1981378,7.6892726]]},"properties":{"fclass":"trunk"}},{"type":"Feature","geometry":{"type":"LineString","coordinates":[[1.1983559,7.6949819],[1.1981936,7.6968808],[1.1978784,7.6999016],[1.1976241,7.7026526],[1.1972262,7.706688],[1.1970216,7.7086899],[1.1968839,7.7101549],[1.1967222,7.7119203]]},"properties":{"fclass":"trunk"}},{"type":"Feature","geometry":{"type":"LineString","coordinates":[[1.1967222,7.7119203],[1.1967149,7.7120009]]},"properties":{"fclass":"trunk"}},{"type":"Feature","geometry":{"type":"LineString","coordinates":[[1.0675084,6.241516],[1.0674957,6.2416849]]},"properties":{"fclass":"trunk"}},{"type":"Feature","geometry":{"type":"LineString","coordinates":[[1.1893677,7.854837],[1.1892952,7.8564883]]},"properties":{"fclass":"trunk"}},{"type":"Feature","geometry":{"type":"LineString","coordinates":[[1.1893708,7.8547599],[1.1893677,7.854837]]},"properties":{"fclass":"trunk"}},{"type":"Feature","geometry":{"type":"LineString","coordinates":[[1.5645406,9.1359635],[1.5539313,9.1352598],[1.5515374,9.1346512],[1.5507537,9.1340119]]},"properties":{"fclass":"secondary"}},{"type":"Feature","geometry":{"type":"LineString","coordinates":[[1.5646371,9.1359823],[1.5645406,9.1359635]]},"properties":{"fclass":"secondary"}},{"type":"Feature","geometry":{"type":"LineString","coordinates":[[1.5743965,9.132017],[1.5703331,9.1345851],[1.5665271,9.1355507],[1.5646371,9.1359823]]},"properties":{"fclass":"secondary"}},{"type":"Feature","geometry":{"type":"LineString","coordinates":[[1.5744145,9.1320063],[1.5743965,9.132017]]},"properties":{"fclass":"secondary"}},{"type":"Feature","geometry":{"type":"LineString","coordinates":[[1.0276723,6.2566047],[1.0278453,6.2565247],[1.0278913,6.256316]]},"properties":{"fclass":"primary_link"}},{"type":"Feature","geometry":{"type":"LineString","coordinates":[[1.1125937,6.1933779],[1.1126188,6.193396]]},"properties":{"fclass":"secondary"}},{"type":"Feature","geometry":{"type":"LineString","coordinates":[[1.1125937,6.1933779],[1.1121727,6.1928165]]},"properties":{"fclass":"secondary"}},{"type":"Feature","geometry":{"type":"LineString","coordinates":[[1.1121727,6.1928165],[1.1125937,6.1933779]]},"properties":{"fclass":"secondary"}},{"type":"Feature","geometry":{"type":"LineString","coordinates":[[1.112949,6.1936699],[1.1124958,6.1937245],[1.1123403,6.1937604]]},"properties":{"fclass":"secondary_link"}},{"type":"Feature","geometry":{"type":"LineString","coordinates":[[1.160335,6.1908985],[1.1601807,6.1907248]]},"properties":{"fclass":"trunk_link"}},{"type":"Feature","geometry":{"type":"LineString","coordinates":[[0.9678966,9.7140115],[0.9670906,9.7131866],[0.965647,9.7123809],[0.9649006,9.7120207],[0.9633981,9.7110862],[0.9623605,9.7104266],[0.9608158,9.709212],[0.9603918,9.7088323],[0.9601696,9.7079595],[0.9599086,9.7064497],[0.9596032,9.705398],[0.9586027,9.7030265],[0.9583982,9.7023558],[0.9579824,9.6994644],[0.9575466,9.6965455],[0.9574226,9.6956528],[0.9571704,9.695013],[0.9560493,9.6931807],[0.9555772,9.6925991],[0.9543192,9.691449],[0.9538928,9.6909413],[0.9532812,9.6897304],[0.9530345,9.6890271],[0.952836,9.6881335],[0.9522888,9.6850559],[0.952557,9.6825335],[0.9519149,9.6798261],[0.9508967,9.6752942],[0.9507485,9.6732093],[0.9514278,9.6695803],[0.9515902,9.6676891],[0.9520205,9.6645737],[0.9527614,9.6625655],[0.9531096,9.661632],[0.9536862,9.6552516],[0.9536567,9.6547043],[0.9533369,9.6534418],[0.9525892,9.6506321],[0.9525329,9.6501059],[0.952735,9.6493831],[0.9541233,9.6460771],[0.954625,9.6449628],[0.9550756,9.6444763],[0.9553412,9.6440902],[0.9554511,9.6437094]]},"properties":{"fclass":"primary"}},{"type":"Feature","geometry":{"type":"LineString","coordinates":[[0.9680063,9.7141145],[0.9678966,9.7140115]]},"properties":{"fclass":"primary"}},{"type":"Feature","geometry":{"type":"LineString","coordinates":[[0.971932,9.7222216],[0.9718113,9.7222665]]},"properties":{"fclass":"secondary"}},{"type":"Feature","geometry":{"type":"LineString","coordinates":[[0.9724948,9.721979],[0.971932,9.7222216]]},"properties":{"fclass":"secondary"}},{"type":"Feature","geometry":{"type":"LineString","coordinates":[[1.1529405,6.2673145],[1.1526854,6.2674524],[1.1525583,6.267563]]},"properties":{"fclass":"primary_link"}},{"type":"Feature","geometry":{"type":"LineString","coordinates":[[1.1523499,6.2675838],[1.1522943,6.2674609],[1.152179,6.2673933]]},"properties":{"fclass":"primary_link"}},{"type":"Feature","geometry":{"type":"LineString","coordinates":[[1.2391913,9.6031566],[1.2386757,9.6033701]]},"properties":{"fclass":"secondary"}},{"type":"Feature","geometry":{"type":"LineString","coordinates":[[1.2391236,9.6025794],[1.239086,9.6022408]]},"properties":{"fclass":"primary"}},{"type":"Feature","geometry":{"type":"LineString","coordinates":[[1.2475169,9.6197406],[1.2462938,9.6173023],[1.2454033,9.615787],[1.2433353,9.6124496],[1.2429183,9.6114864],[1.2411258,9.6071195],[1.2399973,9.6049628],[1.2395668,9.6042025],[1.2392825,9.6034567],[1.2391236,9.6025794]]},"properties":{"fclass":"primary"}},{"type":"Feature","geometry":{"type":"LineString","coordinates":[[1.1792976,9.6631934],[1.1795712,9.6631736]]},"properties":{"fclass":"secondary"}},{"type":"Feature","geometry":{"type":"LineString","coordinates":[[1.1580649,9.6694269],[1.1612751,9.669465],[1.1626289,9.6695196],[1.1633564,9.6698821],[1.1645062,9.6706818],[1.165312,9.6708903],[1.1658812,9.6708653],[1.1677588,9.670281],[1.1691971,9.6695321],[1.1699815,9.669051],[1.1707212,9.6688003],[1.1715142,9.6684946],[1.1724526,9.6680546],[1.1736596,9.6674254],[1.1743334,9.6667706],[1.1747539,9.6663518],[1.1754647,9.6658019],[1.1759913,9.6651521],[1.1761328,9.6645904],[1.1762157,9.6640587],[1.1766578,9.6637633],[1.1772773,9.6634179],[1.1777996,9.6633053],[1.1792976,9.6631934]]},"properties":{"fclass":"secondary"}},{"type":"Feature","geometry":{"type":"LineString","coordinates":[[1.198285,9.6483144],[1.1985793,9.6481948]]},"properties":{"fclass":"secondary"}},{"type":"Feature","geometry":{"type":"LineString","coordinates":[[1.1985759,9.6483173],[1.198285,9.6483144]]},"properties":{"fclass":"secondary"}},{"type":"Feature","geometry":{"type":"LineString","coordinates":[[1.1990997,9.6481854],[1.1987912,9.648323]]},"properties":{"fclass":"secondary"}},{"type":"Feature","geometry":{"type":"LineString","coordinates":[[1.1987503,9.6481545],[1.1990997,9.6481854]]},"properties":{"fclass":"secondary"}},{"type":"Feature","geometry":{"type":"LineString","coordinates":[[1.1987503,9.6481545],[1.1988062,9.6482304],[1.1987912,9.648323],[1.1987142,9.6483781],[1.1986202,9.6483634],[1.1985643,9.6482874],[1.1985793,9.6481948],[1.1986563,9.6481397],[1.1987503,9.6481545]]},"properties":{"fclass":"secondary"}},{"type":"Feature","geometry":{"type":"LineString","coordinates":[[1.1577484,9.6694318],[1.1579968,9.669419],[1.1580649,9.6694269]]},"properties":{"fclass":"secondary"}},{"type":"Feature","geometry":{"type":"LineString","coordinates":[[1.157483,9.6695366],[1.1573112,9.669205]]},"properties":{"fclass":"primary"}},{"type":"Feature","geometry":{"type":"LineString","coordinates":[[1.1579328,9.6699339],[1.1591073,9.671197]]},"properties":{"fclass":"primary"}},{"type":"Feature","geometry":{"type":"LineString","coordinates":[[1.1579328,9.6699339],[1.1576415,9.6697255]]},"properties":{"fclass":"primary"}},{"type":"Feature","geometry":{"type":"LineString","coordinates":[[1.1580649,9.6694269],[1.1578113,9.6695871]]},"properties":{"fclass":"secondary"}},{"type":"Feature","geometry":{"type":"LineString","coordinates":[[1.1573112,9.669205],[1.1576129,9.6694016]]},"properties":{"fclass":"primary"}},{"type":"Feature","geometry":{"type":"LineString","coordinates":[[1.1575412,9.6694357],[1.1576528,9.6693982],[1.1577484,9.6694318],[1.1578126,9.6695477],[1.1577806,9.6696594],[1.1576814,9.6697221],[1.157565,9.6697042],[1.1574899,9.6696147],[1.1574939,9.6694986],[1.1575412,9.6694357]]},"properties":{"fclass":"primary"}},{"type":"Feature","geometry":{"type":"LineString","coordinates":[[1.1577806,9.6696594],[1.1579328,9.6699339]]},"properties":{"fclass":"primary"}},{"type":"Feature","geometry":{"type":"LineString","coordinates":[[1.184557,6.2128865],[1.184404,6.2130411]]},"properties":{"fclass":"secondary"}},{"type":"Feature","geometry":{"type":"LineString","coordinates":[[0.7710546,8.2370092],[0.7713819,8.237057]]},"properties":{"fclass":"primary"}},{"type":"Feature","geometry":{"type":"LineString","coordinates":[[0.7282546,8.2135311],[0.7331389,8.2133433],[0.7344264,8.2134362],[0.7356414,8.2137495],[0.7367948,8.2142645],[0.7377443,8.2149069],[0.7385275,8.2156104],[0.7442915,8.2210896],[0.7462415,8.2228948],[0.7470006,8.2234735],[0.7480895,8.2241212],[0.7523864,8.2259158],[0.7571501,8.2279253],[0.7584107,8.2285969],[0.7593709,8.229234],[0.7635854,8.2323661],[0.7667926,8.2350873],[0.767962,8.2358412],[0.7692119,8.2364677],[0.7704055,8.2368632],[0.7710546,8.2370092]]},"properties":{"fclass":"primary"}},{"type":"Feature","geometry":{"type":"LineString","coordinates":[[0.9695666,8.5512246],[0.9700785,8.5522431]]},"properties":{"fclass":"trunk"}},{"type":"Feature","geometry":{"type":"LineString","coordinates":[[0.9700785,8.5522431],[0.9708523,8.5537206],[0.9710935,8.5541013]]},"properties":{"fclass":"trunk"}},{"type":"Feature","geometry":{"type":"LineString","coordinates":[[1.1562835,7.0403498],[1.1562788,7.040385]]},"properties":{"fclass":"trunk"}},{"type":"Feature","geometry":{"type":"LineString","coordinates":[[1.1596203,7.0242016],[1.1592437,7.0256996],[1.1586005,7.0283801],[1.1581114,7.0305709],[1.1575372,7.0331494],[1.1570666,7.035321],[1.1567402,7.0369477],[1.1565363,7.0381403],[1.1563613,7.0397201],[1.1562835,7.0403498]]},"properties":{"fclass":"trunk"}},{"type":"Feature","geometry":{"type":"LineString","coordinates":[[1.2227634,9.6086573],[1.2224381,9.6088119]]},"properties":{"fclass":"secondary"}},{"type":"Feature","geometry":{"type":"LineString","coordinates":[[1.2386757,9.6033701],[1.2377961,9.6038891],[1.2359102,9.6045285],[1.2339597,9.6050369],[1.2330725,9.6052405],[1.2321069,9.6051915],[1.230249,9.6046014],[1.2286981,9.6038322],[1.2281162,9.6037951],[1.2267821,9.6040438],[1.226469,9.6042102],[1.2260583,9.6047356],[1.2257681,9.6054127],[1.2250759,9.6064592],[1.2240828,9.6075116],[1.2231141,9.6083823],[1.2227634,9.6086573]]},"properties":{"fclass":"secondary"}},{"type":"Feature","geometry":{"type":"LineString","coordinates":[[1.2261581,6.1937535],[1.2244982,6.1953724],[1.2238732,6.1959944]]},"properties":{"fclass":"secondary"}},{"type":"Feature","geometry":{"type":"LineString","coordinates":[[1.2234651,6.1959285],[1.22361,6.1960337],[1.2237795,6.1960283],[1.2238732,6.1959944]]},"properties":{"fclass":"secondary"}},{"type":"Feature","geometry":{"type":"LineString","coordinates":[[1.2270759,6.1929043],[1.2261581,6.1937535]]},"properties":{"fclass":"secondary"}},{"type":"Feature","geometry":{"type":"LineString","coordinates":[[1.2155839,6.1950485],[1.2120674,6.1947752],[1.2100887,6.1946065],[1.2096674,6.1944865]]},"properties":{"fclass":"secondary"}},{"type":"Feature","geometry":{"type":"LineString","coordinates":[[1.2261581,6.1937535],[1.2265353,6.1932645],[1.2269465,6.1927978]]},"properties":{"fclass":"secondary"}},{"type":"Feature","geometry":{"type":"LineString","coordinates":[[0.949473,9.1693047],[0.9517282,9.1695063],[0.9526698,9.169631]]},"properties":{"fclass":"primary"}},{"type":"Feature","geometry":{"type":"LineString","coordinates":[[0.9491917,9.1692821],[0.949473,9.1693047]]},"properties":{"fclass":"primary"}},{"type":"Feature","geometry":{"type":"LineString","coordinates":[[1.008925,8.3454919],[1.0084348,8.3467194],[1.0075356,8.3490392],[1.005832,8.3535832],[1.0049858,8.3559207],[1.003292,8.3604265],[0.9987914,8.3722876],[0.9984443,8.3731211],[0.9980366,8.3737526],[0.9967813,8.3753395],[0.996379,8.3759047],[0.9961349,8.3764328],[0.993171,8.3838017],[0.9928945,8.3847194],[0.9928469,8.3848782]]},"properties":{"fclass":"trunk"}},{"type":"Feature","geometry":{"type":"LineString","coordinates":[[0.9928469,8.3848782],[0.992793,8.3850301]]},"properties":{"fclass":"trunk"}},{"type":"Feature","geometry":{"type":"LineString","coordinates":[[1.1596121,6.2642045],[1.1597332,6.2642851]]},"properties":{"fclass":"primary_link"}},{"type":"Feature","geometry":{"type":"LineString","coordinates":[[1.1968658,9.8129187],[1.1983037,9.8153623],[1.1996224,9.8169753],[1.1997502,9.8171251]]},"properties":{"fclass":"secondary"}},{"type":"Feature","geometry":{"type":"LineString","coordinates":[[1.1966839,9.8126006],[1.1968658,9.8129187]]},"properties":{"fclass":"secondary"}},{"type":"Feature","geometry":{"type":"LineString","coordinates":[[1.1970444,9.812667],[1.1968658,9.8129187]]},"properties":{"fclass":"secondary"}},{"type":"Feature","geometry":{"type":"LineString","coordinates":[[1.1966839,9.8126006],[1.1970444,9.812667]]},"properties":{"fclass":"secondary"}},{"type":"Feature","geometry":{"type":"LineString","coordinates":[[1.2386757,9.6033701],[1.2391671,9.6029767]]},"properties":{"fclass":"secondary"}},{"type":"Feature","geometry":{"type":"LineString","coordinates":[[1.316136,9.7841279],[1.3153845,9.7862414],[1.3142733,9.7878941],[1.3138073,9.7883472]]},"properties":{"fclass":"secondary"}},{"type":"Feature","geometry":{"type":"LineString","coordinates":[[1.3162588,9.7837226],[1.316136,9.7841279]]},"properties":{"fclass":"secondary"}},{"type":"Feature","geometry":{"type":"LineString","coordinates":[[1.2017426,9.225528],[1.2015887,9.2245553]]},"properties":{"fclass":"trunk"}},{"type":"Feature","geometry":{"type":"LineString","coordinates":[[1.2019316,9.2256743],[1.2020808,9.226657]]},"properties":{"fclass":"trunk"}},{"type":"Feature","geometry":{"type":"LineString","coordinates":[[1.2009108,9.2214795],[1.2013574,9.2237425],[1.2015887,9.2245553]]},"properties":{"fclass":"trunk"}},{"type":"Feature","geometry":{"type":"LineString","coordinates":[[0.1280855,11.0453495],[0.1280641,11.0453291]]},"properties":{"fclass":"secondary"}},{"type":"Feature","geometry":{"type":"LineString","coordinates":[[0.1293991,11.0461103],[0.12901,11.04557],[0.128528,11.0455451],[0.1282733,11.0454932],[0.1280855,11.0453495]]},"properties":{"fclass":"secondary"}},{"type":"Feature","geometry":{"type":"LineString","coordinates":[[1.0823102,9.6222687],[1.0797769,9.6222079],[1.077497,9.622151],[1.0766628,9.621999],[1.075598,9.6217372]]},"properties":{"fclass":"primary"}},{"type":"Feature","geometry":{"type":"LineString","coordinates":[[1.0825503,9.6222806],[1.0823102,9.6222687]]},"properties":{"fclass":"primary"}},{"type":"Feature","geometry":{"type":"LineString","coordinates":[[1.1079884,9.624457],[1.1075579,9.6244001]]},"properties":{"fclass":"primary"}},{"type":"Feature","geometry":{"type":"LineString","coordinates":[[1.1134224,9.6246939],[1.1121162,9.6249291],[1.109359,9.6246434],[1.1079884,9.624457]]},"properties":{"fclass":"primary"}},{"type":"Feature","geometry":{"type":"LineString","coordinates":[[0.5688389,9.9721468],[0.5698815,9.9716564],[0.5718221,9.9708566],[0.5730928,9.9704234],[0.5734604,9.9699981],[0.5737236,9.9694739]]},"properties":{"fclass":"primary"}},{"type":"Feature","geometry":{"type":"LineString","coordinates":[[0.5687297,9.9721972],[0.5688389,9.9721468]]},"properties":{"fclass":"primary"}},{"type":"Feature","geometry":{"type":"LineString","coordinates":[[1.0896085,7.5261506],[1.0881863,7.526059]]},"properties":{"fclass":"primary"}},{"type":"Feature","geometry":{"type":"LineString","coordinates":[[1.0858995,7.5263153],[1.0874229,7.5262512]]},"properties":{"fclass":"primary"}},{"type":"Feature","geometry":{"type":"LineString","coordinates":[[1.0874229,7.5262512],[1.0878376,7.5261303]]},"properties":{"fclass":"primary"}},{"type":"Feature","geometry":{"type":"LineString","coordinates":[[1.0881863,7.526059],[1.0878376,7.5261303]]},"properties":{"fclass":"primary"}},{"type":"Feature","geometry":{"type":"LineString","coordinates":[[1.1973152,6.2325642],[1.1973535,6.2324695],[1.197448,6.2324294],[1.1974828,6.2324336]]},"properties":{"fclass":"primary"}},{"type":"Feature","geometry":{"type":"LineString","coordinates":[[1.1974161,6.232692],[1.1973339,6.2326307],[1.1973152,6.2325642]]},"properties":{"fclass":"primary"}},{"type":"Feature","geometry":{"type":"LineString","coordinates":[[1.1974828,6.2324336],[1.1975649,6.2324949],[1.1975787,6.2325269]]},"properties":{"fclass":"primary"}},{"type":"Feature","geometry":{"type":"LineString","coordinates":[[1.2006724,6.2357952],[1.2006918,6.2357045],[1.2007736,6.2356596],[1.2008355,6.2356728]]},"properties":{"fclass":"primary"}},{"type":"Feature","geometry":{"type":"LineString","coordinates":[[1.2007586,6.2358803],[1.2006837,6.235825],[1.2006724,6.2357952]]},"properties":{"fclass":"primary"}},{"type":"Feature","geometry":{"type":"LineString","coordinates":[[1.2008355,6.2356728],[1.2008805,6.2357171]]},"properties":{"fclass":"primary"}},{"type":"Feature","geometry":{"type":"LineString","coordinates":[[1.2049992,6.2396893],[1.2049121,6.2399041]]},"properties":{"fclass":"primary"}},{"type":"Feature","geometry":{"type":"LineString","coordinates":[[1.204693,6.2396962],[1.2047735,6.2394819]]},"properties":{"fclass":"primary"}},{"type":"Feature","geometry":{"type":"LineString","coordinates":[[1.2037474,6.2387566],[1.2027072,6.2377587],[1.2025852,6.2376399]]},"properties":{"fclass":"primary"}},{"type":"Feature","geometry":{"type":"LineString","coordinates":[[1.204046,6.239044],[1.2037474,6.2387566]]},"properties":{"fclass":"primary"}},{"type":"Feature","geometry":{"type":"LineString","coordinates":[[1.2038762,6.238602],[1.204183,6.2388991]]},"properties":{"fclass":"primary"}},{"type":"Feature","geometry":{"type":"LineString","coordinates":[[1.202702,6.2374762],[1.2033986,6.2381527],[1.2038762,6.238602]]},"properties":{"fclass":"primary"}},{"type":"Feature","geometry":{"type":"LineString","coordinates":[[1.2024982,6.2375577],[1.2025155,6.2374677],[1.2025952,6.2374217],[1.2026567,6.2374334]]},"properties":{"fclass":"primary"}},{"type":"Feature","geometry":{"type":"LineString","coordinates":[[1.2025852,6.2376399],[1.20251,6.2375869],[1.2024982,6.2375577]]},"properties":{"fclass":"primary"}},{"type":"Feature","geometry":{"type":"LineString","coordinates":[[1.2026567,6.2374334],[1.202702,6.2374762]]},"properties":{"fclass":"primary"}},{"type":"Feature","geometry":{"type":"LineString","coordinates":[[1.1913825,6.2215774],[1.1914252,6.2216239]]},"properties":{"fclass":"primary"}},{"type":"Feature","geometry":{"type":"LineString","coordinates":[[1.191197,6.221706],[1.1912134,6.2216144],[1.1912903,6.2215611],[1.1913825,6.2215774]]},"properties":{"fclass":"primary"}},{"type":"Feature","geometry":{"type":"LineString","coordinates":[[1.1912079,6.2217359],[1.191197,6.221706]]},"properties":{"fclass":"primary"}},{"type":"Feature","geometry":{"type":"LineString","coordinates":[[1.1912262,6.2217619],[1.1912079,6.2217359]]},"properties":{"fclass":"primary"}},{"type":"Feature","geometry":{"type":"LineString","coordinates":[[1.1914252,6.2216239],[1.1914388,6.2216854]]},"properties":{"fclass":"primary"}},{"type":"Feature","geometry":{"type":"LineString","coordinates":[[1.0753995,9.6216816],[1.0742677,9.6210458],[1.0738514,9.6202054],[1.0737077,9.6196043]]},"properties":{"fclass":"primary"}},{"type":"Feature","geometry":{"type":"LineString","coordinates":[[1.075598,9.6217372],[1.0753995,9.6216816]]},"properties":{"fclass":"primary"}},{"type":"Feature","geometry":{"type":"LineString","coordinates":[[1.0471371,9.9479395],[1.047304,9.9460077],[1.0474965,9.9436318],[1.047467,9.9424958],[1.0472562,9.940397],[1.047121,9.9389477],[1.0470204,9.9379772]]},"properties":{"fclass":"primary"}},{"type":"Feature","geometry":{"type":"LineString","coordinates":[[1.0471331,9.9479949],[1.0471371,9.9479395]]},"properties":{"fclass":"primary"}},{"type":"Feature","geometry":{"type":"LineString","coordinates":[[1.2115545,9.5275926],[1.2114834,9.5276395]]},"properties":{"fclass":"secondary"}},{"type":"Feature","geometry":{"type":"LineString","coordinates":[[1.218278,9.5255055],[1.2162316,9.5254573],[1.2151705,9.5254978],[1.2144199,9.5257316],[1.2136673,9.5262211],[1.212879,9.5267279],[1.2115545,9.5275926]]},"properties":{"fclass":"secondary"}},{"type":"Feature","geometry":{"type":"LineString","coordinates":[[1.1656949,6.1857973],[1.1657765,6.1858835]]},"properties":{"fclass":"trunk"}},{"type":"Feature","geometry":{"type":"LineString","coordinates":[[1.1664343,6.1851228],[1.1665131,6.1852061]]},"properties":{"fclass":"trunk"}},{"type":"Feature","geometry":{"type":"LineString","coordinates":[[1.1672122,6.1845673],[1.1671491,6.1844923]]},"properties":{"fclass":"trunk"}},{"type":"Feature","geometry":{"type":"LineString","coordinates":[[1.1866241,6.1731493],[1.1866497,6.1732155]]},"properties":{"fclass":"trunk"}},{"type":"Feature","geometry":{"type":"LineString","coordinates":[[1.1567199,6.1939975],[1.1566302,6.1939675],[1.1565672,6.1939018],[1.1565505,6.1938416]]},"properties":{"fclass":"trunk_link"}},{"type":"Feature","geometry":{"type":"LineString","coordinates":[[0.892615,7.9392226],[0.8928645,7.9393527]]},"properties":{"fclass":"secondary"}},{"type":"Feature","geometry":{"type":"LineString","coordinates":[[0.8757895,7.9310139],[0.8760372,7.9313669],[0.8772621,7.931953],[0.878756,7.9326703],[0.891589,7.9387146],[0.892615,7.9392226]]},"properties":{"fclass":"secondary"}},{"type":"Feature","geometry":{"type":"LineString","coordinates":[[0.8757453,7.9309103],[0.8757895,7.9310139]]},"properties":{"fclass":"secondary"}},{"type":"Feature","geometry":{"type":"LineString","coordinates":[[0.8541672,7.9240162],[0.8650405,7.927439],[0.874966,7.9296747],[0.8756742,7.9307575],[0.8757453,7.9309103]]},"properties":{"fclass":"secondary"}},{"type":"Feature","geometry":{"type":"LineString","coordinates":[[0.4271123,10.3203025],[0.4258624,10.3192932]]},"properties":{"fclass":"primary"}},{"type":"Feature","geometry":{"type":"LineString","coordinates":[[0.4274529,10.3205704],[0.4271123,10.3203025]]},"properties":{"fclass":"primary"}},{"type":"Feature","geometry":{"type":"LineString","coordinates":[[0.4256384,10.3191243],[0.4194948,10.3141633],[0.4138446,10.3095504],[0.4129989,10.3089516],[0.4122408,10.3087931],[0.4092341,10.3084958],[0.4051767,10.3064749],[0.4026704,10.3051697],[0.4009297,10.304251],[0.399853,10.3036987],[0.3991735,10.3033503],[0.3968961,10.3021722],[0.3959856,10.3016928],[0.3950215,10.3012534],[0.3948842,10.3014159],[0.3948466,10.3018507],[0.3948458,10.3021011],[0.3947841,10.3021757],[0.394713,10.3021216],[0.3941162,10.3013227],[0.3940359,10.301274]]},"properties":{"fclass":"primary"}},{"type":"Feature","geometry":{"type":"LineString","coordinates":[[0.4258624,10.3192932],[0.4256384,10.3191243]]},"properties":{"fclass":"primary"}},{"type":"Feature","geometry":{"type":"LineString","coordinates":[[1.2020808,9.226657],[1.201785,9.2257059]]},"properties":{"fclass":"trunk"}},{"type":"Feature","geometry":{"type":"LineString","coordinates":[[1.201785,9.2257059],[1.2017426,9.225528]]},"properties":{"fclass":"trunk"}},{"type":"Feature","geometry":{"type":"LineString","coordinates":[[1.2015887,9.2245553],[1.2018865,9.225497]]},"properties":{"fclass":"trunk"}},{"type":"Feature","geometry":{"type":"LineString","coordinates":[[1.2018865,9.225497],[1.2019316,9.2256743]]},"properties":{"fclass":"trunk"}},{"type":"Feature","geometry":{"type":"LineString","coordinates":[[1.0661967,6.2416498],[1.0662029,6.2414749]]},"properties":{"fclass":"trunk"}},{"type":"Feature","geometry":{"type":"LineString","coordinates":[[1.0725647,6.2416941],[1.0725885,6.2418522]]},"properties":{"fclass":"trunk"}},{"type":"Feature","geometry":{"type":"LineString","coordinates":[[1.0888377,6.2391548],[1.0888807,6.2392928]]},"properties":{"fclass":"trunk"}},{"type":"Feature","geometry":{"type":"LineString","coordinates":[[0.4714143,10.3582042],[0.4714975,10.3582147]]},"properties":{"fclass":"trunk"}},{"type":"Feature","geometry":{"type":"LineString","coordinates":[[1.1393675,8.1747952],[1.1393961,8.1761706],[1.1395207,8.1801265],[1.1395445,8.1819874],[1.1392911,8.1904697]]},"properties":{"fclass":"trunk"}},{"type":"Feature","geometry":{"type":"LineString","coordinates":[[1.1393353,8.1744421],[1.1393675,8.1747952]]},"properties":{"fclass":"trunk"}},{"type":"Feature","geometry":{"type":"LineString","coordinates":[[1.1676554,9.5041552],[1.1684132,9.505593],[1.1689416,9.5064977],[1.1693814,9.5070427],[1.1701231,9.5076656],[1.1707641,9.5080545],[1.1727308,9.5091495],[1.1737977,9.5097793],[1.1742443,9.5101351],[1.1747043,9.5106086],[1.1759711,9.5123768],[1.1778016,9.5149719]]},"properties":{"fclass":"primary"}},{"type":"Feature","geometry":{"type":"LineString","coordinates":[[1.1675897,9.5040296],[1.1676554,9.5041552]]},"properties":{"fclass":"primary"}},{"type":"Feature","geometry":{"type":"LineString","coordinates":[[1.1670177,9.4990079],[1.1667626,9.5013112],[1.1667851,9.5019],[1.167001,9.5028475],[1.167257,9.5034123],[1.1675897,9.5040296]]},"properties":{"fclass":"primary"}},{"type":"Feature","geometry":{"type":"LineString","coordinates":[[1.1670298,9.4988856],[1.1670177,9.4990079]]},"properties":{"fclass":"primary"}},{"type":"Feature","geometry":{"type":"LineString","coordinates":[[1.1940126,6.1849276],[1.1940935,6.1849327]]},"properties":{"fclass":"secondary"}},{"type":"Feature","geometry":{"type":"LineString","coordinates":[[1.1954912,6.1805953],[1.1953675,6.1806249]]},"properties":{"fclass":"secondary"}},{"type":"Feature","geometry":{"type":"LineString","coordinates":[[1.1964954,6.1781028],[1.1966005,6.1780808]]},"properties":{"fclass":"secondary"}},{"type":"Feature","geometry":{"type":"LineString","coordinates":[[1.1980661,6.1746187],[1.1981452,6.1746421]]},"properties":{"fclass":"secondary"}},{"type":"Feature","geometry":{"type":"LineString","coordinates":[[1.1978271,6.1754334],[1.197745,6.175403]]},"properties":{"fclass":"secondary"}},{"type":"Feature","geometry":{"type":"LineString","coordinates":[[1.4039002,8.1161163],[1.4042891,8.1161721]]},"properties":{"fclass":"secondary"}},{"type":"Feature","geometry":{"type":"LineString","coordinates":[[1.3571495,8.1085327],[1.3599327,8.1097767],[1.3627739,8.1108083],[1.3684387,8.112274],[1.3707001,8.1127868],[1.3735296,8.1130866],[1.3771159,8.1133232],[1.3808389,8.1133975],[1.3823463,8.1137746],[1.3868387,8.1155879],[1.3929917,8.1164907],[1.3958938,8.1166023],[1.4003677,8.1155454],[1.4015187,8.1157555],[1.4031012,8.115952],[1.4039002,8.1161163]]},"properties":{"fclass":"secondary"}},{"type":"Feature","geometry":{"type":"LineString","coordinates":[[0.7773873,10.3829497],[0.7779762,10.3837471],[0.7786675,10.3851877],[0.7801699,10.3885904],[0.782534,10.3946567],[0.7829822,10.3962587],[0.7836166,10.3997637],[0.7845288,10.4043397],[0.7853369,10.4066712],[0.7874682,10.4109551],[0.7886693,10.4133053],[0.7895881,10.4143853],[0.791724,10.4160723],[0.7933857,10.4173827],[0.7942899,10.4181609],[0.7966757,10.4209838],[0.801327,10.4264143],[0.8038066,10.4292745]]},"properties":{"fclass":"secondary"}},{"type":"Feature","geometry":{"type":"LineString","coordinates":[[0.8875783,10.8358786],[0.8888757,10.8336482]]},"properties":{"fclass":"primary"}},{"type":"Feature","geometry":{"type":"LineString","coordinates":[[0.8849555,10.8356509],[0.8874464,10.8360194],[0.8875783,10.8358786]]},"properties":{"fclass":"primary"}},{"type":"Feature","geometry":{"type":"LineString","coordinates":[[1.1157358,9.7777873],[1.1149748,9.7773099],[1.1134158,9.7756872],[1.1125893,9.7737136],[1.1120003,9.7698839],[1.1114135,9.7687657]]},"properties":{"fclass":"secondary"}},{"type":"Feature","geometry":{"type":"LineString","coordinates":[[1.1791393,9.7602026],[1.1791313,9.7604246]]},"properties":{"fclass":"secondary"}},{"type":"Feature","geometry":{"type":"LineString","coordinates":[[1.1800119,9.749656],[1.1797291,9.7516453],[1.1792671,9.7543569],[1.1791393,9.7602026]]},"properties":{"fclass":"secondary"}},{"type":"Feature","geometry":{"type":"LineString","coordinates":[[1.1277475,9.7601966],[1.1237876,9.7622811],[1.1212713,9.7630238],[1.1199711,9.7632914],[1.1196386,9.763306]]},"properties":{"fclass":"secondary"}},{"type":"Feature","geometry":{"type":"LineString","coordinates":[[1.1278448,9.7601504],[1.1277475,9.7601966]]},"properties":{"fclass":"secondary"}},{"type":"Feature","geometry":{"type":"LineString","coordinates":[[1.1671458,9.6850255],[1.1681772,9.6867837],[1.1710533,9.6890303]]},"properties":{"fclass":"primary"}},{"type":"Feature","geometry":{"type":"LineString","coordinates":[[1.1665423,9.6835924],[1.1669782,9.6845152],[1.1670291,9.6846447],[1.1671458,9.6850255]]},"properties":{"fclass":"primary"}},{"type":"Feature","geometry":{"type":"LineString","coordinates":[[1.1671458,9.6850255],[1.1669021,9.6845515],[1.1665423,9.6835924]]},"properties":{"fclass":"primary"}},{"type":"Feature","geometry":{"type":"LineString","coordinates":[[1.2017959,9.4452995],[1.203848,9.445748],[1.2049088,9.4464145],[1.2069754,9.4477573],[1.2086981,9.4488886],[1.2105641,9.4501135],[1.2116933,9.4507843]]},"properties":{"fclass":"secondary"}},{"type":"Feature","geometry":{"type":"LineString","coordinates":[[1.2017101,9.4452823],[1.2017959,9.4452995]]},"properties":{"fclass":"secondary"}},{"type":"Feature","geometry":{"type":"LineString","coordinates":[[1.0890626,9.8692727],[1.0890251,9.8694675]]},"properties":{"fclass":"trunk"}},{"type":"Feature","geometry":{"type":"LineString","coordinates":[[1.0758223,9.8256519],[1.0756646,9.8259841],[1.0748255,9.8286962],[1.0747504,9.8292275],[1.0748101,9.8297741],[1.0755343,9.8316909],[1.0762746,9.833529],[1.0767361,9.8342951],[1.0783684,9.8370246],[1.0795321,9.8389607],[1.0807078,9.8409429],[1.0820722,9.8431757],[1.0834676,9.8454805],[1.0844833,9.846911],[1.0867238,9.8496982],[1.0875124,9.8514529],[1.0889013,9.8550584],[1.089128,9.8559514],[1.0895857,9.8580675],[1.089811,9.8592989],[1.0899839,9.8606316],[1.0903724,9.8634668],[1.0904396,9.8644563],[1.090287,9.8652216],[1.0896943,9.8669756]]},"properties":{"fclass":"trunk"}},{"type":"Feature","geometry":{"type":"LineString","coordinates":[[1.0996547,9.9123065],[1.1002475,9.912749]]},"properties":{"fclass":"secondary"}},{"type":"Feature","geometry":{"type":"LineString","coordinates":[[1.0897989,9.8856204],[1.0899253,9.8862766],[1.090035,9.8868488],[1.0901817,9.8874878],[1.0904398,9.888118],[1.0907561,9.8887309],[1.091163,9.8896373],[1.0913075,9.8901481],[1.0913853,9.8908167],[1.0914913,9.8918648],[1.0915938,9.8928189],[1.0916963,9.8937922],[1.0917918,9.8945687],[1.0919172,9.8954705],[1.092041,9.8964159],[1.092124,9.8972359],[1.0922106,9.8979219],[1.0923184,9.898385],[1.0925287,9.8988934],[1.0928257,9.8994209],[1.0932092,9.8999519],[1.0937023,9.9004533],[1.0943244,9.9010122],[1.0948387,9.9015728],[1.0952492,9.9021749],[1.0955174,9.9026677],[1.0957736,9.9032371],[1.0960096,9.9039703],[1.0961518,9.9046586],[1.0962808,9.9054239],[1.0964186,9.9062453],[1.0965353,9.9070604],[1.0967226,9.9080093],[1.0968921,9.9089046],[1.0970761,9.9095013],[1.0973252,9.9100566],[1.0977048,9.9106458],[1.098268,9.9112417],[1.0989936,9.9118203],[1.0996547,9.9123065]]},"properties":{"fclass":"secondary"}},{"type":"Feature","geometry":{"type":"LineString","coordinates":[[1.0897829,9.8855243],[1.0897989,9.8856204]]},"properties":{"fclass":"secondary"}},{"type":"Feature","geometry":{"type":"LineString","coordinates":[[1.0878396,9.8821804],[1.0884095,9.882839],[1.0889057,9.8835302],[1.0892857,9.8841414],[1.0895278,9.8847577],[1.0897829,9.8855243]]},"properties":{"fclass":"secondary"}},{"type":"Feature","geometry":{"type":"LineString","coordinates":[[1.0896461,9.8671103],[1.0891624,9.8687196],[1.0890626,9.8692727]]},"properties":{"fclass":"trunk"}},{"type":"Feature","geometry":{"type":"LineString","coordinates":[[1.0896943,9.8669756],[1.0896461,9.8671103]]},"properties":{"fclass":"trunk"}},{"type":"Feature","geometry":{"type":"LineString","coordinates":[[0.5842026,9.3939358],[0.5844332,9.3941634]]},"properties":{"fclass":"primary"}},{"type":"Feature","geometry":{"type":"LineString","coordinates":[[0.5841704,9.3938935],[0.5842026,9.3939358]]},"properties":{"fclass":"primary"}},{"type":"Feature","geometry":{"type":"LineString","coordinates":[[0.6055959,9.4173714],[0.6161973,9.4150879],[0.6198263,9.4146248],[0.6213364,9.414474],[0.6221786,9.414593],[0.6226882,9.4149503],[0.6230584,9.4154292],[0.6235557,9.416372],[0.6241888,9.4176825],[0.6242895,9.4181838],[0.6243054,9.418926],[0.6241661,9.4201948],[0.6241795,9.4209224],[0.6244156,9.4216077],[0.6249493,9.4222057],[0.6254992,9.4227376],[0.626595,9.4238186],[0.6273311,9.4243331],[0.6283396,9.4248041],[0.6295011,9.4250661],[0.6492906,9.4289059]]},"properties":{"fclass":"primary"}},{"type":"Feature","geometry":{"type":"LineString","coordinates":[[0.6052861,9.4174376],[0.6055959,9.4173714]]},"properties":{"fclass":"primary"}},{"type":"Feature","geometry":{"type":"LineString","coordinates":[[0.2044474,10.8755154],[0.2044313,10.8754312]]},"properties":{"fclass":"trunk"}},{"type":"Feature","geometry":{"type":"LineString","coordinates":[[0.2735075,10.5708419],[0.2734002,10.5709658]]},"properties":{"fclass":"trunk"}},{"type":"Feature","geometry":{"type":"LineString","coordinates":[[0.3472577,10.5092951],[0.3342837,10.5240555],[0.3299412,10.5289499],[0.3288281,10.5301208],[0.3238983,10.5351767],[0.3174464,10.5418042],[0.3135932,10.5458609],[0.3089319,10.5505775],[0.3032344,10.5564069],[0.3011101,10.5583332],[0.2993292,10.5595619],[0.2976662,10.560316],[0.2955097,10.5610069],[0.2918329,10.56211],[0.2819645,10.5648407],[0.2805349,10.5652889],[0.2793226,10.5658638],[0.2783677,10.5664676],[0.2774101,10.5672876],[0.2735075,10.5708419]]},"properties":{"fclass":"trunk"}},{"type":"Feature","geometry":{"type":"LineString","coordinates":[[0.4509812,10.2026474],[0.4489676,10.1994976],[0.4484906,10.196894],[0.44818,10.1952362],[0.4476598,10.192728],[0.4465375,10.1889567],[0.4462392,10.1873738],[0.4462259,10.1865876],[0.4461221,10.18489],[0.446083,10.1842644],[0.4459738,10.1820229],[0.4458953,10.1808575],[0.4458558,10.1804357],[0.4458967,10.178935],[0.4460919,10.17775],[0.4462849,10.1765967],[0.4465745,10.1748805],[0.4478658,10.1661705],[0.4479934,10.1652173],[0.4483502,10.1600439],[0.4483988,10.1554188],[0.4485638,10.1512428],[0.4490807,10.142976],[0.4496608,10.1306582],[0.4499132,10.126176],[0.4503187,10.1135334],[0.450359,10.111889],[0.4503939,10.109729],[0.4504207,10.1075875],[0.4503355,10.0994001],[0.4497628,10.0875006],[0.4499472,10.0797107],[0.4506332,10.0715393],[0.450997,10.0661997],[0.4517676,10.0553757],[0.4519857,10.0506332],[0.4524472,10.0477571],[0.4535271,10.0457986],[0.4537901,10.0446528],[0.4537696,10.0438991],[0.4538415,10.0432365],[0.4535872,10.0422376],[0.4535539,10.041795],[0.453428,10.0408365],[0.4533176,10.0401689],[0.4534212,10.0391628],[0.4534785,10.0380345],[0.4537003,10.036785],[0.4536309,10.0359631],[0.4536258,10.0350147],[0.4535564,10.0340714],[0.4532303,10.033171],[0.4528938,10.0313425],[0.4524829,10.0291523],[0.4521926,10.027908],[0.4517406,10.0268837],[0.4512954,10.0258477],[0.4510848,10.0255088],[0.4506123,10.024898],[0.4502758,10.0245338],[0.4499882,10.0241671],[0.4496158,10.0235854],[0.4490049,10.0223765],[0.4485184,10.0213891],[0.4481975,10.020733],[0.4478311,10.0200074],[0.4473643,10.0190472]]},"properties":{"fclass":"primary"}},{"type":"Feature","geometry":{"type":"LineString","coordinates":[[1.3755494,6.1779689],[1.376802,6.1782143],[1.3781217,6.1784529],[1.3792536,6.1786676],[1.3799201,6.1787943],[1.3817869,6.1791516],[1.3830368,6.1793983],[1.384567,6.1796849],[1.3858759,6.1799276],[1.3879721,6.1803262],[1.388931,6.1805022]]},"properties":{"fclass":"trunk"}},{"type":"Feature","geometry":{"type":"LineString","coordinates":[[1.2079312,6.1421106],[1.207995,6.1421524]]},"properties":{"fclass":"trunk"}},{"type":"Feature","geometry":{"type":"LineString","coordinates":[[1.2081119,6.2601834],[1.2082386,6.2601935]]},"properties":{"fclass":"trunk"}},{"type":"Feature","geometry":{"type":"LineString","coordinates":[[1.2080743,6.2615419],[1.2082165,6.2615312]]},"properties":{"fclass":"trunk"}},{"type":"Feature","geometry":{"type":"LineString","coordinates":[[1.2337974,9.586782],[1.2332917,9.5848752],[1.2331416,9.584444],[1.2326024,9.5829788],[1.2324228,9.582397],[1.2319208,9.5805172],[1.2316798,9.5798183],[1.2313511,9.5790807],[1.2305278,9.5776509],[1.2295201,9.5759668]]},"properties":{"fclass":"primary"}},{"type":"Feature","geometry":{"type":"LineString","coordinates":[[1.2338631,9.5870874],[1.2337974,9.586782]]},"properties":{"fclass":"primary"}},{"type":"Feature","geometry":{"type":"LineString","coordinates":[[1.2044614,9.6446091],[1.2045083,9.6445272]]},"properties":{"fclass":"secondary"}},{"type":"Feature","geometry":{"type":"LineString","coordinates":[[1.1990997,9.6481854],[1.2000312,9.6480538],[1.2005783,9.6479562],[1.2010538,9.6477731],[1.202778,9.6468129],[1.2039202,9.6455578],[1.2044614,9.6446091]]},"properties":{"fclass":"secondary"}},{"type":"Feature","geometry":{"type":"LineString","coordinates":[[1.2145109,9.6267563],[1.2138069,9.627904],[1.2126725,9.6297717]]},"properties":{"fclass":"secondary"}},{"type":"Feature","geometry":{"type":"LineString","coordinates":[[1.214586,9.6266307],[1.2145109,9.6267563]]},"properties":{"fclass":"secondary"}},{"type":"Feature","geometry":{"type":"LineString","coordinates":[[1.1761363,9.6923616],[1.176435,9.6927119]]},"properties":{"fclass":"primary"}},{"type":"Feature","geometry":{"type":"LineString","coordinates":[[1.1710533,9.6890303],[1.1755008,9.6918377],[1.1761363,9.6923616]]},"properties":{"fclass":"primary"}},{"type":"Feature","geometry":{"type":"LineString","coordinates":[[1.1819013,9.7093875],[1.1819295,9.709494]]},"properties":{"fclass":"primary"}},{"type":"Feature","geometry":{"type":"LineString","coordinates":[[1.176435,9.6927119],[1.1770043,9.693929],[1.1775836,9.6955814],[1.1780825,9.6969959],[1.1787102,9.6988122]]},"properties":{"fclass":"primary"}},{"type":"Feature","geometry":{"type":"LineString","coordinates":[[1.1851435,9.7318246],[1.1850858,9.7327446]]},"properties":{"fclass":"primary"}},{"type":"Feature","geometry":{"type":"LineString","coordinates":[[1.1851475,9.7317268],[1.1851435,9.7318246]]},"properties":{"fclass":"primary"}},{"type":"Feature","geometry":{"type":"LineString","coordinates":[[1.315067,9.6863845],[1.3150415,9.6864968]]},"properties":{"fclass":"secondary"}},{"type":"Feature","geometry":{"type":"LineString","coordinates":[[1.3083792,9.658738],[1.3086879,9.6589324],[1.3096225,9.6599459],[1.3107648,9.6616402],[1.3113334,9.6625258],[1.3126159,9.6644965],[1.3140144,9.6666485],[1.3146973,9.6677271],[1.3151893,9.6687333],[1.3158351,9.6708548],[1.3160555,9.6717114],[1.3163936,9.6739597],[1.3162173,9.6776152],[1.3159588,9.6816081],[1.315885,9.6826036],[1.3157912,9.6834285],[1.3156423,9.6841543],[1.315067,9.6863845]]},"properties":{"fclass":"secondary"}},{"type":"Feature","geometry":{"type":"LineString","coordinates":[[1.2821666,6.1716957],[1.2822675,6.170985]]},"properties":{"fclass":"primary"}},{"type":"Feature","geometry":{"type":"LineString","coordinates":[[0.2110791,10.8568198],[0.2111546,10.8568005]]},"properties":{"fclass":"trunk"}},{"type":"Feature","geometry":{"type":"LineString","coordinates":[[0.2050333,10.8524654],[0.205004,10.8525471]]},"properties":{"fclass":"trunk"}},{"type":"Feature","geometry":{"type":"LineString","coordinates":[[1.2073594,6.3676702],[1.2077774,6.3678342]]},"properties":{"fclass":"trunk"}},{"type":"Feature","geometry":{"type":"LineString","coordinates":[[1.2139692,6.3451402],[1.2136326,6.345027]]},"properties":{"fclass":"trunk"}},{"type":"Feature","geometry":{"type":"LineString","coordinates":[[0.5136001,8.7177007],[0.512886,8.7171638],[0.5114088,8.7157243],[0.506375,8.7062145],[0.5046394,8.7035331],[0.5013751,8.7007836],[0.5004326,8.69775],[0.496766,8.6935916],[0.4909271,8.6913306],[0.4867318,8.6872061],[0.4722264,8.6700831],[0.4698701,8.6636858],[0.4668012,8.6592316],[0.4656744,8.6556092],[0.4642367,8.6516184],[0.4613646,8.6498002],[0.455997,8.6470522],[0.4554149,8.6468904],[0.4550153,8.6464317],[0.4506867,8.6432095],[0.4472161,8.6387693],[0.4466173,8.6381025]]},"properties":{"fclass":"secondary"}},{"type":"Feature","geometry":{"type":"LineString","coordinates":[[0.5136859,8.7177696],[0.5136001,8.7177007]]},"properties":{"fclass":"secondary"}},{"type":"Feature","geometry":{"type":"LineString","coordinates":[[0.6000182,10.8394362],[0.5999538,10.8392281]]},"properties":{"fclass":"primary"}},{"type":"Feature","geometry":{"type":"LineString","coordinates":[[0.6227203,10.8866664],[0.6205336,10.8847946],[0.6194017,10.8834858],[0.6174105,10.8797261],[0.6132003,10.8746044],[0.6108573,10.87149],[0.60744,10.8665267],[0.6018376,10.8501057],[0.601218,10.8458718],[0.6010131,10.8440768],[0.6008765,10.8426817],[0.6005144,10.8413171],[0.6000182,10.8394362]]},"properties":{"fclass":"primary"}},{"type":"Feature","geometry":{"type":"LineString","coordinates":[[0.3397299,10.9641638],[0.3397836,10.9642836]]},"properties":{"fclass":"secondary"}},{"type":"Feature","geometry":{"type":"LineString","coordinates":[[0.3279517,10.9427294],[0.3279998,10.9475437],[0.3287422,10.9499127],[0.3318404,10.9539637],[0.3340962,10.9577296],[0.3369612,10.9617805],[0.3396786,10.9640699],[0.3397299,10.9641638]]},"properties":{"fclass":"secondary"}},{"type":"Feature","geometry":{"type":"LineString","coordinates":[[0.652906,10.0398627],[0.6526353,10.0396077],[0.6510338,10.0382455],[0.6489349,10.0360565],[0.6480374,10.0350909],[0.6457794,10.0331709],[0.6432186,10.0312613],[0.6407853,10.0292785],[0.6386707,10.0269294],[0.638251,10.0262022],[0.6371606,10.0231187],[0.6364807,10.0219392],[0.634914,10.0209111],[0.6316052,10.0181804],[0.6298619,10.0170838],[0.6281556,10.0160995],[0.626977,10.0145882],[0.6249209,10.0124536],[0.6223069,10.0090109],[0.6208724,10.0067768],[0.6185546,10.0034499],[0.6175094,10.0022929],[0.61336,9.9991117],[0.6086585,9.9952014],[0.6069506,9.9933457],[0.603396,9.9896918],[0.5993356,9.9871088],[0.5952395,9.9836323],[0.5906654,9.9795327],[0.5878792,9.9772803],[0.5823741,9.9741574],[0.5799845,9.9728281]]},"properties":{"fclass":"secondary"}},{"type":"Feature","geometry":{"type":"LineString","coordinates":[[0.653345,10.0404899],[0.652906,10.0398627]]},"properties":{"fclass":"secondary"}},{"type":"Feature","geometry":{"type":"LineString","coordinates":[[0.7885217,10.0275418],[0.7885687,10.0275007]]},"properties":{"fclass":"secondary"}},{"type":"Feature","geometry":{"type":"LineString","coordinates":[[1.1130835,9.4002101],[1.1141333,9.4003873],[1.1166847,9.4008331],[1.1184773,9.4011333],[1.1186496,9.4011013]]},"properties":{"fclass":"secondary"}},{"type":"Feature","geometry":{"type":"LineString","coordinates":[[1.3109062,9.4917989],[1.3113343,9.4914629],[1.3121884,9.4913677],[1.314044,9.4915245],[1.3163423,9.4917092],[1.317012,9.491684],[1.317639,9.491253],[1.3186974,9.4902371],[1.3193585,9.4893248],[1.3199941,9.4882082],[1.3206637,9.4875001],[1.3212681,9.486932],[1.3215546,9.4865374],[1.3225023,9.4847407],[1.3226924,9.4842537],[1.3226726,9.4835597],[1.3227066,9.4828041],[1.323311,9.4813152],[1.3243778,9.480039],[1.3253397,9.4787936],[1.3259542,9.4782336],[1.3267166,9.4779209],[1.3275171,9.4779799]]},"properties":{"fclass":"secondary"}},{"type":"Feature","geometry":{"type":"LineString","coordinates":[[1.3106068,9.4920989],[1.3109062,9.4917989]]},"properties":{"fclass":"secondary"}},{"type":"Feature","geometry":{"type":"LineString","coordinates":[[0.7281004,8.2135351],[0.7282546,8.2135311]]},"properties":{"fclass":"primary"}},{"type":"Feature","geometry":{"type":"LineString","coordinates":[[0.7222343,8.213321],[0.7235366,8.2135663],[0.7245854,8.2136486],[0.7281004,8.2135351]]},"properties":{"fclass":"primary"}},{"type":"Feature","geometry":{"type":"LineString","coordinates":[[1.2820074,6.1728477],[1.2821091,6.172862]]},"properties":{"fclass":"primary"}},{"type":"Feature","geometry":{"type":"LineString","coordinates":[[1.2813389,6.1776765],[1.2814294,6.177713]]},"properties":{"fclass":"primary"}},{"type":"Feature","geometry":{"type":"LineString","coordinates":[[1.2541191,9.6407716],[1.2540793,9.6406161]]},"properties":{"fclass":"primary"}},{"type":"Feature","geometry":{"type":"LineString","coordinates":[[1.2548919,9.6424161],[1.2542143,9.6410016],[1.2541191,9.6407716]]},"properties":{"fclass":"primary"}},{"type":"Feature","geometry":{"type":"LineString","coordinates":[[1.2652597,9.6524646],[1.2640902,9.6519781],[1.262607,9.651592],[1.2616736,9.6511874],[1.2608206,9.6505766],[1.2602064,9.6498917],[1.2585998,9.64789],[1.2560731,9.6446772],[1.2548919,9.6424161]]},"properties":{"fclass":"primary"}},{"type":"Feature","geometry":{"type":"LineString","coordinates":[[1.1850302,9.7329493],[1.184957,9.7332482]]},"properties":{"fclass":"secondary"}},{"type":"Feature","geometry":{"type":"LineString","coordinates":[[1.1850858,9.7327446],[1.1850302,9.7329493]]},"properties":{"fclass":"primary"}},{"type":"Feature","geometry":{"type":"LineString","coordinates":[[1.2096971,6.1943871],[1.2096809,6.1944594],[1.2096674,6.1944865]]},"properties":{"fclass":"secondary_link"}},{"type":"Feature","geometry":{"type":"LineString","coordinates":[[1.2096039,6.1944659],[1.2096268,6.1943873],[1.2096389,6.1943648]]},"properties":{"fclass":"secondary_link"}},{"type":"Feature","geometry":{"type":"LineString","coordinates":[[1.1835019,9.7385459],[1.1834751,9.7386543]]},"properties":{"fclass":"secondary"}},{"type":"Feature","geometry":{"type":"LineString","coordinates":[[1.1844447,9.7351556],[1.1838331,9.737347],[1.1835019,9.7385459]]},"properties":{"fclass":"secondary"}},{"type":"Feature","geometry":{"type":"LineString","coordinates":[[1.1844876,9.7350049],[1.1844447,9.7351556]]},"properties":{"fclass":"secondary"}},{"type":"Feature","geometry":{"type":"LineString","coordinates":[[1.184957,9.7332482],[1.1844876,9.7350049]]},"properties":{"fclass":"secondary"}},{"type":"Feature","geometry":{"type":"LineString","coordinates":[[1.1793298,9.7006034],[1.1802547,9.7034524],[1.1808593,9.705726],[1.1816562,9.7085096],[1.1819013,9.7093875]]},"properties":{"fclass":"primary"}},{"type":"Feature","geometry":{"type":"LineString","coordinates":[[1.1793137,9.7005598],[1.1793298,9.7006034]]},"properties":{"fclass":"primary"}},{"type":"Feature","geometry":{"type":"LineString","coordinates":[[1.178737,9.6988942],[1.1791178,9.7000339],[1.1793137,9.7005598]]},"properties":{"fclass":"primary"}},{"type":"Feature","geometry":{"type":"LineString","coordinates":[[1.1787102,9.6988122],[1.178737,9.6988942]]},"properties":{"fclass":"primary"}},{"type":"Feature","geometry":{"type":"LineString","coordinates":[[1.1377716,9.7553229],[1.1375812,9.7553942]]},"properties":{"fclass":"secondary"}},{"type":"Feature","geometry":{"type":"LineString","coordinates":[[1.1432344,9.7527139],[1.1413926,9.7537077],[1.1400166,9.754469],[1.1385924,9.7550717],[1.1377716,9.7553229]]},"properties":{"fclass":"secondary"}},{"type":"Feature","geometry":{"type":"LineString","coordinates":[[1.1232696,9.7083618],[1.120989,9.714104],[1.1202595,9.7159256],[1.119833,9.7168324],[1.118046,9.7202815]]},"properties":{"fclass":"trunk"}},{"type":"Feature","geometry":{"type":"LineString","coordinates":[[1.1232877,9.7083148],[1.1232696,9.7083618]]},"properties":{"fclass":"trunk"}},{"type":"Feature","geometry":{"type":"LineString","coordinates":[[1.1448733,9.6573145],[1.1449254,9.6569019]]},"properties":{"fclass":"primary"}},{"type":"Feature","geometry":{"type":"LineString","coordinates":[[1.1450788,9.6563431],[1.1450817,9.656834]]},"properties":{"fclass":"primary"}},{"type":"Feature","geometry":{"type":"LineString","coordinates":[[1.1449512,9.6567841],[1.1450788,9.6563431]]},"properties":{"fclass":"primary"}},{"type":"Feature","geometry":{"type":"LineString","coordinates":[[1.1450449,9.6569274],[1.1448733,9.6573145]]},"properties":{"fclass":"primary"}},{"type":"Feature","geometry":{"type":"LineString","coordinates":[[1.1450029,9.6567706],[1.1450707,9.6568096],[1.1450787,9.6568866],[1.1450202,9.6569382],[1.1449434,9.6569218],[1.1449117,9.656851],[1.1449512,9.6567841],[1.1450029,9.6567706]]},"properties":{"fclass":"primary"}},{"type":"Feature","geometry":{"type":"LineString","coordinates":[[1.0837331,9.4799728],[1.0893202,9.4769159],[1.0902241,9.4765137],[1.0912085,9.4762756],[1.092107,9.4762174],[1.0930914,9.476318],[1.0965192,9.4768841],[1.1015028,9.4776751],[1.1024201,9.4777863],[1.1032033,9.4778154],[1.1040348,9.4777572],[1.1046457,9.4776878]]},"properties":{"fclass":"primary"}},{"type":"Feature","geometry":{"type":"LineString","coordinates":[[1.0836057,9.480039],[1.0837331,9.4799728]]},"properties":{"fclass":"primary"}},{"type":"Feature","geometry":{"type":"LineString","coordinates":[[1.1345088,6.2126989],[1.1344633,6.2128072],[1.1343899,6.2128399]]},"properties":{"fclass":"trunk"}},{"type":"Feature","geometry":{"type":"LineString","coordinates":[[1.1343899,6.2128399],[1.1342778,6.212801],[1.1342398,6.2126891]]},"properties":{"fclass":"trunk"}},{"type":"Feature","geometry":{"type":"LineString","coordinates":[[1.1342398,6.2126891],[1.1343131,6.2125865],[1.1344435,6.2125913],[1.1345088,6.2126989]]},"properties":{"fclass":"trunk"}},{"type":"Feature","geometry":{"type":"LineString","coordinates":[[1.1502383,6.1991812],[1.1503371,6.1991802],[1.1504011,6.1992382],[1.1504062,6.1993182],[1.1503885,6.1993657]]},"properties":{"fclass":"trunk_link"}},{"type":"Feature","geometry":{"type":"LineString","coordinates":[[1.1502469,6.1994813],[1.1501352,6.1994642],[1.1500977,6.1994039],[1.1501041,6.1993008]]},"properties":{"fclass":"trunk_link"}},{"type":"Feature","geometry":{"type":"LineString","coordinates":[[1.1519227,6.197756],[1.1520457,6.1977777],[1.152108,6.1978443],[1.1521175,6.1979054]]},"properties":{"fclass":"trunk_link"}},{"type":"Feature","geometry":{"type":"LineString","coordinates":[[1.1520186,6.19799],[1.1519531,6.1979863],[1.1518981,6.197943],[1.1518626,6.197877],[1.1518599,6.1978176]]},"properties":{"fclass":"trunk_link"}},{"type":"Feature","geometry":{"type":"LineString","coordinates":[[1.1566425,6.1937565],[1.1567596,6.1937858],[1.1568139,6.1938665],[1.1568133,6.1939221]]},"properties":{"fclass":"trunk_link"}},{"type":"Feature","geometry":{"type":"LineString","coordinates":[[1.1449496,6.2036815],[1.1450424,6.203706],[1.1451128,6.203808],[1.1451222,6.2038587]]},"properties":{"fclass":"trunk_link"}},{"type":"Feature","geometry":{"type":"LineString","coordinates":[[1.1449761,6.2039796],[1.1448982,6.203922],[1.1448553,6.2037833],[1.144864,6.2037573]]},"properties":{"fclass":"trunk_link"}},{"type":"Feature","geometry":{"type":"LineString","coordinates":[[1.1485535,6.2006369],[1.1486413,6.2006462],[1.1486902,6.2006955],[1.1487095,6.20078]]},"properties":{"fclass":"trunk_link"}},{"type":"Feature","geometry":{"type":"LineString","coordinates":[[1.1486372,6.2008453],[1.1485635,6.2008375],[1.1485085,6.2007855],[1.1484984,6.2007155],[1.1485037,6.2006788]]},"properties":{"fclass":"trunk_link"}},{"type":"Feature","geometry":{"type":"LineString","coordinates":[[1.2226753,9.8035034],[1.2245484,9.802508]]},"properties":{"fclass":"secondary"}},{"type":"Feature","geometry":{"type":"LineString","coordinates":[[1.2226364,9.8035242],[1.2226753,9.8035034]]},"properties":{"fclass":"secondary"}},{"type":"Feature","geometry":{"type":"LineString","coordinates":[[1.22458,9.8024908],[1.2248552,9.8023477]]},"properties":{"fclass":"secondary"}},{"type":"Feature","geometry":{"type":"LineString","coordinates":[[1.2245484,9.802508],[1.22458,9.8024908]]},"properties":{"fclass":"secondary"}},{"type":"Feature","geometry":{"type":"LineString","coordinates":[[1.2248552,9.8023477],[1.2248844,9.8023315]]},"properties":{"fclass":"secondary"}},{"type":"Feature","geometry":{"type":"LineString","coordinates":[[1.2074004,9.8099329],[1.2102192,9.8094819],[1.2125699,9.8091259],[1.2139151,9.8085495],[1.215457,9.8076118],[1.2171095,9.806613],[1.2190801,9.8054787],[1.2208135,9.8044985],[1.2226364,9.8035242]]},"properties":{"fclass":"secondary"}},{"type":"Feature","geometry":{"type":"LineString","coordinates":[[1.2071113,9.8099784],[1.2074004,9.8099329]]},"properties":{"fclass":"secondary"}},{"type":"Feature","geometry":{"type":"LineString","coordinates":[[1.1970444,9.812667],[1.1990587,9.8120824],[1.2012881,9.8114343],[1.2034797,9.8107808],[1.2051996,9.8102681],[1.2071113,9.8099784]]},"properties":{"fclass":"secondary"}},{"type":"Feature","geometry":{"type":"LineString","coordinates":[[1.2114834,9.5276395],[1.2095755,9.5288697],[1.2094882,9.5289283]]},"properties":{"fclass":"secondary"}},{"type":"Feature","geometry":{"type":"LineString","coordinates":[[1.269788,9.5157395],[1.2698382,9.51572]]},"properties":{"fclass":"secondary"}},{"type":"Feature","geometry":{"type":"LineString","coordinates":[[1.2617923,9.7978013],[1.2618519,9.7978258]]},"properties":{"fclass":"secondary"}},{"type":"Feature","geometry":{"type":"LineString","coordinates":[[1.2604478,9.7973137],[1.2617923,9.7978013]]},"properties":{"fclass":"secondary"}},{"type":"Feature","geometry":{"type":"LineString","coordinates":[[1.2603499,9.7972767],[1.2604478,9.7973137]]},"properties":{"fclass":"secondary"}},{"type":"Feature","geometry":{"type":"LineString","coordinates":[[1.2510829,9.7954562],[1.2531707,9.7952634],[1.2547796,9.7952446],[1.2587101,9.7966985],[1.2603499,9.7972767]]},"properties":{"fclass":"secondary"}},{"type":"Feature","geometry":{"type":"LineString","coordinates":[[1.2509125,9.7954727],[1.2510829,9.7954562]]},"properties":{"fclass":"secondary"}},{"type":"Feature","geometry":{"type":"LineString","coordinates":[[1.2248844,9.8023315],[1.2289574,9.8000649],[1.2323622,9.7981842],[1.234163,9.797289],[1.2363438,9.7970313],[1.2386703,9.7967285],[1.2411362,9.7963992],[1.2454186,9.7959352],[1.2483023,9.7956954],[1.2509125,9.7954727]]},"properties":{"fclass":"secondary"}},{"type":"Feature","geometry":{"type":"LineString","coordinates":[[1.173681,9.578841],[1.1730269,9.580314],[1.1724399,9.5816656],[1.1719693,9.5827406],[1.1714011,9.5839746],[1.17109,9.5844718],[1.170014,9.5859545]]},"properties":{"fclass":"trunk"}},{"type":"Feature","geometry":{"type":"LineString","coordinates":[[1.1737119,9.5787789],[1.173681,9.578841]]},"properties":{"fclass":"trunk"}},{"type":"Feature","geometry":{"type":"LineString","coordinates":[[1.1883413,9.5614377],[1.1882528,9.5614714]]},"properties":{"fclass":"trunk"}},{"type":"Feature","geometry":{"type":"LineString","coordinates":[[1.1975144,9.550185],[1.197263,9.5506951],[1.1950723,9.554615],[1.1936532,9.5572166],[1.1928293,9.5587192],[1.1924645,9.559327],[1.1921704,9.5596835],[1.1919102,9.5599344],[1.1916116,9.5601589],[1.1908472,9.5605133],[1.1890672,9.5611753],[1.1883413,9.5614377]]},"properties":{"fclass":"trunk"}},{"type":"Feature","geometry":{"type":"LineString","coordinates":[[1.111376,9.7687023],[1.1110294,9.768102],[1.1103485,9.7668196],[1.1094574,9.7653288],[1.1091997,9.7649168]]},"properties":{"fclass":"secondary"}},{"type":"Feature","geometry":{"type":"LineString","coordinates":[[1.1114135,9.7687657],[1.111376,9.7687023]]},"properties":{"fclass":"secondary"}},{"type":"Feature","geometry":{"type":"LineString","coordinates":[[1.1067383,9.9392241],[1.10735,9.9397983],[1.1075474,9.9400279]]},"properties":{"fclass":"secondary"}},{"type":"Feature","geometry":{"type":"LineString","coordinates":[[1.1066127,9.9391007],[1.1067383,9.9392241]]},"properties":{"fclass":"secondary"}},{"type":"Feature","geometry":{"type":"LineString","coordinates":[[1.106673,9.9392905],[1.1065432,9.9391714]]},"properties":{"fclass":"secondary"}},{"type":"Feature","geometry":{"type":"LineString","coordinates":[[1.1075474,9.9400279],[1.1068256,9.9394206],[1.106673,9.9392905]]},"properties":{"fclass":"secondary"}},{"type":"Feature","geometry":{"type":"LineString","coordinates":[[1.1057569,9.9383075],[1.1064687,9.9389636],[1.1066127,9.9391007]]},"properties":{"fclass":"secondary"}},{"type":"Feature","geometry":{"type":"LineString","coordinates":[[1.1057569,9.9383075],[1.1050791,9.9376398],[1.1044542,9.9370046],[1.103833,9.9363621],[1.1032539,9.9358006],[1.1025687,9.9351239],[1.1018891,9.9344761],[1.1013172,9.9339326],[1.1008659,9.9335996],[1.1002648,9.9333387],[1.0997185,9.9331821],[1.0996272,9.9331605]]},"properties":{"fclass":"secondary"}},{"type":"Feature","geometry":{"type":"LineString","coordinates":[[1.1065432,9.9391714],[1.1059579,9.9385818],[1.1057569,9.9383075]]},"properties":{"fclass":"secondary"}},{"type":"Feature","geometry":{"type":"LineString","coordinates":[[1.0449138,9.9127839],[1.0448947,9.9126795]]},"properties":{"fclass":"primary"}},{"type":"Feature","geometry":{"type":"LineString","coordinates":[[1.0453454,9.9146303],[1.0449138,9.9127839]]},"properties":{"fclass":"primary"}},{"type":"Feature","geometry":{"type":"LineString","coordinates":[[1.0450639,9.9127568],[1.0453454,9.9146303]]},"properties":{"fclass":"primary"}},{"type":"Feature","geometry":{"type":"LineString","coordinates":[[1.0450461,9.9126522],[1.0450639,9.9127568]]},"properties":{"fclass":"primary"}},{"type":"Feature","geometry":{"type":"LineString","coordinates":[[1.0446802,9.910955],[1.0443825,9.9096762],[1.0438701,9.9079772],[1.0431284,9.9054173],[1.0424405,9.9033058],[1.0418129,9.9015962],[1.0408848,9.8993635],[1.0406139,9.8983647],[1.0403162,9.8973792],[1.0393077,9.8951491]]},"properties":{"fclass":"primary"}},{"type":"Feature","geometry":{"type":"LineString","coordinates":[[1.0448947,9.9126795],[1.0447016,9.9115706],[1.0446802,9.910955]]},"properties":{"fclass":"primary"}},{"type":"Feature","geometry":{"type":"LineString","coordinates":[[1.0446802,9.910955],[1.0450461,9.9126522]]},"properties":{"fclass":"primary"}},{"type":"Feature","geometry":{"type":"LineString","coordinates":[[0.1976238,10.6699264],[0.2055538,10.6734841]]},"properties":{"fclass":"secondary"}},{"type":"Feature","geometry":{"type":"LineString","coordinates":[[0.1975568,10.6698928],[0.1976238,10.6699264]]},"properties":{"fclass":"secondary"}},{"type":"Feature","geometry":{"type":"LineString","coordinates":[[0.2061827,10.6672333],[0.206168,10.6673281]]},"properties":{"fclass":"trunk"}},{"type":"Feature","geometry":{"type":"LineString","coordinates":[[0.2103522,10.6410775],[0.2093437,10.6427175],[0.2082708,10.6446444],[0.2079195,10.645546],[0.2077559,10.6463921],[0.2073991,10.6499481],[0.2073643,10.651166],[0.207493,10.6524286],[0.207949,10.6553624],[0.2080294,10.6564709],[0.2079597,10.657632],[0.2078283,10.6584597],[0.2069928,10.663062],[0.2063169,10.6665229],[0.2061827,10.6672333]]},"properties":{"fclass":"trunk"}},{"type":"Feature","geometry":{"type":"LineString","coordinates":[[1.1331971,9.6259657],[1.1331944,9.6260331]]},"properties":{"fclass":"trunk"}},{"type":"Feature","geometry":{"type":"LineString","coordinates":[[1.1333498,9.6206405],[1.1331971,9.6259657]]},"properties":{"fclass":"trunk"}},{"type":"Feature","geometry":{"type":"LineString","coordinates":[[1.1415964,9.6278736],[1.1415267,9.6279212]]},"properties":{"fclass":"primary"}},{"type":"Feature","geometry":{"type":"LineString","coordinates":[[1.1454883,9.6242362],[1.144639,9.6255922],[1.1439712,9.6263013],[1.1415964,9.6278736]]},"properties":{"fclass":"primary"}},{"type":"Feature","geometry":{"type":"LineString","coordinates":[[1.1917993,9.5405231],[1.1918339,9.5403329]]},"properties":{"fclass":"secondary"}},{"type":"Feature","geometry":{"type":"LineString","coordinates":[[1.1918808,9.540142],[1.1918339,9.5403329]]},"properties":{"fclass":"secondary"}},{"type":"Feature","geometry":{"type":"LineString","coordinates":[[1.1918645,9.5400391],[1.1919395,9.5399092]]},"properties":{"fclass":"secondary"}},{"type":"Feature","geometry":{"type":"LineString","coordinates":[[1.1919395,9.5399092],[1.1919177,9.5400635]]},"properties":{"fclass":"secondary"}},{"type":"Feature","geometry":{"type":"LineString","coordinates":[[1.1918452,9.5400461],[1.1919038,9.5400485],[1.191924,9.5401028],[1.1918808,9.540142],[1.1918276,9.5401177],[1.19183,9.5400599],[1.1918452,9.5400461]]},"properties":{"fclass":"secondary"}},{"type":"Feature","geometry":{"type":"LineString","coordinates":[[1.1616681,9.600506],[1.1616453,9.6005575]]},"properties":{"fclass":"trunk"}},{"type":"Feature","geometry":{"type":"LineString","coordinates":[[1.1688047,9.587683],[1.1676541,9.5895312],[1.1660929,9.5920251],[1.1652938,9.5933052],[1.1644422,9.5947095],[1.1640573,9.5953892],[1.1636817,9.5961694],[1.1629776,9.5977218],[1.1620429,9.5996815],[1.1616681,9.600506]]},"properties":{"fclass":"trunk"}},{"type":"Feature","geometry":{"type":"LineString","coordinates":[[0.4407298,10.95389],[0.4415539,10.9527308]]},"properties":{"fclass":"secondary"}},{"type":"Feature","geometry":{"type":"LineString","coordinates":[[0.1963356,10.8116974],[0.1962373,10.8117015]]},"properties":{"fclass":"trunk"}},{"type":"Feature","geometry":{"type":"LineString","coordinates":[[0.1964773,10.823025],[0.1965851,10.8230211]]},"properties":{"fclass":"trunk"}},{"type":"Feature","geometry":{"type":"LineString","coordinates":[[0.196577,10.8271537],[0.1966833,10.827218]]},"properties":{"fclass":"trunk"}},{"type":"Feature","geometry":{"type":"LineString","coordinates":[[0.1972076,10.8320276],[0.1973093,10.8320029]]},"properties":{"fclass":"trunk"}},{"type":"Feature","geometry":{"type":"LineString","coordinates":[[0.1978638,10.8347265],[0.1977653,10.834749]]},"properties":{"fclass":"trunk"}},{"type":"Feature","geometry":{"type":"LineString","coordinates":[[0.198566,10.8386036],[0.1986445,10.8385863]]},"properties":{"fclass":"trunk"}},{"type":"Feature","geometry":{"type":"LineString","coordinates":[[0.1658253,11.0765373],[0.165959,11.0758095],[0.166041,11.0754489]]},"properties":{"fclass":"primary"}},{"type":"Feature","geometry":{"type":"LineString","coordinates":[[1.3247705,9.7662308],[1.3247444,9.7662665]]},"properties":{"fclass":"secondary"}},{"type":"Feature","geometry":{"type":"LineString","coordinates":[[1.3248403,9.766125],[1.3247705,9.7662308]]},"properties":{"fclass":"secondary"}},{"type":"Feature","geometry":{"type":"LineString","coordinates":[[1.3248698,9.7660827],[1.3248403,9.766125]]},"properties":{"fclass":"secondary"}},{"type":"Feature","geometry":{"type":"LineString","coordinates":[[1.3275711,9.7566065],[1.3271163,9.7596781],[1.3267951,9.7619393],[1.3266127,9.7631041],[1.3263326,9.763884],[1.3251789,9.7656211],[1.3248698,9.7660827]]},"properties":{"fclass":"secondary"}},{"type":"Feature","geometry":{"type":"LineString","coordinates":[[1.2893211,9.7995788],[1.29071,9.7993122],[1.2934674,9.7990114],[1.2955604,9.7988047],[1.2982919,9.798508],[1.3005939,9.7982515],[1.3032357,9.7981558],[1.3054911,9.7969771],[1.3068522,9.7958763],[1.3087183,9.7933274],[1.310732,9.7912368],[1.3129714,9.7891258],[1.3138073,9.7883472]]},"properties":{"fclass":"secondary"}},{"type":"Feature","geometry":{"type":"LineString","coordinates":[[1.2892715,9.7995874],[1.2893211,9.7995788]]},"properties":{"fclass":"secondary"}},{"type":"Feature","geometry":{"type":"LineString","coordinates":[[1.305289,9.7008454],[1.3049443,9.7011375]]},"properties":{"fclass":"secondary"}},{"type":"Feature","geometry":{"type":"LineString","coordinates":[[1.3150415,9.6864968],[1.3141759,9.6897922],[1.31384,9.6911566],[1.3134508,9.6926586],[1.3130469,9.6936267],[1.312621,9.6943089],[1.3119602,9.6950762],[1.309929,9.6968189],[1.305289,9.7008454]]},"properties":{"fclass":"secondary"}},{"type":"Feature","geometry":{"type":"LineString","coordinates":[[1.2370723,9.2871735],[1.2370777,9.2872214]]},"properties":{"fclass":"trunk"}},{"type":"Feature","geometry":{"type":"LineString","coordinates":[[1.2368537,9.2838573],[1.2369643,9.2852471],[1.2370368,9.2865633],[1.2370723,9.2871735]]},"properties":{"fclass":"trunk"}},{"type":"Feature","geometry":{"type":"LineString","coordinates":[[1.2389528,9.2983296],[1.2389395,9.2984112]]},"properties":{"fclass":"trunk"}},{"type":"Feature","geometry":{"type":"LineString","coordinates":[[1.2370777,9.2872214],[1.2371407,9.2878961],[1.2371247,9.2885473],[1.2370877,9.2895716],[1.2370912,9.2908085],[1.23712,9.2913452],[1.2373091,9.2919322],[1.2378449,9.2932047],[1.2380728,9.2938142],[1.238243,9.2944084],[1.2385408,9.295636],[1.2387803,9.2967153],[1.2389875,9.2975847],[1.2390009,9.2980147],[1.2389528,9.2983296]]},"properties":{"fclass":"trunk"}},{"type":"Feature","geometry":{"type":"LineString","coordinates":[[1.2025751,9.2663007],[1.2025827,9.2663117]]},"properties":{"fclass":"trunk"}},{"type":"Feature","geometry":{"type":"LineString","coordinates":[[1.1973488,9.2584683],[1.1982534,9.2597919],[1.2023444,9.2658541],[1.2025751,9.2663007]]},"properties":{"fclass":"trunk"}},{"type":"Feature","geometry":{"type":"LineString","coordinates":[[1.1972599,9.2584888],[1.1973488,9.2584683]]},"properties":{"fclass":"trunk"}},{"type":"Feature","geometry":{"type":"LineString","coordinates":[[1.2002619,9.2186665],[1.2002086,9.2193001],[1.199866,9.2199982],[1.1979118,9.2219765],[1.1964739,9.2234216],[1.1960975,9.2239753],[1.1951105,9.2258538],[1.1944976,9.2265593],[1.1936353,9.2274317],[1.1930308,9.227888],[1.1919187,9.2286839],[1.191452,9.2291843],[1.1911542,9.2297416],[1.1909276,9.2306298],[1.1904904,9.2333183],[1.1903362,9.2344276],[1.1902275,9.2353754],[1.1902839,9.2362332],[1.1904703,9.2373094],[1.1905387,9.2380056],[1.1905172,9.23878],[1.190367,9.2408437],[1.1902973,9.2419145],[1.1902664,9.2428358],[1.1903463,9.2436778],[1.1906419,9.2456738],[1.1908511,9.2471656],[1.1912079,9.2482073],[1.1920648,9.2504403],[1.1925423,9.2514887],[1.1935307,9.2531472],[1.1954632,9.2558011],[1.1959306,9.256508],[1.1964315,9.2572452],[1.1968399,9.2578707],[1.1972599,9.2584888]]},"properties":{"fclass":"trunk"}},{"type":"Feature","geometry":{"type":"LineString","coordinates":[[1.2164094,9.2504815],[1.2172095,9.2513055],[1.2194378,9.2526509],[1.2208752,9.2538862],[1.2225034,9.2556506]]},"properties":{"fclass":"trunk"}},{"type":"Feature","geometry":{"type":"LineString","coordinates":[[1.216357,9.2503808],[1.2164094,9.2504815]]},"properties":{"fclass":"trunk"}},{"type":"Feature","geometry":{"type":"LineString","coordinates":[[1.2388916,9.2289004],[1.2395011,9.229482],[1.2406405,9.2303872],[1.2415814,9.2314068],[1.2416505,9.2317643],[1.2417346,9.2321297],[1.2420635,9.2327329],[1.2426387,9.2335276],[1.2431672,9.2340944],[1.2437903,9.234414],[1.24496,9.2346248],[1.2462543,9.2347475],[1.2473626,9.2346556],[1.2486706,9.2345567],[1.2499068,9.2343443],[1.2519122,9.2338609],[1.2533216,9.233491]]},"properties":{"fclass":"secondary"}},{"type":"Feature","geometry":{"type":"LineString","coordinates":[[1.2388509,9.2288537],[1.2388916,9.2289004]]},"properties":{"fclass":"secondary"}},{"type":"Feature","geometry":{"type":"LineString","coordinates":[[1.2595265,9.2304234],[1.259693,9.2303308]]},"properties":{"fclass":"secondary"}},{"type":"Feature","geometry":{"type":"LineString","coordinates":[[1.2534359,9.2334621],[1.2542345,9.2332065],[1.2548763,9.2328793],[1.2556594,9.2324513],[1.2565626,9.2319583],[1.2574103,9.2315078],[1.2584456,9.2309774],[1.259051,9.2306712],[1.2595265,9.2304234]]},"properties":{"fclass":"secondary"}},{"type":"Feature","geometry":{"type":"LineString","coordinates":[[1.2653918,9.3426274],[1.2652102,9.3423022],[1.2648327,9.3418183],[1.2641954,9.3412535],[1.2630146,9.3407986],[1.2619218,9.3404486],[1.2615623,9.3403056]]},"properties":{"fclass":"trunk"}},{"type":"Feature","geometry":{"type":"LineString","coordinates":[[1.2654166,9.3426916],[1.2653918,9.3426274]]},"properties":{"fclass":"trunk"}},{"type":"Feature","geometry":{"type":"LineString","coordinates":[[1.2558183,9.3599068],[1.2558947,9.359881]]},"properties":{"fclass":"trunk"}},{"type":"Feature","geometry":{"type":"LineString","coordinates":[[1.2425167,9.362212],[1.2446624,9.3628092],[1.2462399,9.3632377],[1.247368,9.363508],[1.2484851,9.363557],[1.2496412,9.3633532],[1.2511308,9.3626955],[1.2524216,9.3615843],[1.2534298,9.3607762],[1.2546562,9.3602074],[1.2558183,9.3599068]]},"properties":{"fclass":"trunk"}},{"type":"Feature","geometry":{"type":"LineString","coordinates":[[1.2614865,9.3402778],[1.2603217,9.3398133]]},"properties":{"fclass":"trunk"}},{"type":"Feature","geometry":{"type":"LineString","coordinates":[[1.2615623,9.3403056],[1.2614865,9.3402778]]},"properties":{"fclass":"trunk"}},{"type":"Feature","geometry":{"type":"LineString","coordinates":[[1.2345085,9.2686807],[1.2345605,9.2687455]]},"properties":{"fclass":"trunk"}},{"type":"Feature","geometry":{"type":"LineString","coordinates":[[1.2323005,9.2664383],[1.2328605,9.2671953],[1.2337666,9.2678438],[1.2345085,9.2686807]]},"properties":{"fclass":"trunk"}},{"type":"Feature","geometry":{"type":"LineString","coordinates":[[1.2322873,9.2664143],[1.2323005,9.2664383]]},"properties":{"fclass":"trunk"}},{"type":"Feature","geometry":{"type":"LineString","coordinates":[[1.2230122,9.2559752],[1.2245852,9.2566354],[1.2257312,9.2575602],[1.2287276,9.2601208],[1.230931,9.261475],[1.2319474,9.2627997],[1.2321891,9.2640307],[1.2319579,9.2654021],[1.2322873,9.2664143]]},"properties":{"fclass":"trunk"}},{"type":"Feature","geometry":{"type":"LineString","coordinates":[[1.5605601,6.2261877],[1.5613711,6.2263145],[1.5618495,6.2263963],[1.5625914,6.2265067],[1.5632843,6.2266128],[1.5638044,6.2266959],[1.5643753,6.2268095],[1.5646427,6.2268736],[1.5650243,6.2269864],[1.565353,6.2270869],[1.5656912,6.2271912],[1.5661241,6.2273289],[1.5666398,6.2274907],[1.5670213,6.2276117],[1.5675522,6.2277706],[1.5680782,6.2279384],[1.5686983,6.2281381],[1.5690797,6.2282547],[1.5696134,6.2284231],[1.5701126,6.2285803],[1.5706209,6.2287428],[1.5711199,6.228897],[1.5714523,6.2290047],[1.571863,6.2291286],[1.5723067,6.2292581],[1.5727111,6.2293559],[1.5733475,6.2294905],[1.5737686,6.2295576],[1.5744543,6.2296251],[1.5750968,6.2296462],[1.5756126,6.2296268],[1.5759975,6.2296019],[1.5763884,6.2295636],[1.5769426,6.2294567],[1.5772556,6.2293883],[1.5775033,6.2293167],[1.5778318,6.2292282],[1.5781642,6.2291197],[1.5786033,6.2289861],[1.5790874,6.2288233],[1.5803902,6.228333],[1.5815269,6.2279212],[1.5831791,6.2273359],[1.5834404,6.2272345],[1.5849099,6.2267176],[1.5853141,6.2266706],[1.5866056,6.2266839],[1.5869843,6.2267044],[1.5877716,6.2268272],[1.5890064,6.2270719],[1.5895361,6.2271734],[1.5909882,6.2274683],[1.5916733,6.2276124],[1.592049,6.2276173],[1.592661,6.2274842],[1.5931697,6.2274305],[1.5939406,6.2274565],[1.5945403,6.227507],[1.5949323,6.2276017]]},"properties":{"fclass":"trunk"}}]}