{"type":"FeatureCollection","features":[{"type":"Feature","geometry":{"type":"Polygon","coordinates":[[[1.4633384670000282,9.255533062000154],[1.4680977460001259,9.250363941000103],[1.4684015950001026,9.25000980100009],[1.473255848000008,9.244351925000046],[1.4781099460000178,9.238693981000154],[1.4829638890000751,9.233035970000174],[1.4878176770000664,9.227377891000174],[1.494568344000072,9.220533714000112],[1.497574596999982,9.217670163000037],[1.498083984000118,9.217402413000116],[1.498500573000058,9.217152873000032],[1.4989131959999895,9.216886675000069],[1.4993003100000806,9.216620943999999],[1.5001076770001873,9.216023132000089],[1.5005823690000284,9.215597960000082],[1.501329556000087,9.21472989300014],[1.501517500000034,9.21449708700004],[1.5017595460001303,9.214096169000072],[1.501895369000124,9.213674806000142],[1.502055126000073,9.21316787500001],[1.5021937050000815,9.212649259000102],[1.5024310620000847,9.211693225000033],[1.5025307420000331,9.211160740000139],[1.5025975300000027,9.210728316000086],[1.502668551000113,9.210149038999987],[1.5184349110000994,9.193951277000053],[1.524881373000028,9.190506568000046],[1.5264354290001734,9.189676148000103],[1.534435755000061,9.185400841000103],[1.54243588900016,9.181125355000006],[1.5504358320001188,9.17684969200019],[1.5584355830000618,9.172573850000106],[1.561219172000051,9.164550556000052],[1.5640026360001684,9.156527237000148],[1.5667859750001298,9.148503893000111],[1.5695691900000952,9.140480524000168],[1.575102675000096,9.134525948000032],[1.5806359760000532,9.128571285000021],[1.5861690930000236,9.12261653600018],[1.5917020270000535,9.116661701000169],[1.5972347779999723,9.1107067800001],[1.598906938000141,9.104858928000112],[1.600579044000142,9.099011066000173],[1.6022510960000886,9.093163195000102],[1.603765137000039,9.089462571000126],[1.6054016890000753,9.086248852999972],[1.6073632960001305,9.08239681900011],[1.6109613140001215,9.075331029000097],[1.6145591910001826,9.068265201000088],[1.6181569270001432,9.061199335000026],[1.620987014000093,9.05094065600008],[1.6220956840001577,9.046855529000027],[1.6220817180000608,9.046634778000112],[1.621522010000092,9.044335227000033],[1.6213410110001405,9.043868744000065],[1.62101235800003,9.043557877000183],[1.6206590030000143,9.043309806000025],[1.6204741100000888,9.043016205000129],[1.6196080270000834,9.040488548000155],[1.619136845000014,9.039100113000131],[1.6188721120000764,9.034975922000058],[1.6188688830000615,9.034787084000016],[1.618909593000069,9.034662582000067],[1.6199765780001485,9.03199615900013],[1.6200537580001537,9.031823472000156],[1.6200906970000801,9.031789968000055],[1.620177738000109,9.03176614500012],[1.6203116610000734,9.031758069000148],[1.620571167000037,9.031715278999968],[1.6208062770001561,9.031537869000033],[1.6209539650000693,9.031302885000173],[1.6224039860000516,9.028470920000018],[1.6224795240000844,9.028238369000064],[1.6227949880001233,9.024979273000042],[1.6227776160000644,9.024669665000033],[1.6231267439999897,9.019445881000024],[1.623777832000087,9.018161746999965],[1.62536252100017,9.014730916000076],[1.6254232320001165,9.014442634000034],[1.6257150660001116,9.012979153000174],[1.6265320550001547,9.007577093000123],[1.6264757280001731,9.007331404000126],[1.6259321700001692,9.005944511000052],[1.6253640440000368,9.005401114000108],[1.6249810380001577,9.004125636000083],[1.6249366179999924,9.003961933000141],[1.6246868910000671,9.00294757100005],[1.6246418820001622,9.002699683000174],[1.6245966480001357,9.002401845000009],[1.6240902270000674,8.998471044000098],[1.6239501580001274,8.997383839000122],[1.6238661400000751,8.995939249000173],[1.6239605390001657,8.994479254000055],[1.6243694890000597,8.992680410000105],[1.6252357040000902,8.99026058600009],[1.6257311250001294,8.989076450000141],[1.6257599280000932,8.988099374000114],[1.6253565560000993,8.987186536000081],[1.624881966000089,8.986842931000183],[1.6242184980001184,8.98650372100019],[1.6233687760001203,8.985979247000103],[1.6226592970001548,8.98520367599997],[1.6215290140001457,8.983269600000028],[1.621182469000189,8.982354705999967],[1.6210559550000312,8.981691493000085],[1.6210375070000964,8.980675130999998],[1.621064760000138,8.979379932000029],[1.6207762050001406,8.976193448000004],[1.619892876000165,8.971415488000105],[1.6189509019999946,8.967791540000121],[1.6189329290000387,8.96725547300008],[1.6196386590001453,8.961061388000132],[1.6216508269999963,8.955834511000091],[1.621842486000162,8.955456758000025],[1.6219064980001008,8.95508323200005],[1.6219289370001206,8.954480182000054],[1.6215850530001035,8.953577120000148],[1.6209925050000606,8.95235113900003],[1.6205525310001008,8.950950346000013],[1.6204382930000634,8.95030361199997],[1.6205342289999862,8.949881560000051],[1.6208537200000706,8.949164944000074],[1.6214697800000408,8.947897420000004],[1.622143822000055,8.946819207999965],[1.6231199170000536,8.945021713000017],[1.623504761000106,8.944225448000168],[1.6235945140001604,8.943510289000017],[1.6234815649999632,8.942416121000122],[1.6232407210001156,8.940298789000053],[1.6230365140000345,8.938981032000186],[1.6227158130000134,8.937872200000072],[1.6223509470000295,8.936908885000037],[1.6215815860000475,8.935089660000074],[1.6208788010001172,8.933586978000108],[1.6203207670001234,8.932511560000137],[1.620134225000129,8.93194799600019],[1.6200944300001083,8.930834294000078],[1.620119387000159,8.929968486000007],[1.6207331290001434,8.927781357000129],[1.621696591999978,8.92474103900014],[1.6220575120000262,8.923819979000143],[1.6228627770001367,8.920483373000081],[1.6237902590000886,8.91664036200018],[1.6246024230001694,8.910324363000086],[1.6256419040001333,8.90303282900004],[1.6271536640001614,8.898991354000088],[1.6275319590000663,8.897998884000003],[1.6278694780000365,8.897333476000028],[1.6281699350001304,8.89686261800017],[1.628619732000118,8.89625876000008],[1.629357862000063,8.895328464000045],[1.629428985000004,8.886332402000164],[1.6295001040001011,8.877336335000052],[1.629571220000173,8.868340264000096],[1.6296423320001736,8.859344189000126],[1.6297134410000922,8.850348109000095],[1.6297845470000993,8.841352025000049],[1.6298556490001488,8.832355937000159],[1.6299267470001837,8.823359844000038],[1.6299978420000798,8.814363747000073],[1.6300029140001584,8.813721953000083],[1.6300689340001213,8.805367646000093],[1.6301400220001483,8.796371540000052],[1.6302111070000933,8.787375429999997],[1.6302821880000238,8.778379316000155],[1.6303532660000428,8.769383198000128],[1.6304243410001504,8.760387075000153],[1.630495412000073,8.751390947999994],[1.6304981129999874,8.750020784000128],[1.6305016940000314,8.748204059000045],[1.630481004000103,8.744569475000048],[1.6301370710001493,8.735868881000101],[1.6297931530001506,8.727168282999969],[1.629449252000029,8.718467680000117],[1.6291053660001467,8.709767073000137],[1.6287614960000951,8.701066462000085],[1.6284176420001018,8.692365847000076],[1.6280738040000529,8.68366522700012],[1.6277299820000621,8.674964603000035],[1.6273861760001864,8.666263975000106],[1.6270423850000952,8.65756334200006],[1.6266986110000516,8.648862706000102],[1.6263548520001336,8.640162065000084],[1.6260111089999896,8.631461419000175],[1.625667380999971,8.622760770000127],[1.6253236690001813,8.61406011600019],[1.6249799740000412,8.605359458000066],[1.624636293000151,8.596658796000156],[1.6245154899999648,8.593600382000034],[1.6242926290001378,8.587958129000128],[1.6239489800000229,8.579257459000189],[1.6236053459999766,8.570556784000132],[1.6232617290000917,8.561856105000118],[1.6229181260001724,8.553155422000088],[1.6225745400001301,8.544454734000169],[1.6488095240001144,8.496398599999964],[1.649355491000108,8.496568854000031],[1.6496378660000914,8.496579850000046],[1.6499176240001816,8.496465840000042],[1.650174237000158,8.49621342600011],[1.650711830000148,8.494819244000041],[1.6508337220001295,8.494416378000096],[1.6506060309999953,8.491649991000088],[1.6503968439999994,8.491151942000045],[1.6474561640000616,8.485457411000027],[1.6461899550000112,8.483211944000118],[1.6454353470001024,8.482438823000052],[1.6449988670000835,8.481884847000003],[1.6447403120000672,8.48147359100011],[1.6446317090000662,8.48120986900011],[1.6442483740000284,8.476617642000065],[1.619587000000081,8.470070000000078],[1.5938330000000747,8.455276000000083],[1.5710930000000758,8.449795999999992],[1.5650650000001178,8.44815200000005],[1.5472570000001724,8.442947000000174],[1.53848899999997,8.4402070000001],[1.5341050000001815,8.439111000000025],[1.5280780000001073,8.43801500000012],[1.5247899999999959,8.437741000000187],[1.5228720000001204,8.436371000000179],[1.518489000000045,8.433905000000038],[1.5157489999999711,8.431439000000125],[1.5130090000001246,8.428152000000125],[1.5006799999999885,8.40322000000009],[1.4924610000001053,8.394726000000048],[1.4899950000000217,8.392808000000116],[1.4878029999999853,8.38979500000005],[1.4850630000001388,8.384589000000062],[1.4834200000000806,8.382397000000083],[1.47847500000006,8.377636000000166],[1.476022000000114,8.375274000000104],[1.4731290000000286,8.37185500000004],[1.4727900000000318,8.371923000000152],[1.4693660000000364,8.368156000000056],[1.462859000000094,8.36575900000014],[1.4549820000000864,8.363704000000098],[1.446420000000046,8.361991000000103],[1.441968000000145,8.361649000000057],[1.4351179999999886,8.361991000000103],[1.424502000000075,8.36233400000009],[1.4179950000000758,8.362676000000135],[1.4135420000000636,8.363019000000065],[1.4049810000001344,8.362676000000135],[1.3933360000000903,8.360279000000048],[1.3888840000001323,8.35890900000004],[1.384775000000161,8.355142000000058],[1.3786100000000943,8.354799000000128],[1.3714180000000624,8.354799000000128],[1.3638840000000414,8.351032000000032],[1.3594320000000835,8.351032000000032],[1.3573770000000422,8.351032000000032],[1.33854000000008,8.359594000000016],[1.334773000000098,8.358224000000178],[1.3310060000000021,8.358224000000178],[1.3224440000001891,8.358567000000164],[1.3200470000001019,8.357882000000131],[1.3111430000000155,8.363361000000111],[1.3108000000000857,8.366101000000185],[1.3060049999999706,8.365415999999982],[1.3049780000001192,8.364731000000177],[1.3022380000000453,8.366444000000115],[1.2977860000000874,8.365415999999982],[1.2950460000000703,8.36575900000014],[1.2926490000001536,8.366101000000185],[1.2878550000001496,8.366444000000115],[1.2837450000000672,8.367128000000093],[1.2820320000001288,8.36781300000007],[1.277580000000171,8.372608000000184],[1.2594290000000683,8.372266000000081],[1.2447030000000723,8.372951000000114],[1.228949000000057,8.37843000000015],[1.2290670000000432,8.378174000000058],[1.2368260000000646,8.361306000000127],[1.2353690000001052,8.359717000000103],[1.2330590000001393,8.357197000000099],[1.2310040000000981,8.353772000000049],[1.2296340000000328,8.350005000000124],[1.2292919999999867,8.346923000000004],[1.2308309999999665,8.341380000000072],[1.2310040000000981,8.340758000000108],[1.2310040000000981,8.330484000000183],[1.2296340000000328,8.325689000000125],[1.2292919999999867,8.301373000000126],[1.2299760000001356,8.29589400000009],[1.2323740000001067,8.28938700000009],[1.2340859999999907,8.287675000000036],[1.2375110000000404,8.283222000000023],[1.2392230000001518,8.277058000000181],[1.240084000000138,8.275050000000135],[1.2427070000001095,8.27324299999998],[1.2487190000001647,8.26938900000016],[1.2514929999999822,8.265536000000054],[1.254575999999986,8.260141000000033],[1.2573500000000308,8.254284000000041],[1.2587020000001417,8.249912000000108],[1.2599030000000653,8.246026000000143],[1.260182000000043,8.245829000000185],[1.2561170000001312,8.24441900000005],[1.2508770000001732,8.242107000000033],[1.2470230000001834,8.239024000000029],[1.2460260000000858,8.237413000000174],[1.2455470000000446,8.234224000000097],[1.2438510000000633,8.22744100000017],[1.2428830000001199,8.22041500000006],[1.243366999999978,8.216539000000182],[1.246274000000028,8.21048300000001],[1.2518460000000573,8.204184000000055],[1.2562070000001313,8.201277000000005],[1.2603250000001367,8.199097000000108],[1.2627480000000446,8.19352500000008],[1.2644429999999716,8.186257000000182],[1.2643360000001849,8.17714200000006],[1.2642010000000141,8.165665000000104],[1.263717000000156,8.157913000000121],[1.2627480000000446,8.153552000000104],[1.2622630000000754,8.151372000000038],[1.259356000000082,8.146527000000049],[1.2586290000001554,8.14240800000016],[1.257176000000186,8.13586700000019],[1.2564490000000887,8.13247600000011],[1.2562070000001313,8.123512000000062],[1.2564490000000887,8.114549000000068],[1.2562070000001313,8.106554000000074],[1.2554760000000442,8.103631000000178],[1.2546410000000492,8.102357000000097],[1.2478580000001216,8.099692000000061],[1.2413170000000378,8.09993400000019],[1.2338070000001835,8.098965000000078],[1.2304160000001048,8.095573000000115],[1.2304160000001048,8.09194000000008],[1.2307880000001319,8.09166400000015],[1.2369560000001343,8.087094000000036],[1.2415590000001657,8.085156000000097],[1.248100000000079,8.082007000000146],[1.2507029999999872,8.078320000000076],[1.250998000000095,8.074939000000086],[1.2522100000001615,8.0691250000001],[1.250998000000095,8.056770000000142],[1.248576000000071,8.051924999999983],[1.2459109999999782,8.04901800000016],[1.2386430000000814,8.04053900000008],[1.235736000000088,8.037147000000118],[1.2347630000000436,8.032282000000066],[1.2265910000001554,8.031192000000146],[1.2209130000000528,8.032707000000073],[1.2167500000000473,8.033464000000038],[1.211829000000023,8.029300000000092],[1.2080430000000888,8.025135999999975],[1.206151000000034,8.024379000000067],[1.1974450000001866,8.015294000000154],[1.1955520000000774,8.000532000000135],[1.1857100000000287,7.989933000000178],[1.169811999999979,7.98539100000005],[1.1542920000001686,7.972521000000086],[1.1485620000000267,7.966074000000106],[1.148236000000054,7.965707000000123],[1.1418010000001573,7.961922000000129],[1.1251460000000293,7.9577580000000125],[1.1175750000001017,7.957001000000105],[1.1103830000001267,7.955487000000062],[1.100542000000189,7.954351000000031],[1.0946540000000482,7.952716000000123],[1.0944850000001338,7.952458999999976],[1.083887000000061,7.9505660000000375],[1.0744230000000243,7.949051999999995],[1.0626890000000913,7.949431000000118],[1.0592820000001097,7.94980900000013],[1.0520900000001348,7.954730000000154],[1.0437620000001289,7.958515000000148],[1.0384680000001367,7.960595000000126],[1.033760000000143,7.962445000000059],[1.0331980000000272,7.962494000000049],[1.0298670000000811,7.964311000000066],[1.0268389999999954,7.964916000000073],[1.0180570000001126,7.966430000000116],[1.005339000000106,7.967642000000183],[0.9889860000001249,7.971578000000079],[0.9792960000000335,7.974304000000188],[0.969908000000089,7.978846000000146],[0.9632460000000265,7.9809660000000235],[0.9493160000001808,7.9761210000000915],[0.946288000000095,7.974908999999968],[0.9408380000001557,7.971578000000079],[0.9308440000001497,7.967944000000102],[0.9190340000001811,7.964613000000043],[0.9126749999999788,7.964613000000043],[0.8990480000001071,7.961282000000097],[0.8951110000001563,7.960980000000177],[0.8845120000000293,7.95946500000008],[0.8681600000001026,8.02215000000001],[0.8618010000000709,8.031840000000102],[0.8531700000000342,8.035928000000126],[0.841058000000146,8.03804800000006],[0.8371229999999628,8.03874200000007],[0.8335320000000479,8.01654400000018],[0.8345010000001025,8.013879000000088],[0.8352280000000292,8.006611000000078],[0.8342590000001451,8.002008000000046],[0.8315940000001092,7.998616000000084],[0.8338780000000838,7.993922000000168],[0.8331210000001192,7.98938000000004],[0.8311090000000831,7.983839000000046],[0.8306250000000546,7.978509000000145],[0.8301400000000285,7.974391000000139],[0.8308500000001686,7.972725000000139],[0.831606000000022,7.968182000000127],[0.8297140000001377,7.962505000000078],[0.8278210000000286,7.957962000000066],[0.8259290000001442,7.95379800000012],[0.8206290000000536,7.9484990000000835],[0.8092740000000163,7.942443000000139],[0.7960250000001565,7.938279000000023],[0.7745650000000524,7.932741000000135],[0.7730650000000878,7.932354000000089],[0.7725420000001577,7.933138000000099],[0.7612230000000864,7.9377450000000636],[0.7584630000001766,7.939124000000106],[0.7476220000000922,7.942222000000129],[0.7446720000000937,7.943921000000046],[0.7445379999999773,7.943964000000051],[0.7444710000001464,7.943915000000061],[0.7444530000000782,7.94387300000011],[0.7444710000001464,7.94383600000009],[0.7444949999999722,7.943806000000109],[0.7445070000001124,7.943757000000119],[0.7444949999999722,7.943666000000064],[0.74438600000002,7.943599000000006],[0.7394330000000195,7.945112000000165],[0.737103000000161,7.946043999999972],[0.734354000000053,7.947266000000013],[0.7230630000000247,7.949923000000126],[0.7172910000001025,7.950013000000126],[0.7126450000001228,7.951861000000065],[0.7100990000001275,7.958719000000144],[0.7095320000001379,7.9645869999999945],[0.7013930000001096,7.963262000000157],[0.6964720000000852,7.961747000000059],[0.6928760000000693,7.95966599999997],[0.6900370000001885,7.9556910000000585],[0.6896869999999922,7.95151600000014],[0.6896590000001765,7.947742000000176],[0.6905649999999923,7.942659000000049],[0.6951470000000768,7.93619700000005],[0.7000680000001012,7.921055999999965],[0.6849270000001866,7.902129000000173],[0.6786810000000969,7.897019000000114],[0.6661900000000855,7.893991000000085],[0.6540770000000862,7.893613000000073],[0.6396930000000793,7.893991000000085],[0.6362459999999714,7.893553000000054],[0.6216189900001723,7.891695613000138],[0.6203418079999778,7.900145269000063],[0.6197105780000243,7.904321400000015],[0.6183200010001428,7.913521259000163],[0.6186480339999889,7.916710016000081],[0.6188821920000009,7.918924733000097],[0.6173173030001067,7.926017147000039],[0.6169041950000747,7.9263017010001136],[0.615629859000137,7.9260894660000645],[0.6150937860001022,7.9262913380000555],[0.6140868009999849,7.929329197000186],[0.6112357570000313,7.940958535000107],[0.6113064790001772,7.941511154000125],[0.6133233680001808,7.944246999000086],[0.6132451980000724,7.94498283300004],[0.6112575000001357,7.949766437000051],[0.6102842390001229,7.951896062000117],[0.608448400000043,7.954383646999986],[0.6068014920000451,7.956078921000085],[0.6060496440001657,7.957408748000091],[0.603187523000031,7.963987675000055],[0.6028767000000244,7.9657167520000485],[0.6005585840000549,7.973469794000096],[0.5995377430000417,7.976041747000181],[0.5986469240001497,7.979797891000089],[0.5972352070001534,7.986581273000013],[0.6018327110000428,7.986166842000102],[0.6064302060000273,7.985752359000003],[0.6064646070001345,7.992664683000157],[0.6060481430001232,8.00001869200014],[0.6043305080000323,8.001936076000163],[0.6042916079999827,8.001979499000072],[0.6037882030000219,8.002286925000135],[0.6030436590000363,8.002420534000066],[0.6019326660000388,8.003103742000121],[0.6014979400001152,8.003497771000127],[0.5989905160001285,8.006345282000098],[0.5985178570000471,8.00730805600017],[0.5972162820000904,8.01393845500013],[0.5972649340000089,8.014490466999973],[0.5974696600000584,8.01497442300007],[0.5980196130000195,8.015581082999972],[0.5992089420001321,8.016294917999971],[0.600450267000042,8.016991812000072],[0.6007938790000367,8.017390370000044],[0.6021610550000105,8.020225947000085],[0.6021737030001759,8.021019133000152],[0.6020661810001684,8.021656445000133],[0.6019087900000386,8.021948635000172],[0.6011185890001229,8.022487139000134],[0.5997968280000805,8.023703583000042],[0.5995870370000489,8.024081674000172],[0.5979767610000408,8.027296440000043],[0.5978535520000605,8.027657793000003],[0.5978497009999728,8.028312947000074],[0.5980130460001192,8.029951844000038],[0.5979916940000862,8.030641380000077],[0.5977605430001063,8.031709002000127],[0.5973192840000934,8.033206434000022],[0.5963040569999976,8.035234994000177],[0.5951840160001325,8.03743535000018],[0.5945002640000894,8.038983079000047],[0.5941647990001115,8.04013629200017],[0.594145468000022,8.040481008000086],[0.5946617570000399,8.040932309000027],[0.5963338500000646,8.04192486200003],[0.5967113550001386,8.042444316000172],[0.5973568930000965,8.044448107000164],[0.59881428500006,8.052525657000047],[0.5989460660000532,8.053647126000044],[0.5988866500001109,8.054922649000105],[0.5985997100001441,8.05664511800012],[0.5980190969999626,8.058296900000187],[0.5975469490001615,8.059156206000011],[0.5958239790001016,8.061276206000116],[0.5948358690000077,8.061492588000078],[0.592737664000083,8.061560218000182],[0.5916413990000251,8.061681904000125],[0.5913410480001744,8.061919955000178],[0.5911498050000432,8.067325559000153],[0.5908107380001297,8.071995981000043],[0.5898906450001391,8.07836987200011],[0.5894430140001532,8.080918955000072],[0.5888136820001364,8.08201869000004],[0.5865449360001662,8.088246659000106],[0.5848906310001212,8.092960995999988],[0.5847993040001143,8.093770797000104],[0.5847492909999801,8.096356695000054],[0.5856154910000555,8.101965247000123],[0.5859526550000851,8.103449996000109],[0.5861301360001221,8.104095407000159],[0.588809895000054,8.104361680000068],[0.5903054470001621,8.10447997100016],[0.5913644480001494,8.104748712000116],[0.5917605120000644,8.105061398000032],[0.5919124199999715,8.105700226000124],[0.5918518400001176,8.107462305000183],[0.5916403990001413,8.113612408000051],[0.5915812050000113,8.114836196000056],[0.5912562270001445,8.117110133000153],[0.5912679340001432,8.12385157400007],[0.5917065570001228,8.125733481000111],[0.5919399310000699,8.127217621000113],[0.5916980460000332,8.132957561000069],[0.5912904260000573,8.137472377000051],[0.5914535540000543,8.139128515000152],[0.5921448070001247,8.139270546999967],[0.59899134900013,8.140155937000031],[0.6009310260001257,8.139857060999987],[0.6021091050001814,8.139605401000154],[0.6028375340001162,8.13931659900004],[0.6050888530001544,8.13898505800006],[0.6060570520000397,8.139111461000141],[0.6067641850000314,8.13949494500008],[0.6071935640001129,8.140031964000173],[0.6086792420001075,8.143625356000143],[0.6093087470000569,8.145147931999986],[0.6092721970000525,8.14547530699997],[0.6086350780000203,8.147868127000095],[0.6082004470000584,8.152581127000133],[0.6087619880000261,8.157084485000041],[0.6092359099999953,8.158863163000149],[0.6101578689999769,8.160954834000108],[0.6103759410000862,8.162111306000043],[0.6094115130000546,8.167157387000032],[0.6084175759999653,8.171281141000179],[0.6080501920001211,8.172011451000003],[0.6074584810000943,8.172576919999983],[0.6060581590000425,8.173548144000051],[0.6053225290001478,8.173789433000081],[0.6047735980001221,8.173921066000048],[0.6044661550001251,8.17450242700005],[0.605396288999998,8.177464521000047],[0.6067620540001144,8.177243435000037],[0.6087010410000744,8.176730936000183],[0.609604754000145,8.176554729999964],[0.610256166000056,8.17679578800005],[0.6106543890000466,8.177651441000023],[0.6114269000000832,8.179705598000112],[0.6116802660001213,8.180513055000006],[0.6117527830001563,8.181175926000037],[0.6115597020000791,8.182677408000131],[0.6109178670001825,8.186273147000179],[0.6106162750000976,8.1868034580001],[0.6096512140001096,8.1868034580001],[0.6059223520001069,8.186526314000105],[0.6043406320001736,8.186410644000091],[0.599317990999964,8.187100893000093],[0.5982822520001605,8.187423057000103],[0.5930399530001296,8.19139644400019],[0.5926974120001205,8.19166153000009],[0.5906084160001228,8.193321728000114],[0.589357575000065,8.194489182000098],[0.5892126920001033,8.194812172000184],[0.5884823320000692,8.196652269000083],[0.5887164940000389,8.208581904000141],[0.5899663320000741,8.210061831000075],[0.5925309080001853,8.211000037000076],[0.5950898610000763,8.212465388000112],[0.5955554590000816,8.213556469000025],[0.5963253090001785,8.214540210000166],[0.5968623600001024,8.215005282000106],[0.6004795210001816,8.21622082500005],[0.6018692230000511,8.216390165000007],[0.6030231110001409,8.216493729000092],[0.6037122880000538,8.21648247000013],[0.604525754000008,8.21614386300007],[0.606099496000013,8.215838800000142],[0.6064498470001354,8.215782429],[0.6153777660001651,8.217413842999974],[0.6166938870000536,8.217727154999977],[0.6174993750000795,8.218221762000155],[0.6175658640000279,8.21867943300009],[0.6175438790000385,8.219879555000091],[0.6172765080000318,8.221640910000076],[0.6172406920001094,8.222394620000102],[0.6173724290000564,8.222897093000029],[0.6179951180001808,8.223315821000028],[0.6215580229999773,8.225008003000028],[0.6219670110000948,8.22510844499999],[0.6222886900001754,8.225187446000064],[0.6239172189999636,8.226276137000184],[0.6245072840000603,8.226783931000057],[0.6245312200000512,8.227477801000134],[0.6239443470000765,8.22881773000006],[0.6234525100001633,8.230199841000115],[0.6232129740000687,8.231647421000162],[0.6226725580000902,8.236230292000187],[0.6226007500000605,8.236912210000128],[0.6226725580000902,8.237725682000075],[0.6232354960001771,8.238371741000151],[0.6300730140001178,8.24500915100009],[0.632264836000104,8.246996217000003],[0.6348391000001357,8.248618535000105],[0.6355908650000401,8.249418743999968],[0.6359156850001,8.250524401000064],[0.6360087709999789,8.252065828000184],[0.6356639170000449,8.253506622000032],[0.6356123230000321,8.255985907000081],[0.6356756210001322,8.257803170000045],[0.6359259739999743,8.259448238000118],[0.6364449410000361,8.260624916000097],[0.6370346510001355,8.261766277000163],[0.637623474999998,8.262065478000125],[0.640085939000187,8.262081594000051],[0.643832451000037,8.262106113000186],[0.6449148850000483,8.261991445000092],[0.6460411140000701,8.26172594100018],[0.6479740720001246,8.261695866000082],[0.6496838050001088,8.261877776000063],[0.6543539690001694,8.262589688000162],[0.6564784130000589,8.262963380000144],[0.6583709460001046,8.263108816000113],[0.6630994419999752,8.263205977000041],[0.6650105910001116,8.262591070000099],[0.6665995800000246,8.262153604000105],[0.6686378560001458,8.262008166000157],[0.6702105340000344,8.262186067000073],[0.6723619300000792,8.262800123000034],[0.6750400930000637,8.264111518000107],[0.6777944970000362,8.266437422000024],[0.6807097160000808,8.269949104000148],[0.6823999470000786,8.272550536999972],[0.6839428389999966,8.276010399000086],[0.6854008040000963,8.279296755000018],[0.685789985000099,8.280124958000101],[0.6861820020000664,8.280815434000033],[0.6866827060001128,8.28108887899998],[0.6880043230001434,8.281032200000027],[0.6895158320000405,8.28077024300012],[0.6906158200001187,8.28088421800004],[0.6939278410001748,8.281555645000083],[0.6971180550001463,8.282491111000013],[0.6989602340000829,8.28299458600003],[0.7018860890001406,8.283515797000064],[0.7032069960001195,8.28358527500012],[0.7053982840000117,8.283062056999995],[0.7061298370001055,8.28302936100016],[0.7114179000001855,8.283015092000142],[0.7157245910000825,8.283087423000154],[0.7182648120000295,8.283449471000097],[0.7300057090000678,8.28695173400007],[0.7306266770001457,8.287679863000164],[0.7309699890001298,8.29383978300001],[0.7309359420000305,8.294110487000069],[0.7307886430000394,8.295179845000064],[0.7295796380000752,8.30638065700009],[0.728575825000064,8.316369078000093],[0.7286694860001148,8.316814861000125],[0.7293118280001636,8.318289896000067],[0.729651029000081,8.31900809200016],[0.7297644400001104,8.319288596000092],[0.7297813590001851,8.31944280100015],[0.7299213990000339,8.324109565000072],[0.729855035000071,8.324912260000133],[0.7292208560000972,8.330909794999968],[0.7291048420000834,8.331283060000032],[0.7283686330001728,8.333651760000123],[0.728049535000082,8.333813827000085],[0.7277614120001203,8.334027515000002],[0.7275978120000559,8.334269020000022],[0.7274637290000783,8.334509273000094],[0.7274089220001088,8.334665046999987],[0.7273002560001487,8.33498473600008],[0.7272242369999731,8.3352371470001],[0.727160427000058,8.335827415999972],[0.7271339700000681,8.337379629000111],[0.7271520090000649,8.33780296700013],[0.7272905890001766,8.33826282800004],[0.7275392330001296,8.338612807000175],[0.7278326710000442,8.33898772100008],[0.7280964460001087,8.339227601000061],[0.7285064530000227,8.3395945420001],[0.728878575000067,8.339850959000103],[0.7292769630001885,8.340036018000035],[0.7297130980001043,8.340166437999983],[0.7301748100001646,8.34023182499999],[0.730262990000142,8.340254587000118],[0.7301700090001759,8.340724281000064],[0.730076629999985,8.340936825000085],[0.728811278000137,8.342808079000179],[0.7286652680000998,8.342918883000095],[0.7234603500000389,8.344242786000109],[0.723189484000045,8.344271711000147],[0.7197303220001459,8.344220645000178],[0.7196006740001053,8.344159643000069],[0.7194565730001727,8.34399920800007],[0.7193371510000475,8.343841343000065],[0.7192088339999714,8.34359047800018],[0.7190826660000198,8.343393681000123],[0.7188020480001001,8.343157718000043],[0.7175959550000357,8.343439936000152],[0.7172757980001165,8.34364199800018],[0.7171428570000558,8.343925980000051],[0.7170492640000248,8.344338621000134],[0.7170255679999968,8.344706881000093],[0.717007636000119,8.345034861000045],[0.7170412110001507,8.345450590000041],[0.7172461720001593,8.345703274000186],[0.718439994000164,8.347044342000117],[0.7187302520000003,8.347331723000025],[0.7190572050001265,8.347547309000106],[0.7194093010001552,8.347689626000033],[0.7197712650000767,8.347759095000185],[0.7200760830000945,8.347797293000156],[0.7202856609999913,8.34787868900014],[0.7206966990000865,8.34823328400006],[0.7207817910000358,8.348338596000076],[0.7207811540000648,8.348352960000057],[0.7176668530000256,8.350193777000015],[0.7169484780000062,8.350585060000185],[0.7166289080000752,8.350739411000063],[0.7164554190001695,8.35081752800005],[0.7159051870001463,8.351030111000114],[0.7155999910000901,8.351127618000135],[0.7152972690000752,8.351182919000166],[0.7151646270001493,8.351185833000045],[0.7150223339999684,8.351151420000122],[0.7148926630000005,8.351063790000183],[0.7147704640001393,8.35093458700004],[0.7146508880001647,8.350732401000187],[0.7143421240000407,8.350390207000089],[0.7141391470000258,8.35025687000018],[0.7139237000000662,8.350189574000126],[0.71366523100005,8.35015548400014],[0.7127888310000117,8.350161247000187],[0.7122592610000993,8.350167672000111],[0.7119665920001239,8.350218700000028],[0.7117323329999863,8.350413821000132],[0.7105645680001089,8.351562053000066],[0.7104196630000956,8.351763723999966],[0.7103442770001038,8.351961749000111],[0.7102911210001253,8.352225706000183],[0.7093853540000623,8.358461196000064],[0.7094482030000222,8.358764123000185],[0.7095787830001541,8.35899644500006],[0.7097271750001823,8.359168063000027],[0.709923751000133,8.359308829000156],[0.7100343780001026,8.359351285000116],[0.7101620239999988,8.359396644000014],[0.7104021130001001,8.35944180000007],[0.7105727010001601,8.359486554],[0.710781140999984,8.359602210000162],[0.7109334240000749,8.359780983000121],[0.7109603990001006,8.359838631000116],[0.7109993070001224,8.359999644000027],[0.7110364820000541,8.360179398000128],[0.7112394720001589,8.362558645000092],[0.7115599920000477,8.3663154730001],[0.7115561000000525,8.366697419000047],[0.7114988710000603,8.366929534000178],[0.7113401490000797,8.367179441000133],[0.7111607660000345,8.367395014000124],[0.7109865230000878,8.367531212000017],[0.7108838670001205,8.367581111000163],[0.7107127240001319,8.367637937000097],[0.7104289220000624,8.367586979000123],[0.7087978820001126,8.368188716000077],[0.7077454889999899,8.37191139099997],[0.7084392170000342,8.377047977000075],[0.7099415940000995,8.378556894000155],[0.7097714100000303,8.380320534000077],[0.709065814999974,8.381618282000147],[0.7077118400001723,8.384108546000107],[0.7042113450001466,8.385639328000138],[0.6996894119999979,8.387929363000183],[0.6992747430001032,8.38813977100017],[0.6991317780000372,8.388246828000035],[0.6988753320001706,8.388484056000152],[0.6987410600000885,8.38878162500015],[0.6986920969999915,8.389071540000089],[0.6987397970000302,8.38941662000019],[0.6988385870000684,8.389715631000172],[0.6990379169999983,8.389971310000078],[0.6992671270001551,8.390217948000043],[0.6994327150001709,8.39031041300018],[0.6997061250000911,8.390453331000117],[0.7014919540001188,8.394051864000005],[0.6960808520000228,8.39412478600002],[0.695088960000021,8.394138879000025],[0.6945702860001006,8.394206861000157],[0.6941715320001549,8.39430197300004],[0.6937583760000621,8.394477650999988],[0.6934056890001443,8.39475608600003],[0.6932246880001571,8.395120973000132],[0.6932058060000372,8.39557403700013],[0.6932835770001589,8.395920899000032],[0.6934546210001145,8.396283291000032],[0.6937643100000628,8.396711530000175],[0.6941252920000807,8.397049942000137],[0.6946858100000668,8.399288868999975],[0.6923937460001639,8.403771300000074],[0.6920651020001287,8.403824658000019],[0.6917776090000416,8.403887178000048],[0.6915728490001811,8.403970333000075],[0.6913763590000599,8.404073324000024],[0.6880020830001286,8.40587589300003],[0.6876215620001744,8.406126059000144],[0.6873226750000754,8.40643537900013],[0.6870938570001499,8.406819369000118],[0.6870670150000251,8.407194703000073],[0.6871036220001656,8.40760386300019],[0.6871658800001228,8.407994686999984],[0.6871688650001033,8.408391576999975],[0.6871073670001806,8.408702696000034],[0.686281617000077,8.411142055000028],[0.6861920340000438,8.411266317000184],[0.6860540990001027,8.41131657800014],[0.6858432800001424,8.41135326300008],[0.6853918850001719,8.411428729000079],[0.6848931280000556,8.411465982000095],[0.6844854200000441,8.411472061000154],[0.6835850750000532,8.411451558000124],[0.6826325110001221,8.411390194000035],[0.682285904000139,8.41131526300012],[0.6818951050000237,8.411170637000055],[0.6815781280001829,8.410992325000052],[0.6812449420001485,8.410798642000088],[0.6809564500001102,8.410596252000062],[0.680546803000027,8.410302134000062],[0.6802848100001029,8.410116587000061],[0.6799304440000924,8.409899247000055],[0.6795784890000505,8.409771944000056],[0.6793574910000189,8.409784249000097],[0.679201379999995,8.409816675000116],[0.679020054000091,8.409862388000079],[0.6753374080000185,8.411934587000019],[0.675012911000124,8.412205216000132],[0.6725061580000897,8.414999874999978],[0.6717595400001528,8.416043462999994],[0.6704630530000486,8.417009294000081],[0.6600890330000198,8.420383100000151],[0.6595704890001457,8.420530322000104],[0.659103807000065,8.420587433000094],[0.6581626460001075,8.420674084999973],[0.6576341270001649,8.420692861000134],[0.6571744320000334,8.42067162900014],[0.6562612010000635,8.420486235000055],[0.6558916190000446,8.420364926000104],[0.6553835700000263,8.420150086000092],[0.6550144079999995,8.420019599],[0.6546376950000194,8.41990025199999],[0.6541582980000271,8.419874403000108],[0.6537311440000622,8.420018139000092],[0.6533793500000797,8.420385219000082],[0.6524760740001057,8.421389572000123],[0.6519744710001305,8.421952426000132],[0.6515696520000915,8.42249899400008],[0.6514660080000567,8.423043511999992],[0.6513104430000567,8.43448091099998],[0.6513685640001654,8.434847315000127],[0.6514960100000167,8.435076547000051],[0.6516870690001042,8.435224356000163],[0.6519046270000217,8.435366015000056],[0.6536536080000133,8.442384139000012],[0.653703897000014,8.442768987000079],[0.6536993240001152,8.445341005000103],[0.6536940470001014,8.445601101000136],[0.6536169070001279,8.445751273000099],[0.653469292000068,8.445835767000176],[0.653231498000082,8.445855802000153],[0.6529095830000529,8.44591361400012],[0.6525697810001816,8.445990053000116],[0.6521918210001445,8.44625580100012],[0.6519265340001539,8.446538076000081],[0.6516758139999865,8.446860582000113],[0.6515124519999631,8.447117530000071],[0.6513838930001157,8.447452149000128],[0.6513583540000241,8.447819380000055],[0.6513918190000254,8.448245125000028],[0.652012908000188,8.451649415000134],[0.6521041390001869,8.452055937000011],[0.6522168310000893,8.452352867000116],[0.6524375070000588,8.45265453400009],[0.6528778610000927,8.452716752000072],[0.6532463450001842,8.452678574000117],[0.6536860040000647,8.452605366000114],[0.6541207710000663,8.452528616000166],[0.6546188440001401,8.452481983000098],[0.6550543130000506,8.452500660000169],[0.6553465090000259,8.452547817000038],[0.6555169730000898,8.452667476000101],[0.6556493200001228,8.452836337000122],[0.6557665909999741,8.453087492000009],[0.655874501000028,8.453482497000095],[0.6559527090001325,8.453805765000027],[0.6559980210001299,8.454088340000055],[0.656005705000041,8.454446554000015],[0.6559789000000364,8.455547109000065],[0.6559661610001513,8.455824237000058],[0.6559026650000419,8.45601925800014],[0.6557705520000354,8.456220550000069],[0.655589599000109,8.456470027000023],[0.6549517810000793,8.457189823000078],[0.6547503750001056,8.457386511000038],[0.6541681910000534,8.457844375000093],[0.6538673570000242,8.458022096000093],[0.6531629170000315,8.458428429000094],[0.652862429000038,8.458597801000053],[0.652468247999991,8.458791681000093],[0.6521254810001551,8.458952973000123],[0.6518073850001542,8.459204869000189],[0.6516027720001603,8.45945617700005],[0.651401053000086,8.45971715600001],[0.6509783730001004,8.460265118000052],[0.650839003000101,8.460479391000149],[0.6506872500000895,8.460730935000186],[0.6503722230000335,8.461482960000126],[0.6503576819999921,8.461517672000127],[0.6502271330001008,8.461858839000058],[0.6487669520001873,8.468167548000054],[0.6485860430000798,8.470132700000136],[0.6455453630001671,8.474973480000074],[0.6452244779999887,8.47520339099998],[0.6450007720001736,8.475386705000062],[0.6448209950000887,8.475709251000126],[0.6447256610000522,8.475997666000069],[0.644699732000106,8.476356441000178],[0.6448902030001591,8.479160800000159],[0.6454720090001729,8.485113753000007],[0.6457471570001871,8.486967034000145],[0.6459666220001168,8.487882545000161],[0.6460492940000222,8.488182006000159],[0.6463036410000313,8.48840721700003],[0.6464337660000297,8.488489702000038],[0.6466105740001353,8.488625984999999],[0.6468586550001305,8.488872971000035],[0.6470613609999987,8.489191240000139],[0.6471330110001077,8.489487378000149],[0.6471171520001349,8.48992631900012],[0.6470497640000303,8.490385253999989],[0.646955691000187,8.490724588000035],[0.6468164089999959,8.49114570200004],[0.646666605000064,8.491484467000078],[0.6459710990000644,8.49269678200011],[0.6457186380000621,8.493078092000076],[0.6451438290001761,8.493912613000077],[0.6449674480000454,8.49413564300005],[0.641740711000125,8.496630758000038],[0.6413514939999914,8.496928564000143],[0.6409310440000127,8.497173323000027],[0.6404977980000695,8.497360897000135],[0.6400458570000751,8.497450367000056],[0.6395440760000497,8.497538611999971],[0.6391757080000957,8.49758268800008],[0.6387724310000635,8.49752523800015],[0.6383264370001029,8.497413226000106],[0.6378384990000541,8.497277093000093],[0.63692466100008,8.49701873000015],[0.636171126000022,8.496780946000172],[0.6355225600000267,8.496552800000131],[0.6344397730000537,8.496184366000023],[0.6338187830001516,8.49602353500012],[0.6332510650000813,8.495931879000182],[0.6327567980001163,8.495903250000026],[0.6321441900000764,8.495877864000079],[0.6315885400001093,8.49587041000018],[0.6309098560000734,8.49588985600019],[0.6304173199999923,8.495917751000093],[0.6299703930000646,8.495961728000054],[0.6295041280001215,8.496110278000117],[0.6290476510001213,8.496362949000172],[0.628820583000163,8.49659815200016],[0.6285790270000575,8.496896437000032],[0.6260549250001191,8.502051074000121],[0.6260111830000596,8.502169901000116],[0.625976916000127,8.502294484000004],[0.6259455720000346,8.502520264000054],[0.6259373810001421,8.502636646000099],[0.6259356429999912,8.502753925000093],[0.6259437920000437,8.502873297000065],[0.6259812320001288,8.503082618000064],[0.6260111980001284,8.503195858000026],[0.6260891320001747,8.503393797000115],[0.6262293300000579,8.503659538000022],[0.626392352000039,8.503927212000121],[0.6264557820001642,8.504026204000127],[0.6279425020000531,8.505996370000105],[0.6287531970000941,8.506909434000136],[0.628978289000031,8.50709901800019],[0.6297393970001508,8.507768833000114],[0.6298106410001765,8.507835459000091],[0.6298700920000329,8.507898508999972],[0.6299239540000485,8.507963408000137],[0.6299464700001067,8.507996209000055],[0.6299448280000206,8.508002628000156],[0.6299219400000311,8.508041827000113],[0.6298912899999891,8.50807676800008],[0.6297642770000493,8.508164910999994],[0.6247612360000971,8.511029050000104],[0.6246177160001025,8.51109911500015],[0.6226982780000867,8.511793190000105],[0.6184831960000565,8.513174725000113],[0.6166039530000944,8.512974954000185],[0.6164217880000251,8.512955589000057],[0.6163234180000359,8.512862468000094],[0.6160734960001832,8.512663999000097],[0.6159795620000068,8.512594369000055],[0.6158584120001365,8.51251775999998],[0.6155426029999944,8.512418072999992],[0.6154207570000381,8.512392812000144],[0.6150996100000725,8.51238227000016],[0.6149904260000767,8.512385595000183],[0.6148847920000549,8.512394448000123],[0.6148186070001316,8.512403741000071],[0.6147745030000351,8.512409934000118],[0.6116975220000995,8.512928159000126],[0.6115709760001096,8.512956174000067],[0.6112736620000305,8.513078703000133],[0.6109925910001266,8.513203904000136],[0.6108991100001049,8.51324918400013],[0.6076405079999745,8.514910096000051],[0.6044230400000288,8.516758542000048],[0.6038021930000923,8.517126733000055],[0.6019932589999826,8.518007543000124],[0.6019324890001485,8.518035410000039],[0.6018621249999683,8.518055085000128],[0.6017882200001736,8.518070274000081],[0.6016200430000254,8.5180838120001],[0.6015342290000376,8.518084423000062],[0.6014608220000923,8.518077963000053],[0.6013824010000803,8.518065106000165],[0.5951625830000467,8.516890742000157],[0.594570822000037,8.516649494000092],[0.5945040350001136,8.51656016700008],[0.5943168770000966,8.516336077000176],[0.5942316300000243,8.516237334000095],[0.5941095440000481,8.516157082000007],[0.593806691000168,8.516031928000132],[0.5935046950000356,8.515950087000022],[0.5931992340000534,8.515894256000138],[0.5928914159999863,8.515857694000147],[0.5924809930000379,8.515838158999998],[0.5921750470001257,8.515875371999982],[0.5906071010001028,8.516098999999997],[0.5904633090000857,8.516127016000041],[0.5903063370000723,8.51621828900005],[0.5902184990000592,8.51634609700011],[0.5898470660001749,8.516887604999965],[0.5885696319999738,8.518908366000119],[0.5885131260001231,8.519020877999992],[0.5884713540000348,8.519142791000093],[0.5884524000000511,8.519260326000108],[0.5884415060000379,8.51937509700008],[0.588437954000085,8.519492379000042],[0.5884474410000848,8.519621610000172],[0.5882411340001568,8.520793794000156],[0.5879835220001723,8.5221496260001],[0.5879166620001683,8.522228466000001],[0.5856487220000872,8.524532388000068],[0.5854376050000951,8.524719897000011],[0.5853800270001557,8.524765389000038],[0.585338249000074,8.524789401000078],[0.5839668510000706,8.525497671000096],[0.58324616200008,8.5256088860001],[0.5825700340000708,8.52503150400014],[0.582540687000062,8.52499665900018],[0.5733100270001046,8.52594362100001],[0.5720368110001459,8.524235042000157],[0.5719179760001225,8.524132977000136],[0.5717179830000418,8.524023547000127],[0.5716032330001326,8.523967221000078],[0.5714518190000604,8.523930032000123],[0.5712873580000064,8.523937033000095],[0.5711332180000568,8.523990389000062],[0.5708505910000099,8.52418131200011],[0.5704723220000574,8.524506684000073],[0.57031717600006,8.52464443800011],[0.5702268460000255,8.524742454000034],[0.570158574000061,8.524832023000045],[0.5700949330000071,8.524934137000173],[0.5700461450001058,8.525040836000187],[0.5700065780001182,8.525149759000044],[0.5699730830000931,8.52526556000015],[0.5699572970000304,8.525393962000123],[0.5698239670001612,8.530376720999982],[0.5700842810000495,8.532519481000179],[0.5701396270001737,8.532556422000141],[0.5701822740000466,8.532599167000058],[0.570223968000164,8.532651396000176],[0.5708791930001098,8.53352582000008],[0.5708723460001579,8.533534754000073],[0.5708200269999679,8.533590352999965],[0.5644157830001859,8.538913543000035],[0.5643296450001571,8.540909342000077],[0.5626707800001327,8.545601962000035],[0.5607994050000684,8.546876544000156],[0.5580569310001806,8.54817725200013],[0.5578125090000299,8.548274751000122],[0.5575525720001338,8.54834597000007],[0.5566252210000471,8.548515352000038],[0.554590888000007,8.548700053000118],[0.5544521320001081,8.548684929000103],[0.5543834710001647,8.54866865800011],[0.5543182920000049,8.548644636000063],[0.5504244440001003,8.551456025000107],[0.5406945489999657,8.555437059000155],[0.5362117470001522,8.55719708600003],[0.5361038620000045,8.55724074700015],[0.5360058989999743,8.557286742000144],[0.5359053890000496,8.557342320000146],[0.535728124000002,8.557472993000033],[0.5356416810000724,8.557551161999982],[0.5354391040000905,8.557784826000159],[0.5340425459999665,8.559506000999988],[0.5324519220001775,8.562818242000048],[0.532413522000013,8.562940671000149],[0.532253833000027,8.56370750100018],[0.5322268320000489,8.564026618000014],[0.5321310269999913,8.565772313000139],[0.5325884980001092,8.567001528000162],[0.532705462000024,8.567390589000127],[0.5314714700000422,8.568878671000107],[0.5303421080000703,8.569540528000061],[0.5302662230000692,8.569578327000102],[0.5300003730001208,8.569700789000137],[0.5298523610001098,8.569763039999998],[0.5297573539999689,8.569779020999988],[0.5296171870000421,8.569793686000082],[0.5295514570000819,8.569787553000026],[0.5288853490000633,8.5696488210001],[0.5288284260000751,8.569627189000073],[0.5287611280001556,8.569594923000068],[0.5282589440001857,8.569351714999982],[0.5282391350000353,8.56933312200016],[0.5282125020000876,8.569290511000077],[0.5277900360001127,8.568607651999969],[0.5277614770001264,8.56855168900006],[0.5277387110000404,8.568491552000182],[0.5277272820000576,8.568422321000014],[0.5277282000001264,8.568356796000046],[0.5277368580001394,8.568278578000104],[0.5277863230000435,8.567966077000108],[0.5278017030000797,8.567639299000064],[0.5277867890001176,8.56752088200011],[0.5277633780000315,8.567409195000039],[0.5277331000000345,8.56730581100004],[0.5275258230001896,8.566728666000131],[0.5274004150001019,8.566597168999976],[0.5240553810000961,8.563845723999975],[0.5238974829999847,8.56374031100006],[0.5211428720000981,8.562931071000094],[0.517602044000057,8.562392008000131],[0.5137284130000808,8.562617086000103],[0.5130716350000739,8.562725853000131],[0.5129189620001284,8.562767622000138],[0.51281302100017,8.562816580999993],[0.512524307000092,8.562963986000057],[0.5115667680000229,8.563527837000038],[0.511227113000075,8.563765418999992],[0.5111282480001478,8.56386466000015],[0.5110577750000971,8.563974705000078],[0.5107672630000479,8.564486505000161],[0.5107160030000273,8.564596995000045],[0.5106755060001547,8.56470552400009],[0.5106478130001051,8.564828857000066],[0.5106338720000849,8.564948928000149],[0.5101840850001054,8.569490781000127],[0.506520294999973,8.571566150000024],[0.5065017660001558,8.571448769000142],[0.5064690410000026,8.57132292700004],[0.5061263980001627,8.570151736000014],[0.5060279860000492,8.569979315000069],[0.5054752910000389,8.569553007000138],[0.5052728160000584,8.569460982000066],[0.5050972300001035,8.569477581000115],[0.5049686370000472,8.569512129000145],[0.5048483370000554,8.569561043000078],[0.5045954670000583,8.569707065000102],[0.5030053070001372,8.570757093000111],[0.5029080480001653,8.570823410000173],[0.5028272000000698,8.570887817000084],[0.49974045099997966,8.573453298000175],[0.49964559800002917,8.57354006900016],[0.49956162500012624,8.57365146900014],[0.49950527900006136,8.573772968000185],[0.499466884000185,8.57390445100009],[0.4994611360000931,8.574053557000184],[0.49943903199999795,8.574691689000076],[0.499438454000142,8.574818656000161],[0.499452204000022,8.574936033000029],[0.49947351200000867,8.575050237000085],[0.4995029510000677,8.57516604500006],[0.4996660130000805,8.575806537000119],[0.5001812020001353,8.577692752000132],[0.5007643430001849,8.57872099600013],[0.5011921190000521,8.579088146000117],[0.500441326000157,8.580162270000187],[0.49951423999999633,8.581384535000154],[0.4994634849999784,8.5814438970001],[0.4994034280001074,8.581503933000079],[0.49919955299998264,8.581691924000097],[0.49906544999998914,8.58180085400005],[0.4968087560001777,8.583253135000007],[0.4943126350001421,8.585426062000124],[0.49419621300012295,8.585558770000091],[0.49413076400009004,8.585676959000011],[0.4940863010000385,8.585791530000165],[0.49405550500017625,8.5859032890001],[0.49399013999999397,8.586196839000024],[0.49393931700018356,8.5864908100001],[0.49388925300007713,8.586794287000089],[0.4938510670001506,8.587102266999977],[0.4938310819999856,8.587400678000108],[0.49381406300011577,8.587692147000155],[0.49381235000004153,8.587997540000117],[0.493829183999992,8.588111696000112],[0.49389445600007775,8.58842013800006],[0.49401684200006457,8.58874104400013],[0.49411048800004664,8.588848337000059],[0.4942991120000215,8.58905717800019],[0.4944814610000776,8.589298522000092],[0.49476933400018197,8.589680467000164],[0.49480480600010424,8.58973977200003],[0.494832669000175,8.589805046000095],[0.49485897100004195,8.589879410000037],[0.4948818630001597,8.589961956000081],[0.4955296820000399,8.592409883000016],[0.4955043740000633,8.59247820500002],[0.4945693570000458,8.594543194999972],[0.4945428770001854,8.59459709700019],[0.49451095000011946,8.594648700000107],[0.4943957630001137,8.594789932000083],[0.49428331900003286,8.594919824000158],[0.49416133900007253,8.59503249800008],[0.49224858900004165,8.596616468000036],[0.49186224199996786,8.596895731000131],[0.4902600190000044,8.597741155999984],[0.49021562399997265,8.597756613000115],[0.4893670940001016,8.59791434500005],[0.488059321000037,8.598131281000008],[0.4879720510000993,8.598141385000133],[0.48788534499999514,8.598146731000043],[0.48762238900008015,8.598148684000137],[0.48295060999998896,8.597509537000121],[0.4825351560000968,8.596026833000167],[0.48098395400018035,8.594217370000138],[0.4808325149999746,8.594050201000073],[0.4803321569999639,8.593674863000103],[0.4801777460000949,8.593621006000149],[0.48003511900009244,8.593607998000152],[0.4799119330000394,8.593611399000167],[0.4719550220000883,8.593949209000016],[0.471776843000157,8.593991534000054],[0.46947204500008866,8.595462655000006],[0.4693601600001216,8.595557159000009],[0.4692626480000399,8.59568926300011],[0.46843752100011216,8.598193587000026],[0.46830047500009186,8.600332465000065],[0.468107410000016,8.603345621000187],[0.4670457110000257,8.608378114999994],[0.4626141360000702,8.61596185500008],[0.45884889300003806,8.622405000000185],[0.45818238400005384,8.62354554100017],[0.4537504559999661,8.6311291720001],[0.44931835000011233,8.638712750000025],[0.44488606800018715,8.646296273000132],[0.44045360800009803,8.653879742000129],[0.43602097100006176,8.661463157000071],[0.4315881560000321,8.669046517000083],[0.42715516400005527,8.676629823000155],[0.42272199300015245,8.68421307400007],[0.41828864500013196,8.691796271000044],[0.41385511800001495,8.699379413000031],[0.40942141300007506,8.706962500000145],[0.40498752900003865,8.714545533000091],[0.40055346700017935,8.722128511000108],[0.39611922599999616,8.729711434000023],[0.39168480600011435,8.737294303000112],[0.38725020599997606,8.744877116000168],[0.38470274499997004,8.74529700300019],[0.38357322000007343,8.745491656000013],[0.3832759190000843,8.745545343000117],[0.3829754570000432,8.745630066000103],[0.3829736890000959,8.745630679999977],[0.38269055300014543,8.745728907000057],[0.3825827860001709,8.745769969000037],[0.3823037050000835,8.745909846000188],[0.3817821950000848,8.746224560000087],[0.3815191090001804,8.746396126000093],[0.38103908500005446,8.746727508000163],[0.3808031870000832,8.746917559000167],[0.38070928100012225,8.74700174600008],[0.3759800060000771,8.75231192199999],[0.37822113300018145,8.754576395000072],[0.38976708000006965,8.754746106000141],[0.3931069180001714,8.75435863000007],[0.3941329090000636,8.754265529000065],[0.39466754400018544,8.754233836000026],[0.3953710540001225,8.754196618000151],[0.39586964300008276,8.754234900000142],[0.3963763570000651,8.754340717000105],[0.3969775530000561,8.754535402000101],[0.39756656600002316,8.754777863000186],[0.3980834590000768,8.755019583000148],[0.3988211989999968,8.755482214000097],[0.39937540600016064,8.75584337000015],[0.40012507199998026,8.75636179900016],[0.40034761200013236,8.756561898000086],[0.4004500210001538,8.756713705000152],[0.40051027400005523,8.756846145000111],[0.40053319500009366,8.756981447999976],[0.4005160230000797,8.75709311300011],[0.40014084300014474,8.759532320000005],[0.40008262400004924,8.759745873000043],[0.3997651420000352,8.760273382000037],[0.39933277300008285,8.760792331999994],[0.3988270240000702,8.76118501700006],[0.3983665130000418,8.7614375120001],[0.3980944610000847,8.761533816000053],[0.3978265360000819,8.761603737000087],[0.3973899070001039,8.761647079000113],[0.3971731170000794,8.761636501000112],[0.3969787410001686,8.761586719000093],[0.3966254110000591,8.761477803000162],[0.39599605200010046,8.761190725000006],[0.39540620600018883,8.760911280000073],[0.3951665900000876,8.76080022400015],[0.3949133260000508,8.760736606000023],[0.3943875820000926,8.760697088000143],[0.3939416860001188,8.76069496600013],[0.3928798660000439,8.760729428000161],[0.3920953670000813,8.76076514100015],[0.39062132300011854,8.760961723000094],[0.39022106800013034,8.761034730000176],[0.38990108600012263,8.76111780600013],[0.3894362650001426,8.76129079500015],[0.3891079820000414,8.761428608000074],[0.3887967249999633,8.761604387000148],[0.38817840400008663,8.76198856000002],[0.38751025200002687,8.762456495000151],[0.3869485420000842,8.762871724000092],[0.38313998800009585,8.76590966000009],[0.38250463100018806,8.766446540000118],[0.38195753300004753,8.766979977000119],[0.3808219130000339,8.768114249000178],[0.38042646100018374,8.768550481000034],[0.37778478700010965,8.771979857000076],[0.37758935600004406,8.772408953000081],[0.37752655900004584,8.772702568000113],[0.37753731900005505,8.77296112800019],[0.37962150900000324,8.780241678000039],[0.3793853700001364,8.782608073000176],[0.3793199950001167,8.783513857000173],[0.3789694610000538,8.791522670000177],[0.3790095860001088,8.791975392000154],[0.37908032800010005,8.79226675100017],[0.3792067490001614,8.792547130000173],[0.37938130800012004,8.792751122000027],[0.3795850520000954,8.792888652000045],[0.37983939900010455,8.792970514000046],[0.3800897680001185,8.793007885000009],[0.3804678130000525,8.79295331000003],[0.38068309000004774,8.792865720000066],[0.3809440580001251,8.792696460000116],[0.381105661000106,8.792538825000122],[0.3813250059999973,8.792320258000075],[0.3814386199999831,8.792237165000017],[0.38162858400011146,8.792151858000182],[0.3819427240001687,8.792036011999983],[0.38213580700005423,8.791971925000098],[0.3833483450000017,8.791665958000124],[0.38457157200008396,8.791357293000033],[0.38477192100003776,8.791310205000059],[0.3896008320001556,8.790635053000187],[0.3897819810001124,8.790612354000132],[0.38992732600002,8.790632767000147],[0.38997057300008464,8.790658715000177],[0.3900074700000573,8.790706943999965],[0.3900447000000895,8.790827449000119],[0.39005950400007805,8.790931801],[0.39006121500017343,8.791114340000092],[0.3899898060001874,8.791471922000028],[0.3898257770000555,8.791784595000081],[0.3894958920001841,8.792568865000135],[0.38930622100002665,8.793053695000083],[0.3892454940000789,8.793337101000077],[0.38926629900009857,8.793572214000108],[0.3893505310001615,8.793834807000053],[0.38949079300004996,8.794071285000086],[0.389876820999973,8.794719105000013],[0.39088226500007295,8.796327284000142],[0.3910368430000517,8.796551873000169],[0.39128606800016996,8.796736780999993],[0.3917137999999909,8.796950694000031],[0.3922978930000909,8.797024214999965],[0.39259290100000044,8.796966018000035],[0.3928386790000786,8.796892513000103],[0.3930756150001571,8.796800535000102],[0.39817902499999036,8.793720323000173],[0.39839263200002506,8.793745129000115],[0.40252134700011766,8.794189221000067],[0.40289938600005826,8.794217046000142],[0.4091347909999854,8.793979844999967],[0.410501136000164,8.79386387500017],[0.41142535000005864,8.793746263000003],[0.41695994300016537,8.792853817000093],[0.4179911240001388,8.79266967000001],[0.41830688400011695,8.792599133000124],[0.41878652100012914,8.792448711000134],[0.420322595000016,8.79194948700001],[0.4240569480000431,8.790108055000076],[0.4242462560000604,8.789904769000145],[0.4243171870001561,8.789742626000134],[0.4243758540001181,8.789521861000082],[0.42441608600006475,8.789183503000118],[0.42450663099998565,8.786117549000153],[0.42450960900009704,8.785585776999994],[0.4245049570000674,8.785317989000077],[0.4244549010001606,8.785013112000115],[0.4244002219999743,8.784703159000173],[0.4243219229999795,8.784360654000182],[0.42418411100015874,8.78382986000014],[0.42408555400010073,8.78351023200014],[0.4239021410000987,8.783068561000107],[0.423732422000171,8.782608567000068],[0.42368428899999344,8.782398507999972],[0.42366924100002734,8.782222076000153],[0.4237194850000492,8.781794884000135],[0.42376947700012124,8.78156760600018],[0.4238371970000685,8.78138933300005],[0.4239470690000644,8.781206214000122],[0.4241111260000707,8.781014451000146],[0.4242277210000225,8.780914662000157],[0.4244296170000439,8.780815576000123],[0.42555616300018073,8.780319994000138],[0.4271897440000316,8.77964087700019],[0.4274040190001074,8.77957561400018],[0.4275012840000727,8.779559879000033],[0.4276390850000098,8.77957097500007],[0.42786225800011835,8.779638232000025],[0.4280131020001363,8.779708041000049],[0.4282099980001135,8.779851233000159],[0.42836456700018744,8.77999998100006],[0.42849039500009667,8.78022655600006],[0.4285697690000916,8.780467471000179],[0.42863953400012633,8.780649809000181],[0.42876404300000104,8.780894648000071],[0.42910193600016555,8.781386880000127],[0.4297407070001782,8.782257314000049],[0.4299627119999627,8.78249067000013],[0.43033638900010374,8.782863528999997],[0.4306594190001647,8.783119458000158],[0.43100432200003524,8.783381178000127],[0.4317633190000265,8.78392681500003],[0.4322903270000893,8.784276792000128],[0.43311045000018566,8.784818207000114],[0.4335872680000534,8.785122824000155],[0.4339482440000779,8.785328318000097],[0.434180667000021,8.78541141800008],[0.4344761330001461,8.785450888000128],[0.43467910500004336,8.78544765300012],[0.4348790980001809,8.78542261299998],[0.4360065290001103,8.784918362000099],[0.43613885500002425,8.784853696000084],[0.4363762210001596,8.784735427000157],[0.4365550809999945,8.784583384000086],[0.43676999000012984,8.784400697000024],[0.4368236830000569,8.784351284000081],[0.43688379700000723,8.784325421000176],[0.4369956940001316,8.784318094000184],[0.43821095600014814,8.784241744999974],[0.43826439900004743,8.784265155000185],[0.4383838710001555,8.784374254000056],[0.43870538500010525,8.784690013000159],[0.4391638230000581,8.785226463000129],[0.4395400010000685,8.785721570000135],[0.4396732490000659,8.78596154200011],[0.4406264370001054,8.78772460500005],[0.44069826500015097,8.787917905000029],[0.4407407250001256,8.788128415000074],[0.4407817370001226,8.788358263000077],[0.4408126430000152,8.788626600000157],[0.4408242000001792,8.789247907000117],[0.4407944400000474,8.7895407580001],[0.4407474250001542,8.78970673100008],[0.4406528100000173,8.789906527000085],[0.4404354779999835,8.790359042000148],[0.439033547000065,8.792746761000103],[0.4389619480000988,8.792860698000027],[0.43880869500014796,8.793023844000004],[0.4386660400001574,8.79316787300013],[0.43822300300018924,8.793560023000055],[0.4379113040000675,8.793803516000025],[0.4377069250001,8.793899371000066],[0.4375201660001835,8.79396915400008],[0.4373181930000669,8.794032979999997],[0.43686682500003826,8.79412989500014],[0.436557736000168,8.794165973000077],[0.43632363600011104,8.79412657600011],[0.43613222700003007,8.794077653000102],[0.43602076100000886,8.794034738000164],[0.43588845500011075,8.79395396100017],[0.4347315120000417,8.7929722290001],[0.43393298500012634,8.79228377600009],[0.4337175930000967,8.79191906200009],[0.4334233610000524,8.791362415000151],[0.433078508000051,8.790815476000091],[0.4327833680001163,8.790514886000096],[0.4324113840000905,8.79022214400004],[0.43217887700012625,8.790064210000082],[0.43198196700018343,8.789998205000074],[0.43173369800013006,8.789955302000124],[0.4314989160000664,8.789993540000125],[0.4312857690001124,8.790035490000037],[0.431063111000185,8.79011650700005],[0.43084624099998337,8.790212066000095],[0.43052502200015397,8.790367769000056],[0.4303588260000879,8.790485499000056],[0.4297742780000249,8.791017375000024],[0.4294833920001224,8.791362161000109],[0.4293079040001544,8.791626269000119],[0.4291433000000211,8.79196768600002],[0.4290200050000408,8.792275260000054],[0.4289025620001894,8.792603535000126],[0.428822734000164,8.79294817300007],[0.42876914500010344,8.793225900000039],[0.4287211890000435,8.793584012000167],[0.42872520899999245,8.793905850000158],[0.4287468580001246,8.79446099800009],[0.4288142419999872,8.7948119510001],[0.42891039300002376,8.795162676000075],[0.4290092570000752,8.795486027000095],[0.429230605999976,8.796069204000105],[0.42972587700000986,8.797123588000147],[0.43009340500003646,8.79788098299997],[0.43032655400008935,8.79819558600019],[0.430543623000176,8.79841108000005],[0.43098446300007254,8.798722138000073],[0.43134569900013275,8.798952202000066],[0.4318539840001563,8.799262246000126],[0.4323078880000253,8.799415476000036],[0.43255574600010505,8.799461780000115],[0.4354062920000956,8.799850404000154],[0.43608056700003317,8.799940481000021],[0.43780046100005165,8.80016590100007],[0.4384899320001523,8.800271359000078],[0.43922541700015927,8.800422608000076],[0.44056961100017134,8.800746791000165],[0.44088578100001996,8.800876295000023],[0.44109839400016426,8.801013512000111],[0.44227048900006594,8.80180389100002],[0.44278475500016157,8.802184181000086],[0.4431542250001712,8.802530564000051],[0.4436640220001209,8.80312929400003],[0.44414586500010955,8.803816576000031],[0.44436085100016953,8.804183705000128],[0.44447509700000865,8.804424804000064],[0.44453356300005,8.804689121000024],[0.4445803270000397,8.80491660600012],[0.44463340800007245,8.80529079900009],[0.4446666760001676,8.805625095000039],[0.4447130620000621,8.80610417500003],[0.44471692900015114,8.80651699100008],[0.44471390300003577,8.806824978000066],[0.44471624900006645,8.807092810000029],[0.444764024000051,8.807363803000158],[0.4448273780001273,8.807655766999972],[0.44498906900008706,8.80818446800015],[0.44512780100001237,8.808483641000123],[0.4456450200000859,8.809380514000168],[0.4457998280001334,8.809645665000119],[0.4459106890001294,8.80978825000011],[0.4461874270000976,8.810134129000062],[0.44669337600015524,8.810638778000168],[0.44690033700015874,8.81081778100014],[0.4475274890001515,8.811341446000029],[0.44783542700002954,8.811580907000064],[0.4480601740000907,8.811688084000139],[0.4482886530000769,8.811776068000086],[0.44847566300006747,8.811794702000043],[0.4570652300001825,8.811295827000095],[0.4574175070001161,8.811249730999975],[0.4576993310001285,8.811198971000067],[0.4579599370000551,8.811143852000043],[0.45830142100004423,8.81103688100012],[0.45884873700003936,8.810776214000157],[0.45939041900010125,8.810406771000032],[0.459768472000178,8.810072521000109],[0.45993886400009387,8.809913600000186],[0.4600410119999765,8.80975989400008],[0.4600897670000563,8.809550874000024],[0.4600862850001022,8.809348504000184],[0.4598685910000313,8.808076802000073],[0.45980796300017346,8.80779399100004],[0.4597257840000566,8.807564428000148],[0.4596181250000768,8.807335417000104],[0.4594285900001296,8.806973144000096],[0.45932973400010724,8.806714497000087],[0.45926711100003104,8.806523417999983],[0.4592468280000048,8.806421782000143],[0.45920250700015686,8.804465708000123],[0.459211358999994,8.803852586000176],[0.4592554490001248,8.803040821000081],[0.45931620900017833,8.802659399000106],[0.45937430800006496,8.802562213000101],[0.45955111800014947,8.802414966000072],[0.4596830190001242,8.802339615000108],[0.4598694310001292,8.802240105000067],[0.45994612300006565,8.80220794800016],[0.4601742479999871,8.802158982000037],[0.4611658630000761,8.802000676000091],[0.46191455400014547,8.801894597000057],[0.4625352540001586,8.801741431000039],[0.462977955000099,8.80161345800019],[0.4631900500001507,8.801540944000067],[0.46353811400018685,8.80130443600018],[0.46394522600007804,8.801008198000034],[0.46422076500005005,8.800676470000099],[0.46465698900010466,8.800008638000065],[0.4649268490000509,8.79956898100005],[0.465061490000096,8.799280998000086],[0.4651857800000698,8.799008613000012],[0.4653575840000599,8.798547208000116],[0.46635321500014015,8.795893122000109],[0.46738876699998855,8.793484549000027],[0.46747441900015474,8.79330492600019],[0.46760900300012054,8.793143433000068],[0.46780352800010405,8.792958008000085],[0.4681487290001769,8.79271199800013],[0.4685652850001816,8.792484065000053],[0.46875268700006245,8.792397651000158],[0.468953878000093,8.792305732000102],[0.4690571049999903,8.792275352000104],[0.46922464100003936,8.79225503300006],[0.4693460400000049,8.792276758000185],[0.46944307500012883,8.79233309600005],[0.46955885600004876,8.79245199200011],[0.46968461900007696,8.792638665000027],[0.4698172840001007,8.792878772999984],[0.47012965300012866,8.793594459000076],[0.4704145000001745,8.79429831800013],[0.47053485000014916,8.794636087000072],[0.47062827200005586,8.794985704000169],[0.47068263000011257,8.795280582000032],[0.4707100420000643,8.795549061000145],[0.4706714150000266,8.795933492000074],[0.47056955100009645,8.796485560000065],[0.470419636000031,8.797047111000097],[0.470347522000111,8.79726431000006],[0.47027716600013036,8.797518288000106],[0.47022160500006294,8.797756082000035],[0.4702072250001379,8.79799823000019],[0.4702251730000171,8.798227204000113],[0.47028657300012355,8.798490519000154],[0.4703651000001514,8.798710210000138],[0.47048801700009335,8.798909054000035],[0.47076507300010917,8.799175789000003],[0.4712372850000861,8.799433865000026],[0.4715763070000776,8.799576492000028],[0.4717108410000037,8.799615613000185],[0.4719704530000399,8.799671494999984],[0.47220751600002586,8.79965778799999],[0.47406913100013526,8.799507475000098],[0.4743876900000714,8.799460802000056],[0.4749465620001274,8.799357598000029],[0.47576201300000776,8.799172520000184],[0.4819145309999726,8.798941987000035],[0.48373724300017784,8.79895527400015],[0.4899379970000268,8.800241754000183],[0.4904885190001096,8.800382785000068],[0.4907316540000579,8.800487517000022],[0.49116896400016685,8.80075046799999],[0.49129757500008964,8.800872659000106],[0.49148737200005144,8.80108587900014],[0.49162166200017055,8.801241338000125],[0.4917130850001854,8.801417932000163],[0.4917850079999653,8.801601948000098],[0.49183309700015343,8.801795669000057],[0.4919798960001458,8.802478059000066],[0.49449836700006244,8.806887378000113],[0.49729242200004364,8.81060359899999],[0.4999150240001313,8.81436447700014],[0.5000055000001566,8.814547142000038],[0.5000357010001153,8.814692043000036],[0.5000307430000248,8.814791083000102],[0.49996938700013516,8.814919763000091],[0.499655144000144,8.81530559500004],[0.4989687550000781,8.81595012300005],[0.4980189000000905,8.816827407000176],[0.4974783050000724,8.817329538000081],[0.4971668130000353,8.817671657000062],[0.49632118100004163,8.818638824000061],[0.4958973090001564,8.819135110000047],[0.4953065430001402,8.819843202000015],[0.4950925160001134,8.820127622000143],[0.49493885800018234,8.820409244000132],[0.4949126040001488,8.820622540000045],[0.49495971100003544,8.820881310000118],[0.49647933500017416,8.827258028000188],[0.4965756930001817,8.827480394000077],[0.49676005400004897,8.827699187000178],[0.4975332480000816,8.832629933000078],[0.49738846999997577,8.832925668000144],[0.4955125550001185,8.838745066000058],[0.49544600200005107,8.839030132000062],[0.49545609800014745,8.839311425000119],[0.49552269599996634,8.839594202000171],[0.49560777099998177,8.83981564700008],[0.49574467900015406,8.840031919000069],[0.4960946360000662,8.84045531300012],[0.502367000000163,8.841126999999972],[0.504689623000047,8.84188068200018],[0.5037760000000162,8.841021000000069],[0.5113780000000361,8.842491000000052],[0.5246820000001549,8.844945000000052],[0.5327530000000706,8.847364000000027],[0.5393880000001445,8.85119400000002],[0.5441080000000511,8.856903000000045],[0.5469150000001264,8.864019000000098],[0.5474350000001778,8.86454300000014],[0.5499160000001098,8.87115799999998],[0.5534190000000194,8.87516200000016],[0.5599260000001891,8.878665000000126],[0.5694360000001097,8.878165000000138],[0.5829490000001556,8.876663000000008],[0.5882160000000454,8.878506000000073],[0.5909030000001394,8.879447000000141],[0.5924769999999739,8.881350000000054],[0.591961000000083,8.887498000000164],[0.5909849999999892,8.891278000000113],[0.5866750000000707,8.895509000000061],[0.5790430000001265,8.898298000000068],[0.578042000000039,8.905863000000181],[0.5813350000000241,8.911562000000117],[0.5841650000000413,8.915366000000063],[0.5870010000000434,8.918224000000123],[0.5927020000001448,8.919681000000082],[0.6059920000001853,8.924972000000139],[0.6135840000000599,8.928333000000066],[0.6187810000001832,8.93404499999997],[0.6230340000001888,8.938804000000118],[0.6282410000000596,8.94309600000014],[0.632020000000125,8.947379000000126],[0.6338100000000395,8.964900000000114],[0.6375500000000898,8.975334000000146],[0.6422700000001669,8.981516000000056],[0.6479750000000308,8.982499000000189],[0.6555809999999838,8.983967000000177],[0.660349000000167,8.98257800000016],[0.6650400000001468,8.98280200000005],[0.6705390000000193,8.987777000000108],[0.6745430000000283,8.993783000000178],[0.6775460000001772,9.000290000000177],[0.6810500000000275,9.004294000000186],[0.6830520000000888,9.007797000000096],[0.6850540000000365,9.012803000000076],[0.6910600000001068,9.014805000000138],[0.6961110000000303,9.012447000000066],[0.696333000000152,9.012617000000148],[0.7010990000001129,9.011701000000187],[0.7048980000000142,9.013144000000011],[0.7096550000001685,9.013647000000105],[0.713912000000164,9.017933000000141],[0.7153100000001587,9.022673999999995],[0.7154320000001348,9.024530000000084],[0.7157740000001809,9.02457000000004],[0.7200020000000791,9.033587000000068],[0.7223409999999717,9.040227000000186],[0.7251729999999839,9.044031000000189],[0.7346380000001318,9.053081000000077],[0.742755000000102,9.049345000000187],[0.7470630000000256,9.045586000000014],[0.7565890000000195,9.044698000000096],[0.7627459999999928,9.049941000000103],[0.7674890000000687,9.052809000000082],[0.7736720000000332,9.053793000000155],[0.780360000000087,9.050048000000118],[0.7818730000001892,9.03633300000007],[0.7857480000001829,9.025471000000152],[0.7928910000000542,9.025041000000101],[0.8096040000001494,9.01662200000004],[0.822001000000057,9.01338300000009],[0.8320009999999911,9.012969000000112],[0.8420000000000982,9.012555000000134],[0.851538000000005,9.009771],[0.8663320000001704,9.003704000000027],[0.8729320000000484,9.004290000000026],[0.8732860000000073,9.004136000000074],[0.8741520000000946,9.00425400000006],[0.8744660000001545,9.004242000000147],[0.8766400000000658,9.004158000000132],[0.87941700000016,9.004505000000051],[0.8850639999999999,9.005211000000031],[0.8919080000001713,9.006264000000101],[0.8962250000001291,9.00679000000008],[0.9042269999999917,9.009212000000105],[0.9087580000000912,9.00992000000008],[0.9109659999999735,9.010265000000004],[0.9200210000001334,9.011739000000148],[0.9265450000000897,9.012545000000046],[0.9385130000001709,9.014024000000177],[0.9472930000001156,9.015109000000052],[0.9496090000000663,9.01553000000007],[0.9590860000001271,9.02290000000005],[0.966562000000124,9.02679599999999],[0.9695100000001844,9.030166000000122],[0.9724640000001727,9.034086000000116],[0.9728660000000104,9.034618999999964],[0.9753020000001698,9.037852000000157],[0.9754890000001524,9.039382000000103],[0.9755189999999629,9.03962300000012],[0.9761439999999766,9.044697000000042],[0.9813630000001581,9.050136000000123],[0.9822770000001242,9.051089000000104],[0.9823780000001534,9.051194000000066],[0.9836200000000304,9.05248800000004],[0.9866670000000681,9.053077000000087],[0.9928860000000554,9.054278000000124],[0.9981500000000096,9.057543000000123],[0.9987639999999942,9.05840100000006],[0.9996399999999994,9.058953000000088],[1.0002279999999928,9.05932300000012],[1.000278000000037,9.059288000000095],[1.000201000000061,9.059399000000042],[1.0018450000000598,9.06271500000014],[1.0021610000000578,9.063157999999987],[1.003082000000063,9.068843000000186],[1.0011430000000132,9.07498499999997],[0.9972950000001788,9.08206400000006],[0.99103800000006,9.09386300000017],[0.989099000000067,9.10000500000018],[0.9876280000000293,9.107570000000123],[0.9870330000001672,9.128866000000187],[0.9879369999999881,9.137390000000039],[0.98740800000013,9.146853000000021],[0.9854230000000257,9.161042000000009],[0.9853400000000647,9.175714000000028],[0.9886050000000068,9.188038000000063],[0.9933250000001408,9.195636999999977],[0.9932990000000927,9.200370000000078],[0.999935999999991,9.206087000000082],[1.0065830000000346,9.209910000000036],[1.0146699999999669,9.211848000000145],[1.017876000000058,9.213640999999996],[1.0196770000000015,9.213480000000175],[1.0294400000000792,9.212393000000134],[1.0409119999999916,9.213595999999995],[1.0557960000001572,9.220520000000022],[1.07050600000008,9.227362000000028],[1.070724000000041,9.227717000000098],[1.0727250000000481,9.227717000000098],[1.0767300000001114,9.229319000000089],[1.0827360000000112,9.230120000000113],[1.0879410000001144,9.22971900000016],[1.0927460000001474,9.22971900000016],[1.0979510000000232,9.229319000000089],[1.1027560000000562,9.228118000000052],[1.1131670000000895,9.227317000000028],[1.1187730000001466,9.226116000000104],[1.1231769999999983,9.22331300000019],[1.1311860000000706,9.222511999999995],[1.1427970000001437,9.21970900000008],[1.1596150000000875,9.216506000000095],[1.1652200000000335,9.218507999999986],[1.1684240000000727,9.22171099999997],[1.1728280000001519,9.226917000000128],[1.1752300000001128,9.228118000000052],[1.1784339999999816,9.229319000000089],[1.1820380000001478,9.23212200000006],[1.1851960000001327,9.235491000000081],[1.1875780000000304,9.235347000000047],[1.1891330000000835,9.23523700000004],[1.1894790000001194,9.235257000000104],[1.189679000000126,9.23528500000009],[1.189751000000058,9.235330999999974],[1.1905060000000276,9.235407000000066],[1.1981320000000437,9.235635000000116],[1.200456000000088,9.232923000000085],[1.203660000000184,9.226516000000174],[1.210066000000154,9.222912000000065],[1.2228789999999776,9.227717000000098],[1.2270550000001776,9.229191000000185],[1.2270620000000463,9.229262000000006],[1.2331210000000965,9.234763000000044],[1.2490230000000793,9.242616000000055],[1.2636540000000878,9.24776100000014],[1.268120000000124,9.249330999999984],[1.288957000000039,9.25243000000006],[1.2886800000000562,9.253174000000172],[1.2889390000001413,9.253175000000056],[1.2893469999999638,9.252943000000073],[1.2945530000001213,9.249740000000088],[1.3021600000001854,9.24813800000004],[1.3105690000001573,9.245736000000079],[1.3137720000001423,9.245736000000079],[1.3261850000000663,9.248538999999994],[1.3333920000000603,9.250541000000112],[1.3426020000000563,9.252543000000003],[1.3439950000000067,9.25239600000009],[1.3502100000001747,9.251741999999979],[1.3562160000000745,9.251741999999979],[1.3602200000000835,9.251741999999979],[1.3638240000000224,9.257348000000036],[1.3678280000000314,9.266157000000078],[1.3714310000000864,9.269760000000076],[1.3770370000001435,9.269760000000076],[1.3778380000001675,9.273364000000015],[1.3786389999999642,9.28097200000019],[1.3782380000000103,9.286177000000066],[1.3794390000001044,9.291783000000123],[1.3834440000001678,9.300992000000178],[1.3842670000000794,9.304375000000107],[1.3887750000000096,9.309271000000024],[1.4067000000000576,9.320339000000104],[1.4129827080001292,9.324449686000037],[1.4130071790000898,9.324466026000152],[1.420012239000073,9.309291516000144],[1.4212280890001239,9.308121642000174],[1.426862523000068,9.302700040000104],[1.4324967840000227,9.297278349000123],[1.438130871000169,9.291856567000082],[1.4437647850000417,9.286434694999969],[1.4453743430001396,9.284885642000177],[1.4493985260001523,9.281012731999965],[1.4527074950000838,9.276121911000075],[1.4541764060000446,9.27395072700017],[1.454174574000092,9.273909246000017],[1.4540774670001042,9.271710955000117],[1.4538194910001039,9.265871109000102],[1.4585790480001606,9.260702118000097],[1.4633384670000282,9.255533062000154]]]},"properties":{"adm1_name":"Centrale","adm1_name1":"","adm1_name2":"","adm1_name3":"","adm1_pcode":"TG01","adm0_name":"Togo","adm0_name1":"","adm0_name2":"","adm0_name3":"","adm0_pcode":"TG","valid_on":"20210107","valid_to":"00000000","area_sqkm":13100.75115282,"version":"v02","lang":"fr","lang1":"","lang2":"","lang3":"","center_lat":8.60686879,"center_lon":1.04620186}},{"type":"Feature","geometry":{"type":"Polygon","coordinates":[[[1.044935275000114,10.18382308400004],[1.0894096990000435,10.151131539000062],[1.097192939000081,10.146867077000024],[1.104975973000137,10.142602429000078],[1.1127588010001546,10.138337594999996],[1.1205414229999633,10.134072576000165],[1.1232618690000322,10.132525380000061],[1.1281584410001528,10.129740557000105],[1.1357752540000092,10.125408361000154],[1.1433918630000903,10.121075987000154],[1.1461253379999903,10.119521064000025],[1.151008268000112,10.11674343500016],[1.158624469000074,10.112410706000048],[1.1662404650001577,10.10807780000016],[1.1738562580001144,10.10374471700004],[1.1814718460000222,10.099411457000144],[1.1890872310001441,10.095078019000084],[1.196702412000036,10.090744405000123],[1.2043173890000958,10.086410614000101],[1.2119321630000854,10.08207664600019],[1.2195467330000724,10.077742501000102],[1.2271610990001705,10.073408180000058],[1.2347752630000741,10.069073682000067],[1.242389223000032,10.06473900800006],[1.2500029799999766,10.060404157000107],[1.2506141340001022,10.060056176000046],[1.2570469790000516,10.056317488000104],[1.2634796760000313,10.05257867500012],[1.269912224000052,10.048839736000104],[1.276344626000082,10.045100671000114],[1.2827768750000246,10.04136148400005],[1.2900340610000853,10.037142370000026],[1.294804400000146,10.03436886000003],[1.2972910550001302,10.032923100000176],[1.3045478600000138,10.028703670000084],[1.311804479000159,10.024484080000036],[1.319060909000143,10.020264331000021],[1.3263171520000014,10.016044421999993],[1.3308401910000498,10.013413857000046],[1.3335732100001678,10.01182435300018],[1.340140703999964,10.008004421999999],[1.3467080470000496,10.004184359000021],[1.353275237000048,10.000364166000054],[1.3532756230000587,10.000022953000155],[1.3532756750000772,9.999976515000071],[1.3532816960001242,9.9945961520001],[1.35399856000015,9.988144345000023],[1.3547492730001522,9.980843218000132],[1.355499952000173,9.973542087000112],[1.3562505980001447,9.966240950000042],[1.3570012110001244,9.958939809000185],[1.3554202560001727,9.925865161000047],[1.3547751690001633,9.919790825000177],[1.3541301060001842,9.913716485000066],[1.3537946030000398,9.897973935000152],[1.3555678950000356,9.868837739000128],[1.3576073280000855,9.835328691000086],[1.3589922830000205,9.828016723000133],[1.3591051250001556,9.827420965000044],[1.360602851000067,9.819513229000165],[1.3621005050001713,9.811605483000108],[1.362759095000115,9.808127899000112],[1.3635980890001065,9.80369772600011],[1.362544183000125,9.794975131000058],[1.3614903330001198,9.78625252900008],[1.3604365370001688,9.77752991900013],[1.3593827970000234,9.768807301000152],[1.358329111000046,9.760084676000076],[1.3582940950001898,9.755524808000075],[1.358259080000039,9.750964938000095],[1.3583344180000267,9.75002269200013],[1.3589498000001754,9.742325442000038],[1.359451545000013,9.736049268000158],[1.359565153000176,9.734628187000112],[1.3596113600000308,9.728128504000097],[1.3596575650000204,9.721628819000102],[1.3597037690001343,9.715129131000026],[1.3592663060000518,9.709438887000147],[1.358828858000095,9.703748640000128],[1.3593477260000668,9.696607742000083],[1.3598665710000546,9.68946684000008],[1.360385395000037,9.682325934000062],[1.3601486250001358,9.68133229099999],[1.3590571710000745,9.676751823000075],[1.3623451909999744,9.673495893000165],[1.3641773470000658,9.667862710999998],[1.3660094430001095,9.662229518000117],[1.3640921610001442,9.657566260000124],[1.3621749320000163,9.65290299100019],[1.3619177980000927,9.645584650000103],[1.361660676000099,9.638266305000059],[1.361825356000054,9.630849683000179],[1.3619900279999797,9.62343305800016],[1.3621546940001394,9.616016430000059],[1.3623193520000996,9.608599798000114],[1.3624840030001337,9.601183163000087],[1.3585972070000594,9.593552725000052],[1.3547105849999639,9.585922241000048],[1.3508241370001315,9.578291708999984],[1.3469378620001748,9.570661131000122],[1.3430517600001508,9.563030506000189],[1.3391658320001625,9.555399834000127],[1.3385414480001714,9.553645324000115],[1.3378562740001598,9.551719993000063],[1.338232698000013,9.548036137000054],[1.3386654200001544,9.546402933000138],[1.3420183870001665,9.538761699000077],[1.3453712050001059,9.531120430000158],[1.34872387300004,9.523479126000097],[1.352076393000175,9.515837785000144],[1.3554287630000772,9.508196409000107],[1.3587809850001236,9.500554998000155],[1.3587935650000986,9.500022158000093],[1.3589879420001125,9.491788085000167],[1.3592031200001884,9.487532044000147],[1.3593029760000945,9.485556987000052],[1.359492185000022,9.483354030000157],[1.3595444290000955,9.482903604000171],[1.359602638000183,9.482401744000072],[1.3599155330000485,9.482318174000056],[1.3601854870000238,9.482264806999979],[1.3604207830001087,9.482256723000035],[1.3618129880001106,9.482319496000173],[1.3620219280001606,9.482368919000066],[1.3622394610001152,9.482436279000126],[1.3624620800001708,9.482540049000022],[1.3626590940000938,9.482656341000052],[1.3628405170001088,9.48278808900011],[1.3641169090000176,9.483838577000029],[1.3641485409999632,9.483889546000057],[1.3641973500000404,9.484004113000026],[1.3643112470001029,9.484321415000181],[1.3643550420001134,9.484445131000086],[1.3643814060001773,9.484567395999989],[1.3643898600001307,9.484700186000168],[1.3643796590001216,9.484879692000106],[1.3643476200000464,9.485089284000026],[1.3642762490000564,9.485363797000105],[1.3641098110001622,9.485821109000085],[1.3640386510001576,9.486129298000094],[1.3639917160000437,9.486454220000155],[1.363967644000013,9.48678675900004],[1.3639976960000126,9.487046784000142],[1.3640794810001466,9.487317071000064],[1.3642303610001818,9.487555134000104],[1.368172659000038,9.492080423000175],[1.3683381180001675,9.492260292000026],[1.3685697970000774,9.492431955000143],[1.3687895240000216,9.492552239000133],[1.3690515120000555,9.492646307000086],[1.3692550380001762,9.49268549500016],[1.3734109990000434,9.493379450000077],[1.373683495000023,9.493423636000045],[1.3739191440000695,9.493447647000153],[1.3741309360000287,9.493452192000063],[1.3744014400000424,9.493453623000107],[1.3746793800000887,9.493424655000183],[1.3751111160001415,9.493371357000058],[1.3753900810000346,9.49333016899999],[1.3756240170001774,9.49325694900017],[1.3758602560001236,9.493111500000111],[1.3760375690001183,9.49299288100002],[1.3762390100001767,9.492805520000047],[1.376411843000028,9.49264426000019],[1.3765807730001143,9.492469660000154],[1.3767113459999791,9.492242981000118],[1.3767927990000999,9.492026157000112],[1.3769337290000294,9.491485367000166],[1.3769764410001812,9.491174551000029],[1.3770122920000176,9.490874233],[1.3770353140001816,9.490561374000151],[1.3770398340001861,9.490339544000108],[1.3770684470001697,9.49020164100017],[1.3771250260001011,9.490102487000115],[1.3772222380001722,9.489956510000013],[1.377335885999969,9.48983248900015],[1.3775946220000606,9.489564598000129],[1.3777227330000983,9.489471439000113],[1.3778526980001402,9.489405572000123],[1.3779885259999674,9.489365420000127],[1.3780969630001891,9.489348717000098],[1.378126944000087,9.48934749900019],[1.3781911210001567,9.489366786000062],[1.3783112740000547,9.489414836000151],[1.378470170000071,9.48950322799999],[1.3786832349999827,9.489640506000171],[1.3788391620000198,9.489747432000115],[1.3864488390000247,9.49566185600014],[1.3866077510000423,9.495806513000105],[1.3867002310000203,9.49598261300008],[1.3867804980000074,9.496232450999969],[1.3868572310000786,9.49653491600003],[1.386990669000113,9.497086816000092],[1.3870427580000637,9.4973760150001],[1.3870521880000979,9.497584541000151],[1.3883330940000747,9.493900974000098],[1.3913058200001842,9.479797934999965],[1.392330616000038,9.47624251800005],[1.393155380000053,9.472594654000034],[1.3951789210000811,9.458269135000023],[1.395616486000165,9.455600183000172],[1.3963015610000866,9.45142152599999],[1.3974241570000459,9.44457391100002],[1.39854670800014,9.437726290000171],[1.3992775840000036,9.43302268500014],[1.4000084410001818,9.42831907700014],[1.4000515550000046,9.42620184399999],[1.4000951970000983,9.424058561000038],[1.4001328580000632,9.422208903000126],[1.4000290000001883,9.419614696000167],[1.3996970260000694,9.416536654000026],[1.3996895990001121,9.414384839000093],[1.3996755349999717,9.410310465999999],[1.399654044999977,9.404084275999992],[1.3994397769999978,9.389961395000057],[1.3992470070000422,9.382064702000093],[1.3990542450001158,9.374168005000172],[1.3988614920000373,9.366271305000112],[1.4048965060000569,9.34203554100003],[1.4130071790000898,9.324466026000152],[1.4129827080001292,9.324449686000037],[1.4067000000000576,9.320339000000104],[1.3887750000000096,9.309271000000024],[1.3842670000000794,9.304375000000107],[1.3834440000001678,9.300992000000178],[1.3794390000001044,9.291783000000123],[1.3782380000000103,9.286177000000066],[1.3786389999999642,9.28097200000019],[1.3778380000001675,9.273364000000015],[1.3770370000001435,9.269760000000076],[1.3714310000000864,9.269760000000076],[1.3678280000000314,9.266157000000078],[1.3638240000000224,9.257348000000036],[1.3602200000000835,9.251741999999979],[1.3562160000000745,9.251741999999979],[1.3502100000001747,9.251741999999979],[1.3439950000000067,9.25239600000009],[1.3426020000000563,9.252543000000003],[1.3333920000000603,9.250541000000112],[1.3261850000000663,9.248538999999994],[1.3137720000001423,9.245736000000079],[1.3105690000001573,9.245736000000079],[1.3021600000001854,9.24813800000004],[1.2945530000001213,9.249740000000088],[1.2893469999999638,9.252943000000073],[1.2889390000001413,9.253175000000056],[1.2886800000000562,9.253174000000172],[1.288957000000039,9.25243000000006],[1.268120000000124,9.249330999999984],[1.2636540000000878,9.24776100000014],[1.2490230000000793,9.242616000000055],[1.2331210000000965,9.234763000000044],[1.2270620000000463,9.229262000000006],[1.2270550000001776,9.229191000000185],[1.2228789999999776,9.227717000000098],[1.210066000000154,9.222912000000065],[1.203660000000184,9.226516000000174],[1.200456000000088,9.232923000000085],[1.1981320000000437,9.235635000000116],[1.1905060000000276,9.235407000000066],[1.189751000000058,9.235330999999974],[1.189679000000126,9.23528500000009],[1.1894790000001194,9.235257000000104],[1.1891330000000835,9.23523700000004],[1.1875780000000304,9.235347000000047],[1.1851960000001327,9.235491000000081],[1.1820380000001478,9.23212200000006],[1.1784339999999816,9.229319000000089],[1.1752300000001128,9.228118000000052],[1.1728280000001519,9.226917000000128],[1.1684240000000727,9.22171099999997],[1.1652200000000335,9.218507999999986],[1.1596150000000875,9.216506000000095],[1.1427970000001437,9.21970900000008],[1.1311860000000706,9.222511999999995],[1.1231769999999983,9.22331300000019],[1.1187730000001466,9.226116000000104],[1.1131670000000895,9.227317000000028],[1.1027560000000562,9.228118000000052],[1.0979510000000232,9.229319000000089],[1.0927460000001474,9.22971900000016],[1.0879410000001144,9.22971900000016],[1.0827360000000112,9.230120000000113],[1.0767300000001114,9.229319000000089],[1.0727250000000481,9.227717000000098],[1.070724000000041,9.227717000000098],[1.07050600000008,9.227362000000028],[1.0557960000001572,9.220520000000022],[1.0409119999999916,9.213595999999995],[1.0294400000000792,9.212393000000134],[1.0196770000000015,9.213480000000175],[1.017876000000058,9.213640999999996],[1.0146699999999669,9.211848000000145],[1.0065830000000346,9.209910000000036],[0.999935999999991,9.206087000000082],[0.9932990000000927,9.200370000000078],[0.9933250000001408,9.195636999999977],[0.9886050000000068,9.188038000000063],[0.9853400000000647,9.175714000000028],[0.9854230000000257,9.161042000000009],[0.98740800000013,9.146853000000021],[0.9879369999999881,9.137390000000039],[0.9870330000001672,9.128866000000187],[0.9876280000000293,9.107570000000123],[0.989099000000067,9.10000500000018],[0.99103800000006,9.09386300000017],[0.9972950000001788,9.08206400000006],[1.0011430000000132,9.07498499999997],[1.003082000000063,9.068843000000186],[1.0021610000000578,9.063157999999987],[1.0018450000000598,9.06271500000014],[1.000201000000061,9.059399000000042],[1.000278000000037,9.059288000000095],[1.0002279999999928,9.05932300000012],[0.9996399999999994,9.058953000000088],[0.9987639999999942,9.05840100000006],[0.9981500000000096,9.057543000000123],[0.9928860000000554,9.054278000000124],[0.9866670000000681,9.053077000000087],[0.9836200000000304,9.05248800000004],[0.9823780000001534,9.051194000000066],[0.9822770000001242,9.051089000000104],[0.9813630000001581,9.050136000000123],[0.9761439999999766,9.044697000000042],[0.9755189999999629,9.03962300000012],[0.9754890000001524,9.039382000000103],[0.9753020000001698,9.037852000000157],[0.9728660000000104,9.034618999999964],[0.9724640000001727,9.034086000000116],[0.9695100000001844,9.030166000000122],[0.966562000000124,9.02679599999999],[0.9590860000001271,9.02290000000005],[0.9496090000000663,9.01553000000007],[0.9472930000001156,9.015109000000052],[0.9385130000001709,9.014024000000177],[0.9265450000000897,9.012545000000046],[0.9200210000001334,9.011739000000148],[0.9109659999999735,9.010265000000004],[0.9087580000000912,9.00992000000008],[0.9042269999999917,9.009212000000105],[0.8962250000001291,9.00679000000008],[0.8919080000001713,9.006264000000101],[0.8850639999999999,9.005211000000031],[0.87941700000016,9.004505000000051],[0.8766400000000658,9.004158000000132],[0.8744660000001545,9.004242000000147],[0.8741520000000946,9.00425400000006],[0.8732860000000073,9.004136000000074],[0.8729320000000484,9.004290000000026],[0.8663320000001704,9.003704000000027],[0.851538000000005,9.009771],[0.8420000000000982,9.012555000000134],[0.8320009999999911,9.012969000000112],[0.822001000000057,9.01338300000009],[0.8096040000001494,9.01662200000004],[0.7928910000000542,9.025041000000101],[0.7857480000001829,9.025471000000152],[0.7818730000001892,9.03633300000007],[0.780360000000087,9.050048000000118],[0.7736720000000332,9.053793000000155],[0.7674890000000687,9.052809000000082],[0.7627459999999928,9.049941000000103],[0.7565890000000195,9.044698000000096],[0.7470630000000256,9.045586000000014],[0.742755000000102,9.049345000000187],[0.7346380000001318,9.053081000000077],[0.7251729999999839,9.044031000000189],[0.7223409999999717,9.040227000000186],[0.7200020000000791,9.033587000000068],[0.7157740000001809,9.02457000000004],[0.7154320000001348,9.024530000000084],[0.7153100000001587,9.022673999999995],[0.713912000000164,9.017933000000141],[0.7096550000001685,9.013647000000105],[0.7048980000000142,9.013144000000011],[0.7010990000001129,9.011701000000187],[0.696333000000152,9.012617000000148],[0.6961110000000303,9.012447000000066],[0.6910600000001068,9.014805000000138],[0.6850540000000365,9.012803000000076],[0.6830520000000888,9.007797000000096],[0.6810500000000275,9.004294000000186],[0.6775460000001772,9.000290000000177],[0.6745430000000283,8.993783000000178],[0.6705390000000193,8.987777000000108],[0.6650400000001468,8.98280200000005],[0.660349000000167,8.98257800000016],[0.6555809999999838,8.983967000000177],[0.6479750000000308,8.982499000000189],[0.6422700000001669,8.981516000000056],[0.6375500000000898,8.975334000000146],[0.6338100000000395,8.964900000000114],[0.632020000000125,8.947379000000126],[0.6282410000000596,8.94309600000014],[0.6230340000001888,8.938804000000118],[0.6187810000001832,8.93404499999997],[0.6135840000000599,8.928333000000066],[0.6059920000001853,8.924972000000139],[0.5927020000001448,8.919681000000082],[0.5870010000000434,8.918224000000123],[0.5841650000000413,8.915366000000063],[0.5813350000000241,8.911562000000117],[0.578042000000039,8.905863000000181],[0.5790430000001265,8.898298000000068],[0.5866750000000707,8.895509000000061],[0.5909849999999892,8.891278000000113],[0.591961000000083,8.887498000000164],[0.5924769999999739,8.881350000000054],[0.5909030000001394,8.879447000000141],[0.5882160000000454,8.878506000000073],[0.5829490000001556,8.876663000000008],[0.5694360000001097,8.878165000000138],[0.5599260000001891,8.878665000000126],[0.5534190000000194,8.87516200000016],[0.5499160000001098,8.87115799999998],[0.5474350000001778,8.86454300000014],[0.5469150000001264,8.864019000000098],[0.5441080000000511,8.856903000000045],[0.5393880000001445,8.85119400000002],[0.5327530000000706,8.847364000000027],[0.5246820000001549,8.844945000000052],[0.5113780000000361,8.842491000000052],[0.5037760000000162,8.841021000000069],[0.504689623000047,8.84188068200018],[0.502367000000163,8.841126999999972],[0.4960946360000662,8.84045531300012],[0.49943031100008284,8.844490971000027],[0.4998468379999963,8.844980671000087],[0.5027066690001334,8.847063431000095],[0.5033190080000622,8.847391255000048],[0.5076262520000796,8.85459676700009],[0.5078136950000953,8.854881262999982],[0.5083757270000433,8.855407823000064],[0.5087805530001219,8.855669394000074],[0.5093500670001845,8.855899227000009],[0.5097894150001139,8.85594453800013],[0.5101928710001289,8.855958972000053],[0.5107826360001582,8.855923960000041],[0.5111876150001535,8.855873576000135],[0.5114502830000447,8.855818719000126],[0.511788088000003,8.855726759000163],[0.5120745149999948,8.8556100670001],[0.5123947840001506,8.855442488000165],[0.5133366349999733,8.854960812000115],[0.5138750360000586,8.854685635000124],[0.5143450810001013,8.854468305000125],[0.518015754000146,8.853076430000158],[0.5183314270000778,8.853018892000023],[0.5185607130000562,8.85302085800015],[0.5189540660001626,8.853065284000081],[0.519212229000118,8.853186723000135],[0.5194332450001298,8.853404324999985],[0.5199211800000967,8.854156125000031],[0.5201863490000846,8.854691999000124],[0.5203635329999656,8.855188034000037],[0.5205033610001806,8.855714252999974],[0.5211094120001576,8.858067386000073],[0.5211190210001746,8.858336656000176],[0.521097872000098,8.858628342000145],[0.5209596459999943,8.858992943000032],[0.5206370890000471,8.859651387000156],[0.5202865840001323,8.86032936600003],[0.5200862190001203,8.860584721000123],[0.5196077250001849,8.861021441000162],[0.5189223960000504,8.861542069000109],[0.5184638140000857,8.86183694100015],[0.5179092620000461,8.862171781000143],[0.5173759050000513,8.862478651000117],[0.5170758730001239,8.862774626000032],[0.5167005420000237,8.863344680000125],[0.5165677729999629,8.863722062000079],[0.5165629150001223,8.864059158999964],[0.5166336970000884,8.864307496000038],[0.5199004040001114,8.872258486000078],[0.5199994130000505,8.872479672000111],[0.5201801010001077,8.87268260000019],[0.5212525950000213,8.873688190999985],[0.5218507980000595,8.874239281000143],[0.5221879910001235,8.874549918000127],[0.5240834700000505,8.876126070000169],[0.5245311570000126,8.876390598000057],[0.5248535940001489,8.87640777700011],[0.5250741440000866,8.876141786000062],[0.5249587020001627,8.875784736000185],[0.5248216490001028,8.875589245000072],[0.5247289510000428,8.87543705600018],[0.5247319700000617,8.875433558000054],[0.5252676380001162,8.875028919000101],[0.5253236440001388,8.875014049000072],[0.5262314980001292,8.875810973000114],[0.5273364730001617,8.87802488400007],[0.5273389240001052,8.8780640600001],[0.5270463840000161,8.879009045999965],[0.5269405910000842,8.879283112999985],[0.5256209240000658,8.881898764000141],[0.5196789089999925,8.892118007000079],[0.5162115420000646,8.89683908600017],[0.5159749130001501,8.89698363500014],[0.5155806090000397,8.89730271700006],[0.5146699590001731,8.898323580000067],[0.5119489180000301,8.903046522000011],[0.5118896900000891,8.906176711000114],[0.5119204260001311,8.906590918000006],[0.5122423010000148,8.908300752000116],[0.5126396040001282,8.910972339000068],[0.512656062000076,8.911156409000057],[0.5126315670000849,8.91134384500009],[0.5126037759999917,8.911469848000138],[0.5118587850000722,8.913300847000187],[0.5112152690001608,8.914373844000067],[0.5109524790000819,8.914398463000055],[0.5107247470000402,8.9144869430001],[0.5104880590001812,8.914665458000002],[0.5093159670000205,8.916225521000058],[0.5091940500001328,8.916393467000091],[0.5090634439999917,8.916641130000073],[0.5089200600000368,8.917084610000188],[0.5088180680001528,8.91746643200014],[0.5087660649999748,8.917799027000058],[0.5090109600001256,8.920952430000114],[0.5092115819999776,8.921181871000158],[0.5098710480000364,8.921726954000064],[0.5101619170000049,8.921773851000125],[0.5104122410001537,8.921763902000066],[0.5106174240001451,8.921731176000037],[0.5107102010001086,8.921749217000013],[0.5107864610001798,8.921809745000076],[0.5114623270001744,8.922582784000156],[0.5123743110001442,8.924167173000058],[0.5130336550001289,8.925943788000097],[0.5129572080001026,8.927042139000093],[0.512802961000034,8.92726927700005],[0.5123212529999819,8.92844611999999],[0.5122621100001652,8.92873852200006],[0.5122627660000489,8.928995317000044],[0.5123454330000641,8.929646569000113],[0.5123994830000811,8.92991319400005],[0.5131883570001605,8.932488286000137],[0.5142448400000603,8.934535324000024],[0.5142587310000977,8.93455313100003],[0.5143158770001719,8.934692430000098],[0.5143762560001051,8.934971686000097],[0.5143836160000319,8.935128621000047],[0.5132080740000902,8.937758665000047],[0.5087962180001,8.946289365000098],[0.5072789450000528,8.949196238000013],[0.5072047090001206,8.949321006000048],[0.5065468340001189,8.949945175000096],[0.5064615520001894,8.950012126000047],[0.5046440310001685,8.951306607000106],[0.5031392240001082,8.952206970000077],[0.5021915940000099,8.952643829000067],[0.5014485739999941,8.952968364000014],[0.5008056870000246,8.953165369999965],[0.49960820900008684,8.953694285000154],[0.47039474900003597,9.002548264000154],[0.4697216540000113,9.00774090200008],[0.46974056300007305,9.007898018000105],[0.47051685299999235,9.015341628000158],[0.4705383550000306,9.015686307000124],[0.47051821500014057,9.016055802999972],[0.4700344020001239,9.018467179000027],[0.4697093420000442,9.019665158000123],[0.46952452100015307,9.020130953000034],[0.469303992000107,9.020468735000065],[0.46921373499998253,9.020572459000107],[0.46887719900007596,9.020851195000091],[0.4686843970000609,9.020964387000049],[0.46768961500004025,9.021264028000076],[0.46703988000018626,9.021470246999968],[0.46649132699997153,9.021767701999977],[0.46615491100004647,9.022043289000123],[0.4655340360001219,9.02265659599999],[0.46508218500008525,9.023143339000057],[0.4642934830000627,9.024857901000132],[0.4640665930000978,9.025485514000138],[0.46380550400010634,9.026228028000105],[0.46195425700011583,9.031893197000159],[0.4620226459999799,9.034709710000016],[0.46106337200001235,9.037504764000005],[0.4586652510001272,9.040406263000023],[0.45570191399997384,9.045905445000074],[0.45596565100004227,9.05395757000008],[0.4561811320000402,9.056299620000061],[0.4570425540000542,9.060820371000148],[0.462392894000061,9.060900954000147],[0.4628892060001135,9.07122093400011],[0.4591228730001262,9.071272010000087],[0.460782275000156,9.077072218000183],[0.4624417310001263,9.082872416000157],[0.4641012400000477,9.08867260500017],[0.46697400900012553,9.093666484999972],[0.4758412169999815,9.098523228000147],[0.47606094200017424,9.098634281000159],[0.47617197700003544,9.098690400999999],[0.476645711000117,9.098854449999976],[0.476995863000127,9.098953007000091],[0.47946952200010173,9.09951163400018],[0.4809761120000644,9.099579518000098],[0.48290316200018424,9.099408499999981],[0.48479265500009205,9.099259093000171],[0.4849084050000556,9.09925230100015],[0.48512503100005233,9.099319530000116],[0.4851750450001191,9.099358618000167],[0.48523976600006336,9.099415528000065],[0.48532012400011126,9.099549452000133],[0.48530091700001776,9.105053866000105],[0.4865738350000015,9.109834414000034],[0.48662761900004625,9.11014347400004],[0.48667156500010833,9.11044933300002],[0.48670627600006355,9.110852568000098],[0.4867448940000827,9.111626884000032],[0.4867437330000257,9.11190522700008],[0.48437209400003667,9.12287167900007],[0.4824913290000836,9.130756316999964],[0.4805472190001865,9.140103419000127],[0.4801075210000363,9.14142781999999],[0.47994403699999566,9.141829191999989],[0.4798113820001504,9.14200723000016],[0.4795116260000327,9.14228426599999],[0.478922629000067,9.14272359600011],[0.4786039020000885,9.142900945000122],[0.4780559010001184,9.143142817000069],[0.4777706780000699,9.14329176300015],[0.47730020599999534,9.143567953000058],[0.4770303120000676,9.143768055999999],[0.47645129800014274,9.144305998000107],[0.47810159100015426,9.145879492999995],[0.478954043000158,9.146687142000133],[0.48156952300001876,9.148777075000112],[0.49045516500018493,9.154621811000027],[0.4938543080001523,9.156069110000146],[0.4941023050001263,9.156146171000046],[0.4943757560001245,9.15619489500017],[0.4946000950001235,9.15621343600003],[0.4948603560000606,9.156203764999987],[0.4951330900000812,9.156173139000146],[0.49538586700009546,9.156137326000078],[0.49633248700013155,9.155970775000071],[0.4965948540000795,9.155914477000067],[0.496877353000059,9.155835949000107],[0.4975310670001818,9.155615961000024],[0.4977854740001817,9.155460083000094],[0.49792202499997984,9.155339195000067],[0.49802062099996647,9.155250745000046],[0.4981296090001024,9.15517186600016],[0.49825800700006084,9.15511713899997],[0.49837940800011893,9.155096066999988],[0.5005154850001645,9.154891358000043],[0.5006723840000973,9.154895343000078],[0.5007280760000867,9.154907202000118],[0.5008868090001783,9.15499066600006],[0.5024194200000807,9.155866368999966],[0.5026161779999825,9.156021097000178],[0.5027849130000277,9.156183425999984],[0.5040009910001118,9.15763266800019],[0.5041519310001377,9.157871205000106],[0.5042088230000559,9.158205564000184],[0.5042130610000299,9.1584616130001],[0.5041861950001589,9.158607401000097],[0.5041812079999772,9.158742154000151],[0.5041995160000852,9.159603483000126],[0.5042354640000326,9.159931621000055],[0.5043206550000718,9.160292653999988],[0.5045244240001239,9.160624895000069],[0.5093260120000309,9.163979391000169],[0.5095832080000378,9.164090537000106],[0.5099071890001028,9.164144108000187],[0.5101936749999822,9.164148060000173],[0.5105193040000131,9.164101420000009],[0.5107657759999711,9.16401698600015],[0.511016669000071,9.163894459000062],[0.5111969450000515,9.163820294000061],[0.5113483460000339,9.163788696000097],[0.5114037940000458,9.163795140000104],[0.5115196780001838,9.163884980000034],[0.5115980020000848,9.163979301000154],[0.511722994000138,9.164157484000043],[0.511900498999978,9.164500295000096],[0.5143156800000952,9.169408465999993],[0.5144550340000364,9.171123040000111],[0.5142355250001174,9.172196698000164],[0.5147999170000617,9.17654715500015],[0.5148805549999906,9.176788738000141],[0.5149950870000453,9.177050978000182],[0.5184746610000275,9.18196821600003],[0.5186889680001059,9.182232850000105],[0.5194318740000767,9.183140536000053],[0.5196784070001286,9.183378915000162],[0.5198900520001644,9.183542809000016],[0.5200397460001227,9.183710630000178],[0.5207804960000999,9.1854691530001],[0.5247588610000662,9.195342953000079],[0.5248014229999853,9.195478152000021],[0.525194820000138,9.197199793999971],[0.5249768460000723,9.203200585000104],[0.5282645350000053,9.207864506000078],[0.531552309999995,9.212528396000152],[0.5294765270000994,9.21869697599999],[0.5290648030001535,9.218812896000031],[0.52883266900011,9.218901237000125],[0.5284944410000207,9.219071723000184],[0.5283033330000535,9.219243556000094],[0.5212022480000087,9.226604579000139],[0.519602410000175,9.228493281999988],[0.5136857750001127,9.240489744000172],[0.5132276220001017,9.241328959000043],[0.5057032740001546,9.255111558000067],[0.5058941430000345,9.256391294000082],[0.506645540000136,9.259068817000013],[0.5068197870000972,9.2596897250001],[0.5074460610000529,9.261154255000122],[0.5131720910000581,9.269177592000062],[0.5171721230000799,9.276775816000054],[0.5197583110000323,9.278391098000156],[0.5253480150001337,9.281960045000119],[0.5267313360000685,9.283573786000147],[0.5284415150001109,9.285681973000067],[0.5333249350000528,9.293244391000144],[0.5337167600000612,9.294279982000091],[0.5340841730001671,9.29630051700002],[0.5367089739999642,9.303074853000112],[0.5371713900000827,9.304090608000024],[0.5376901280001789,9.305230078000022],[0.5377178820001518,9.30526394900005],[0.5383408980000013,9.306024250000178],[0.5386129500001289,9.3063562480001],[0.5391507030001321,9.306556328000113],[0.5397896570000853,9.306794061000176],[0.5401433900001393,9.306822544000113],[0.5406415820001484,9.306812962000038],[0.541527447000135,9.306550758000014],[0.5415873580000152,9.306533025000078],[0.5422900020000725,9.306139326000107],[0.542571435000184,9.305933973000094],[0.5427427560000524,9.305543180000143],[0.5437836220000349,9.303168863000053],[0.5442167260001725,9.303093720000163],[0.5492988610001248,9.303662546000169],[0.5524553360000937,9.304048815000044],[0.5529773900000805,9.304377923999994],[0.5551353430000177,9.31086142800018],[0.5552079100000924,9.311304445000133],[0.5554525210001771,9.312957166000047],[0.5553022630001578,9.314534677999973],[0.5552184270001703,9.315414832000158],[0.5551314270000489,9.316328193000174],[0.5551015210000969,9.316642157000047],[0.5547866480000607,9.31796193200006],[0.5545337770001879,9.319021815000099],[0.5544858400000408,9.31922273500004],[0.5542246540001088,9.319995470000094],[0.5540537110000514,9.320501211000135],[0.5537153420000323,9.320854621000024],[0.5532768570000712,9.321312594000176],[0.5529567870000847,9.321646887000043],[0.552836371000069,9.32176207200007],[0.5523945310001181,9.322184711000148],[0.5518867490001753,9.322670425000183],[0.550486970999998,9.32732868000005],[0.5502347560001795,9.328582539000138],[0.5495684730000221,9.33147047100016],[0.5492017680001595,9.33236597600012],[0.5491049050000356,9.332602514000143],[0.5484645889999911,9.333288264000032],[0.5482742819999658,9.333463577000032],[0.5476729110000633,9.334017559000074],[0.5464183770001796,9.335320299000045],[0.5458040780000601,9.336125217000188],[0.5456510700000194,9.336579892999964],[0.54520305900013,9.340447167000036],[0.5452088290001029,9.340588149000155],[0.5452110550000953,9.340642536000132],[0.546931213000164,9.34573516100005],[0.5476043260001688,9.346277345000146],[0.5476292440000634,9.34629741600014],[0.548708806000036,9.347039966000068],[0.552021659000161,9.353100599000186],[0.5522340630001281,9.353825489000087],[0.5532573279999724,9.357472537000092],[0.5534954919999677,9.358321376000049],[0.5548972560001175,9.363317370000061],[0.5564144460000762,9.36872465800019],[0.5569729100001268,9.370715009000094],[0.55769146800003,9.373275912000167],[0.5601205730000629,9.381932965000146],[0.5607755460001727,9.384267176000094],[0.5625274470000363,9.390417245000094],[0.5627762090000488,9.391290512000126],[0.5634549140001468,9.393673078999996],[0.5639844200001107,9.39553187200005],[0.5654094370001417,9.400534274999984],[0.5668344950000801,9.405536670000117],[0.5607567910001308,9.409782029000098],[0.5605665160001081,9.409622180999975],[0.5603061280000361,9.409629517999974],[0.558644500000014,9.410096550000105],[0.5582682720000207,9.41025508000007],[0.5573834320001652,9.410723783000037],[0.5571277550000673,9.410941095000055],[0.5570803830000273,9.411041913000076],[0.5569707700001345,9.411275194999973],[0.5567990780000969,9.411656060000155],[0.5556638820001467,9.414174261000028],[0.5555339820000427,9.41447962300009],[0.5555068750000487,9.414730400000167],[0.5555755060001388,9.415861124000116],[0.5556236259999991,9.416167330000007],[0.5554053000000749,9.419314310000175],[0.5543863940001756,9.42301893299998],[0.5529658950001135,9.423938330000112],[0.5527698360001523,9.424049712000112],[0.5522479560001443,9.42421110000015],[0.5520126800000185,9.424258559000066],[0.5518160330000228,9.424258570000177],[0.5516499530001511,9.424223667000035],[0.5500069300001655,9.423147129000142],[0.5491293290000954,9.422396992000131],[0.548832781000101,9.422272076000127],[0.5485533570000598,9.422317646000181],[0.539680697000108,9.425474973000178],[0.5383572900001354,9.42661071200007],[0.5383409330000859,9.426767769000037],[0.5382608490000393,9.427041792000068],[0.538180701000158,9.427281249000089],[0.5380736930000012,9.427433927000095],[0.5380693110001857,9.427438130000155],[0.537636647000113,9.427853171000152],[0.5375029580001183,9.427965756000106],[0.531954942000084,9.430838999999992],[0.5273705990001076,9.430932919000043],[0.5272618470000339,9.430728062000071],[0.5270159280000257,9.43058832100013],[0.5266833400000337,9.43059490700017],[0.526411979000045,9.43071619300008],[0.5245691410001427,9.43159429200017],[0.5243275940001695,9.431747802000075],[0.5240795050001452,9.431931726000187],[0.523880103000181,9.43210759100009],[0.5226834550001058,9.433679117000054],[0.5225759510000785,9.43405936500011],[0.5223314920000348,9.435268421000103],[0.5223859520000929,9.435521860000051],[0.5228128110001649,9.436774745000037],[0.521788708000031,9.438627398000108],[0.5216613690000713,9.438715054000113],[0.5193175380000525,9.440032507000126],[0.5181812600001763,9.44027812000013],[0.5180912980000016,9.440287322000188],[0.5179974760000619,9.440263397000024],[0.5110908869999662,9.438149876000068],[0.511115608000182,9.437870203000102],[0.5110442830000466,9.437607544000116],[0.5109105130001694,9.437371355000039],[0.5108137960000363,9.437215529000127],[0.5107013440001538,9.437074926000093],[0.5105135500000983,9.43692380400006],[0.5103331080000544,9.436826837000126],[0.5100484540001275,9.43672977500006],[0.5085521850000418,9.43654791300014],[0.502277445000118,9.437178969000115],[0.5018781740000122,9.4372550060001],[0.5002486060000138,9.437746334000053],[0.5001348670000993,9.437824192000107],[0.500041819000046,9.437928390000025],[0.49995456900012414,9.438065959000141],[0.49498311800010697,9.44620959000008],[0.4949287170001071,9.446402003000117],[0.49442666200008034,9.450518538000097],[0.4944187110000371,9.450752846000114],[0.49450055500005874,9.451928696000039],[0.4945305400001416,9.452141567000183],[0.4946585250001476,9.45233077800009],[0.49787474900017514,9.456532182000103],[0.4981157700001404,9.456682082000043],[0.4994849160000854,9.457399488000078],[0.4997055530001262,9.457487304000097],[0.49990795899998375,9.457458441000085],[0.5004696520000493,9.457131412000138],[0.50061535399999,9.456915217000073],[0.501061234000133,9.456666497000128],[0.5023190880000925,9.456940129000031],[0.5024491000000353,9.457020060000161],[0.5025896650001869,9.457141777000174],[0.5027285230001439,9.457270709],[0.5028437950001035,9.457393243000013],[0.5033475480001357,9.457962574000135],[0.5034490650000976,9.458089704000031],[0.5035308160000227,9.458222550000187],[0.503584124000156,9.458362424000029],[0.5037267370001359,9.4588134870001],[0.5049750000001154,9.463731468000162],[0.5052776830000312,9.466444117000151],[0.5050074640001299,9.467956595999965],[0.505001176000178,9.467975324999998],[0.5045050820001507,9.46863437200011],[0.5044575530000088,9.468646879000175],[0.5044301430000928,9.46864289600012],[0.5043359130000908,9.468557431000022],[0.5023511100000633,9.468693765000125],[0.5009899960001007,9.47186433100012],[0.5027984230000584,9.474336924000113],[0.5028600780000829,9.474424136999971],[0.502891542000043,9.474530784000024],[0.5028883470000665,9.47455698900012],[0.5028159920000235,9.474618871000132],[0.5027727100001584,9.474655888000086],[0.5017889080000941,9.475468198000101],[0.5001318440001228,9.476409439999998],[0.4999755879999839,9.476471293000088],[0.49970280500008357,9.476512506000006],[0.4993817330001775,9.47654559099999],[0.49906585900015443,9.47661816200008],[0.49875879900014297,9.476762592000114],[0.4985057810001763,9.476965552000024],[0.49494385900015914,9.480172588000187],[0.4943376410000724,9.480718406000051],[0.49168320200010385,9.483739721000177],[0.4915151110001261,9.483978894000131],[0.48695153099998834,9.48433600200002],[0.47909138800008577,9.485153283000045],[0.4765718230000857,9.486052942000185],[0.4762579570000298,9.486209599000063],[0.47566091600009486,9.48680918700012],[0.4755135119999636,9.487035415000037],[0.4754409890001057,9.487289695000072],[0.4754506660000857,9.487566973000128],[0.47212686200009557,9.48926037700005],[0.4704389080000624,9.48934074400006],[0.4677365690001807,9.489491916000134],[0.4633097370000314,9.49054285900013],[0.46304600900003834,9.490608630000168],[0.4628100990000803,9.49079517400014],[0.46264919200012855,9.490990971000087],[0.4622408320001341,9.491542739000067],[0.46217111200002137,9.491820999000026],[0.46227381700009573,9.492076340000096],[0.46349092800016933,9.493564971000069],[0.46373278400011486,9.493769267999994],[0.46402156800002103,9.493899164000084],[0.463044216000128,9.495779047000156],[0.45664301500011106,9.497703898000168],[0.4490604720000988,9.499256192000132],[0.4489770680000902,9.499259926000093],[0.44569533400016326,9.49822633500014],[0.44561790900007736,9.498195985000109],[0.4455314030001887,9.49813280699999],[0.44509087400007274,9.497732369000119],[0.4450104590000592,9.497643021000158],[0.4449497530000599,9.497545205000051],[0.4449095540001622,9.49744147600012],[0.4448904150000885,9.497337845000118],[0.44489319400008753,9.497242401000051],[0.44491940200009594,9.497151966000104],[0.4449818430000505,9.497051328000168],[0.4426919919999932,9.496463758000004],[0.43658579400016606,9.495219736000138],[0.4310942190001015,9.494595527000058],[0.430675416000156,9.494653835000122],[0.42522122700017917,9.495733704000031],[0.42488408900015884,9.495847534000006],[0.42312875700002905,9.49748109300009],[0.42254508500008114,9.498242929000071],[0.42235510000006116,9.49867534700013],[0.42226405100007014,9.498858405000021],[0.42213245900001084,9.499068673000181],[0.4219925730001819,9.49920657600012],[0.42134718000016846,9.499839375000022],[0.42124987400012515,9.49991379200003],[0.42116045100010524,9.499957665000181],[0.42106502299998283,9.499966695000069],[0.42094263899997486,9.499952026000187],[0.4194856730000538,9.499570953000159],[0.41811278600005153,9.499116403000016],[0.4082314550000774,9.49430967000012],[0.40280426500004296,9.495242180000048],[0.39518677500007016,9.492072012999984],[0.39499038500014194,9.49202674900016],[0.39478896800005714,9.491995496000186],[0.3917641550000326,9.49169428700003],[0.38401647900002445,9.491458163000004],[0.3824756719999982,9.491622748000054],[0.38221289900002375,9.491688005000015],[0.3775767520000386,9.493262351000112],[0.37362194400003546,9.495136739000088],[0.37342820900005336,9.49526963400018],[0.3732050050001021,9.49538560700006],[0.3721151050001481,9.495936140000083],[0.37179428200016673,9.496060575000172],[0.3713899590001688,9.496181399000022],[0.37111317600010807,9.496232882000129],[0.37078675100002556,9.49627907900009],[0.3705256050000685,9.496257011000068],[0.3702839490001679,9.496140270000069],[0.36998272200003157,9.495939485000065],[0.369628586000033,9.495786164000094],[0.3692874430001325,9.495743736000122],[0.3599255460001132,9.497917758000085],[0.3586586569999781,9.49657054700009],[0.3551336909999918,9.493923990000042],[0.35498726500014754,9.493816126000183],[0.3478176040001699,9.488579846000164],[0.347418561999973,9.488316576000045],[0.3471760219999851,9.488195121000047],[0.34577065200005563,9.48776387200013],[0.34609167200017055,9.483481669000128],[0.34857830900011777,9.479111536000119],[0.35062318600012077,9.475793237999994],[0.34672119800001155,9.471061660000032],[0.345396535000134,9.47115801800004],[0.34429516800003057,9.468202664999978],[0.3416867070001217,9.460570996000115],[0.34140278900008525,9.458511817000044],[0.3414401020000355,9.458075245000146],[0.34144157999998015,9.457900487000074],[0.3413962170000673,9.457734783000035],[0.3413021779999781,9.457594403000144],[0.33829984000010427,9.45345672000019],[0.3320543580001072,9.448362206000184],[0.32693370100014363,9.446829258000037],[0.3201887320001333,9.44603423500007],[0.3116976940000882,9.444555859000104],[0.308326587000181,9.442755796000142],[0.3058662440000717,9.441440771000146],[0.3056092500001455,9.440427502000034],[0.3055347910000705,9.440094988000055],[0.30516372600004615,9.438959786999988],[0.3050186730000064,9.438705974000072],[0.304828304000182,9.438519740999993],[0.30455023000007486,9.438424932000089],[0.3001150290000396,9.43718700900007],[0.2937693470000795,9.435175877999995],[0.2918453670000076,9.434169404000045],[0.2900297570000703,9.433062740000139],[0.28936804700003904,9.432437366999977],[0.2885127469999702,9.431160558000158],[0.2883553540000321,9.430982096000093],[0.2880405920000726,9.430675344000122],[0.28770301700012624,9.430404183000178],[0.28748407900013717,9.430320225000173],[0.2849485390001405,9.429641695000157],[0.2846297020001316,9.42966734300012],[0.28089578000009396,9.429422107999983],[0.2769084130001147,9.429056477000017],[0.2747605150000254,9.427712138999993],[0.26965177200003154,9.426377029000037],[0.26698246399996606,9.426021210000158],[0.260802407000142,9.428608907000125],[0.25855269100014766,9.43075449200012],[0.2584954010000615,9.4310761160001],[0.2585681720000821,9.431359535000183],[0.2590003900001534,9.432324146000155],[0.2574760100001754,9.433563776000028],[0.253442669000151,9.435127598000122],[0.2497466089999989,9.436244472000169],[0.24949159200014037,9.436353128000064],[0.24890083300005017,9.436767935000034],[0.24763652500007538,9.437659942000039],[0.24745851100004757,9.438201816999992],[0.24738726500004304,9.43841868800007],[0.24759375100006764,9.438774826999975],[0.24782567799996968,9.43935283400009],[0.24803279300016357,9.439879407999967],[0.24811055400010673,9.440265231000012],[0.24811782400018956,9.440510381000081],[0.24798399100001234,9.441662938000093],[0.24791565700007823,9.442125578000002],[0.2478243760000396,9.442569693999985],[0.24771076700017147,9.442917331999979],[0.24754083000004812,9.443379176000178],[0.24722172000008413,9.444014115000073],[0.24348160800008145,9.448188902000084],[0.242592004000187,9.449101579000171],[0.24162607300013406,9.450025285000038],[0.23979634100010117,9.451554626000188],[0.2362299220001205,9.454952213000013],[0.23555427900009818,9.455694385000129],[0.22970321800011106,9.462508640000067],[0.22942261700006839,9.462942076000047],[0.2291806300000303,9.463456069000188],[0.2289281180001126,9.464130482000144],[0.22879860200004032,9.46473020000019],[0.2272788480000827,9.477984935000109],[0.22727483300002405,9.478484756000114],[0.22730515200009904,9.479310441000166],[0.22736062699999593,9.479879521000157],[0.2275139120001768,9.48095090600009],[0.22781018600016978,9.48256578000013],[0.22823197000008122,9.484109952000153],[0.22849274800017838,9.484997079000095],[0.22867253200013238,9.485403452000071],[0.22887025500006075,9.485739655000089],[0.22910520900012443,9.48596601700018],[0.22963841299997512,9.486288768000122],[0.23023684300011382,9.486386633000166],[0.2308328919999667,9.486363836000123],[0.2371080990000678,9.486060335000161],[0.23751023300008,9.486026823000032],[0.23878872000011597,9.485432081000056],[0.24233894100012776,9.48367429199999],[0.24349021500017898,9.483074827000053],[0.2440017080001553,9.482784348999985],[0.24663173400011829,9.481069988000172],[0.24764774500010844,9.480540211000118],[0.2489103190001174,9.479944038000099],[0.2532146910000961,9.478059706000124],[0.25416428000005453,9.477767058000097],[0.25502000100004807,9.47756358700002],[0.2556193720001829,9.477466818000096],[0.2562552010001582,9.477379485000085],[0.25730956300014896,9.47740513400015],[0.2589624020000656,9.477514741999983],[0.26873042100010025,9.478594284000167],[0.2693067810001821,9.478691235000099],[0.2703673070001855,9.478928802000098],[0.27074965899998915,9.479060189000052],[0.2713808990000075,9.479374404000055],[0.27169204800009084,9.479591301000141],[0.2719130410001753,9.479826983000066],[0.2721908910000934,9.48022249900015],[0.2724296580000214,9.48068690000008],[0.27257554300007314,9.481078948000004],[0.27272133600018833,9.481487774000072],[0.27289264400013735,9.482017418000055],[0.27306284200017217,9.482696546999989],[0.27323700000005147,9.483454589000019],[0.2732885490001422,9.483945690000098],[0.27327019700004485,9.484514208000064],[0.27331268800008957,9.484982308000042],[0.2733620660000611,9.485163839000052],[0.27343520800008037,9.485345929000005],[0.27366091300018525,9.485729093000089],[0.27413303200006567,9.486389716000133],[0.2745938720000254,9.486918141999979],[0.27503885699997,9.487356470000009],[0.27541310700001986,9.487649603000023],[0.27571535499998845,9.487823695000031],[0.2760884440000382,9.487959593000085],[0.2766421470001319,9.488037280000015],[0.2773853400000803,9.488102682000147],[0.2783098690001111,9.48801815700017],[0.2789573930000415,9.48791119000009],[0.27958653100000674,9.487798786000042],[0.28056282800008603,9.487593127000139],[0.28129264300014256,9.487387192000085],[0.28190472900018904,9.487186823000116],[0.28282277300007763,9.486867753000183],[0.28348499200006927,9.486657353000169],[0.28389673600003107,9.486578002000101],[0.2844881530000407,9.486559662000161],[0.28532713900000317,9.48677942200004],[0.2861153710000508,9.48699190800005],[0.2870326130000649,9.487246665999976],[0.2881697690000351,9.487732430000051],[0.28870872000010195,9.487994257000139],[0.2891127120001329,9.488244201000043],[0.28936088100016377,9.48840663500016],[0.28967267100000527,9.488702557000124],[0.2898600710000778,9.488956241000153],[0.29278771700001016,9.491735124000115],[0.29634708899999396,9.494359315000054],[0.3028495000000362,9.498402277000082],[0.3046107200000847,9.499245986000005],[0.30674004000007926,9.500360343000125],[0.3089189490001445,9.50169827600007],[0.3100842790001366,9.50273007200019],[0.3106798129999788,9.503430745000117],[0.31110197700013487,9.50434317100013],[0.3113362410001628,9.50549565],[0.3112090060001833,9.507128346000115],[0.3109675169999946,9.508731750000095],[0.3106703420000372,9.510135840999965],[0.3102168720001828,9.511396668000145],[0.3095933540000715,9.512443096000027],[0.30884182600004806,9.513389092000125],[0.30780299600007766,9.514474928000084],[0.3064485750000472,9.515657762999979],[0.3049800030000256,9.516797091000115],[0.3025916080000002,9.518440705000046],[0.2983191650001231,9.521277191000081],[0.29715495800013514,9.521921631000112],[0.29637956300001633,9.522256555000126],[0.29470065600008866,9.522840170000165],[0.2931654000000776,9.523353862000022],[0.2908569800000578,9.523918360000039],[0.2881904830001645,9.524522672000103],[0.28586853200010864,9.524987588000045],[0.284779778000086,9.525135369999987],[0.28379231200011645,9.525141881000081],[0.28271944000016447,9.52509090100017],[0.28156116200005954,9.524982430000136],[0.2806895250001844,9.52481937000016],[0.27916089600006444,9.524494919000063],[0.27834728699997413,9.524232868000126],[0.27523878099998456,9.522830652000096],[0.27372684800008074,9.52220799700018],[0.27098489800005154,9.521504685000082],[0.2698558290001074,9.521325380000064],[0.26703896700013274,9.521047615999976],[0.264265382000076,9.520727552000153],[0.26227925700010246,9.520356830000026],[0.2577228560001572,9.519298247000108],[0.2557643530001883,9.519055557000115],[0.2546323640000878,9.519245521000187],[0.25331299700008003,9.519604466000146],[0.2515480100001355,9.520215588999974],[0.24889245700006768,9.521245830000055],[0.24707331899998053,9.521980285000154],[0.24518605300016816,9.522797391000097],[0.24404602699996758,9.523478343000136],[0.24305645699996603,9.524515607000126],[0.24200311200013402,9.525856755999996],[0.2399171510000997,9.529059514000153],[0.23906555600007096,9.530730179000102],[0.23773781300008068,9.53390158000002],[0.23702192600012495,9.53572550600012],[0.236671991000037,9.537056832000133],[0.2365521210000452,9.537979206000102],[0.23628899100015133,9.540189040000143],[0.23566885000008142,9.548135927000146],[0.23562844299999597,9.549343031000035],[0.2357860899999764,9.550074827000174],[0.2362257600001385,9.55132633300019],[0.23794344900005626,9.555652514000087],[0.23909258400004774,9.559738491000019],[0.23955672600004618,9.561810434000165],[0.23991854700005888,9.56688553000015],[0.23989024600012954,9.568618319000052],[0.23959359200006247,9.569908617000067],[0.2392684290001057,9.571184482000035],[0.23920235000002776,9.572277743000143],[0.2393264419999923,9.572861136000029],[0.23977796700017961,9.57366021200005],[0.24051628500012612,9.574390544000096],[0.24153609000006782,9.57500095100005],[0.2424952230001054,9.575326772000096],[0.2438355150001712,9.57559596100009],[0.2453179840001667,9.57562762800012],[0.24654095500017092,9.57553790500009],[0.24882869399999663,9.575098659000162],[0.2506953650001833,9.574695832000089],[0.25290423800009876,9.574096832000123],[0.2539891970000667,9.573727567000049],[0.25533813200001987,9.57292286600017],[0.2581083620000868,9.571083095000063],[0.26202282500003093,9.568386597000085],[0.2637180050001575,9.567590265999968],[0.2656838370000969,9.56695231600014],[0.2669162860000256,9.566748943000107],[0.2676318360000778,9.56675457700004],[0.2681317000000263,9.566886361000115],[0.27442055200009463,9.570584041000188],[0.28008998100011695,9.57323382100003],[0.2887024830000655,9.576204872999995],[0.2897022469999797,9.576471231000028],[0.29114470700017137,9.576502391000133],[0.29253981900012604,9.57646030699999],[0.2945256280000308,9.576197375999982],[0.29737363400010963,9.575861603000021],[0.29979804400016974,9.575880490999964],[0.3035801460001153,9.576261749000082],[0.3043980529999999,9.576442057000065],[0.3069152890000737,9.576708044000156],[0.3081703170000196,9.576833756000099],[0.3105508830001895,9.576837733000161],[0.310824466000156,9.576814923000029],[0.3118412150001859,9.576598123000053],[0.31263873000017384,9.576401363999992],[0.3140014000001088,9.576026046000038],[0.315720962000114,9.575582744000144],[0.31662047600008236,9.575415755999984],[0.3175112650001779,9.575429896000117],[0.3181423369999834,9.57552823500015],[0.31926491600006557,9.575783343000126],[0.3202259990001153,9.57614592100009],[0.3205678880000278,9.576315265000062],[0.32157764600009386,9.576989876000027],[0.32243423400012716,9.577641558000153],[0.32286458100008986,9.577877162999982],[0.32348690900005295,9.57804432200004],[0.324447151000129,9.578143059000126],[0.3339444930000468,9.578853354000046],[0.3352226020000444,9.578834190000066],[0.33606202400005714,9.578787538000086],[0.33674851799997896,9.578667082000095],[0.3373945200001458,9.578483448000156],[0.33774186600010125,9.578375176000065],[0.3390263670000877,9.577686186999983],[0.3396832230000655,9.577322448000189],[0.34002891000017144,9.57700618600012],[0.3408092610001745,9.576200392999965],[0.34261783200014406,9.574641430000042],[0.3438269290001017,9.57369192100009],[0.34505071799998177,9.572767740000074],[0.34546184499998844,9.572486762000096],[0.3457385750001549,9.572397555000123],[0.3478555190001771,9.572312272999966],[0.3499550410001575,9.572238048000145],[0.35075674500006926,9.572215759000187],[0.35235894400000234,9.57232743600008],[0.3540177340001378,9.572524775000147],[0.35811877100007905,9.573408413999971],[0.3638519860000997,9.575288720000117],[0.3657157289999873,9.576034949000132],[0.36607225700004165,9.576204365000137],[0.37176510400001916,9.579034603000025],[0.372783484000081,9.579556945000093],[0.37403359399996816,9.580334730000004],[0.37776413500017725,9.582854048000115],[0.3780689710001752,9.583099895000089],[0.3794185000000425,9.584439433000114],[0.37992453900005785,9.585112999000046],[0.38339687700010927,9.591088551000098],[0.38356211600000734,9.591444965000107],[0.3836033180000413,9.591785945000083],[0.38355666600011773,9.592155253999977],[0.3834440660000382,9.592553058000078],[0.3831699140000637,9.593065613000078],[0.38074258300008523,9.597215001000052],[0.38014403200003244,9.59812374900008],[0.37970101100000875,9.598750991000145],[0.3788170270000819,9.599737304000087],[0.3776082559999736,9.600929831000087],[0.376483829000108,9.602220186000011],[0.37565659700004517,9.603421464000121],[0.3746104260001175,9.60516904100001],[0.37424214900011066,9.605897159000051],[0.37393552400004637,9.606503386000043],[0.3734155459999897,9.607635955000035],[0.37278924900016364,9.609295382000141],[0.3725170720001074,9.6101152600001],[0.37206246100004137,9.612049972000136],[0.37163788800017983,9.614066090000165],[0.371467869000071,9.614896889000022],[0.37143149100006667,9.615245265000112],[0.37145605400007753,9.617903799000146],[0.3720034580000515,9.618791416000136],[0.37240375800013226,9.6194405010001],[0.3729750540001646,9.620366851000028],[0.3733729220000441,9.62101198800002],[0.373978424000029,9.62199379500015],[0.3755445060000966,9.624533134000046],[0.3758156170000575,9.624972727000056],[0.3772994700000254,9.627378698000086],[0.37783746400009477,9.628251015999979],[0.37863816500004077,9.629549280000106],[0.3792208080001842,9.63049398100003],[0.379275883000048,9.63366323300005],[0.37936242600017067,9.63864413300007],[0.37943831600006206,9.643012672000111],[0.3794604360001017,9.64428620200016],[0.3794237760001238,9.644185431000096],[0.37932545100005655,9.643908619000115],[0.37925014100005683,9.64367879100007],[0.3792097110000441,9.643548202000034],[0.37917059100004735,9.643433279000021],[0.3791272990001744,9.643327764999981],[0.37908517800013897,9.64324759100009],[0.37899767700008624,9.643158008000057],[0.3788760400000797,9.643083807000039],[0.37874591000013424,9.64306176000008],[0.37761967600005164,9.6431112840001],[0.37743916800002353,9.643121827000186],[0.3772782970001458,9.643220850000148],[0.377146608000146,9.643316695000124],[0.37694909000015286,9.643494357999998],[0.3767597230000206,9.643701438000107],[0.3766328450001879,9.643891000000167],[0.3765392070000644,9.644084894000002],[0.3753508600000828,9.646554379000179],[0.3752984619999893,9.64669705000017],[0.3752859300000182,9.646812829000055],[0.37556164700004047,9.651941105000162],[0.37301590199996326,9.652468745000135],[0.3726839700000255,9.652537542000061],[0.37250198600008844,9.652405397000052],[0.3723801700001559,9.65234872600007],[0.37213038800007325,9.652287127000022],[0.3700656360001062,9.651849507000065],[0.36985220500014293,9.651813586000003],[0.3695992180000758,9.651873956000031],[0.36940068800015524,9.651966443000163],[0.3691925399999718,9.652160806000154],[0.36494564000014407,9.660716407000052],[0.3648993130001372,9.66082910100016],[0.36487065799997254,9.660936273000118],[0.36490028400010033,9.662200770000027],[0.36494668300014155,9.662401504000115],[0.36693512699997655,9.664603474000103],[0.36705866599999126,9.664681685000062],[0.3672496319999823,9.664649288000135],[0.3674097320001124,9.664576232000115],[0.3677329670001086,9.664380282000081],[0.3678332560001536,9.664302066000175],[0.3679334949999884,9.66414996500015],[0.36801131700002543,9.663926756000023],[0.3680435260001218,9.663634020000131],[0.36798070200006805,9.663376652000181],[0.3679359200000931,9.663281354000105],[0.3678640870001004,9.663155980000056],[0.36783290500005705,9.663101730000164],[0.36780661899996403,9.663056262000111],[0.36781989200011367,9.663053676000118],[0.3679220010001245,9.663043610000159],[0.3680214220000835,9.663035643000114],[0.3681460040000957,9.663040478000084],[0.36818230500017535,9.66304669200008],[0.3682686330000138,9.663078426000027],[0.36837100300016345,9.663165694000156],[0.3685047140000961,9.663304724999989],[0.36864209800012304,9.663459352000075],[0.3687255290001872,9.66359182500014],[0.36874439200005327,9.663709086000154],[0.36872791400008964,9.663929060000044],[0.3686898170000745,9.664118369000164],[0.3682654260000504,9.6658788740001],[0.3681963220001876,9.665996733000156],[0.36805389500000274,9.66619348900008],[0.36631108800014545,9.66847342300008],[0.3662530860001425,9.668544887000166],[0.3621062300000517,9.673077564000096],[0.3577137840000546,9.674810683000032],[0.3512310940001271,9.676472704000162],[0.3506690660000231,9.682005885000137],[0.35065704300018297,9.682607380999968],[0.3507040810001172,9.6831296040001],[0.3509394730000963,9.684783979000144],[0.35133147700003065,9.687150622000104],[0.35156935700013037,9.688586778000115],[0.3517907130001845,9.690354115000048],[0.35187279700005547,9.69175652399997],[0.3518166560000964,9.69292613500005],[0.3517005509999649,9.693554418000076],[0.35116736000003357,9.695031798999992],[0.35000963300007015,9.697894525000095],[0.34902909100009083,9.700332428000081],[0.348547323000048,9.701769609000053],[0.3482510710000497,9.703025575000083],[0.34791591000009703,9.705326404000118],[0.3475775450000924,9.708033097000168],[0.34741865799998095,9.710275732000184],[0.34740051300002506,9.71191675300014],[0.3473093170001107,9.712894529000039],[0.3471634960000074,9.713519835000113],[0.3469237510000198,9.714144412000167],[0.3466359360000979,9.714644157000066],[0.345697050000183,9.715915629000108],[0.34491415400009373,9.716939805000095],[0.34441933000016434,9.717484740000145],[0.34371178600008534,9.71805846300009],[0.342330157000049,9.719091437000145],[0.3402769260000582,9.720582064000098],[0.3394653510001717,9.721032371000149],[0.3383878620001042,9.721480604000021],[0.3374338220000368,9.721838470000137],[0.3363575110000738,9.722137397000097],[0.33517929300012383,9.72238913800004],[0.33360670400008985,9.722623302000045],[0.33182950800011213,9.722863108000183],[0.3302794670000253,9.723017704000029],[0.3291688350001891,9.723038017000022],[0.3286639180000748,9.72301025500019],[0.32722000100005744,9.722812590000103],[0.32600991100008514,9.72274099700013],[0.3251224760001037,9.722780646000103],[0.32440131700008124,9.722909604000108],[0.3240875770000571,9.722989980000023],[0.32373656800001527,9.72316325200012],[0.32302875600009884,9.723582227000065],[0.32154997400010643,9.72448697699997],[0.3209134720000293,9.724993687000165],[0.32044527100009645,9.725466304000122],[0.3197390790001009,9.726335686000084],[0.3194739240001354,9.72686684100006],[0.3193716440000003,9.727259494000123],[0.3193369090000715,9.727688916000147],[0.31933816499997647,9.728185923000126],[0.3193879500001344,9.728486582000073],[0.3195604940000294,9.72909882900018],[0.31988341500016304,9.729831327000056],[0.32014763000006496,9.730229839000174],[0.321000601000037,9.731351429000028],[0.3219380969999861,9.73307363300006],[0.32291946100002633,9.735709413000052],[0.32872881800011555,9.752808442000003],[0.329033777000177,9.754075159000138],[0.32977184500015255,9.758168480000165],[0.32996445999998514,9.759670310000047],[0.3299861750001014,9.760612709000156],[0.32978424900011305,9.762215176000097],[0.3294565060000991,9.763915864000126],[0.329102306999971,9.765268444000128],[0.32889351300013914,9.765795902000093],[0.3285973330001184,9.766286435000097],[0.3280645259999915,9.766909631000146],[0.3266495010000767,9.768613367000057],[0.3261624280000319,9.769401009000035],[0.3257976920000374,9.770240347000026],[0.3256181270000411,9.770949227000074],[0.325534272000084,9.77187058200019],[0.3255921800001147,9.772461223000107],[0.3257033940000724,9.772912502000054],[0.32590389300003153,9.773346053000125],[0.3264470280001319,9.77395604100019],[0.3267842250000399,9.774212368000121],[0.3271951890001219,9.774381264999988],[0.3275915320001559,9.774420621000047],[0.328243638999993,9.774456809000014],[0.3290844590001143,9.77440174000003],[0.3300564520001785,9.77437893300015],[0.3323872780001125,9.774569730000053],[0.3334384360000513,9.774882389000084],[0.3341111240001169,9.775192078000032],[0.33462900300003184,9.775673053000105],[0.33500246500005915,9.776305102000094],[0.33542416300008426,9.777302825000163],[0.33590645100002803,9.779724657000145],[0.3360825480001495,9.780990369000051],[0.33590231900006984,9.782040197000072],[0.3355956319999791,9.782763514000123],[0.3351091130001578,9.78348014300019],[0.3340035740000644,9.78485147400005],[0.3323204020000503,9.78681694100004],[0.33153194900012295,9.788190749000023],[0.3308979040001532,9.789444002000096],[0.3306766790000779,9.790243882000027],[0.33049453700010645,9.791580701000044],[0.3304576040001166,9.792617441000004],[0.3306420880001042,9.794621924000069],[0.3310036540000283,9.795974330000035],[0.3314974099999972,9.796915803000047],[0.33199400700016213,9.797502152000163],[0.33267063099998495,9.79809194500001],[0.33379062900013423,9.798760312000184],[0.3359577330000434,9.800258819000078],[0.3393709230001605,9.803956395000114],[0.3397778730001164,9.805010831000175],[0.3398733680000987,9.805608233000044],[0.33969186900009163,9.806814318000079],[0.3384765270000685,9.810640503000002],[0.3384175970001593,9.811614165000094],[0.3385220239999853,9.812629698000023],[0.3387904590001085,9.813605930000165],[0.3393231800000649,9.814797331000022],[0.34047137200002453,9.816586401000109],[0.343077692000179,9.82024360500003],[0.3434187150000412,9.820587227000033],[0.3446357560001161,9.821214047000183],[0.3463741809999874,9.82234996000011],[0.348239375000162,9.823756778000188],[0.3491497020000338,9.824559451000084],[0.3507635130000608,9.826958716999968],[0.3512860000000728,9.82790041200019],[0.35181863000008207,9.8293678120001],[0.35210991600018815,9.830563406000067],[0.3523375760000249,9.832554044999995],[0.35257627800007185,9.834956748000138],[0.3528629290000822,9.836734757999977],[0.35316752300002463,9.838058312999976],[0.3539380110000252,9.840237886000125],[0.35406127999999626,9.840544199000135],[0.3549072270001261,9.84264631300016],[0.355920329000071,9.844941436000113],[0.35648661100003665,9.845784031999983],[0.3574766230000819,9.84738287200014],[0.35778417599999557,9.848337093000112],[0.35793586000011146,9.849077001000069],[0.3579271540001514,9.850170807000154],[0.3574641590000738,9.855424596000091],[0.35711285400009274,9.858163630000035],[0.35589667300007477,9.863367747000154],[0.35550541500003874,9.865722895000147],[0.35530456700013247,9.86755390799999],[0.35522995600007334,9.86982427200013],[0.35474254300015673,9.87447802100013],[0.35462374399998,9.875258424000151],[0.3544770060001383,9.875693600999966],[0.35414000100001886,9.876325357000042],[0.3533470320000447,9.87767154300002],[0.3524329280000984,9.879116216000114],[0.35192358500012233,9.880106633000082],[0.3515734090001388,9.881257411000092],[0.35149602100011634,9.88212986600007],[0.3515385719999813,9.883205804000113],[0.35164609300011307,9.883835776000183],[0.3519545250000533,9.884934102000102],[0.35245177300015484,9.886734071000092],[0.3526535940000599,9.887488013000109],[0.3527156620000369,9.889755793000177],[0.3525841759999935,9.891146952999975],[0.35220500000008315,9.893411256000036],[0.3514728350001519,9.898244071000136],[0.35129872600003864,9.900302576000172],[0.3512524520001534,9.901988674000052],[0.3513605950001306,9.903816018999976],[0.35149359799999047,9.905095614000118],[0.35189060599998356,9.907646054999987],[0.35261725900016927,9.911976970000126],[0.35378640800018957,9.91754956200009],[0.354530362000105,9.920503027000109],[0.354857658000185,9.921460464000177],[0.35569480599997405,9.923238396000045],[0.3575237610000386,9.92665709400012],[0.35889041500013263,9.928549908000036],[0.36019362100017815,9.929653426000016],[0.3612073950000081,9.930297988000063],[0.36245977700008325,9.930778365000151],[0.36342061300018713,9.93106270300001],[0.36516239600013023,9.931436216999998],[0.36608246300016845,9.93160712700012],[0.3685074040001268,9.932057582000027],[0.37213125100004163,9.932722622000142],[0.3742489240000282,9.933223591000115],[0.3783439500001009,9.934321266000097],[0.3862403580001228,9.937174112000037],[0.3867707970000538,9.937514614000179],[0.38708346400005667,9.937813371999994],[0.3872509280000713,9.938086971000189],[0.3874085970000465,9.938576724000086],[0.38746253100009653,9.938905497000064],[0.3874819290001028,9.939514299000166],[0.3869030370001383,9.949587880000081],[0.3867228700000851,9.950301476000163],[0.3863346109999952,9.950851992000025],[0.3846023330000321,9.952187719000165],[0.38356065300018827,9.952986825000039],[0.3816303320000429,9.954355578000047],[0.3803797210000539,9.955095371000027],[0.3790465750000749,9.955972896999981],[0.377595996000025,9.956987882000021],[0.37581491400010236,9.958599937000088],[0.3705039680001505,9.963747640000179],[0.3699269580001783,9.964619539000068],[0.3683336470000995,9.967466954000031],[0.36794265100007806,9.968351844999972],[0.36763076400006867,9.969525663000127],[0.3671131400000718,9.971691543000077],[0.36656040399998346,9.972917274000167],[0.3658898700001032,9.974324664000108],[0.3647685390001243,9.976333924000073],[0.36254591599998776,9.98026609100009],[0.36049928200014847,9.985208679000095],[0.35970770400018637,9.987191687000063],[0.35902926500011745,9.989569600000095],[0.3585375640001871,9.991631859000108],[0.3580757910000898,9.99358864300018],[0.3579314530000488,9.994654211000068],[0.3578562150000266,9.995566568000129],[0.35788032900006783,9.996181802000024],[0.3580763460000185,9.99729442600011],[0.35820568900015815,9.99768165900008],[0.3583247790000996,9.99789115699997],[0.3584480470001381,9.998065927000084],[0.3586259840000139,9.998225685000136],[0.35899021200015113,9.998475748000146],[0.3601494090000301,10.000023266000085],[0.36057219500003157,10.00110981400013],[0.36134127999997645,10.003205323000032],[0.3635899840000434,10.009464206000189],[0.36413536300017313,10.011403796000081],[0.3645103460000314,10.014216880000163],[0.36461137900010954,10.015224491000083],[0.3645512890001328,10.015906051000002],[0.3640827290000743,10.017147318000127],[0.3626187490000916,10.020835309000176],[0.361313144000178,10.024481543000093],[0.36082000400000425,10.026058199000147],[0.3606564699999808,10.02737766100006],[0.3607039050000935,10.029608177000057],[0.3611187140000425,10.030964722000135],[0.3616346770000405,10.03196481000009],[0.36246408199997404,10.033021676000146],[0.36319175100004486,10.03383113500007],[0.3639094000000114,10.034194095999965],[0.364497780000022,10.03427897299997],[0.36483893300010095,10.034271863000129],[0.365285925000137,10.034166890000051],[0.36584558100008735,10.034007089000056],[0.3666547230000674,10.033588006999992],[0.37005988700008174,10.03057317200006],[0.37079722900017487,10.029618231000029],[0.37125343700006397,10.028890943000022],[0.37214686100008976,10.027962588000037],[0.3732172480001168,10.02724854500002],[0.3740206790000684,10.026815685000088],[0.3749724260000562,10.026528928000118],[0.38094893300007016,10.025811718000114],[0.3823994420001213,10.026007211000035],[0.38344540500003177,10.026275290000058],[0.38511634799999683,10.02662215800018],[0.389748351000037,10.02634464200014],[0.3908368070000279,10.026279364000061],[0.3926184189999731,10.026015620000067],[0.39462353800007577,10.025139889000002],[0.39572110400013116,10.024359658000037],[0.39656544200016697,10.02357170800019],[0.3973294990000795,10.022616966999976],[0.39795817500004205,10.022061138000083],[0.40043243300010545,10.020392932999982],[0.4011765720001108,10.020038612000064],[0.4017956970001251,10.01992055300019],[0.40265708900017216,10.019919649000087],[0.4080953960000784,10.021081388000027],[0.4078930000000014,10.019465000000025],[0.40992700000009563,10.016561000000138],[0.41312200000015764,10.012204000000054],[0.4154450000001475,10.009008999999992],[0.42241600000011204,9.994195000000161],[0.42270700000005945,9.986353000000008],[0.4180600000001391,9.976186000000098],[0.42096400000008316,9.963987000000088],[0.42386900000008154,9.960792000000026],[0.42619200000012825,9.958468000000096],[0.4302589999999782,9.957306000000074],[0.43548700000002327,9.957597000000021],[0.4395540000001006,9.957016000000067],[0.4413369999999759,9.956879000000072],[0.4471060000000193,9.956435000000113],[0.4537860000000933,9.952659000000153],[0.4561100000000238,9.947140000000047],[0.4613390000001232,9.94452600000011],[0.46540500000008933,9.943944999999985],[0.4668570000001182,9.944817000000057],[0.4712140000000318,9.948012000000062],[0.47324700000001485,9.948883000000023],[0.47818500000005315,9.951207000000124],[0.47992800000002944,9.951497000000131],[0.48602800000008983,9.953530000000114],[0.489223000000095,9.952369000000147],[0.4915470000000255,9.951207000000124],[0.49716100000017605,9.946661000000006],[0.49735500000008415,9.946269000000086],[0.49735500000008415,9.945398000000125],[0.49938900000012154,9.941621000000112],[0.5022940000001768,9.941331000000105],[0.5063600000001429,9.941331000000105],[0.5107170000000565,9.945688000000189],[0.5139120000000617,9.950335000000052],[0.5197210000000041,9.951497000000131],[0.5269830000001434,9.943364000000088],[0.5251080000000456,9.936668000000111],[0.5251000000001227,9.936640000000068],[0.5249490000000492,9.93610300000006],[0.521754000000044,9.932908000000054],[0.5191400000001067,9.927389000000062],[0.5171070000001237,9.926808000000165],[0.5150740000001406,9.924775000000182],[0.5150740000001406,9.916642000000138],[0.5185590000001525,9.908218000000147],[0.521754000000044,9.906766000000118],[0.5240780000000882,9.901538000000073],[0.5313390000001164,9.899213999999972],[0.5354060000000231,9.897470999999996],[0.5493480000001796,9.892824000000076],[0.5705520000000774,9.88498200000015],[0.5837820000001557,9.881334000000095],[0.5842040000001134,9.88120500000008],[0.5845670000001064,9.881085000000098],[0.5845850000001747,9.881170000000054],[0.5846260000001848,9.881368000000066],[0.5879210000001649,9.885910000000024],[0.5920860000001653,9.886347999999998],[0.5955930000000649,9.887882000000104],[0.6006340000000705,9.889198000000135],[0.608744000000172,9.887006000000099],[0.6118120000001568,9.887006000000099],[0.6166339999999764,9.885252000000094],[0.6222480000001838,9.883376000000169],[0.6224350000001664,9.883383000000038],[0.6261700000001156,9.883521000000087],[0.6308340000000499,9.888185000000135],[0.6340590000000361,9.893691000000047],[0.6369090000001165,9.894787000000179],[0.6412920000000781,9.894568000000163],[0.6456760000000372,9.891499000000067],[0.6485260000001745,9.886677000000077],[0.6509370000001695,9.882732000000146],[0.6542240000001698,9.877910000000156],[0.6590460000001599,9.87703300000004],[0.6620480000000271,9.880651000000114],[0.665994000000012,9.882804000000078],[0.6724520000000211,9.883162000000027],[0.676757000000066,9.881010000000117],[0.6796270000000391,9.87634600000007],[0.6798170000001278,9.876535000000047],[0.6807040000001621,9.877422000000081],[0.6810630000000515,9.880292000000054],[0.6828570000001264,9.887468000000126],[0.6817800000000034,9.891414000000168],[0.6814210000001708,9.896437000000105],[0.6796270000000391,9.901819000000046],[0.6777460000000133,9.907462000000123],[0.6752450000000181,9.910130000000095],[0.6587120000000368,9.925960000000146],[0.6564250000001834,9.92930100000018],[0.6560740000001033,9.931764000000044],[0.6564250000001834,9.934577999999988],[0.6595910000001481,9.937216000000149],[0.6645160000001624,9.942141000000163],[0.6667110000000207,9.944154999999967],[0.668863999999985,9.948819000000071],[0.6688700000001404,9.948821000000066],[0.668352000000084,9.949592000000052],[0.6680170000000771,9.95093300000002],[0.6673940000000584,9.953137000000083],[0.6669790000000262,9.954877000000181],[0.6668990000001145,9.955836000000147],[0.666889000000026,9.95638200000019],[0.6668460000000209,9.956450000000132],[0.6666979999999967,9.956622000000152],[0.6666330000001608,9.956785000000139],[0.666797000000031,9.956907999999999],[0.6668990000001145,9.956819999999993],[0.6668990000001145,9.956826000000149],[0.6669000000000551,9.956826000000149],[0.6669360000000211,9.956735999999978],[0.667165000000125,9.956687000000045],[0.6672140000000581,9.956834000000129],[0.6674010000000976,9.957235000000082],[0.6676030000000992,9.957433000000094],[0.6681610000001115,9.957704000000149],[0.6692140000001814,9.958103000000108],[0.6715940000000842,9.95888500000018],[0.6742610000001719,9.95957200000015],[0.6746480000000474,9.959742000000006],[0.6756810000000542,9.963528999999994],[0.6763990000001172,9.966399000000138],[0.6767470000001481,9.968665000000044],[0.6762270000000967,9.970706000000177],[0.6761800000001017,9.971579000000133],[0.6763690000001361,9.973114000000123],[0.6765340000001174,9.973562000000072],[0.6767000000001531,9.974200000000053],[0.67677000000009,9.97493099999997],[0.6770060000000626,9.976631000000111],[0.6772190000000933,9.978732000000093],[0.6777150000001484,9.982812000000138],[0.6759780000001001,9.983237000000145],[0.6670700000000807,9.985414000000162],[0.6537960000001135,9.988643000000138],[0.6512840000000892,9.989002000000028],[0.6435240000001841,9.989002000000028],[0.6451960000001122,9.98999600000019],[0.6495930000001522,9.996867000000066],[0.6603110000000356,10.004561000000024],[0.6671820000000821,10.00868400000013],[0.6729530000001205,10.01582900000011],[0.6778990000000817,10.027646000000175],[0.6784490000001142,10.033967000000189],[0.6784490000001142,10.038364000000058],[0.682021000000077,10.046334000000115],[0.6869680000000926,10.053204000000107],[0.6877930000001697,10.057876000000135],[0.6872430000001373,10.065571000000148],[0.6861440000001267,10.072716000000185],[0.6866939999999886,10.082060000000013],[0.6853190000001064,10.08673200000004],[0.682021000000077,10.092778000000067],[0.6776240000000371,10.099648000000059],[0.6729530000001205,10.108167999999978],[0.6729610000000434,10.108227000000056],[0.6726360000001819,10.108491000000072],[0.6722260000000233,10.111157000000048],[0.6722940000001358,10.116215000000011],[0.6731140000001119,10.121136000000035],[0.6735930000001531,10.127151000000026],[0.6749600000000555,10.134465000000148],[0.6757800000000884,10.13699400000013],[0.6755750000001512,10.140822000000128],[0.675640000000044,10.140827000000002],[0.6755810000001361,10.140989999999988],[0.6757100000001515,10.141320000000121],[0.6758750000001328,10.141384000000073],[0.6761230000000182,10.141265000000033],[0.6765630000000442,10.141182000000072],[0.6770860000001448,10.14123699999999],[0.6781320000001756,10.141366000000005],[0.6795720000001211,10.14160400000003],[0.6809760000001006,10.141907000000003],[0.6831129999999916,10.143164000000127],[0.6837100000001897,10.143590000000188],[0.6847700000001282,10.145268000000101],[0.688342000000091,10.155711000000167],[0.692739000000131,10.160383000000024],[0.6979870000000119,10.167111000000148],[0.704742000000067,10.168032000000153],[0.7065360000000283,10.166597000000081],[0.7108410000000731,10.163009000000045],[0.7345210000000293,10.143635000000188],[0.739518000000146,10.140511000000174],[0.7402610000001459,10.140047000000152],[0.7410920000001511,10.141709000000162],[0.7427730000001702,10.14507000000009],[0.7381080000001816,10.15296300000017],[0.7388260000000741,10.160139000000072],[0.7330850000000737,10.168390999999986],[0.7366730000001098,10.17269600000003],[0.7391840000000229,10.174131000000102],[0.7442070000001308,10.175925000000063],[0.7481540000000564,10.178436000000147],[0.7542530000000056,10.182383000000073],[0.7578410000000417,10.1795130000001],[0.767887000000087,10.174848999999995],[0.7739860000000931,10.176642000000072],[0.7754210000001649,10.178795000000036],[0.7772150000000693,10.179871000000048],[0.7775229999999738,10.180008000000043],[0.7779330000001892,10.179871000000048],[0.781161000000111,10.1795130000001],[0.7940780000001837,10.171978000000138],[0.7973060000001055,10.167673000000093],[0.798383000000058,10.161932999999976],[0.8037640000001147,10.153681000000063],[0.8087880000001633,10.151887000000102],[0.8141690000000494,10.154757000000075],[0.8166810000000169,10.15870400000017],[0.8195640000001845,10.162111000000152],[0.8193330000000856,10.163497000000064],[0.8224780000000464,10.168738000000133],[0.8245750000000385,10.175029000000166],[0.8266719999999737,10.186560000000156],[0.8389690000001337,10.226528000000087],[0.8392520000001014,10.227446000000043],[0.8497350000000665,10.23478399999999],[0.8570740000001251,10.24107400000014],[0.8633640000001037,10.244219000000157],[0.8665090000000646,10.244219000000157],[0.8769920000000297,10.254703000000177],[0.8874760000001061,10.273573000000056],[0.8999385390001748,10.288003216000163],[0.9020203720000382,10.29033126100012],[0.9068610060001561,10.286800966000158],[0.9090315600001873,10.28521787000011],[0.9140977970000108,10.281522806000055],[0.9213343480000731,10.276244482000152],[0.9284440770001083,10.271057876000157],[0.9355535760000748,10.26587111100008],[0.9426628430000505,10.260684188000027],[0.9497718780000355,10.255497109000089],[0.9642693679999752,10.244918701000017],[0.9712520509999649,10.23982344100017],[0.9782345110000392,10.234728031000088],[0.985216747000095,10.22963246800009],[0.9921987610001111,10.224536755000088],[0.9948417450001443,10.222607696000068],[0.9991805530000875,10.2194408900001],[1.0000020100001166,10.218801563],[1.0064216490000604,10.213805021000155],[1.0128410870000835,10.208808351000073],[1.0192603250001184,10.20381155299998],[1.0256793620001758,10.198814627000104],[1.0320982000001209,10.19381757300016],[1.0385168369999747,10.188820392000139],[1.044935275000114,10.18382308400004]]]},"properties":{"adm1_name":"Kara","adm1_name1":"","adm1_name2":"","adm1_name3":"","adm1_pcode":"TG02","adm0_name":"Togo","adm0_name1":"","adm0_name2":"","adm0_name3":"","adm0_pcode":"TG","valid_on":"20210107","valid_to":"00000000","area_sqkm":11588.11887597,"version":"v02","lang":"fr","lang1":"","lang2":"","lang3":"","center_lat":9.56488972,"center_lon":0.79188744}},{"type":"Feature","geometry":{"type":"Polygon","coordinates":[[[1.5985963840000181,6.905545884000105],[1.598772945000178,6.905508134000172],[1.5991395570001146,6.905517295000152],[1.5995966810000937,6.905585263999967],[1.6001638850001427,6.905754755999965],[1.6012984830000505,6.9061078809999685],[1.6016687760000536,6.906241068000099],[1.6022464380000656,6.906314360000124],[1.603003157000046,6.9063254240001015],[1.60396679500019,6.906235222000134],[1.604768601000103,6.906135758000062],[1.6052033600001323,6.906023708000021],[1.60548793300012,6.905892553000115],[1.605606145000138,6.905812566000122],[1.6056808770001112,6.9057166820000475],[1.605724615000156,6.90561140900013],[1.6057778410001333,6.905444161000105],[1.6058625230000416,6.905128202000185],[1.6059128730000793,6.904883444000177],[1.6059445110000752,6.904672733000098],[1.6059637220001264,6.904468185000042],[1.605967269000189,6.904316292000146],[1.605958507000139,6.904130263000127],[1.6052658020001331,6.898092418000147],[1.6052169130000493,6.897838070000091],[1.6044116580001742,6.895281265000165],[1.6035419550000256,6.893548888000112],[1.6034308459999806,6.893356360000155],[1.603363110000089,6.893182559000081],[1.603320263000171,6.892984029000161],[1.6032775800001104,6.8927296990000855],[1.6032413540001471,6.8923885870000845],[1.6032545610000852,6.8921158200001855],[1.603273935000061,6.891855472000145],[1.6035468030000857,6.889773029000082],[1.6036229189999744,6.889202840000053],[1.6037114070000484,6.888645087000157],[1.6038495990001138,6.888062680000019],[1.6040253390000885,6.887368779999974],[1.6046395750000784,6.8852315300000555],[1.6048145880000675,6.88478563200016],[1.6050864500000444,6.884233978000168],[1.6050891890001822,6.884228421000103],[1.605375909000088,6.883770448000178],[1.6057497340000282,6.883225927000126],[1.6059490540001775,6.882953702000066],[1.6061362560000134,6.882582239000158],[1.606323927000176,6.882049575000167],[1.6064743750000048,6.8815168020000215],[1.6065753720001226,6.880921884000031],[1.6066016340001852,6.880425950000188],[1.6066054660001328,6.879111533000071],[1.6065939620000336,6.878801492999969],[1.6065203119999865,6.878528472000028],[1.6056402910000998,6.876083059000109],[1.6054986340000141,6.875729238000076],[1.6053568510001242,6.8754188190000605],[1.6051531750001118,6.8750586180000255],[1.6049740620001671,6.874785291000023],[1.604689647000157,6.874455855000122],[1.6043988480001303,6.874188402000129],[1.604132720000166,6.8739706220000585],[1.603866321000055,6.87384584300014],[1.603686592000031,6.873783317999994],[1.603481959000078,6.873751721000133],[1.6031904920001807,6.873713670000086],[1.6027998730000945,6.873638128999971],[1.602186083000106,6.873506135000071],[1.6016777200000547,6.8733868490001555],[1.601225229000022,6.873255325000116],[1.6006735680001043,6.873092511000152],[1.6002273340001238,6.872942404000071],[1.5999175289999812,6.872811296000066],[1.5995458860001008,6.872611806000066],[1.5992300950001663,6.872406279000188],[1.5988648930001546,6.872126205000143],[1.598567932000151,6.871846332000132],[1.5983391030001712,6.871603858000128],[1.5981474790000902,6.8713676930000815],[1.5978639979999798,6.87072205200019],[1.5975318320000724,6.869753862000039],[1.5973229780000224,6.869046439000044],[1.5971883870001307,6.8684012330001],[1.5971037160001629,6.867656972000077],[1.597080826000024,6.866999693000139],[1.5971072400000708,6.866454161000149],[1.597183972000039,6.865673170999969],[1.5972790060001216,6.8649976370000445],[1.5973988350001491,6.864328376000174],[1.5974994180000408,6.863876062000088],[1.5976809370000638,6.863324782999996],[1.5979249460000915,6.862618683000051],[1.5986629350001067,6.860581001000185],[1.5988881119999974,6.859949247000145],[1.5994765540000344,6.858134330000155],[1.6000524740000515,6.856356576000167],[1.6007415890001653,6.854052138999975],[1.600956015000122,6.852849940000112],[1.6012491090000367,6.850197140000148],[1.6011932320001279,6.843823247000103],[1.6011609570000473,6.84212431900005],[1.6009008580001023,6.837709071999996],[1.6008158530000856,6.837076412000101],[1.6007304500000146,6.836580154000046],[1.6006199450000622,6.836183024000036],[1.6004848090000223,6.835723822000091],[1.6002631160000647,6.835165167000127],[1.600016754000137,6.83455683800014],[1.5996467620000772,6.833799348000184],[1.5993751200001611,6.833352148000131],[1.5990414450001822,6.832904769000152],[1.598732476000123,6.832494662000045],[1.5985286200000814,6.832202664000079],[1.5983064050001303,6.8318238090000705],[1.5981461880001007,6.831457537000119],[1.5980295010000987,6.831054189000156],[1.5979932220000137,6.830731677000131],[1.5979940160000865,6.830458873999987],[1.5980504580001593,6.83024823400018],[1.5981938350000178,6.830006846999993],[1.5983620420001898,6.829759331000105],[1.5990344380000465,6.828918069000167],[1.59990598100012,6.827854179000042],[1.600372802000095,6.827309924000076],[1.6006527719999895,6.827025530000128],[1.6010631160000344,6.82670431400004],[1.601311709000072,6.826543833000187],[1.6017464330001872,6.82637148900011],[1.6021561630001315,6.826261075000048],[1.602478870000084,6.826212410000039],[1.602875870000105,6.826213560000099],[1.6040046250001296,6.826291231000084],[1.604599946999997,6.82635495500017],[1.6052199380000616,6.826468352000063],[1.6058151160000875,6.826581676000046],[1.6064597410000374,6.826757143000066],[1.608480499000109,6.827271391000181],[1.6090756450001322,6.8273971119999715],[1.609534429000064,6.827485237000076],[1.609794890000046,6.827510789000087],[1.610142231999987,6.827524191000123],[1.6105145650001873,6.82747566300003],[1.61097381400009,6.827402585000186],[1.6113463970000907,6.827267254000105],[1.6117439719999993,6.827069994000112],[1.6121416180000665,6.826847934],[1.612340619000122,6.82667490099999],[1.6124529550001512,6.826439619000098],[1.6124908530001107,6.826204122000036],[1.6124545630000853,6.825881609000078],[1.6123194500000295,6.825410009000166],[1.6119629540000346,6.824268152999991],[1.6117533340000705,6.823821138000028],[1.61132136700013,6.8230386750000775],[1.611074313000131,6.822665954000058],[1.6106413470001826,6.82223069700018],[1.6103442060000361,6.822019035000096],[1.6100097040000492,6.821856868000054],[1.6096999070001061,6.821731972000009],[1.6089931840001555,6.821581132000176],[1.6083856030000447,6.821467777000123],[1.6077781310000887,6.821317222000175],[1.6071706940001604,6.821154264000029],[1.6067617210001686,6.821004281000114],[1.6041844380001749,6.81989320800011],[1.6035649580001063,6.819606209000085],[1.6031933510001295,6.819406729000093],[1.602685777999966,6.819033252000054],[1.6024011220000602,6.818796822000024],[1.602129087000037,6.818486028000052],[1.5963987570000313,6.809504024000091],[1.596250626000085,6.809249389000058],[1.596139623000056,6.809025863000045],[1.5955895830000486,6.807776168000146],[1.5946668540001383,6.805679720000057],[1.5943055220000701,6.804085239000187],[1.5941187140001034,6.800067019000096],[1.5941323090000878,6.799657851000177],[1.5941829770001732,6.799298391000093],[1.5942519460000995,6.799044387000038],[1.5943580780000275,6.79880909000002],[1.5945138680000923,6.798561538000115],[1.5947006880001027,6.7983078750000345],[1.594843820000051,6.798147088000121],[1.5950490510000463,6.797961679000139],[1.5958321810000484,6.797418340000036],[1.5962983230000418,6.797097285000007],[1.5966214590001186,6.7968936180001265],[1.5969319739999719,6.796764315000189],[1.5972362130000306,6.796659795000096],[1.5974844490001487,6.796617113000082],[1.5977697750001312,6.796617939000157],[1.600126547000059,6.796717760000149],[1.6024957820000623,6.79679900400015],[1.602861727000061,6.796806260000039],[1.6030974670000546,6.796794540000121],[1.6034884740001303,6.7967150670000365],[1.6040595030000304,6.796586510000111],[1.6052139840001018,6.796323230000041],[1.6072746740000525,6.795851749000178],[1.6080506430000696,6.795636974000104],[1.6088204250001468,6.795415980000087],[1.6092736720000858,6.795262278000166],[1.6096339670001498,6.795077307000042],[1.6098266610001133,6.79493525700002],[1.6102370760000326,6.794576825000036],[1.6105730560001348,6.794218180000087],[1.610871890000169,6.793834627000081],[1.6112704310000368,6.793290154999966],[1.6116565660000788,6.792745647000061],[1.6119931130000964,6.792188596000074],[1.6123795650001398,6.791532485000005],[1.6128035870000303,6.790752477000126],[1.6143696540000292,6.7875452669999845],[1.6145818750001126,6.787080861000106],[1.614688135000165,6.786795956000105],[1.614738341000077,6.786591494000049],[1.614726520999966,6.78638685400017],[1.614671246000114,6.786194491000117],[1.6145539460001714,6.786001951000003],[1.6139854120000336,6.785262505000105],[1.6137751610001487,6.7850386980001645],[1.6134966270001883,6.784833297000148],[1.6125751870001181,6.783869636000077],[1.6112802730000908,6.781915949000165],[1.611006491000012,6.781502883000087],[1.610710152000081,6.781018422000045],[1.6103892170000904,6.780459489000066],[1.6101547280001682,6.780037206000031],[1.6099081180000212,6.779515686000082],[1.608479174000081,6.776008501000035],[1.6083868290001533,6.775766430000033],[1.6083378670000457,6.775536884000189],[1.608289065000065,6.775251537000145],[1.6082774420000874,6.774978696000005],[1.6082968500001016,6.7746997450001345],[1.6086660100000927,6.771414716000038],[1.6087610540001265,6.770714369000075],[1.6088304530001096,6.770305357000154],[1.6088870380000913,6.770038912000018],[1.6090748330000793,6.769438033000142],[1.6092310110000199,6.76904786900019],[1.6093806860000655,6.768763090000164],[1.6095239090000746,6.768565095000042],[1.6101398630000858,6.7678972370000565],[1.6110106990001896,6.767025501000035],[1.6112096900000665,6.76684626500014],[1.6137369229999763,6.764764015000139],[1.6139482720001297,6.764600313000074],[1.6141533569999638,6.764458293000075],[1.6143179940000323,6.764362659000142],[1.6145663710000235,6.764264164000053],[1.6185678180000878,6.76286189800004],[1.6188534089999962,6.762763506000056],[1.6191389290000302,6.762689913000145],[1.6194181760001243,6.762641104000068],[1.6196352760001673,6.762635520000174],[1.6203112630000192,6.762662238000075],[1.6206399360001456,6.762681770000086],[1.6209065499999724,6.76271352700013],[1.6210800580001319,6.762769820000074],[1.6213217040000814,6.7628573080000365],[1.6216067850000968,6.762938717000111],[1.621836132000169,6.762988969000162],[1.6220841040000664,6.763033073000088],[1.623751805000154,6.763298201000168],[1.6239564670000277,6.7633049800001],[1.624142643000141,6.763268304999997],[1.624322705000111,6.7632006119999915],[1.6245959610001819,6.763077380000141],[1.6247824010001182,6.7629477020000195],[1.6249813850000692,6.7627684590000285],[1.6251431200000752,6.762601511000071],[1.625317382999981,6.7623911950000775],[1.6254358410000123,6.7621745230001125],[1.6254860030001055,6.761982458000091],[1.6254803090001246,6.76180263599997],[1.6254496299999914,6.761684746000185],[1.6253756580001095,6.761523331000035],[1.6252275020000866,6.761274904000004],[1.625066959000037,6.761020242000086],[1.624893889000134,6.760808945999997],[1.6246342140000252,6.760516803000087],[1.6243867339999838,6.760299097000029],[1.6240772480001624,6.760075014000051],[1.6238605170000824,6.759950398000001],[1.6234145450001165,6.7597383300000615],[1.6224115100001768,6.759123684000031],[1.6208326360001024,6.758156172000099],[1.617168553000056,6.755442498999969],[1.6168591100001208,6.755206013000134],[1.6165376839999794,6.7548206890000415],[1.6163030560001062,6.754448012000012],[1.616019515000005,6.753827188000173],[1.6159089670001094,6.753442462000123],[1.6158601250001539,6.753169515000025],[1.6158178020000946,6.752784983000026],[1.6158125160000623,6.752462559000151],[1.6158132030001866,6.752220753000074],[1.615851227000121,6.751935651999986],[1.6159331060000568,6.751495672000033],[1.6160997380001731,6.750696321000021],[1.616165671000033,6.750411300000167],[1.6162314450001531,6.750182079000126],[1.616299351000066,6.750016126000162],[1.616389050000123,6.7498306660000935],[1.6165635910001015,6.749521152000057],[1.6167877150001573,6.749224179000066],[1.6170489460000113,6.748964511999986],[1.6173846730001742,6.748680255000011],[1.6184907710000402,6.747939366000082],[1.6192115569999714,6.747470193000083],[1.6197708760001888,6.747074963000102],[1.6202805410001702,6.746691993000184],[1.6205541030000745,6.7464571590001015],[1.6207158860000277,6.746271611000054],[1.620965025000146,6.745900303000042],[1.6211892840001383,6.74555372500015],[1.621389016000137,6.745107876000134],[1.6216897680001239,6.744029890000093],[1.6219405510000229,6.743075767000107],[1.6221288560000744,6.742282673000034],[1.6222800190000157,6.74146467200012],[1.6225704970000834,6.739630231000149],[1.6226841639999634,6.738911327000153],[1.6227230910001254,6.738303816999974],[1.622712436000029,6.737683766000089],[1.6226272520000862,6.7371007070000815],[1.6225168750000876,6.736653979999971],[1.6223816370001032,6.736225784999988],[1.6222584370000277,6.735927827000069],[1.6220052560001363,6.73553650000008],[1.6216775810000854,6.735169763000044],[1.6214302710000652,6.734896257000116],[1.6211951540000769,6.734697186999995],[1.6209598800001572,6.734553918000131],[1.620674886000188,6.7344477110001435],[1.6203340030001527,6.734366145000138],[1.6199184870000636,6.734358772000178],[1.6194533010000782,6.734369858000036],[1.6186593220000418,6.734411016000024],[1.6167675380000333,6.734467666000114],[1.6160170960000642,6.734465541000191],[1.615155035999976,6.734456899000008],[1.6146092790000353,6.734449152000025],[1.6142310100000827,6.734429478000152],[1.6136357250001652,6.734390589000043],[1.6128297490000705,6.73428909800009],[1.611949402000164,6.734168795000187],[1.6071822070001645,6.733411210000099],[1.6066367180000611,6.733310453000001],[1.6061099400001808,6.7331725470001516],[1.6055150670000558,6.7329910450000625],[1.6050007650001135,6.732828373000075],[1.603421007000179,6.732216245000075],[1.6032662420000747,6.73211660100003],[1.600010478000172,6.729856632000178],[1.5995030060000772,6.729476970000178],[1.5993174660001728,6.729296633999979],[1.5992001620000451,6.7291102940000656],[1.5991323870000542,6.728955096000163],[1.5991144030001578,6.7287380390000635],[1.5991526630001545,6.728372340000078],[1.5992548260001627,6.727889796000113],[1.5994758310000634,6.725973807000116],[1.5996875580000847,6.723506753000095],[1.5997017720001736,6.722874379000189],[1.5996659100000556,6.722403063999991],[1.5995675330000267,6.722105175000138],[1.599370141000179,6.721732602000145],[1.5990857460001848,6.721421781000117],[1.5986773870000661,6.721085804000097],[1.5982936590000918,6.7208118990000685],[1.5975489680000692,6.720435432000102],[1.5972655500000315,6.720325342000081],[1.596782026000028,6.720249556000169],[1.5963975880001726,6.720223653000062],[1.5960997970001358,6.720260001000042],[1.5958265630001165,6.720383219000155],[1.5955777460000036,6.720642912000017],[1.5954779830000234,6.720828630000142],[1.5954152190001878,6.721088856000165],[1.5953959200001009,6.721330606000095],[1.5954136880001215,6.72162206400003],[1.5954810350000912,6.721926064000172],[1.595653458000072,6.722354368000083],[1.5962330990001306,6.723515457000133],[1.5966032490000543,6.724198534999971],[1.5969615670000508,6.72468317300013],[1.5973075530000642,6.725142976000029],[1.5975794020000649,6.7255033630001435],[1.5978508610000972,6.726000154000076],[1.5979491300001314,6.726335243000051],[1.5979854170001886,6.7266577540001435],[1.5979597560001366,6.726955288000056],[1.5978471980000108,6.727277373000163],[1.5976976780000882,6.727512551000075],[1.5974239420000345,6.727809373000127],[1.5970262400001616,6.728081038000141],[1.596690876000082,6.728241278999974],[1.594853414000113,6.728831217000106],[1.5942326930000377,6.7290154370001005],[1.5935997820001262,6.7291252200000145],[1.5931284030001507,6.729136264000033],[1.5926448010000627,6.729085272000077],[1.5921985890001338,6.728972383999974],[1.591814538000051,6.728810076000059],[1.5915298600000938,6.728598452000142],[1.591307165000103,6.728399405999994],[1.591047651999986,6.728063852000162],[1.589540305000071,6.726013466000154],[1.5892686770001774,6.725578674000019],[1.588997336000034,6.725044680999986],[1.5888372340000956,6.724647410999978],[1.5887025120001113,6.724051811000095],[1.5885805510000637,6.723332245000051],[1.5885328330000448,6.722674894000136],[1.5885714750000375,6.722178996000139],[1.5886845380000523,6.7216833120001525],[1.5888967560000538,6.721212714000103],[1.5891831810000099,6.72081673200006],[1.589618984000083,6.720235176000074],[1.5900298700000235,6.719690747000016],[1.5903784890001589,6.719232942000076],[1.5905656120000913,6.7188614720000714],[1.5906782790000875,6.718502190000038],[1.5907789350000598,6.718006469000102],[1.590805383000145,6.717436133000035],[1.5907822540000893,6.716853254],[1.5906969290000461,6.716332198000089],[1.5905369690001407,6.715885329000116],[1.5896247620000281,6.713923463000185],[1.589200068000082,6.713111085000094],[1.5890079879999917,6.712743663000083],[1.5886874670000566,6.7120607270000505],[1.5885646840001186,6.711626364999972],[1.5884791830000609,6.711167310000121],[1.588455680000152,6.710714632000133],[1.5884562339999775,6.710522430000026],[1.588481737000052,6.710280699000009],[1.588556798000127,6.710057711000047],[1.5886628330001145,6.709847211000067],[1.588887090000128,6.709500650000052],[1.5891858380001622,6.709129502000053],[1.5894658560000607,6.708801700000151],[1.5897769350001454,6.7084553870001855],[1.590398716000152,6.707892963000177],[1.5910206220000873,6.707287136000048],[1.592488324000044,6.705852918000062],[1.5928118380001592,6.705494238000028],[1.592998987000101,6.705110366000042],[1.5930993510000349,6.704713844000139],[1.5931385519999708,6.704019542000026],[1.5931276060001665,6.703511098000092],[1.593066942000121,6.70303971400017],[1.5929935540000884,6.702679896000063],[1.5926486160001332,6.701860489000012],[1.5924636729999975,6.701475550000055],[1.5921920160001832,6.7010531620001075],[1.591932371000098,6.70076721099997],[1.5903249300000653,6.699038962000088],[1.589978608000024,6.698703161000083],[1.589632075000054,6.69844176100014],[1.58929762300005,6.698291997000183],[1.5888638410000908,6.698179149000055],[1.5884858370000643,6.698078861000113],[1.58808309900013,6.697953701000074],[1.5877486300000783,6.697810135999987],[1.5875132960001679,6.697697857000037],[1.5872037230001865,6.697523364000062],[1.5868880200001172,6.697324052000113],[1.5860712850001164,6.696676889000116],[1.5850631300000941,6.695743969000034],[1.582980889000055,6.693090520000112],[1.5786091720000854,6.690845862000003],[1.5783731269999635,6.6909815810001305],[1.5780999450001332,6.691092394000179],[1.577727613000036,6.691178119000085],[1.5774049640000953,6.691239186000075],[1.577094896000176,6.691238289000069],[1.576722959000051,6.691187612000078],[1.5763388360001613,6.6910624980001785],[1.5759549630001288,6.690850583000156],[1.5755341700000258,6.690539359000184],[1.5752743620001866,6.690315403999989],[1.5750766740001723,6.690054427000177],[1.574903936000112,6.6897439220001615],[1.5747317730001669,6.689235014000133],[1.5746335229999886,6.688899925000044],[1.5745599340000354,6.688614508000171],[1.574548214000174,6.688378869000076],[1.5745985070001325,6.688143412000045],[1.5747231440000746,6.687932970000077],[1.5748975710001787,6.687660671000174],[1.5750096250000638,6.6875121930001455],[1.5751714340000262,6.687314259000118],[1.5774737040001128,6.68503546300002],[1.578094429000032,6.684421066000084],[1.5788032700001509,6.6837659020000615],[1.5793129900000622,6.683345766000116],[1.5796484660000942,6.683135931000095],[1.579996165000182,6.682988131000116],[1.5803560880000305,6.682902367000111],[1.5806290860000445,6.682853554000076],[1.5809762850000766,6.682879354000079],[1.5813482520000548,6.682917627000165],[1.5817199700000515,6.6830427010000335],[1.5819428930001322,6.683154945000069],[1.582239910000112,6.68337900500012],[1.5824251980001236,6.68363994300006],[1.5825606970000763,6.683962739000094],[1.5826091289999908,6.68437208600011],[1.5826576320000072,6.684756633000063],[1.582743771000139,6.684992485000066],[1.5829165850000209,6.685278188000154],[1.5831885840000837,6.685576577000063],[1.583398999000167,6.6857259860000795],[1.5836963040001706,6.685850844000072],[1.5840308530000584,6.685963409000067],[1.5843903860000523,6.686014044000103],[1.5847128530001555,6.68601497200018],[1.585023132000174,6.68594146200013],[1.585271470000123,6.685842973999968],[1.5856442250001237,6.685608440999999],[1.5860046480000278,6.685349072000122],[1.5863777950000895,6.684978135999984],[1.5866143339999894,6.6846688090000725],[1.5891428290000817,6.680918782000049],[1.5893546660000766,6.680572182000162],[1.5894920520000824,6.680237767999984],[1.5895549880001454,6.679915541000071],[1.5895556990001296,6.679667538000103],[1.5894825270000865,6.679233318000058],[1.5892733200001317,6.678662307000138],[1.5890018870001086,6.678165519000061],[1.5886683370000583,6.677705753000055],[1.5882975090000855,6.677270682000028],[1.587951450000162,6.6768480810001165],[1.5876675110000065,6.67638845800019],[1.5874827549999964,6.675941519000048],[1.5873227339999971,6.6755194510001274],[1.5872988530000498,6.675196975999995],[1.5873249379999947,6.674750642000049],[1.5874003830001016,6.674391250000156],[1.5875377670001285,6.674056836000034],[1.5877369859999817,6.673784601000136],[1.58802302100014,6.673512614999993],[1.5883708530001286,6.67331520700003],[1.5887308039999652,6.67321703500005],[1.5890533350001306,6.673193157000071],[1.5894005640001296,6.673206551000078],[1.5896360660000823,6.673256826000056],[1.5900077800001213,6.673381892000123],[1.590255472000024,6.673506603000021],[1.5904411509999932,6.673631137000029],[1.590861554000071,6.674078749000159],[1.5911087850001877,6.674364662000073],[1.5914052000001107,6.674799517999986],[1.5916770950001364,6.675135103000116],[1.5920481030000815,6.675508172000036],[1.592307986000037,6.675707319000082],[1.5926051829999892,6.675869372000079],[1.592958243000112,6.676012983000135],[1.59321841000002,6.676112928000123],[1.593553025999995,6.676200685000026],[1.5938134410001226,6.676213829000062],[1.594098767000105,6.676189842000099],[1.5944090750000441,6.676103925000177],[1.5948064819999672,6.675919054000076],[1.595092303000115,6.675721463000173],[1.5953285500000334,6.675511332000099],[1.595552710999982,6.6751895630000035],[1.5957898059999707,6.67468182600004],[1.595940012000142,6.674198642000022],[1.5962523670001474,6.673393511000086],[1.5965517530000284,6.672786748000078],[1.5968510330001209,6.672217185000136],[1.59706282500008,6.671882980000078],[1.5972370930001034,6.671660270000132],[1.5974734770001078,6.671400535000032],[1.5994016810001312,6.669347560999995],[1.599687602000074,6.669112766000012],[1.5998739880000699,6.668989293000038],[1.6000975100000687,6.668890724000107],[1.6004200740001124,6.668854438000153],[1.600817192000079,6.668768762000184],[1.6013882230001855,6.668584376000183],[1.601822759000072,6.66842440400012],[1.602183092000132,6.66818981800003],[1.6025186550000967,6.66794276100012],[1.6044575790001545,6.666245128000071],[1.606062088000101,6.664840294000044],[1.6063854900000365,6.664506397000025],[1.606821352000054,6.663875208000093],[1.607157925000081,6.663268539000114],[1.607394930000055,6.662785594000184],[1.6075201400001333,6.662364335000063],[1.607558675000007,6.661893229000157],[1.6075600740000482,6.661397218000047],[1.6075243020001153,6.660888702000079],[1.6074511840001264,6.660429681000039],[1.6073040020000349,6.659846449000099],[1.607106758000043,6.659424281000156],[1.6068967970001609,6.659113679000029],[1.6067112220001718,6.6589519510001765],[1.606302410000069,6.658789593000051],[1.6058315870001252,6.658627060000185],[1.6053606960001616,6.6584893270000975],[1.6048651410001185,6.6583019230000104],[1.604431666000039,6.658089891999964],[1.603955241000108,6.657716537000056],[1.6037142250000898,6.657424447000096],[1.6035228880001569,6.657107698000061],[1.603467710000018,6.656884335000143],[1.6034683940000605,6.656642530000113],[1.603543542000068,6.656382334999989],[1.6036307940000256,6.656227577000152],[1.6066679860001614,6.652292829000032],[1.6069417700000486,6.651958791000084],[1.6072028730000625,6.6517239190000055],[1.6075259500000811,6.651501622000012],[1.6078738300000737,6.651279395000188],[1.6082091340001057,6.651119133000066],[1.6085690670001327,6.6510209430001055],[1.6089040210001713,6.650984684000036],[1.6091768620000835,6.650985451000054],[1.609561144000054,6.6510485330001075],[1.6100197339999909,6.651149025000052],[1.6105649630000585,6.651311762000148],[1.6112093380000374,6.651499577000095],[1.6118043140000395,6.651612851999971],[1.6123623290001206,6.651639218000014],[1.6128087960000244,6.651640471000064],[1.6134538680000787,6.6515802770000505],[1.6137517570001592,6.651494309000043],[1.6140498540000294,6.6513339390000965],[1.614273644000093,6.651136159000089],[1.6144976760001555,6.6508515770001395],[1.614634722000119,6.650628754000081],[1.6147472420000213,6.6503066580000905],[1.6147981690000393,6.649835585000119],[1.6147745810000629,6.649401503999968],[1.6146644229999652,6.648880379000104],[1.6144307680000907,6.6481729010000095],[1.6138272490001668,6.646683161000055],[1.6135558690000948,6.64616158400014],[1.6132349180001029,6.645627467000111],[1.6121477020000157,6.644148773000154],[1.6117643630000202,6.643750885000088],[1.6114055140000687,6.643464669000025],[1.611108257000069,6.643327431000046],[1.610785918000147,6.643289326000172],[1.610550251999996,6.643301065000173],[1.6101777840000864,6.643448825000121],[1.6084650660001785,6.643902829000012],[1.6030691240001147,6.644321649000062],[1.6025605510000105,6.644357415000172],[1.6021885370001314,6.644343965000132],[1.601891038000133,6.644293523000044],[1.6016804550000074,6.644206125999972],[1.6014825190001716,6.644031962000156],[1.6013343650001843,6.64379593700005],[1.6012855640001362,6.643510591000108],[1.6014496850001478,6.6380921010000975],[1.6015004110000746,6.637695433000147],[1.6015507870001215,6.637422767000146],[1.6023397020001084,6.6347217140000225],[1.6024645900001815,6.634412057000077],[1.60262643700014,6.634189307000156],[1.6027756030000546,6.634065723000049],[1.6030488530000753,6.633917689000043],[1.6032722870000953,6.633843916000046],[1.6037438550000616,6.633733641000106],[1.6041162450001138,6.633610686000111],[1.6047868620000827,6.633277763000024],[1.6052340440001558,6.633018613000104],[1.605718534999994,6.632722366000166],[1.6059919920001562,6.6324999280000725],[1.6062345680001613,6.632234002000075],[1.6063405720000787,6.632023492000087],[1.6063907690000292,6.631812827000147],[1.60640355400011,6.631676459000062],[1.606366752000099,6.631533751000177],[1.6059844530001897,6.630770054000095],[1.6058672320001506,6.630558917000144],[1.6054286770000203,6.629956267000182],[1.6045512190000863,6.628874967000058],[1.6039087249999966,6.628029935000143],[1.6033900370001106,6.627259654000113],[1.603130763000138,6.62684971200008],[1.6029706630000078,6.626452450000102],[1.6028604490001612,6.62595612500013],[1.602824642000087,6.6254600090001645],[1.602863346000106,6.624926903000073],[1.6029760370001327,6.624542808000001],[1.6031629970001404,6.624208524000039],[1.6034861940001406,6.623936625000056],[1.60380914600006,6.623751528000071],[1.6042185930000983,6.623678276000078],[1.604726865000032,6.623741705999976],[1.6054704810001112,6.6239049990001035],[1.606028115000072,6.624055370000178],[1.606424534000098,6.624205287000052],[1.6068579140000452,6.624442111000121],[1.607885438000153,6.62507741100012],[1.608863638999992,6.62561337000011],[1.609321962000024,6.625800659999982],[1.6096316450001495,6.625925531000121],[1.6099167340000236,6.625975931000028],[1.6103012070001341,6.625964607000128],[1.6106363180000471,6.6258663420001085],[1.6110337820000495,6.625644246000036],[1.6113819520001016,6.625310410000111],[1.6115938140000594,6.624938990000089],[1.6116691220000234,6.624616789000186],[1.6116455330001145,6.624182709000138],[1.611395023,6.620635491000087],[1.6113353410000286,6.619804497000075],[1.6112260530000526,6.618973363000066],[1.6110191160000795,6.617583939000042],[1.6108972200001404,6.616827174000036],[1.6108115900001394,6.616405320000126],[1.6106638190000808,6.61603289500016],[1.6103552840000361,6.615498815000024],[1.6097383559999798,6.614381054000148],[1.6095286500000725,6.613983655000027],[1.6094306210000013,6.613561767000135],[1.6094315920000213,6.613214558000095],[1.609544378999999,6.612793260000046],[1.6097315710000544,6.612372169000139],[1.609943216999966,6.612075151000056],[1.6102665060001868,6.611766044000149],[1.6106268590000354,6.611506641000062],[1.6142178610001565,6.60894976700007],[1.617833595000036,6.606405327000061],[1.6181937680000829,6.606207919999974],[1.61866585700011,6.605899219000094],[1.6190635420001058,6.605590310000025],[1.6193991540001207,6.605306030000122],[1.6197596350000367,6.6049970180001765],[1.6199833980001586,6.60479923000014],[1.6202321170000573,6.6045457090000355],[1.6204749620001735,6.60417436900002],[1.6208735710000042,6.603530648000174],[1.6211102490000826,6.603146888000026],[1.6212910030000671,6.602806375000171],[1.6214844500000254,6.602360494000152],[1.6216651680000496,6.602032381000072],[1.621833246000108,6.601791036999998],[1.6220259550001401,6.601611763000108],[1.6222372980001296,6.60142014000013],[1.6225975689999927,6.601185526999984],[1.6229577370001493,6.600988115000007],[1.6232804620001389,6.6008774019999805],[1.6236277150001683,6.600865961000011],[1.6239251939999804,6.600916384000016],[1.6241853680000418,6.601003906000187],[1.6244453720000251,6.6011534300001244],[1.6253983430001426,6.601838086999976],[1.62659912700002,6.602597828000057],[1.627131469000176,6.6029217080000535],[1.6274658800000452,6.603071435000061],[1.6277136890001884,6.603146521000099],[1.6280112390001023,6.603172142000176],[1.6284080980000226,6.603160834000107],[1.6287802560000841,6.603112255999974],[1.6291028120000988,6.6030635430001325],[1.6295620840000993,6.602903599000058],[1.630009022000138,6.602718821000053],[1.6320328650001557,6.601806743000054],[1.6334609230000297,6.6010914300001104],[1.6342805940000744,6.600647258000151],[1.6355164350001132,6.5999314110001706],[1.6357898790001855,6.599702750000176],[1.6359515470000474,6.599535785000114],[1.6361258519999637,6.5992820510001025],[1.6363377490000062,6.598885813000152],[1.6366869860000293,6.59814893600003],[1.6369118590000653,6.597541924000097],[1.6370618880001757,6.597095913000032],[1.6371620090001784,6.596761372000174],[1.6372250619999704,6.596377128000142],[1.6372512180001877,6.595881176000148],[1.6372903180000549,6.595186852999973],[1.6373290780000502,6.594616533000078],[1.6373928090001186,6.59398427800005],[1.6374682620000272,6.593600067000125],[1.6376312639999924,6.5929432830001815],[1.6377940279999734,6.592373302000169],[1.638031365000188,6.591741521000017],[1.6383056650001322,6.591196645000082],[1.6385797950000551,6.590713769999979],[1.6388038160000633,6.590416767000022],[1.639201780999997,6.589996234000125],[1.6394629010001154,6.58973653400011],[1.6439826970001832,6.5857037110001215],[1.6444786840000916,6.585261163000098],[1.650754182000128,6.5803551039999775],[1.6509923820000836,6.5801605100000415],[1.6511021600001072,6.580070829000022],[1.6514503050000826,6.579724550000037],[1.6517492159999847,6.579241732000071],[1.6520357590001709,6.578746479000017],[1.6522293510000168,6.578232374000038],[1.6522920540001564,6.577972129000102],[1.6523673070000768,6.577656116000128],[1.6524427450000871,6.577271899999971],[1.6524623480000287,6.57689993300005],[1.6524569490000545,6.576602303000072],[1.652426801000047,6.576286006000146],[1.6523905690000333,6.575926289000108],[1.6523482700000045,6.575516955000182],[1.6523489890001883,6.575250343000164],[1.6523869570000898,6.574965230000089],[1.652437243000179,6.574711153000123],[1.6525370620000217,6.574482009000178],[1.6526367140000957,6.574314869000034],[1.6528854360000764,6.574048925000056],[1.652991120000081,6.573943804000123],[1.653109122000103,6.573869718000026],[1.6532332740000584,6.573814249000179],[1.6539217490000624,6.573716897000111],[1.6541387519999944,6.5737174800000275],[1.6544115050000983,6.573736815000132],[1.654653208000127,6.573774667000066],[1.6548515110001176,6.573812402000101],[1.6550745139999776,6.573887406000097],[1.6553964680001627,6.574055679000082],[1.6555944540000382,6.574211219000119],[1.6557056900001612,6.574347925999973],[1.6578870190000998,6.577075729000171],[1.6599137830000927,6.579648104000114],[1.6600683219999723,6.579822127000057],[1.660550623000006,6.580313246000117],[1.660779431000151,6.580537072000141],[1.6609465039999805,6.580661526000142],[1.6611198430000513,6.580761196000026],[1.6613675850001073,6.580861065000022],[1.6616402270001345,6.580923798000185],[1.6619439200001125,6.580968014000064],[1.6621422920001692,6.580980946000068],[1.6624027010001328,6.5809816430000865],[1.6626880420000134,6.58093280300011],[1.6629983170000173,6.58083442800006],[1.663240356000074,6.580748271000118],[1.6634142260001,6.5806495300000165],[1.6645817830001306,6.579933410000081],[1.6649296560000835,6.579686326000115],[1.6651905930000908,6.579488610000055],[1.6654453960001092,6.57926607800016],[1.6657437980001077,6.578969258000086],[1.6659862670001644,6.578721891000157],[1.666203901000074,6.578486858000133],[1.6666582000000858,6.57785563300007],[1.6667889480000895,6.577651370000126],[1.6669135140000435,6.577440890000105],[1.6670818430000622,6.577094119000094],[1.6672190890000138,6.576778267000066],[1.6673563690000037,6.5764500130001124],[1.6674314140001343,6.576208400000098],[1.667469143000119,6.576010088000032],[1.6674820560000398,6.575817912000105],[1.6674890320001055,6.575526513000057],[1.6674401240001089,6.57526596800011],[1.6673847860001842,6.5750922100000935],[1.6672674960000222,6.574899687000084],[1.6671377550000557,6.574725732000161],[1.6644600380001293,6.572120644000108],[1.6643115989999728,6.5719838390000405],[1.6640887110000335,6.5718654380000885],[1.6638160890000222,6.571796506999988],[1.663586753000061,6.571771093000052],[1.6633635330000516,6.571776697000132],[1.6631836150000936,6.571819619000166],[1.662531994000119,6.57204729100016],[1.6623644270001705,6.572108847000095],[1.662221575999979,6.572201470000039],[1.6621159430000603,6.572287992000099],[1.661948010000117,6.572485954000115],[1.661780161000138,6.5726529150001625],[1.6611772929999802,6.573196933000077],[1.6610095080000633,6.5733390910000935],[1.6608480240000176,6.573444065000103],[1.6600407180000047,6.573925530000054],[1.6598047990001419,6.574042705000068],[1.6595441460001439,6.574135012000113],[1.6593269760001021,6.574196433000168],[1.6590353880001771,6.57426385600013],[1.6587748850001844,6.574300360000166],[1.658533081000087,6.574299710999981],[1.658334762000095,6.574268178000125],[1.6581241240000963,6.574205609000046],[1.6579259210001283,6.574130674000116],[1.6577030340000647,6.5740122700000825],[1.6575297630001842,6.573887799000033],[1.6574184950000586,6.573763493000058],[1.657344460000047,6.573626887000103],[1.6573200919999636,6.57346561300011],[1.657265955000014,6.572845434000044],[1.6572728200001734,6.572597440000095],[1.6573291700000254,6.572392980000075],[1.6573791529999653,6.572250505999989],[1.6575914190001413,6.57170544600001],[1.6577100180001025,6.571408148000103],[1.6578472330001546,6.571104700000035],[1.6580777330000274,6.570696096000177],[1.6583517809999648,6.5702318050000486],[1.659466569000017,6.568374690000098],[1.6596035170001642,6.5681704440000885],[1.6597403820000523,6.567997202000129],[1.6598771639999654,6.567854959000044],[1.660020046999989,6.567749936000098],[1.6601877450000302,6.567638779000049],[1.6603864120000367,6.567540104000159],[1.6606284780001488,6.567441547000101],[1.6608704940001076,6.567361589000029],[1.6611868930000924,6.567288031000032],[1.6615218599999935,6.567226923000078],[1.6618195930000184,6.567178116000036],[1.6626445600001603,6.567043911000042],[1.6634756600001879,6.566934524000146],[1.66370504300005,6.566941336000184],[1.6639840940001704,6.566923480000128],[1.664312827000117,6.566874753000093],[1.6658139590001042,6.566605938000123],[1.665956658000141,6.566569116000096],[1.666074624000089,6.56650742700009],[1.6661988560001078,6.566420952000101],[1.6677960189999794,6.565011520000041],[1.668019812000125,6.564788902000089],[1.6681753240000035,6.564597105000132],[1.6683247000001415,6.564380489000143],[1.668461743000023,6.564139039000054],[1.668573919000039,6.563922324000146],[1.6687676340001758,6.563352406000092],[1.6688303590001397,6.563079756000093],[1.6688496170001486,6.5628317930000435],[1.6688378430000625,6.5625961480000115],[1.6687953160001712,6.562267416000168],[1.6687096030000816,6.561857964000069],[1.6686237250000886,6.56151051500018],[1.6685195609999823,6.561045211000021],[1.6684401310001817,6.560604775000002],[1.668379201000107,6.56020158900003],[1.6682089460001635,6.5589424630001645],[1.6681603500000506,6.558564111999999],[1.6681249950000279,6.55786957700019],[1.6681193539999981,6.557658750000087],[1.6681446320001214,6.557479006000108],[1.6681823090001444,6.557299296000167],[1.6682447690001823,6.557125852000013],[1.6685255250001205,6.556463158000099],[1.6686128500001587,6.556264977000126],[1.6687622890000284,6.556023560000142],[1.6689054290001195,6.555819328000098],[1.669266174000029,6.555386260000148],[1.6694091500001491,6.555244030000097],[1.6696017240000742,6.555101933000174],[1.669781817000171,6.55499080300001],[1.6699866930000553,6.55488593900003],[1.6702473670001154,6.554781225000113],[1.6705018090000294,6.554688893000105],[1.670762401000104,6.554615179000052],[1.6709733120000578,6.554572335000046],[1.6712028050001209,6.554535740000119],[1.671413651000023,6.554517698000041],[1.671748396000055,6.554537184000083],[1.672802114000035,6.554639179000048],[1.673037643999976,6.554664603000049],[1.6733164420001572,6.554739745000063],[1.6735518090001733,6.554827172000103],[1.6737746780000293,6.5549517690001835],[1.6739232129999664,6.555051367999965],[1.6740717320001295,6.555157166000015],[1.6742016180000405,6.55527531700011],[1.674319040000114,6.5554182360001505],[1.674461130000168,6.5556108230001655],[1.6746155050000766,6.555846846000065],[1.6748006830001145,6.556157353999993],[1.674899375000109,6.556349826000144],[1.6749980490001235,6.556548499000144],[1.6752386180000371,6.557014163000133],[1.6754730530001325,6.557455008999966],[1.6761394210000162,6.558678244000021],[1.6772501470001089,6.560677698999996],[1.6773872239999719,6.5609063850001235],[1.677572438000027,6.561204492000172],[1.6777577350001707,6.56147159700015],[1.6779307450000829,6.561695268000108],[1.6781656580000686,6.561956304000034],[1.6783573680001496,6.56214282000019],[1.6785986770001387,6.562329467999973],[1.678827652000166,6.562491282000053],[1.679056676000073,6.562634494000179],[1.6792610320001131,6.562728039000035],[1.6795149870000614,6.5628217140000515],[1.6797194240000408,6.562884257000121],[1.6799053910000339,6.562897148000047],[1.6801285920001305,6.562897736000082],[1.6804015230000573,6.562848851000069],[1.6813630300001137,6.562659168999971],[1.6816484260001516,6.562585515000137],[1.6818780220000917,6.562511714000152],[1.682182100000034,6.562407107000126],[1.6823993770000243,6.562302272000068],[1.6826601519999826,6.56216034800002],[1.6829395920000252,6.561993672000085],[1.6831384320001348,6.561826783000072],[1.6833188020001444,6.561610243000075],[1.6834681070001238,6.5614184230000205],[1.6835864770001763,6.561201718999996],[1.6837486200001877,6.56084252200003],[1.6838610340000741,6.560532797000121],[1.6839301950001868,6.560167155000045],[1.6839493630001812,6.559950191000041],[1.6839625770000453,6.55964020600004],[1.6839387860001125,6.559255718000031],[1.6839275580000503,6.558809260000032],[1.6839287950000426,6.558338032000108],[1.6839820050000185,6.556961683000054],[1.6840210580001553,6.556254940000088],[1.6841098740000575,6.5554863220000925],[1.68421063400001,6.554891348000069],[1.6843235650000565,6.554383211000015],[1.6846114900001794,6.553342298000132],[1.6848802140000316,6.552530748000152],[1.685030084000175,6.552121914000054],[1.6851673250000658,6.551799853000148],[1.6853169830001775,6.551471623000168],[1.6854415650001897,6.5512487350000015],[1.6855971630000681,6.551019727000096],[1.6857463810001718,6.550858907000077],[1.6859141190001878,6.550729138000122],[1.686150006000105,6.55061814700008],[1.6863981950000948,6.550544391000187],[1.6866649360000565,6.550489285000083],[1.686999826000033,6.550452959000097],[1.6873469550000664,6.5504786679999825],[1.6876940500001183,6.550516778000144],[1.6879790830001866,6.550579527000082],[1.6882516180000948,6.550679446000061],[1.6884868570001004,6.550816469000154],[1.6887096320001547,6.550978262000115],[1.6889817470001844,6.551239390000035],[1.6892289970000434,6.551525255000172],[1.6896738370000435,6.552121656000054],[1.6898963210001625,6.552395055000034],[1.6900942320000922,6.552581584000109],[1.6903665100001035,6.552780709000103],[1.6909112620000428,6.553104551000104],[1.6912579720001304,6.553291467999998],[1.6921746560001338,6.55364108100008],[1.6930356700001425,6.553940945000022],[1.6935188940001353,6.554084812000099],[1.6939526310000588,6.554185149000148],[1.694312066000066,6.554248088000122],[1.6947583490000966,6.554292650999969],[1.6951675450000607,6.554293716000188],[1.695558189000053,6.554276130000119],[1.6958496990001777,6.554233485000054],[1.69620343400004,6.554104195000036],[1.6965076660001728,6.553937574000031],[1.6967499630000589,6.553745989000049],[1.6969800690000625,6.553473767000071],[1.6971170790000656,6.553238507000174],[1.6971799470001088,6.552903846000106],[1.6971929590001196,6.552668264000147],[1.697169012000188,6.552339578000158],[1.697126400000002,6.552035646000036],[1.697034206000012,6.551725385000054],[1.6969109650000291,6.5514336450000314],[1.696731907000185,6.551147960000151],[1.696521738000115,6.550905598000156],[1.6959033740000677,6.550277748000042],[1.6944068689999767,6.548785756000086],[1.6938750020001407,6.548275938000188],[1.6936647870000456,6.5480521760001125],[1.6934485180000252,6.547772595000026],[1.6931952270001034,6.5474247120000655],[1.6929914860000395,6.547095559000127],[1.692837329000156,6.546772735000047],[1.6927080520000004,6.546418975000108],[1.69264064500004,6.546114979000151],[1.6926164420000873,6.545885500000111],[1.6926232950000326,6.545634400000097],[1.6926704700001096,6.545374105000121],[1.6927205210000693,6.545200624000074],[1.6927735980001444,6.54505505100002],[1.6928420950000032,6.544940522000047],[1.6931377470001507,6.544494860000157],[1.6932217110001488,6.544392772000037],[1.6965456370000425,6.5416918120000105],[1.7009319150000124,6.538131706000172],[1.7011586780000698,6.537949379000111],[1.7012798850000763,6.537828783000066],[1.701394948000086,6.5376864700000965],[1.7014696420000064,6.537571954000043],[1.70153827900009,6.537401619000036],[1.7015820290001784,6.537265322000053],[1.7016102480001223,6.537141386000087],[1.7016106480001554,6.5369863749999695],[1.7016079240000863,6.536840658000074],[1.701595829000098,6.536722818000101],[1.7015684340000234,6.5365274340001065],[1.7015132440000684,6.536291674000154],[1.701420918999986,6.536031016000095],[1.7013100290000693,6.535757910000029],[1.700593521000087,6.521501228000091],[1.7006810340001266,6.521222433000048],[1.7007498990000727,6.520962192000127],[1.700800071000117,6.520739104000143],[1.7022398980001867,6.512911634000147],[1.7022465590001161,6.512731837999979],[1.7022345269999732,6.512589197000182],[1.7021853130000295,6.512440260000005],[1.7020431560000588,6.512272482000185],[1.7019132710000804,6.5121543390000625],[1.7017151440001044,6.512054622999983],[1.7014921710000408,6.511973444000148],[1.701293805000148,6.511966733000008],[1.7009774910000601,6.512021723000146],[1.7008037950000698,6.512064680000037],[1.7006299710001258,6.512157240000079],[1.700462315999971,6.512262216000067],[1.6988350770000693,6.5134175100000675],[1.6986424790001706,6.513578225000117],[1.6985181710001598,6.513701914000137],[1.698375184000156,6.513856556000178],[1.6982694410000363,6.513992694000024],[1.6981449570001814,6.514184587000045],[1.6980203600001005,6.514419882000027],[1.6979268580001872,6.514618055000028],[1.6978146430000152,6.514859584000021],[1.697596383000075,6.515355056000146],[1.6974342689999844,6.515714264000053],[1.6972846660001437,6.516030100000023],[1.697104113000023,6.5163272550000215],[1.6969423020000818,6.516568655000128],[1.6967557260001058,6.516797590000124],[1.6965691970000307,6.517007923000051],[1.696376533000091,6.517193438000049],[1.6960969149999983,6.517440734000047],[1.694226939000032,6.518955005000009],[1.6940530650000483,6.519066163000161],[1.6938048600001707,6.519152327000029],[1.6935877330000721,6.519207569000116],[1.6933334890001674,6.519231711000032],[1.6930917080001677,6.519231085000115],[1.6928190260001656,6.519193177000034],[1.6926083560001075,6.519149228000003],[1.6924039660000858,6.5190742920000275],[1.6922182050000742,6.518987004999985],[1.6920696580001504,6.518893614000035],[1.6918716920001202,6.518731889000037],[1.6917232580000814,6.51859509500008],[1.6916119880000906,6.518470797000134],[1.691562650000094,6.518371462000175],[1.6915320230001498,6.518228773000146],[1.6915323760001115,6.518092364000154],[1.6915575440000339,6.517949820000069],[1.6918466090000948,6.516450065000072],[1.691909277000093,6.516189810000128],[1.6919905770000696,6.515917201000036],[1.692096804000073,6.51559505400013],[1.692234075000158,6.515254385999981],[1.69242107000008,6.514864243000147],[1.6926203670001314,6.514511335000066],[1.6927946420000808,6.51424516700007],[1.6929564210000763,6.514016169000115],[1.693366883000067,6.5135149970000725],[1.6936591710000926,6.513162328000078],[1.6938334770001688,6.512883759000033],[1.6942257230001019,6.512233729000059],[1.6943378260000372,6.512035604000118],[1.6944499760001008,6.511818879000032],[1.6945435920000023,6.5115773040000136],[1.6950372850001258,6.510053271000174],[1.6951248450000662,6.509755876000156],[1.695175352000092,6.509402581000131],[1.6952070220000337,6.509142243999975],[1.6952076940000893,6.508881828000142],[1.6951961280000205,6.508559375000175],[1.6951597470001047,6.508243058000005],[1.6951230630000964,6.508044550000136],[1.6950431600001252,6.50777772400005],[1.6949261240000624,6.5074860010001885],[1.6947287380000375,6.5071010640000395],[1.6945005450000963,6.506641642000034],[1.6941367060001085,6.505896649000135],[1.6940257740001812,6.505642145000024],[1.6937304000000495,6.504791922000095],[1.6936382580000782,6.5044630600000914],[1.6935769060001462,6.504214883999964],[1.6935589010001877,6.503985422000028],[1.6935719880000875,6.503718837000065],[1.693609889000129,6.503446116000134],[1.6936974310000892,6.503154921000146],[1.6937847820001366,6.502938132000054],[1.6938782040000433,6.502770960000078],[1.6939838800000757,6.5026596260000815],[1.6941143050001415,6.5025669560000665],[1.6942694640000582,6.502499151000052],[1.694449420000069,6.5024314110001455],[1.6958945440000548,6.502168520000112],[1.6960805710000955,6.502150398000026],[1.696229371000129,6.502144582000085],[1.6963533400000301,6.502151102000084],[1.6965949690000457,6.502207528000156],[1.6967869879999853,6.502270028000169],[1.6969974770000817,6.502382179000108],[1.697207886000001,6.502525329999969],[1.6982907710001882,6.5033031750001555],[1.700537797000095,6.504604849000032],[1.7007855000001086,6.50471089399997],[1.7011075949999963,6.504817129000173],[1.7014297540001166,6.504898562000051],[1.701683879000086,6.504917817000148],[1.7018513250000638,6.504893445000107],[1.7020498950001866,6.50481954899999],[1.702180368000029,6.5047082760001445],[1.7022862820001023,6.504503932000091],[1.7023800670001492,6.504194150000046],[1.7024677810001094,6.503834749000077],[1.702518282000085,6.503481452000074],[1.7025510120001286,6.502805685000169],[1.7025518230001353,6.502489464000064],[1.702539902000126,6.502303420000089],[1.702442096000027,6.501763729000118],[1.7023563860000195,6.501341878000119],[1.7022891960001516,6.500951077000025],[1.7022713930000464,6.500641008000059],[1.702272268000172,6.50029998499997],[1.7023000520001688,6.500009717000125],[1.7023258360001705,6.499759022999967],[1.7023411280000005,6.499657760000048],[1.7024417110000627,6.499067930000081],[1.702496755000027,6.4988336510001545],[1.7025570310000262,6.49861819500012],[1.7028111480000234,6.4980511139999635],[1.702841117000105,6.4980124110000475],[1.7029944830001682,6.497818891000065],[1.7029998190000697,6.497812320000094],[1.7031074850000891,6.497685633000003],[1.7032771410001146,6.497554612000101],[1.7033594420000782,6.497495009999966],[1.7035728590000758,6.497397684000077],[1.7036071490000495,6.497386265000102],[1.7038696410000966,6.497304928000062],[1.7041817590001642,6.497280539000087],[1.7044121670000436,6.49727382400016],[1.704526766000015,6.497287278000044],[1.7047308030001318,6.497317326000029],[1.7048527310000736,6.4973453290000975],[1.7050687500001231,6.497406857000044],[1.7054245700000479,6.497530468000093],[1.7056404590000511,6.497635345000106],[1.7057702950001499,6.4977017440000395],[1.7065577960000269,6.498201024000139],[1.7067580240000666,6.498347129000024],[1.7084592480001675,6.499720626000112],[1.708672063999984,6.499915628000053],[1.7089356830000497,6.500178156000118],[1.709108656000069,6.500380569000072],[1.7095906370000762,6.500995646000092],[1.709751188000098,6.501244073999999],[1.7126245600001653,6.502475991000097],[1.7159219860001826,6.4998622950001845],[1.7160728590001213,6.499715171999981],[1.7162547940001787,6.499489707000066],[1.7164915210001368,6.499163833000125],[1.7165506700001174,6.499070574000143],[1.7166931840000075,6.498830596000175],[1.7167660070001034,6.49870767800013],[1.7168820480000022,6.49848109200002],[1.7168941730000142,6.498453366000035],[1.7170161089999851,6.498144026000034],[1.7170340850000798,6.498083019000035],[1.71710854700018,6.497783054000024],[1.7171609820001663,6.497510378000186],[1.717174410000041,6.497424326000157],[1.7171973890000913,6.497054118000108],[1.7171991070000558,6.4966897690000565],[1.7171509790001664,6.496174765000092],[1.7171094620001668,6.49587515900015],[1.7170492150000882,6.495440545000065],[1.7169669730000123,6.4950408260001495],[1.7168813900001396,6.494641430000115],[1.7168773540001325,6.494615856000166],[1.7168333920000691,6.4943212069999845],[1.7167621510001254,6.493831714000123],[1.716742060000172,6.493685085000152],[1.7167409150001731,6.493457594000063],[1.716743774000122,6.4933359860000905],[1.7167773790001206,6.493139283000119],[1.7168035710001845,6.493005590000109],[1.7168558319999647,6.492774933000135],[1.7168729190000818,6.492711737000093],[1.7169613539999773,6.492482966000068],[1.7170942830000513,6.49229721100005],[1.71718935500013,6.492199119000134],[1.7172990060000757,6.492092392000075],[1.7174138930000709,6.491990590000171],[1.717516124000099,6.4919080430000236],[1.7177011260001223,6.491796409000187],[1.7178020050001805,6.491736558000127],[1.7179922560000591,6.491635672000143],[1.7180347040001607,6.491621120000161],[1.718334992000166,6.491520697000112],[1.7185867260001828,6.491436840000176],[1.7187320900001168,6.49139606],[1.7189246380000895,6.491349008000043],[1.7191451000000484,6.491304410000055],[1.719313014000079,6.491271217000076],[1.7195275890001653,6.491246794000119],[1.7196677440001054,6.491232447000073],[1.7199134319999985,6.491208129000029],[1.7200335740001833,6.491200597999978],[1.7203945310001245,6.4911826100001235],[1.720457831000033,6.491183081000088],[1.7206957060000718,6.491200501000094],[1.7207510890001458,6.491206980000186],[1.7210434630001714,6.491251712000121],[1.721389653000017,6.49132299900009],[1.721494029000155,6.491346343999965],[1.7216418670001303,6.491379914999982],[1.721804522000184,6.492207946000065],[1.7214227270001174,6.494837267999969],[1.720966474000079,6.497816936000163],[1.720908654000084,6.498114289000171],[1.7208711530001324,6.498457780000081],[1.7208663110000657,6.498836200000085],[1.720896588000187,6.499125560000039],[1.720993738000061,6.49968321800003],[1.7211836620001009,6.500006479000035],[1.721387064000055,6.5003526780001835],[1.7217159520001246,6.500623977000146],[1.7229630869999824,6.501059108000163],[1.7233313470001121,6.501130603000149],[1.728152158000114,6.501886986000102],[1.7287463640000738,6.501938614000096],[1.7292782550001107,6.501918089000128],[1.7296410070001116,6.501841846000104],[1.7300464350000766,6.501659449000044],[1.730348299000184,6.5014381500000695],[1.7305770820000248,6.50115358700009],[1.7310624760000337,6.500094931999968],[1.731053258000145,6.499848990000032],[1.7301588250001032,6.495439142000066],[1.7300338010001042,6.494933408000122],[1.7298953230001644,6.494457827000133],[1.7297472680000965,6.494088393000084],[1.7295636619999755,6.493756688000133],[1.7293056370000386,6.4933562330001],[1.7290769310001224,6.493111108000164],[1.7288556290001225,6.492932711000037],[1.7282627350001007,6.4927291730001],[1.7278363080000645,6.492723293000154],[1.7271374450000962,6.492766153000105],[1.7267854260001627,6.492793392000181],[1.724067658000024,6.491500913000095],[1.7248482980000972,6.488363083000138],[1.7249135930001103,6.488176342000088],[1.7250044730001832,6.487923393000187],[1.7250896210001088,6.487866960000019],[1.7281403170001113,6.486034559000018],[1.7281505540001376,6.486028745000112],[1.7283279760000596,6.485933895000073],[1.7284184609999897,6.485885665000183],[1.728526565999971,6.485838302000047],[1.7285587410000858,6.485825220000038],[1.7288984240000218,6.485766072000104],[1.7291213479999783,6.48574847000009],[1.7291388440000333,6.485748538999985],[1.7292774630000167,6.485766617000081],[1.7294698650001692,6.48583117700008],[1.7297397440000282,6.485985097000025],[1.729798801000186,6.486041711000098],[1.729936809000037,6.486178598000151],[1.7301202100000523,6.486370493000152],[1.7301640590000034,6.486407744000076],[1.7303251080001019,6.486536425000168],[1.730583121000052,6.48673884800013],[1.730808221000018,6.486904123000045],[1.730877774000021,6.486949653000067],[1.7309006170000316,6.486964103000048],[1.7311108160001254,6.487047686000096],[1.7312059959999715,6.48707608300009],[1.7313739710001528,6.487114685000051],[1.732149586000105,6.487203628000032],[1.732371951999994,6.487228927000103],[1.7330381490001514,6.487263417000122],[1.7352872320001893,6.487368270000161],[1.7353015460001302,6.487367925000058],[1.7357014919999756,6.487351699000158],[1.73601978500011,6.487337553000032],[1.7361661870001512,6.487328932000139],[1.7365362960001107,6.487293223000108],[1.7367061680001825,6.487271583000052],[1.7368566930001066,6.487235054000166],[1.7369536970001036,6.487203592000071],[1.7372208369999953,6.487073503000033],[1.737244490000137,6.4870607490000225],[1.7374074480001127,6.486965383000154],[1.7375333500000352,6.4868559470001514],[1.737570764000111,6.486816561000069],[1.7377284739999936,6.486599469000055],[1.7378770420000365,6.486327227999993],[1.7378796700000976,6.486321380000049],[1.7379907010001148,6.486055350000072],[1.7380530130001262,6.485762838000028],[1.7380602190000332,6.485696209000139],[1.7380995830000643,6.485039388000018],[1.73809549900011,6.48491172100006],[1.7380775260000974,6.484623990000102],[1.7380645869999967,6.484528603000115],[1.7380007050000472,6.4841409120001],[1.7379288350001616,6.48374044000002],[1.7379151879999881,6.483672796000121],[1.7378299420000758,6.4833142110000495],[1.737668776000021,6.482958236000172],[1.7375567310000974,6.482734847000074],[1.7375031830001149,6.482634240000152],[1.7373703050001268,6.4824373730001525],[1.7372951910001575,6.482343620000108],[1.7371474830001716,6.482211194000172],[1.734611141000073,6.480092549999995],[1.7343333870000492,6.479871994000064],[1.7343077700001572,6.479852517000154],[1.7339730260001716,6.479603036000185],[1.7336537700000463,6.479374081000174],[1.7336111490001258,6.479345802000012],[1.7333946070001502,6.479206786000077],[1.7329406190000896,6.478930247000051],[1.7319547790000343,6.478306977000159],[1.7316169120000495,6.478069313000049],[1.731320968000091,6.477856249000183],[1.7307788290000872,6.477457020999964],[1.7307022880000886,6.477354683000044],[1.730576064000104,6.477098387000183],[1.7305114380000646,6.47685471799997],[1.7305047230001378,6.4767993220000335],[1.7304949720001446,6.476675597000167],[1.7305166120001445,6.476506334000135],[1.7305250490000503,6.476476540000135],[1.7305759110001873,6.476309855000125],[1.730610312000067,6.476207711000029],[1.7308578220001323,6.475999570000113],[1.733701642000085,6.473998921000032],[1.7339897400000837,6.473799875000111],[1.734143930000073,6.473694447000071],[1.7342559090001828,6.473640052000121],[1.7343773810001153,6.473588415000165],[1.7345767830000796,6.473524305000012],[1.7345976850000397,6.4735182100001225],[1.7348503189999747,6.47347351500008],[1.734885279000025,6.473470284000086],[1.7349471320001157,6.473466690000123],[1.7351555870000084,6.473489883000184],[1.7351912600000219,6.473495584000034],[1.735379569000088,6.473534523000183],[1.7353980960000968,6.4735411209999825],[1.7355165900001452,6.473591241000065],[1.7356418210001152,6.473683734000133],[1.7357186540001521,6.4737859790001835],[1.7358119460000694,6.473965619000126],[1.7358227540000826,6.4739911899999925],[1.7358823310001412,6.474212777000162],[1.7359151669999733,6.474504718000048],[1.735923441000125,6.474825645000067],[1.7359097070000757,6.475095037000131],[1.7358963930000186,6.47528891200011],[1.7358812690000036,6.475506065000047],[1.735862197000074,6.475671455000054],[1.7381086930001288,6.4774699569999825],[1.7406349640001508,6.4756552580000175],[1.7451389270000277,6.472584141000027],[1.7454103110001142,6.472452758000088],[1.745789714000182,6.47231174500007],[1.745869505000087,6.472288846000026],[1.7459983710000984,6.472261930000116],[1.7461769340000615,6.472238117000188],[1.7462121200001093,6.472234706000165],[1.7463536540000746,6.472229005000145],[1.7466209440000284,6.472250755000175],[1.746945053000104,6.472332095000127],[1.7470440179999969,6.47235767900014],[1.7471731510001405,6.472401242000103],[1.7474099070001898,6.4725189640000735],[1.7475042460000623,6.4725707000000625],[1.7475516590001803,6.472602138000184],[1.7476944170001047,6.472696814000017],[1.7480836300000533,6.472959028000048],[1.74871148800014,6.473407391000137],[1.748944300000062,6.473608284000136],[1.7492053490000785,6.473769069000014],[1.749627718000113,6.474012116000154],[1.750333995000176,6.4743873720001375],[1.7504666760000873,6.474453273000165],[1.7505591180000692,6.474493590000009],[1.750629667000112,6.474523577000127],[1.750780332999966,6.474578572000098],[1.7508421930001532,6.474599837000028],[1.75093834900008,6.474632639000049],[1.7509977940001136,6.47464820600004],[1.7510461690001193,6.474658033000026],[1.7510663580001165,6.474660098000129],[1.7511645020000515,6.474659160000044],[1.7512849209999786,6.474637149999978],[1.7513639230001559,6.474620852000044],[1.7514500260000432,6.47457856800014],[1.7515532620000727,6.474520011000152],[1.7517057900000736,6.47441905800008],[1.7517659820001086,6.474379046000138],[1.7517998480000756,6.474351194000121],[1.7518442610000875,6.474312753000049],[1.7518864870000357,6.4742753910001625],[1.751939926000091,6.474220975000094],[1.752045062000093,6.474103310000032],[1.7521075160001374,6.474032876000081],[1.7521279160000063,6.474009768000144],[1.7522154080001542,6.473907407000127],[1.7522580180001341,6.473853287000054],[1.7522929990000762,6.473805989000084],[1.7523659620001695,6.473684361000096],[1.7523983870000848,6.473622090000049],[1.7524558640001828,6.473510375000103],[1.752638647000083,6.473077558000114],[1.7526853930000357,6.472963508000078],[1.752720428000032,6.472830102000046],[1.7527314640000213,6.472784291000096],[1.7527439980000281,6.472729441000183],[1.752805814000169,6.472427649000053],[1.7528394020001201,6.472247898000035],[1.7528574379999782,6.4720970490000695],[1.752861861000099,6.472059671000181],[1.7528812150001158,6.47187432700008],[1.7528974260001178,6.471356237000066],[1.7528992850001828,6.471291087000168],[1.7529021760001342,6.471164131000137],[1.7528968190001137,6.470972641000117],[1.7528951950001783,6.470931543000063],[1.7528903270001592,6.470809794000047],[1.7528902330001301,6.470807678000028],[1.7528793400000495,6.4706014420000315],[1.7528713140000605,6.4704640480000535],[1.7528607589999865,6.470326279999995],[1.7528503460001161,6.470215149000126],[1.752814475999969,6.469839719000163],[1.7527831460000698,6.469639997000172],[1.7527597860000697,6.469497659000126],[1.7527468729999782,6.469429699000159],[1.7527342430000203,6.469370162000132],[1.7527179759999854,6.469304123000086],[1.7527048180001543,6.46925845100003],[1.7526818130000947,6.469183032999979],[1.7526710110001318,6.469148221000125],[1.7526184000001308,6.46901951100017],[1.7525565280001274,6.46891576400003],[1.7525312270000768,6.468883591000122],[1.7524629520000303,6.468811745000039],[1.7523784440001577,6.468749862000152],[1.752316285000063,6.468718436000188],[1.7522559000001365,6.46870978700008],[1.7521638199999643,6.468699558000083],[1.752044051000098,6.468704194000111],[1.7519524740000634,6.468719159000159],[1.7518968769999788,6.468729041000074],[1.7518568430000414,6.468738083000119],[1.7515905610000573,6.46880224500012],[1.7514025850001644,6.468849530000057],[1.7511625200000935,6.468900078000104],[1.7508873270001573,6.468946450000033],[1.7507420270000011,6.468960571000082],[1.7506635340001822,6.46896531100009],[1.7505780790001495,6.468965782000055],[1.7504857790001438,6.468964863000053],[1.750330278000149,6.46895776000008],[1.7502309989999958,6.468939965000118],[1.7501285900001449,6.468901334000066],[1.750001239000028,6.468842929000118],[1.7499540410000236,6.468821282000022],[1.749647585000048,6.468674346000114],[1.749471230000097,6.468585079000093],[1.7493333069999721,6.468475050000109],[1.7492470960000333,6.468395739000073],[1.749166144000128,6.468318229000033],[1.7490351349999855,6.468187946000171],[1.7489667410000607,6.468119835000152],[1.7488033690000293,6.467943683000158],[1.7487599780000664,6.467889337000088],[1.7486507649999794,6.467738870000176],[1.748578542000132,6.467638213999976],[1.7459211120001896,6.463237319000086],[1.7458965120001153,6.4631831130000705],[1.7458656120000455,6.463110196000173],[1.7458157440000264,6.462934128000143],[1.7458120590001158,6.462878032000106],[1.7458089610000798,6.462793791000024],[1.745823684000129,6.462646488000132],[1.7458515970000121,6.462553858000149],[1.7459836060000384,6.46240600100009],[1.7461086350001551,6.462297521000153],[1.7462736600000426,6.462189343000091],[1.7463005110000722,6.462173002000043],[1.7465210089999914,6.46208082600009],[1.7466169950001245,6.4620420210001726],[1.7467198880000296,6.462000511999975],[1.7469054960001245,6.461934352000014],[1.7469942540001853,6.461908327000117],[1.7472949490000929,6.461822720000043],[1.7473482140001693,6.461808906000158],[1.7476675160000923,6.461733503000005],[1.7477728630000229,6.461710368000126],[1.7486481860000822,6.461519876000011],[1.748898243000042,6.4614721420001615],[1.7538592310000354,6.460614727000177],[1.7558962200000678,6.457665974000179],[1.755778416000112,6.457591739000179],[1.755328053000028,6.457296467000049],[1.7551118330001145,6.457142481000119],[1.7550136150001094,6.4570721120000485],[1.7542953220001323,6.456526545000145],[1.754189295000117,6.456445849000033],[1.7541074680000293,6.45637282600012],[1.7538497630001189,6.456133069000089],[1.7537538629999858,6.456042068000102],[1.75354110700016,6.455800371999999],[1.7534832020000977,6.455732761000036],[1.7534193260001416,6.455647873000089],[1.7532144080000194,6.455236077000109],[1.7531809880001106,6.455140537000034],[1.753151204000119,6.455033829000115],[1.753109628000061,6.454797320000125],[1.75309429400005,6.454689174000066],[1.753083477000132,6.454610270000103],[1.753061399000103,6.454447923000089],[1.7530567400001473,6.454343586999983],[1.7530549550000956,6.45400409500013],[1.7530590670000379,6.453950448000057],[1.7530656640001894,6.453884299000038],[1.7530769670001405,6.453771304000156],[1.7530964800000675,6.453602842000066],[1.7536357880001106,6.450287241000126],[1.754036499000108,6.447823722000123],[1.7541021430000114,6.447440197999981],[1.75412891000002,6.447291681000081],[1.7541605579999668,6.447158829000102],[1.7542695400001094,6.44672655100004],[1.754281143000128,6.446682697000142],[1.754309601000159,6.446580719000053],[1.7543626510001218,6.446391764000111],[1.7545472880000261,6.445746831000122],[1.75469127700012,6.445315338000057],[1.7549186490001034,6.444745490000173],[1.7549520300000836,6.444668049000029],[1.7552065680000055,6.444158520000087],[1.75534123500006,6.443925444000172],[1.7553754040001195,6.443873709000059],[1.7553977150001288,6.443840797000178],[1.7555197240001803,6.443669312999987],[1.755866370000092,6.443186269000023],[1.7558946190000029,6.443149994000123],[1.7559144990000846,6.443124519000037],[1.7559911680000937,6.443030566000175],[1.7559999060001132,6.443020213000125],[1.7563306370000191,6.442647422000107],[1.7563553880000313,6.442621337000162],[1.756457328000124,6.442533727000011],[1.7568096530000616,6.442244045000052],[1.7570510810001565,6.442049297999972],[1.7571035260001509,6.442011385000171],[1.7572308550001026,6.4419282560000966],[1.7573325520000935,6.441863198000078],[1.757419731000084,6.4418100140001116],[1.757565381000063,6.4417288140001006],[1.7578295170000615,6.441600856000036],[1.7581745230000365,6.441435498000033],[1.758327371000064,6.441375826000069],[1.7586219080001797,6.441279530999964],[1.7587166920000072,6.4412491140000725],[1.7589152870000362,6.4411925399999745],[1.759800863999999,6.440959461000148],[1.7599364020000507,6.440929044000029],[1.7601849910000738,6.440883792000022],[1.7603742400000328,6.440855893000105],[1.7604029130001777,6.440852122000081],[1.7606139820001658,6.440819309000119],[1.7608367060000774,6.440782362000164],[1.7608512180000844,6.440779889000055],[1.7614168400001518,6.440678610000077],[1.7615698850000854,6.440648883000051],[1.7617445700000758,6.440609392000056],[1.761912076000101,6.440565977000119],[1.7621431320000056,6.440505066000128],[1.7622565310000482,6.440475073000016],[1.7628475620000472,6.440236138999978],[1.7629720570001268,6.44017216900005],[1.763239327000008,6.440016521000132],[1.763424734000182,6.4399083040001415],[1.7635571290000485,6.439825618000043],[1.7642990300000747,6.439342472000021],[1.7643933130001415,6.439266782000175],[1.7645442400000775,6.4391163440001264],[1.7645487000000912,6.439111802000127],[1.7646638400000256,6.4389942910000855],[1.7650775890001,6.438540665000062],[1.7650937250001562,6.438522284000044],[1.7652127920001703,6.438378985000156],[1.7654196780000575,6.438108056000033],[1.7655091290000655,6.437967844000184],[1.765676975000133,6.437625874000105],[1.7656899250001175,6.437590783000132],[1.7656955430000494,6.437575088000187],[1.7658117940001716,6.437248605999969],[1.7658322000000908,6.4371895900000595],[1.7658506670001088,6.437128108000138],[1.7659450690001108,6.43673732700006],[1.765960403000122,6.436661782000101],[1.7659651700000722,6.4366326360001835],[1.7660467890001428,6.436108587999968],[1.7660614060000057,6.435937397000089],[1.766091501000119,6.435584560000166],[1.7661018610000951,6.435462716000188],[1.766128930000093,6.434987239000179],[1.7661524560000998,6.43452285900014],[1.7661627470001804,6.434316394000007],[1.7661822089999646,6.433903971000063],[1.7699611420001133,6.4307290060000355],[1.7776382560001025,6.42639996500003],[1.7781009230000677,6.426303165000036],[1.778426214000092,6.426117136000187],[1.7784513240000592,6.426101538000125],[1.778553711000086,6.425993652999978],[1.7785913720001076,6.425938115000008],[1.7786125370001287,6.4258793310001465],[1.7786409610001783,6.425799062000124],[1.7786560480001299,6.4257513169999925],[1.7786778540001364,6.425629781999987],[1.7786896530001286,6.425448826000149],[1.7786835750001728,6.425361275000057],[1.7786733560001267,6.425290549000067],[1.7786507659999984,6.425193415000024],[1.7786071680001214,6.425072692000072],[1.778554913000164,6.424957213000027],[1.7776773880001429,6.423107902000083],[1.7776674190001245,6.423087680000151],[1.777619606000144,6.422992216000068],[1.7775405870000895,6.422852484999964],[1.7774154370000588,6.422688420000156],[1.7772867990000805,6.422549410000045],[1.777188954000053,6.422451659000046],[1.7770874150000964,6.422355446000154],[1.7769219160001626,6.422224083000003],[1.7768409980000115,6.422171139000113],[1.7768152930001406,6.42215433500013],[1.7767401690001066,6.422106941000095],[1.7766757410001333,6.422074627000086],[1.776622095000107,6.42205113],[1.7765340990001164,6.422020869000107],[1.7765276330001143,6.4220187560001705],[1.7764306020001754,6.4219887020000215],[1.7763573480001469,6.4219743500000845],[1.7763011100001336,6.42197041899999],[1.776211816,6.4219658149999646],[1.7758214700000394,6.42205374700012],[1.7757295330001739,6.422087678000025],[1.7755132050000384,6.4221876820001285],[1.7754577670000913,6.422218623000106],[1.7753427530001318,6.422284403000049],[1.7752707560001113,6.422344192000082],[1.775130392000051,6.42248319100014],[1.7750415450000787,6.422587849000081],[1.7746275350000928,6.423136640000109],[1.7743613830000982,6.4235202090001735],[1.7740871809999703,6.423931332000166],[1.7740727010000228,6.4239566560001435],[1.774015514000041,6.424049377000074],[1.7737006020000763,6.424496925000142],[1.7736657060000312,6.4245382900001005],[1.7736006050000697,6.424615358999972],[1.773573744000032,6.4246443939999835],[1.7735396560000822,6.424678384000174],[1.7734531540000376,6.424756337000133],[1.7733627380001735,6.424833852000063],[1.7732492080000384,6.424911184000052],[1.7731683449999878,6.424965105000183],[1.7731483120000462,6.424977621000153],[1.7730763640001328,6.425019837999969],[1.7730234279999877,6.425044766999974],[1.7729867770000851,6.425060895999991],[1.7728617340001165,6.4250868240000045],[1.7728196720000255,6.425094000000058],[1.7726295540001047,6.425125940000044],[1.7725368570001478,6.425139198000068],[1.772522433000006,6.425139637000029],[1.7723271510000131,6.425143766000133],[1.7722352850000789,6.425129797000125],[1.771994139000185,6.4250511130001655],[1.7718770380001843,6.42501037500017],[1.7717693990000498,6.4249598440001705],[1.7716895570000588,6.424906124000188],[1.77137411200016,6.424670992000074],[1.7713465250000695,6.424649135000152],[1.7712366580001344,6.424557248000099],[1.7712285920001705,6.424550372000056],[1.771124059000158,6.424456943000052],[1.771052134000115,6.424377603000039],[1.7709569690001672,6.424260522000054],[1.7707570840000812,6.4240008660000285],[1.7706682599999795,6.423880033999978],[1.7705777860001604,6.423740729000087],[1.770298066000123,6.423252128999991],[1.7702008980000414,6.4230465950000735],[1.7699717900001133,6.422555702000011],[1.769963040000107,6.422534720000044],[1.7699074550000091,6.422396217000085],[1.7698829310000974,6.422327970000026],[1.7697755350001216,6.42199623900018],[1.7697519190001003,6.421916285000123],[1.7697389710000948,6.421867896000151],[1.7696869380001772,6.421648552000079],[1.769665289000045,6.421551480000062],[1.7696376250000867,6.421404634000169],[1.7695606800000405,6.420972784000128],[1.7695297480001386,6.420786977000148],[1.7694505330000538,6.4202711520001685],[1.7694001560000743,6.419900477000169],[1.7693739700000037,6.419686238000111],[1.769369519999998,6.419644940000069],[1.7693396580000353,6.419209364000096],[1.7693296250001822,6.418973761000018],[1.7693206130001613,6.418493130000172],[1.769328046000112,6.418343951000168],[1.769328003000055,6.418248503000086],[1.7693276220001053,6.418171154000163],[1.7693163190001542,6.4180143610000755],[1.76931287900004,6.417966648000117],[1.7692968570001426,6.417791630000181],[1.7692608120000841,6.417483546000085],[1.7692364239999847,6.41734021200017],[1.7692041419999782,6.417194813000094],[1.7691867970000885,6.41712167999998],[1.7691501060001542,6.416981388000124],[1.7691190050001637,6.416879968999979],[1.7690930730001355,6.416799391999973],[1.7690460140000823,6.416670901000089],[1.7689739100001134,6.416481007000186],[1.7689036470001156,6.416339568000126],[1.7688184060000367,6.4161828060001085],[1.768780887000048,6.416119187000106],[1.7687367660000746,6.416051224000057],[1.7685373449999702,6.415794323000057],[1.7684184670001173,6.415646968000033],[1.768328707000137,6.415548260000037],[1.7682918830001313,6.415514680999991],[1.7682014679999725,6.415434185000095],[1.7678462869999976,6.415127061000078],[1.7678057350000245,6.415098705000048],[1.7673487250000335,6.41478311100002],[1.7672555450001823,6.414722049000147],[1.767157318000102,6.4146607190000395],[1.7670064830001593,6.414567706000071],[1.7667805760000306,6.414442311000073],[1.766558921000069,6.414319851000073],[1.7663559720000421,6.4142203480001285],[1.7659050350001735,6.413999769000043],[1.7656269900001575,6.4138845330001],[1.7652803030001678,6.4137588620001225],[1.7648656940000365,6.413617119000037],[1.76474673600012,6.413564243999986],[1.7644198500000812,6.413399126000002],[1.7643224990001158,6.413340173000051],[1.7641771529999914,6.413228065000169],[1.7640781290001541,6.413131800000087],[1.7639781700001436,6.413004371000113],[1.7639626040000849,6.41298334600009],[1.763891077000153,6.41287988300013],[1.7638114610001026,6.4127452530000255],[1.7637448100000483,6.412631425000029],[1.7636904310000432,6.412487050000038],[1.7636638590001894,6.412406206000128],[1.7636285470001098,6.41229034700001],[1.7636127600001146,6.412231087000123],[1.7635939220001546,6.4121280510000815],[1.7635828160001097,6.412060136000093],[1.7635753390001128,6.412009684000168],[1.7635757560000798,6.411891093000008],[1.7635778160000655,6.411851573000149],[1.7635819480000237,6.411783718000095],[1.7635917610000433,6.4116775340000345],[1.7636070460001747,6.4115779820001535],[1.7636209610001856,6.411498601000062],[1.763729263000073,6.41094791800009],[1.7637364890001095,6.410911506000048],[1.764669116000107,6.4066236140000115],[1.7646987769999782,6.406499690000089],[1.7647132600000646,6.406445464000058],[1.7647306540000613,6.406402384000046],[1.7647694440000805,6.406348349000098],[1.7648163890001456,6.406293859000186],[1.765018381000175,6.4061259190001465],[1.7650566520000552,6.406100197000171],[1.7651641670001368,6.406040195000173],[1.7652112770001054,6.406014271000174],[1.7652230600000962,6.4060087440001325],[1.7652509140000916,6.405995681000036],[1.7653343869999958,6.405971764000071],[1.7654748019999715,6.405936879000137],[1.7656590600001323,6.405897065000033],[1.765707176000035,6.405886867999982],[1.7658617190000996,6.405858316000149],[1.7659778090001055,6.405840324000053],[1.7659979780000867,6.405837219000091],[1.7661472310001045,6.405816013000106],[1.7662938170001894,6.4058002240001315],[1.7663388940000573,6.4057957310001825],[1.768259027000056,6.40560609500011],[1.7687340730000756,6.4055664960001195],[1.7689207960000317,6.405566795000084],[1.7694044720000761,6.405601172000161],[1.769553543000029,6.405626935999976],[1.7698632959999827,6.405698360000031],[1.7700458440000375,6.405741314000011],[1.770705021000083,6.4058982370001445],[1.7710723260000236,6.4060221910000905],[1.7713043800000605,6.406107365000025],[1.7716749250000703,6.406245837000142],[1.77314255400006,6.406802146000075],[1.773641280000163,6.406997458000035],[1.7739109510001754,6.40708760300015],[1.7740432210001131,6.4071239400000195],[1.7742084990001104,6.4071459150001715],[1.7742803850001678,6.407151782000028],[1.7743542170000524,6.407156893000035],[1.7744592830000556,6.407163439000044],[1.7746269240001311,6.407140823000077],[1.7747641860001409,6.407117467000148],[1.7749353529999894,6.407074217000115],[1.7750570920000541,6.407033574000025],[1.7750817270000425,6.4070242610000605],[1.775122379000038,6.407008513000164],[1.7752673550000964,6.4069360520001055],[1.775476837000042,6.40680986000018],[1.7754959720001011,6.406794581000042],[1.7755868670000723,6.406721060000109],[1.7756204650000313,6.40668247900004],[1.775646861000098,6.406652168000107],[1.775685574000022,6.406585116000031],[1.7757148649999976,6.406526104000136],[1.775742237000145,6.40646737600008],[1.7757663710000315,6.406399463000071],[1.7758026370000266,6.40628447000006],[1.7758079400001634,6.406250010000008],[1.7758190380000087,6.406176426000172],[1.7758226620001665,6.406112043000064],[1.7758251519999817,6.406054929000163],[1.775816857000109,6.40592200500015],[1.7758071840000866,6.405834625000011],[1.7757938530001525,6.405723325000054],[1.7757605470000613,6.405563807000021],[1.7757222230001162,6.405447485000138],[1.7757030719999989,6.4053922720000855],[1.7756798510001204,6.405333669000129],[1.7755713200001537,6.405083928000181],[1.7755051770000705,6.404941018000102],[1.775372619000109,6.4046988260001285],[1.7752946320001683,6.4045829760001425],[1.77520803200008,6.404469476000145],[1.7750815400000874,6.404314196000087],[1.77506474300003,6.404295314000137],[1.7749990380000327,6.40422987200003],[1.7749175650001234,6.40416829100019],[1.774881938000135,6.404141964000019],[1.7747713230000954,6.404066928000077],[1.7746537360000616,6.4039919420000615],[1.7743255049999789,6.403808854000033],[1.773786239000117,6.4035619740001835],[1.7735029780000673,6.403444398000033],[1.77339613200013,6.403401157000133],[1.7732606460000966,6.403339331000154],[1.773234402000071,6.403326624000101],[1.772325305000038,6.40283418700011],[1.7718266009999866,6.402562047000174],[1.7714254870000445,6.402333779999992],[1.7710296620000463,6.402088016000107],[1.7707746429999816,6.401926331000141],[1.7704536390000953,6.401699275000169],[1.7703979419999882,6.401644496000188],[1.7703296670001123,6.401570773000003],[1.7703184860001784,6.401557516000082],[1.7702972830001045,6.401531882000086],[1.7700439300000426,6.401163725999993],[1.7692486730000496,6.399639378000188],[1.7677208470001347,6.396531857000184],[1.7677127400000359,6.396513731000084],[1.7676589850001392,6.396392793000075],[1.7675911420001285,6.396236100000124],[1.7675356410000518,6.396105717000125],[1.767505422000113,6.396022973000186],[1.767438019000167,6.395799785000179],[1.7674304830000551,6.395717555000147],[1.7674396240001897,6.395664572000101],[1.7674533210001755,6.3956200020001575],[1.767487517000177,6.395570172000134],[1.767521037999984,6.395522957000026],[1.7676675150001415,6.39535209100012],[1.7676818320001644,6.395341136000184],[1.7677246420001325,6.395308381000007],[1.7678223100000423,6.395236374000035],[1.7679024980001259,6.395194608000111],[1.7679675200001839,6.395175769000048],[1.7680871290000368,6.3951651160001575],[1.7682168280000496,6.395160674000181],[1.7683391319999942,6.395157972000106],[1.7684870590001083,6.395167006000122],[1.768580732000089,6.395177666000166],[1.7686614960000497,6.395191368000042],[1.7688267230001316,6.395219749000148],[1.768860891000088,6.39522627000008],[1.7690512660001332,6.3952559420000625],[1.7690699529999847,6.395257359000084],[1.7693085050000263,6.395273654000107],[1.769456621000188,6.395281984000064],[1.7698930799999744,6.395303775000173],[1.7700836250000407,6.3953109180001775],[1.770494632000009,6.395288650999987],[1.7705912610001064,6.395276834000185],[1.7706916050000814,6.395263821000071],[1.7708344680000891,6.3952247060001355],[1.7711752620000425,6.395129337000128],[1.77129722300009,6.3950917290000575],[1.7713438970000084,6.395070691000058],[1.771385655000131,6.395050362000063],[1.7715343010001448,6.394974779000165],[1.7716026940000233,6.394931313000086],[1.771653241000024,6.394898325000042],[1.7717554049999649,6.394820888000083],[1.7720751440000413,6.394553660000042],[1.7722077350001086,6.394422315000099],[1.7723266289999628,6.394303587000024],[1.772379145000059,6.394246523000106],[1.772435034000182,6.394184694000046],[1.772529727999995,6.394075790000102],[1.7726601570000753,6.393886863000034],[1.7727250120000235,6.393779726000105],[1.7727373820001162,6.393756864000181],[1.7727949440001112,6.393649482000171],[1.7729608270000767,6.393271209000034],[1.773103793000189,6.392726192000168],[1.773193947000152,6.392267931000163],[1.77320933499999,6.392164947000026],[1.7732555860000048,6.391813033000005],[1.7732705370000872,6.391669033000028],[1.773273821000032,6.391496914000072],[1.7732740350000427,6.391462865000165],[1.7732739870000387,6.3913277290001815],[1.7732686370001147,6.39067366900008],[1.7732666770001515,6.390586481000128],[1.7732560100000683,6.39031468200011],[1.773247690000062,6.390116766000062],[1.7732047650001732,6.389395460000117],[1.7731923030000303,6.389240554000082],[1.773186214000134,6.389184283000134],[1.7731783220000352,6.389065914000184],[1.773175545000072,6.38890680500009],[1.773175212000126,6.388886476000096],[1.7731810820000646,6.388721377000024],[1.7731848550001246,6.388615612000024],[1.7731854660000863,6.388604309000073],[1.7731956830001536,6.388421266000137],[1.773209432000101,6.388267510000048],[1.7732968150001511,6.387571735000108],[1.773388276000162,6.387005629000157],[1.7734346640000922,6.386775669000144],[1.7736173870000016,6.386052392000067],[1.773621869000067,6.386034651000102],[1.7736837230000333,6.385867484000016],[1.7738590350001004,6.38543820600006],[1.7739152600000807,6.385317064000162],[1.7739649490001739,6.385242198000185],[1.7740356850001717,6.385146344000077],[1.7740984180001078,6.385080876000131],[1.774229314000138,6.384954642000025],[1.7743134940001823,6.384877373999984],[1.7744730920000507,6.384799234000127],[1.774532559000079,6.3847747880000725],[1.774640811000154,6.384731214000169],[1.7746812270001442,6.384717250000108],[1.7747973600000364,6.384680074000016],[1.7749841290001314,6.384634883000103],[1.7749877830000855,6.384634017000053],[1.7751233290001096,6.384601925000027],[1.775150773000064,6.384596363000128],[1.7752991890000658,6.38457218200017],[1.7782005440000717,6.384168372000147],[1.778398773000049,6.3841449280001825],[1.7784659550001152,6.3841373160000785],[1.7786319760000424,6.3841215100001705],[1.7796014100001685,6.384031348000178],[1.7798165090001135,6.3840169630001355],[1.7801601110001002,6.384000967000077],[1.780254570000011,6.383996750000165],[1.7807550710001578,6.383978186000036],[1.7810073550000425,6.383976770999993],[1.7812890550001157,6.383975746000033],[1.7814273550001758,6.383978718000094],[1.7816860059999726,6.38396296000019],[1.781841811000163,6.383946574999982],[1.7823005960000273,6.383872969000151],[1.782530988000076,6.383832339000151],[1.7827311690000442,6.383795839000129],[1.7827526650000323,6.383791393000138],[1.7829269060001707,6.383748376000028],[1.7829788320000262,6.383731764000061],[1.7831117160001781,6.383689167],[1.7832531320001408,6.383637217000171],[1.7834184950000918,6.383566728999995],[1.7835104450000472,6.38352436100007],[1.7835804180000423,6.38348879800003],[1.7839315110000484,6.3832979750001755],[1.7841011860001572,6.383194155000069],[1.7845649270000763,6.382788713000139],[1.7846436049999852,6.382697882000173],[1.7846976660001133,6.382618126000125],[1.7847901580001349,6.382446125000001],[1.784825650000073,6.382366947000037],[1.7848366170001668,6.382288099000107],[1.784832286999972,6.3821058310001035],[1.7848109440000712,6.381958698000119],[1.784780039999987,6.381825980000144],[1.7847074250001356,6.381583888000023],[1.7842269130001682,6.380179633000068],[1.7841685210001401,6.380010489000085],[1.7839617590000785,6.379488906000006],[1.7838881680000895,6.379307386000107],[1.7835894560000725,6.378521057000171],[1.7832680830000527,6.377653103000114],[1.7832277290000889,6.3775395610001056],[1.7831697990001203,6.377373054000088],[1.7829555330001199,6.376741486000071],[1.7829320470001448,6.376672106000001],[1.7829075240001657,6.376590094000164],[1.7828346079999733,6.376342986000168],[1.78279010600005,6.376192018000097],[1.7826671500001794,6.375656540000023],[1.7826240260001214,6.375456199000041],[1.7825992690001158,6.375334175999967],[1.7825812220001467,6.375240637000161],[1.7825339450000683,6.374979979000102],[1.7825067350001405,6.3748242690001575],[1.7824766300000192,6.37464964000003],[1.782450709000102,6.374437119000106],[1.7823912390001624,6.373934150000139],[1.7820958310000492,6.371303918000137],[1.7820747250000863,6.371069482999985],[1.782078434000141,6.371020666000163],[1.7821641620001287,6.370182085000124],[1.7822094320001156,6.369762151000032],[1.7822765820001791,6.369324865000067],[1.7823270320000688,6.369033932000093],[1.7824396980001893,6.368489485000055],[1.782503193000025,6.368203408000113],[1.782524402999968,6.368108862999975],[1.7826572800000804,6.367647102000092],[1.7826936750001323,6.367526958000099],[1.7827016230000936,6.367504430000167],[1.7827151310001454,6.367466145000094],[1.7829406670001617,6.366900959000077],[1.7832457980000527,6.36622397299999],[1.7833980730001713,6.365894160000153],[1.7835393030001114,6.365639243000146],[1.7849090200000433,6.3608930200001055],[1.7866830460000642,6.351840376000155],[1.7866944100001092,6.351771623000047],[1.786721287000148,6.351574753000136],[1.7867334830000914,6.351335826000138],[1.786736059000134,6.351251873000024],[1.7867361260000507,6.351185074000114],[1.7867203950000885,6.35097595000002],[1.7867171200000485,6.350933123000118],[1.7867090920000805,6.350847399000145],[1.7867004550001866,6.3507795140001235],[1.7866795350000757,6.350621046000185],[1.7866751200001545,6.350597724000181],[1.786644444999979,6.3504386120001755],[1.7866017300000863,6.350307083000018],[1.7865529950000791,6.350158485000179],[1.7864524820001861,6.349854944000185],[1.7862893570001006,6.349488982000082],[1.7861947830000986,6.349311877000105],[1.7861117650001574,6.349160044000087],[1.7860195110001769,6.349019591000058],[1.7858775130001163,6.348829278000039],[1.7858197070001438,6.348758094000004],[1.7856453650001072,6.348543904000053],[1.7855198510000037,6.348419995000029],[1.7852463420000504,6.348172132000059],[1.7851729330001262,6.34812239900009],[1.7851335720001202,6.348097848000123],[1.7846790250001163,6.347827405000032],[1.7845910530000992,6.347788340000079],[1.784502578000172,6.347751014000039],[1.784400640000058,6.347711296999989],[1.7830823500000292,6.347278967000136],[1.7823610560000702,6.347061847000077],[1.7818719850001798,6.346892800000035],[1.7816361320001306,6.346809486000097],[1.7813178380000636,6.346671791000176],[1.7809470230000102,6.3465010490000395],[1.7808466080001608,6.346443392000026],[1.7808030230000327,6.346414967000044],[1.7806433110001194,6.34629036400014],[1.7805626000001098,6.3462003100001425],[1.7805109740000944,6.346139265000147],[1.7803640680000399,6.345962509000117],[1.7802782720000323,6.345853742999964],[1.7801995629999965,6.3457505470001365],[1.780066462000093,6.345567698000025],[1.779985700000168,6.3454484129999855],[1.779938983000136,6.34537415300008],[1.779845208000097,6.345222703000161],[1.7798112510000124,6.345152903000098],[1.779782264000005,6.34508564500004],[1.7797603990001107,6.345019060000084],[1.7797254730000418,6.344849260999979],[1.7797167590000527,6.344771490000028],[1.7797095490001311,6.344645891000027],[1.7797200130001443,6.34438910800003],[1.7797265680000578,6.344318667000152],[1.7797374280000327,6.3442153290001215],[1.7797668510000904,6.344061771000042],[1.7797896910001896,6.343945283000153],[1.7798047530000076,6.343883034999976],[1.779836105000129,6.3438254270001835],[1.7798991850000334,6.34371276100012],[1.780014564000055,6.343521877000114],[1.780087650999974,6.343401509000103],[1.7801356800001145,6.343331625000189],[1.7802294700001084,6.343197341000121],[1.780285734000131,6.343125039000142],[1.7803694310000537,6.343042106000155],[1.7804026980000458,6.343012547000058],[1.7807906860001594,6.342687962000127],[1.7809909210001251,6.342540664000012],[1.7812086000000704,6.342391058000089],[1.7813049540000634,6.342338940000047],[1.7814902660001053,6.342257363000101],[1.7817039090001572,6.34218327100001],[1.7818768660001183,6.342135021000104],[1.7820276580001746,6.342098448000058],[1.7821438910001461,6.34207100500015],[1.7821454220001556,6.342070644000046],[1.7822523440001419,6.34204655200017],[1.7824417770000878,6.342007278000153],[1.7825853430000507,6.341981094999994],[1.7830189850000693,6.341902609000101],[1.7831331580001688,6.341883211000095],[1.7832723230000624,6.341869947000021],[1.7833383500001219,6.341864733000136],[1.7835091390001026,6.341849025999977],[1.783675662000121,6.341829893000124],[1.78383722000018,6.341805974000181],[1.7841573179999841,6.341751191000185],[1.7849001619999854,6.34159752100004],[1.7852892400000542,6.341486259000078],[1.7853031560001114,6.341481965000071],[1.7854296650000379,6.341437135000092],[1.7854845000000523,6.341412451000053],[1.7856002700000317,6.341355992000047],[1.785790977999966,6.341258823000089],[1.7858866340000645,6.341196504000038],[1.785942963000025,6.341159373000039],[1.7861478600000282,6.341023806000123],[1.7866924840001275,6.340645672000107],[1.7867491010001118,6.340602217000139],[1.7868152630001077,6.340548612000077],[1.7869044970000232,6.340464307000104],[1.7869891090001033,6.3403803620001895],[1.787103418000072,6.340202558000044],[1.7872042030001012,6.340041748000033],[1.7872680780001815,6.339899225000067],[1.787308003000021,6.339597509000157],[1.787301017000118,6.339436655000156],[1.7872891830000412,6.339342699000042],[1.787259888000051,6.339223438000033],[1.7870053690000418,6.3385622580000245],[1.7869568330000902,6.338466283000173],[1.7869251150001446,6.338409049000063],[1.7868284070001437,6.338307274000044],[1.7867881610001746,6.338267613000085],[1.7867002060000914,6.3381828050001445],[1.7866922480001222,6.338175242000148],[1.7865853250000896,6.338077644000066],[1.7861187130000076,6.337633711000024],[1.7853914650000888,6.33693117200005],[1.7853804510000373,6.336920283000154],[1.7851060439999742,6.336644537000041],[1.7847174890000588,6.336240794000162],[1.7847085020001145,6.3362311460000456],[1.7846399100001236,6.336155156000132],[1.7845704430001774,6.336069719000079],[1.784521912000173,6.336008470000081],[1.784389289000103,6.335820591000072],[1.7843217780001055,6.335700508000002],[1.7841876960000036,6.335453391999977],[1.7841312770000854,6.335349241000188],[1.7840881310000327,6.335267044000034],[1.783991907000086,6.335023839000087],[1.7839334690000328,6.334725932000026],[1.7839078640001276,6.334591346000082],[1.7838969890000271,6.334530325999992],[1.7838796930000171,6.334394024000119],[1.7838702530001456,6.334315570000172],[1.7838608940001563,6.334200234000036],[1.7838563400001703,6.3340752740000426],[1.7838534790001859,6.333968728000059],[1.7838635550000959,6.333846291000157],[1.783876553000141,6.333743236999965],[1.7838883140001371,6.333671217000074],[1.783984116000056,6.333196569000052],[1.784053159000166,6.3329577940000945],[1.7841535260000683,6.332711226000129],[1.7841809450001165,6.332657125000026],[1.7842154460001893,6.332592827000042],[1.7843401440000548,6.332380608000108],[1.7844000800001822,6.3323157600000854],[1.7845622309999953,6.332175313000107],[1.7848256470001616,6.332041438000147],[1.7848811580000188,6.332021358000077],[1.785022362000177,6.3319852930000025],[1.7850872570001002,6.331977133000066],[1.7852247030000967,6.331960619000085],[1.7861410690001094,6.331886513000029],[1.79562322400011,6.323793532000025],[1.7958138430001895,6.323623219000012],[1.7959289910000962,6.323486554000169],[1.7961391950000802,6.32312417300011],[1.7961859760001175,6.323041451000051],[1.7962326389999816,6.322912655000039],[1.796274474000029,6.322754953000128],[1.7964017530001684,6.32222552200011],[1.7964297900000474,6.322058260000119],[1.7965758050001455,6.321133024000119],[1.7965812670000787,6.3210683780001204],[1.7965838510000935,6.321011726000052],[1.7965346660000137,6.318628009000065],[1.7965157940000722,6.318043084000067],[1.796487049999996,6.317317069000126],[1.7964567220001868,6.316901070000085],[1.796436625000183,6.316635081000015],[1.7964168740000446,6.3164529030000836],[1.7958775210001363,6.31300376400003],[1.7957790330001444,6.312523540000086],[1.7957342200000426,6.312328308000133],[1.7956818519999729,6.312166443000137],[1.7956787260001192,6.312156953000056],[1.7955298260000063,6.311770337000041],[1.7954684110000017,6.311642554000059],[1.7954201870001043,6.3115459990001455],[1.795376387000033,6.311460466000085],[1.795072818000051,6.310934266000061],[1.7949335290001613,6.310782950000146],[1.7949009220000676,6.310749165000118],[1.7948035090000758,6.310651403000179],[1.7945238080001218,6.31043182600007],[1.7944697680000559,6.310391761000005],[1.7942532769999957,6.310231363000071],[1.7941130570001178,6.310132731000067],[1.7935381890001736,6.309827377000033],[1.7933693030000768,6.309758216000091],[1.7930333520000659,6.309669005999979],[1.792954529000042,6.309648563000167],[1.7927850000000944,6.309621791999973],[1.7927227600001174,6.309612192000088],[1.7918260870001177,6.309476132000043],[1.791708883000183,6.3094594070001335],[1.7915046830001415,6.309441482000182],[1.791434855000034,6.309436815000083],[1.7912986949999663,6.309428744000002],[1.79084710799998,6.309421461000056],[1.790485874000126,6.309427150000033],[1.7904286579999962,6.3094290500000625],[1.790240894000135,6.309433259000116],[1.7902313850001406,6.309433418000026],[1.7898236480000378,6.309439284000177],[1.7897826970001347,6.309439492000024],[1.789703660999976,6.309439609000094],[1.7895052040000223,6.309431004000032],[1.7893231270001024,6.3094227010001305],[1.789228868000066,6.309411902000022],[1.7887836680001783,6.309350232000099],[1.7886796770001752,6.309323239999969],[1.7885917450001898,6.3092852970001445],[1.7885421320000887,6.309259049000104],[1.7884310020000953,6.309190418000185],[1.78841601400012,6.309180574999971],[1.788320418000012,6.309114393000016],[1.7882586949999677,6.309059589000128],[1.7882356490000006,6.309038076000036],[1.7880141040000694,6.308814215000041],[1.7879786919999674,6.308763544000044],[1.7879181070000527,6.308668449000095],[1.787860960000046,6.308557843000187],[1.787810835000073,6.3084481800000844],[1.7877791490000732,6.308353585000134],[1.7877576080001631,6.308274929000049],[1.7877510490000645,6.308215933000099],[1.787756919000003,6.308140464000189],[1.7877675889999978,6.308039625000106],[1.7878046970000696,6.307870029000071],[1.7878455750000626,6.307746071000167],[1.7879023560000746,6.307613418000074],[1.7917639259999874,6.300222291000068],[1.7924792280000474,6.298853187000134],[1.7925316020001105,6.298761087000116],[1.7925366100001838,6.298752902000047],[1.7925933550001787,6.298662524000065],[1.7926578529999802,6.298564025000189],[1.792737051000131,6.298446460000093],[1.7928261560001602,6.298314652000045],[1.792884956000023,6.298241538000013],[1.7929855560001897,6.298124807000079],[1.7930098070001463,6.298099806000039],[1.7930539980001754,6.298056036000162],[1.7931553860000236,6.297963935000098],[1.7932721420000917,6.297880962000022],[1.7933891230001109,6.297798841000088],[1.7934036220001417,6.297788910000065],[1.793499754000095,6.2977241550001395],[1.7937784510001507,6.297550710000053],[1.794027748000076,6.2973977090001085],[1.794157387000098,6.297318193000137],[1.7943505679999703,6.297204137999984],[1.7943912380001734,6.2971805890001065],[1.7944400880001012,6.297154281000076],[1.7945855140000617,6.297078092000049],[1.7946792380001853,6.297039299000119],[1.7951496830000906,6.296854809000138],[1.7964245170000481,6.29640802300014],[1.7985543370000983,6.295712837000167],[1.7998880710001117,6.295293411000102],[1.8005317480000258,6.295022213000038],[1.8026106760000857,6.293984986000112],[1.8030405630000246,6.2937518110001065],[1.803200699000115,6.293664639000156],[1.8033267410000917,6.293589949000022],[1.8037788720000663,6.293293480000102],[1.8040545990000965,6.293066345000057],[1.804503986000043,6.292636660000085],[1.8053302499999972,6.291838945999984],[1.8075940400000832,6.289649218000022],[1.8076732810001772,6.2895637130001205],[1.8083439950000866,6.287988360999975],[1.8083607660001348,6.287937590000126],[1.80837661999999,6.287869062000141],[1.8084193070000651,6.2876237420001075],[1.8084117700000775,6.28714229600007],[1.8084074800000849,6.287021487000118],[1.8083966549999673,6.286945668000158],[1.8083669730000338,6.286845407000101],[1.8083611780001547,6.2868324259999895],[1.808315789000062,6.286736490000067],[1.808257249000178,6.286645235000037],[1.8080353740000419,6.286453698999992],[1.8079561770001078,6.28640633200007],[1.8078672280001342,6.286356019000095],[1.8040405270001543,6.284231144000046],[1.8027422000001252,6.285928880000029],[1.8027673300000515,6.286065135000001],[1.8027878460001716,6.286212722000073],[1.8028147150001814,6.286415205000026],[1.8028462190001164,6.286721721000163],[1.8028395870001077,6.286794354000051],[1.8028290790001051,6.286848354000085],[1.802819176000071,6.286885256000119],[1.8028103450001254,6.286913776000176],[1.8027750779999678,6.286976448000189],[1.802744286999996,6.287017632000072],[1.8025607650001234,6.287213014000031],[1.802429967000137,6.287289375000057],[1.8023437850001187,6.287330797000095],[1.802202943000168,6.287393056000042],[1.802147292000086,6.287416883000105],[1.8021180980001645,6.287428802000136],[1.8020146810000597,6.2874631090000435],[1.8019941520000202,6.28746916700004],[1.8018623770000772,6.287506930000006],[1.8017602890001285,6.2875337290000175],[1.801637567000114,6.287564485000075],[1.8016005670000368,6.287573118000182],[1.801492678000102,6.287594839999997],[1.801471102999983,6.287597542000071],[1.8013914609999802,6.287607367000078],[1.8013197880000007,6.2876097399999935],[1.8011880070000075,6.287609005000036],[1.8011597420000953,6.2876086069999815],[1.8010159909999857,6.2876012880001895],[1.8008625630001234,6.287588652000068],[1.8007597570001508,6.287577906000024],[1.8007532710001328,6.287576745000024],[1.800656009000079,6.287558785000158],[1.8006268280000768,6.287552030000029],[1.8005962510001154,6.287543387000142],[1.8005455640000605,6.287522749000175],[1.800347014000181,6.287422532000164],[1.8002324680001038,6.287357364999991],[1.800162190000151,6.287313015000052],[1.800133288999973,6.287294009000107],[1.800060995000024,6.287235941000063],[1.8000446860000352,6.287222823000036],[1.7998845700000743,6.287069395000174],[1.7998756440000534,6.287060822000058],[1.7998222909999981,6.2870084019999695],[1.797454139000024,6.28464236700006],[1.7973784780000415,6.284555050000051],[1.7973444580000546,6.284512746000075],[1.7972485160001384,6.284387625000136],[1.7970936860000961,6.284182989999977],[1.797021653999991,6.284064317000002],[1.796938766999972,6.28392434400007],[1.7968678370001498,6.283785805000093],[1.7967533470001058,6.283557862000123],[1.7967161180001199,6.2834653100001105],[1.796626048000121,6.283151012000019],[1.796535843000072,6.28283557300017],[1.796522148000065,6.282782958000155],[1.7965082700001744,6.282709484000122],[1.7964840070000037,6.282569494000086],[1.7964763550000953,6.282521896000048],[1.7964407530001836,6.282284548000121],[1.7964089580001428,6.2820525690000295],[1.7951830750000113,6.280280818000051],[1.7900795229999744,6.28013464300011],[1.79001356800012,6.2801366410001265],[1.7899345430000722,6.280144209000014],[1.7896802189999903,6.280182339000021],[1.7896680690000721,6.280184254000062],[1.7893892810000693,6.28024056400011],[1.789284559000123,6.280262494000169],[1.7892080390001865,6.28029809800006],[1.782511784999997,6.284064063000187],[1.7824161150001032,6.2841515820000495],[1.7823576130000447,6.284208022000087],[1.7823025440000038,6.284280989000024],[1.7822899240000538,6.284300333000033],[1.782245962000104,6.28437380500003],[1.7822259990001612,6.284412359000044],[1.782199493000121,6.284466206000161],[1.7821808530001704,6.28451008900015],[1.7821701310001572,6.284539553999991],[1.7821039390000237,6.284762493000073],[1.7820730820000108,6.284923127000013],[1.7820615150000663,6.284983347000036],[1.7820635060001564,6.285114795000084],[1.7820810700001743,6.28530117300005],[1.7820877430000905,6.285352344000103],[1.782114024000066,6.2854874620001056],[1.7821174350000888,6.285503878000043],[1.7821604060001732,6.285699042000033],[1.7822007690000419,6.2858305460000565],[1.782235483000079,6.285912398000107],[1.78229432400002,6.286040521000132],[1.7823583880000342,6.28617532200019],[1.782382296000037,6.286213103000023],[1.7824466280000593,6.28630492800005],[1.7824757780001619,6.286341896000067],[1.7825232710000591,6.286397339000132],[1.7826109780001502,6.286540475000095],[1.782759222000152,6.28678937300009],[1.7828097650001382,6.286891820000108],[1.7828622500001643,6.28701754500014],[1.7828654200000642,6.287026998000101],[1.7829085610001698,6.287157462999971],[1.7829442150001,6.28727100500015],[1.7829541890000087,6.28735505800006],[1.7829586390000145,6.28747631300007],[1.7829586750000317,6.28749607200001],[1.782956578000153,6.287542438000116],[1.7829500750000307,6.287607547999983],[1.782939653000085,6.287663682000016],[1.7829288500001326,6.2877188670000805],[1.782914931000164,6.2877660759999685],[1.7828882939999744,6.287839167000072],[1.7828541430000655,6.28789748600019],[1.7828319910000232,6.287924425000028],[1.782799108000063,6.287960776000091],[1.7827438920000986,6.288006539000094],[1.7826808720000713,6.288057394000077],[1.7826438239999902,6.288077977000114],[1.7826193940001076,6.288090989000125],[1.7825539340000205,6.288116986000034],[1.7823198060000323,6.288166132000015],[1.782237151000004,6.288168669000186],[1.7821774120001237,6.288166520000061],[1.7820846600001232,6.288162171000181],[1.781945680000149,6.288146183000094],[1.7817712220000885,6.288087804000156],[1.770987643000069,6.2837454000000434],[1.7708982770001285,6.283702296000172],[1.77087732800004,6.283685145000106],[1.7707886819999885,6.2836068010001895],[1.7707292280000502,6.283547239000029],[1.770709007999983,6.283519391000084],[1.770673208000062,6.283445618000087],[1.7706683260000204,6.283431759000109],[1.769481294000002,6.279042915000048],[1.7694647290001626,6.278956712000081],[1.769446605999974,6.278858828000182],[1.7694324340000662,6.278766684000004],[1.7694129160000216,6.278621796000095],[1.7694074310000474,6.278578358000061],[1.7694038430000774,6.278540853000095],[1.7693983550000212,6.278450751999969],[1.769395751000161,6.278399535000119],[1.7693938680000656,6.278310971000053],[1.7694168970000987,6.278202813000178],[1.7694613490000393,6.278063823000025],[1.7694908889999965,6.278018681000049],[1.7695524050001268,6.277928319000182],[1.7696069020001346,6.277867565000122],[1.7696237230001657,6.277850133000129],[1.7696485490000669,6.277827056999968],[1.7696989160000953,6.277781012000162],[1.7697630040000831,6.277749822999965],[1.7698165750001635,6.277726296000083],[1.7698336880000625,6.277721009999993],[1.7698737650000567,6.277710345000116],[1.7701209670000821,6.277661589000161],[1.7702008450001472,6.277651184000092],[1.7702885080000215,6.2776523740001835],[1.7705090160001191,6.277661926000064],[1.770513072000142,6.277662111000041],[1.7706392140000844,6.277671066000153],[1.7706887360000678,6.277675266000131],[1.770796118000078,6.277690733999975],[1.7708807150000894,6.277707081000187],[1.7710115719999635,6.277738071999977],[1.7713943830001426,6.277834105000011],[1.7704003490001128,6.2763190830000894],[1.76554772500009,6.274171895000052],[1.7587354350000624,6.272591976000172],[1.758630978000042,6.272572271000058],[1.7584101840000699,6.272537524000086],[1.7583023670001126,6.272536090000187],[1.7581318240001451,6.27253418600003],[1.757233337000116,6.272567177000155],[1.751873337000177,6.272802628000022],[1.74552221100015,6.271530546999998],[1.745096632000184,6.269812349000119],[1.744918832000053,6.269499376999988],[1.7447319740000466,6.269216747000087],[1.7445352400001184,6.268940247000103],[1.7443076120001137,6.268625035000127],[1.7440673570000058,6.268363853000039],[1.7438020110000707,6.268112608000081],[1.743739625000103,6.268063384000129],[1.7435949350000328,6.267961370000023],[1.7434375210001463,6.267862010000158],[1.7432043270000008,6.267723188000048],[1.7431389700000182,6.267689230000087],[1.7428670850000003,6.267570381000098],[1.7424882900000398,6.267461111000102],[1.7422912470001393,6.267414722000069],[1.7420144280000613,6.267356728999971],[1.7419932530000324,6.267353314000161],[1.7415203940000765,6.267328457000133],[1.74127436800012,6.267418906999978],[1.7410747010000591,6.2674925600001075],[1.740554216000021,6.26765147600014],[1.7403135490001205,6.267715890000147],[1.7400519850001501,6.26777256400004],[1.7399988110000209,6.267782446000126],[1.7398069370001394,6.267817279999974],[1.7397325950000209,6.267830499000127],[1.7396129440001573,6.267849677000129],[1.7394470960001058,6.267872214000079],[1.7392368069999975,6.267892535000101],[1.7389930590001086,6.267906362000076],[1.7389116780000222,6.26791087700019],[1.7388327810001556,6.2679132260001325],[1.7387041549999935,6.26789920900012],[1.7378948020000848,6.267809858000078],[1.7377007720000393,6.267775069000152],[1.7374830110000516,6.267723528000033],[1.737187697000138,6.267632119000041],[1.7370460610001146,6.267584674000091],[1.736937775000058,6.267541487000187],[1.7367612529999974,6.26746376400007],[1.7360500790001652,6.26706189600003],[1.7359686340000735,6.266991490000066],[1.7358416890001536,6.266869745000008],[1.7357049810000262,6.266729855000165],[1.7354644790000293,6.26644948600017],[1.7353612870001598,6.266307973000096],[1.7352254860000471,6.266119285000116],[1.7351530490001892,6.265968936000036],[1.735083474000021,6.265823996999984],[1.7350297670000714,6.265712839000059],[1.7348734550001268,6.265455556000177],[1.7347769610001365,6.2653049990000795],[1.73465122500005,6.265155898000046],[1.7345575170000984,6.265055507],[1.7343089470001587,6.264853973000015],[1.7341548400000875,6.26472975300004],[1.7340283130001808,6.264629385000092],[1.7312121770000886,6.263343184000178],[1.7310671030001572,6.263285157999974],[1.7310151150001047,6.263266127000122],[1.7307633010000245,6.263193133000129],[1.7301846670001169,6.263038879000135],[1.7298877790000802,6.26301171700004],[1.7293822180000689,6.2629732600001375],[1.7291541810001263,6.262967910000043],[1.7291313169999967,6.262969036000129],[1.7289229140001225,6.2629794869999955],[1.7283472250001637,6.263019544000031],[1.7281089250001855,6.263056543000175],[1.7278068410000174,6.263125461000186],[1.727801951000174,6.263126651000107],[1.7275594810001849,6.2631961500001125],[1.7272722400001044,6.263294162000022],[1.7271145240000578,6.263349823000112],[1.7269190590001244,6.263421135000158],[1.7266631250000728,6.2635087660000295],[1.7264383650001491,6.263574000999995],[1.7258543760000293,6.263725694000016],[1.725002151000126,6.263945274999969],[1.7247711470000127,6.26399850700011],[1.7244712030000642,6.26406132000011],[1.7242779700001734,6.264101142000186],[1.7239922920001618,6.264150528000187],[1.7238124130001324,6.2641740199999845],[1.7237225950001402,6.264180642000042],[1.7235819490000495,6.264175944000158],[1.7234959870000353,6.2641676590001225],[1.7233446390001177,6.264150856000015],[1.7232114860000252,6.264128754000183],[1.7230891360000555,6.264098140000101],[1.722976793999976,6.264064394000172],[1.722838774000138,6.264020988000141],[1.7226669860000925,6.263952072000109],[1.7224516470001277,6.263853359000052],[1.7224150900000268,6.263828863000128],[1.7222600840000268,6.263719656000092],[1.7222283410001182,6.263697065999963],[1.722048412000106,6.2635591720001],[1.722026668000069,6.263540670000168],[1.721899087000054,6.263421281000149],[1.7218440830001214,6.26336390400013],[1.721531331000051,6.263021390000006],[1.721478316000173,6.262962180000102],[1.7213460390001387,6.262779068000043],[1.721109350000006,6.262369496000076],[1.7210718640001232,6.262263209000082],[1.7210513250000758,6.262185406000128],[1.7209920510001666,6.262078595000105],[1.7208697820000793,6.261979028000098],[1.7203650780000999,6.261621561000084],[1.7203119180001067,6.261584285000026],[1.7200762260001738,6.261431575000188],[1.7200247320001836,6.26140132300003],[1.719927657000028,6.261346688000003],[1.7186539460000745,6.260659363000059],[1.7185329819999993,6.2605960700000765],[1.7184120960001223,6.260540160000062],[1.7183801670000776,6.260526900000059],[1.7182381740001347,6.260481500000026],[1.7157227499999976,6.259853502999988],[1.7153430880000542,6.259759475000067],[1.7152014910001299,6.259737566000126],[1.7144368670001313,6.259649950000153],[1.7141742510000313,6.259624218000113],[1.7139829950000376,6.2596149580001],[1.7139567870000292,6.259614760999966],[1.7138402810001594,6.259623231000148],[1.7136507150000853,6.259645535000061],[1.7130635480000933,6.2597909809999805],[1.7128306760001806,6.259849174000124],[1.7126552830001174,6.259914711000079],[1.7125778330001253,6.259949739000149],[1.7124442219999878,6.260013977000142],[1.7123291150001592,6.260072932000128],[1.712188428000161,6.260145716000125],[1.7120479369999657,6.260219791000111],[1.7119591200001878,6.260282904999997],[1.711857024999972,6.260357806000059],[1.7117552960000353,6.260416824000174],[1.711237224000115,6.260716190000096],[1.7110521250000374,6.260822381000082],[1.710830853000175,6.260917828000061],[1.7106493619999696,6.260994513000071],[1.710587635000138,6.261016444000063],[1.7104391730001112,6.261063747000151],[1.7102773290000073,6.261095717000103],[1.710037916000033,6.261128372000087],[1.7093657899999926,6.261202325000056],[1.7093357539999943,6.261204423000038],[1.7091291659999683,6.261212016000059],[1.7089439370001855,6.261209708000024],[1.7081780240001763,6.2611859130001335],[1.7079745690001005,6.26116862900011],[1.6989018870000905,6.260190786000123],[1.6987527470000146,6.260169192000092],[1.6986723210001173,6.260153752000065],[1.6985506900001042,6.260128219000023],[1.6984513460000699,6.2600952970001345],[1.6983101950000332,6.260040907000075],[1.698253382000189,6.260015283000087],[1.6980749450000872,6.2599330710000345],[1.6965583510000215,6.259188973999983],[1.6962766800000395,6.259050693000006],[1.6957792890000292,6.258801877000053],[1.6956396570000152,6.258713056999966],[1.6950866410001026,6.258357949000072],[1.6945389960001762,6.257993789000125],[1.6942966990001196,6.257824712999991],[1.693775042000027,6.257458343000053],[1.69360505200018,6.257300230000055],[1.6934425930001566,6.257144035000181],[1.693391588000111,6.257091455000079],[1.6933149900001467,6.2570081540000615],[1.6931532450001896,6.256818539000051],[1.6930579790001161,6.2566675450000275],[1.6929299600000718,6.256434075000072],[1.6928951810001536,6.2563185390001195],[1.692885851000085,6.256233399000166],[1.692866317000039,6.256165297000052],[1.6927563680001185,6.256019937000076],[1.691704110000103,6.2552526760001115],[1.6914544620000243,6.255082663000167],[1.6912062890000357,6.254923883000174],[1.6910037050001279,6.254805834000081],[1.6909207520001246,6.254763088999994],[1.690755546000105,6.254694542000095],[1.6906515640000634,6.25465226200015],[1.6904808730000696,6.254584951000027],[1.690425231000063,6.254566846000046],[1.6902155440000115,6.254507155000169],[1.6898298760000898,6.254440018000025],[1.6895471580001526,6.254401161000089],[1.6892389510001635,6.254358897000145],[1.6883729640001661,6.254278470000145],[1.688341686000058,6.254275614999983],[1.6881445120000649,6.254262867000023],[1.6880492520000416,6.254267046000109],[1.6877818910000428,6.254286678000085],[1.6877427130001479,6.254290036000043],[1.6872946080001157,6.254333188000032],[1.6870658130001175,6.254382475000114],[1.6870249050001007,6.254392602000166],[1.6868120830000635,6.254449747000024],[1.686535345999971,6.254543767000143],[1.686317992000113,6.254639602000168],[1.6861127330001295,6.254741612000089],[1.6858650030000604,6.254906795000181],[1.6857902670000726,6.254957617000116],[1.6856250519999776,6.255075266000176],[1.6853574300000673,6.255284586000073],[1.6853147300000728,6.255330225000023],[1.6852243930001691,6.255424423000022],[1.685094516000163,6.255544923000059],[1.6847172040000373,6.255892571000004],[1.684543766000047,6.256019732000141],[1.6844592339999735,6.256068290000087],[1.68433269500008,6.256135916000176],[1.6842021250001267,6.256203554000081],[1.6840699880000898,6.256269223000118],[1.683753063000097,6.256420308000088],[1.683594201000119,6.256495520999977],[1.683567010000047,6.256506999000067],[1.6830662720001897,6.256707787000153],[1.6828451840000298,6.256774446000065],[1.6826885180000204,6.256792529000052],[1.682493156000021,6.256792895999979],[1.6823061790000793,6.256785580000098],[1.6821288480001044,6.256772713000032],[1.6820809760000088,6.2567652450001106],[1.6818503100001294,6.2567205480000325],[1.6812994550001008,6.2565866690000576],[1.6810422250001693,6.256509098000151],[1.6810401820000607,6.256508435000171],[1.6808497980001107,6.256437012000049],[1.6805437700000425,6.256316661000142],[1.6804025420000812,6.256254310000031],[1.6802117369999792,6.256155592000027],[1.6800187870000514,6.256023881000033],[1.679909303000045,6.255920288000084],[1.6797300300000302,6.255725493000057],[1.6796130260001405,6.255573551000111],[1.6794018500000334,6.255271795000169],[1.6793877420001309,6.255249928000069],[1.6792434989999947,6.2550206830001684],[1.6790943950001065,6.254773607000175],[1.6790749439999786,6.254740143000049],[1.6788077340000882,6.254269920000127],[1.678677544000152,6.254002071000116],[1.6786480520000282,6.253944011000101],[1.6769824130001325,6.252323157000092],[1.6768810280000253,6.2522359010001765],[1.67661786299999,6.252027392000059],[1.6765262660001667,6.251956626000037],[1.675706888000036,6.25134735600011],[1.675602505000029,6.251290902000051],[1.6753611630001046,6.251200621000123],[1.6751542660001633,6.251134148000062],[1.6751044400000978,6.251119928000094],[1.6749344510001833,6.2510737179999865],[1.674909127000035,6.251067178000028],[1.674691037000116,6.251019203000055],[1.674520149000159,6.250988482000082],[1.6744260590000408,6.250973503000182],[1.673800847000166,6.250877146999983],[1.6735438490000547,6.2508399120000036],[1.673417387000029,6.250825272000043],[1.6728910580001184,6.250774801000034],[1.6725682530001222,6.250748172000101],[1.672000859000093,6.250719245000084],[1.6718040190001489,6.250715842000091],[1.6716555120000294,6.250713969000174],[1.6715557360001299,6.250723068000127],[1.6710643740001387,6.250859167000101],[1.6707647330001123,6.250951624000038],[1.6700074330000234,6.251263720999987],[1.6698886520000542,6.2513164870001106],[1.6697253800000453,6.2513900330001775],[1.6695063520000417,6.251498093000066],[1.6690567500000952,6.251731952000114],[1.6689694890001192,6.251779095000188],[1.6688243980000834,6.251862728000106],[1.6686335410000197,6.251984141000094],[1.6635606150000513,6.252115580000066],[1.6532298430000196,6.2504957710000895],[1.6531085390001294,6.250476215000049],[1.6529520110001386,6.250446243000056],[1.6525325180001573,6.2502951410001515],[1.652048347000175,6.250109851000104],[1.651726978000113,6.249980729000072],[1.6514883460001215,6.249866763000057],[1.6514182859999664,6.249831931000017],[1.6513087040001437,6.249767376000079],[1.6508641160001503,6.249497547999965],[1.650696693000043,6.249354217000132],[1.6505535219999956,6.249230922000152],[1.6493982050000682,6.248153972000182],[1.6486415690001763,6.247429536000141],[1.6485165200000438,6.247307670000168],[1.6483572610001147,6.247152466000102],[1.6482501910001588,6.247028493000073],[1.648072040000045,6.246850057000017],[1.6478702130001466,6.246657847000108],[1.6472750570001153,6.246103426000161],[1.6466123600000628,6.245490291000181],[1.645947445000047,6.244928989000073],[1.6457388460000857,6.244799138000076],[1.6456084900001429,6.244729910000046],[1.645254710000188,6.244560911000178],[1.6449842750000698,6.244454334000125],[1.6449270970001635,6.244433559000129],[1.6448304970001573,6.244405701000119],[1.6445419970000899,6.24433599300005],[1.64426075800003,6.244296145000135],[1.6439388320000035,6.244281487000137],[1.6438277260000405,6.244287359999987],[1.6429101810001043,6.24443137500009],[1.6426251800000387,6.244478855000125],[1.6423219000001836,6.244587148000107],[1.6422308680000697,6.244632440000146],[1.6418949100001896,6.24481729900009],[1.6415995900001121,6.244994327000143],[1.641523075000066,6.245047695000153],[1.6413913360000834,6.245144528000083],[1.6411778159999812,6.245305572000063],[1.641155486000116,6.2453227720000655],[1.6405783310000288,6.2458214620000945],[1.6403529830000707,6.24606081100012],[1.6402317540000695,6.2462634870000215],[1.6401302070000838,6.246400686000072],[1.6398940490000768,6.246605878000025],[1.6396236319999957,6.246814108000024],[1.6393777150000233,6.246973521000143],[1.638747202000161,6.247345260999964],[1.6386032960001558,6.247428171000081],[1.6384611790000463,6.247508839000034],[1.638320664000048,6.2475791610001465],[1.6379913120001675,6.247721391000027],[1.6377381870000818,6.247801930000037],[1.637526047000108,6.247859012000106],[1.6373999530001697,6.247889944000008],[1.6372029850000445,6.247917004000101],[1.6370217430001048,6.247941467000089],[1.6367120460001843,6.247942309000166],[1.6364214110001853,6.24792342500001],[1.6364128210000217,6.247922736000078],[1.6361115520000453,6.2478794250001215],[1.6359379340000828,6.247834985000168],[1.63564313400002,6.2477540290000775],[1.6356163400001265,6.247742951000021],[1.6364441070001021,6.239562757000158],[1.6368298890000688,6.236363975000188],[1.6368376860000922,6.2362993210001605],[1.6367414710000503,6.236279688000025],[1.6364682790001552,6.236188705000075],[1.63616500400002,6.23609908200018],[1.6358958540001254,6.236002453000083],[1.6355255560000614,6.235900564000133],[1.6352621160000922,6.2358370640001795],[1.634918283000161,6.235815929000125],[1.6348195300000725,6.2358018320001065],[1.6346489910000628,6.235777488000053],[1.6342202550001161,6.235701625000104],[1.6338988950001863,6.2356345040001315],[1.633586696000009,6.235576404000085],[1.6331942980000917,6.235521600000027],[1.6329238750001878,6.2354841070000475],[1.6326092450000829,6.235445515000038],[1.632407935000117,6.235424409000075],[1.6320215960000155,6.235387800000126],[1.6319815180000887,6.2353773380001485],[1.6319260330000134,6.235361528999988],[1.6318242450001321,6.235345175000077],[1.6316693930000952,6.235311427000113],[1.6315354230000594,6.235284110000066],[1.6313856310000574,6.235252235000189],[1.631195974000093,6.235211316999994],[1.6310220700000855,6.235169161000101],[1.630863545000068,6.235141063000071],[1.6306977620001248,6.235112400000105],[1.6305374300001745,6.235088211000118],[1.6303375480001137,6.235037513000009],[1.6301929750001705,6.235001441000065],[1.63006121300009,6.234971119000022],[1.6299202810001816,6.2349238380001],[1.629765217000113,6.234888671000135],[1.6296242240001106,6.234864138000148],[1.629477167999994,6.234838127000046],[1.6293377550001082,6.234815283000103],[1.629163784000184,6.234786925000094],[1.62896601500006,6.234755733000156],[1.6287503160000938,6.2347147490001475],[1.6286118140001804,6.234689103000164],[1.6283336650001843,6.234637262000035],[1.6281111620001525,6.2346094300000345],[1.6279216720000704,6.23458566000005],[1.6277435920001153,6.234561810000173],[1.627516073000038,6.234535967000113],[1.6272984260000385,6.234517538999967],[1.6270974070001785,6.234494834000145],[1.6268658400001073,6.23447034600008],[1.6266372980000483,6.23445724000004],[1.6264298350000104,6.234439407000082],[1.6262167449999652,6.234415915999989],[1.6260036530001116,6.234397749000038],[1.6257785500000637,6.234375641000156],[1.625563333000116,6.234359256000118],[1.6253324229999748,6.234340953000128],[1.6250824850001209,6.234316174000128],[1.6248885110000515,6.234292615000015],[1.6246551650000924,6.23424372900007],[1.6244065280000086,6.23421342600011],[1.6241527810000775,6.234163113000136],[1.6239499960000785,6.234114314999999],[1.623706385000105,6.234066056000188],[1.6234991740000737,6.234019638000063],[1.6233009700000594,6.233967709000126],[1.6230653240000947,6.233919421000053],[1.6228361200001018,6.233851990000062],[1.6226413550000984,6.2337910590001115],[1.6224797190000118,6.233738528000117],[1.6222793930001558,6.233683058000111],[1.6220683500000064,6.233634091000056],[1.6218400790000373,6.233585382000058],[1.621625753000103,6.233558938000158],[1.6213863160000983,6.233517286000108],[1.621206468000139,6.233492258000126],[1.6209576810000499,6.233457380999994],[1.6207314830001565,6.233433264000041],[1.6205204110000864,6.2334126040001365],[1.6203201250000347,6.233391234000123],[1.6201191710001126,6.233379644000081],[1.6198942720000673,6.233355327000083],[1.6196972090000372,6.233328860000142],[1.6195205480000823,6.2333038190001275],[1.6193383510001809,6.2332808480000494],[1.6191361190001317,6.233257119000143],[1.6189117910000732,6.233225940000125],[1.618711094000048,6.233180444000084],[1.6184907890000204,6.233131705000062],[1.6182347049999635,6.233067482000024],[1.618053247999967,6.233029882000096],[1.6178616480001438,6.232986601000164],[1.6176616989999957,6.2329550190000305],[1.6174460890001114,6.232927079000035],[1.617265431000078,6.232896612000047],[1.6170722890000775,6.232866148000028],[1.6168570840001166,6.232833792000008],[1.6166018610000492,6.2327878180001335],[1.616419624000173,6.232755660000123],[1.61616137600015,6.23269830300012],[1.6159211650000316,6.232631854000033],[1.6157385740001473,6.2325777380001455],[1.6155382029999714,6.232523725000021],[1.6153517189999889,6.232489807999968],[1.6151290420001487,6.232441195000149],[1.6149180260001117,6.232388836000155],[1.6146955260001619,6.232341404000124],[1.6144712629999844,6.232301747000122],[1.614281010000127,6.232276397000021],[1.6140331680000486,6.23227571000001],[1.6139259920000768,6.232279067000036],[1.6137118730000566,6.232284277000133],[1.6134922860001097,6.2322777570001335],[1.6133162920000927,6.2322625290000815],[1.613024002999964,6.232244082000079],[1.612803984000152,6.23223109900016],[1.612639961000184,6.232224895000172],[1.6124236150000115,6.232206261000044],[1.6121927780000078,6.232188426000107],[1.6119774510000866,6.232162376000076],[1.6117816280001307,6.232138858999974],[1.6115748260000373,6.232102292000093],[1.6113702339999918,6.232062721000091],[1.6112000140001328,6.232023856000183],[1.611094084000058,6.231992178000041],[1.6108801560001211,6.231938092000178],[1.610691131000067,6.231912067000053],[1.6105730500001414,6.231895097000063],[1.6104056990000686,6.231873687000075],[1.6102584880000563,6.231853744000091],[1.610080898000092,6.23182424800018],[1.609884867000119,6.231774397000038],[1.6097079840001243,6.231730035999988],[1.6095575490000442,6.231695597000112],[1.6094168380000156,6.231658678000144],[1.6092292210000778,6.231608244000029],[1.6090221390001602,6.23155019100011],[1.6088509220001015,6.231501081000147],[1.6086535260001256,6.231445635],[1.6084637520000342,6.231391424000037],[1.6082523210000659,6.231325581000021],[1.608084156000075,6.231284460999973],[1.6078795010001272,6.2312337720001665],[1.6077013290001219,6.231193239000106],[1.6075110990000212,6.231150226000182],[1.6073362870001233,6.2311161870001115],[1.607171955000183,6.23109721000003],[1.6070242350000399,6.231061379000039],[1.6068420820001847,6.231027997000069],[1.6066756480000777,6.230993139000077],[1.6065300460001026,6.230966171000148],[1.6064952850001646,6.230275160000076],[1.6065556220000872,6.230227323999998],[1.6065994020001426,6.230164644000183],[1.606616894000183,6.230119838000178],[1.606643884000107,6.230038964000073],[1.6066508820001673,6.229961196000033],[1.6066577060000213,6.229882246000045],[1.6066752600000314,6.2297755050000205],[1.6066895920001798,6.2297077250000825],[1.606706218000113,6.229669583000145],[1.6067051050001169,6.229581949000021],[1.6067032610001206,6.229492976000188],[1.6066979750000314,6.229398733000096],[1.6066873590000341,6.22929902900006],[1.6066935240001499,6.229160433000118],[1.60670484700006,6.229054660000145],[1.606695539000043,6.228958381000098],[1.6066790520001746,6.228870958000073],[1.6066605490001393,6.228834162000055],[1.606656226000041,6.228822981000064],[1.6066386470001248,6.228781687000037],[1.606592929000044,6.2286995310001885],[1.606534661000012,6.228645449000112],[1.606420743000001,6.22861718900009],[1.6062524540000709,6.2285876990001725],[1.6060820899999726,6.228553211000133],[1.605910723000079,6.228538712000102],[1.6057494630001088,6.228515388000119],[1.6055453620001572,6.228484447000142],[1.6052967250001302,6.228445187000091],[1.605119208000076,6.228416162000087],[1.6049408860000653,6.228390651000041],[1.6047301550001407,6.228359772000033],[1.6046683800000778,6.228348083000071],[1.6045871320001197,6.228325148000181],[1.6044766810001079,6.228298767000069],[1.6043855430000349,6.2282415670001114],[1.6042986490000999,6.228171855000028],[1.6042000330001542,6.228128638000101],[1.6040447300001688,6.228106080000032],[1.6038722620000954,6.228080627000111],[1.6036714110001071,6.228060791000075],[1.6034913360000473,6.228046678000055],[1.6033087620000401,6.228030050000086],[1.6031467630000407,6.228016032000028],[1.6029722860000675,6.227996695000115],[1.602813936000132,6.227960822000057],[1.6026689670001133,6.227923839000141],[1.6023228360001553,6.2278399750001086],[1.6022191680000901,6.227818103000061],[1.602042213000118,6.227778591000174],[1.6018416210000623,6.227724848999969],[1.6017186280000715,6.227662438999971],[1.601586693999991,6.227557876000105],[1.60150942700011,6.227454739000052],[1.6013351740001553,6.227395939000132],[1.6011879100000215,6.227388097000187],[1.6009973170001786,6.227364006000073],[1.6007809720001092,6.227331096],[1.600563415000181,6.227291842000113],[1.6003231920000758,6.227251999000146],[1.6000352100000441,6.2272036080001385],[1.599717078000026,6.227140067000107],[1.5994791640000585,6.227088979000143],[1.599227496000026,6.227048977000038],[1.599002321000114,6.227022758999965],[1.5988193010001055,6.226947904000099],[1.5986690810000823,6.226875693000068],[1.5985296730000869,6.226799383000184],[1.5983586720000744,6.226732093999999],[1.5981325530000845,6.22666925600015],[1.5979212510000593,6.22661137200015],[1.5976279079999927,6.226551961000098],[1.5973467520000213,6.226478078000127],[1.5970832560000758,6.226410402000056],[1.5968475370000306,6.226358004000133],[1.5965629419999914,6.226293122000129],[1.5962912220001044,6.226225514000021],[1.596052517000146,6.226176240000029],[1.5958391850000453,6.226136813000039],[1.5956455750000487,6.226090693000117],[1.5954353170000672,6.226080783000043],[1.5952014230000486,6.226037051000162],[1.5950198190001288,6.2259806000001845],[1.5948922370000673,6.22591769200011],[1.594795116000114,6.2258292500001176],[1.5947047980000661,6.225727655000128],[1.594600102000129,6.22560265400017],[1.5945156450001718,6.225524339000174],[1.5943653390001487,6.225424807000138],[1.5942266590000713,6.225355156000148],[1.594080267000038,6.225296138000033],[1.593931997000027,6.225240556000074],[1.5938205530000005,6.225203926000063],[1.5936655660000838,6.2251888160000135],[1.5934982910001736,6.225182145000133],[1.5932944280000925,6.22515455000007],[1.5930979899999897,6.225119753999991],[1.5928695320001225,6.225082192000116],[1.5926835020001704,6.225047714000084],[1.5923627070000066,6.225003693000076],[1.5921385200000486,6.22498409200017],[1.5918828530001292,6.224963577000153],[1.5916365330001554,6.224941609000098],[1.5914082330000952,6.224931839000021],[1.5911916450000945,6.2249311350001335],[1.590880354000035,6.224913453000056],[1.5906549370001244,6.224880256000063],[1.5903059350000035,6.224828762000072],[1.5900940780001633,6.224809906000132],[1.5897801510000136,6.224783442000046],[1.5894786300000305,6.22474755200011],[1.5892042609999635,6.224712041000089],[1.5889537640001095,6.224688785000126],[1.5887151530000096,6.224641912999971],[1.5884470400001192,6.224602043000061],[1.5881432870001504,6.224552953000114],[1.5878372590000254,6.22450107200018],[1.5875600530000042,6.224453663000077],[1.5873029020001468,6.224414266000053],[1.5870035630001667,6.224364490000028],[1.5867723360001378,6.2243208250000635],[1.586557988000152,6.224278425000136],[1.586521634000178,6.224271234000128],[1.5862643739999953,6.224216856999988],[1.5860269369999855,6.224181412000178],[1.5857538890001592,6.224128035000092],[1.5854441670001052,6.224060279000184],[1.5852288940001245,6.224018489000116],[1.5849331520001897,6.223953639000058],[1.5846604440001784,6.22390432200018],[1.584412951000047,6.223856651000062],[1.5841554350000706,6.223796990000153],[1.5838501650000012,6.223743054000124],[1.583645203000117,6.223704500000167],[1.5833884909999938,6.223660922000079],[1.583146131000035,6.223629869000092],[1.5829103290000717,6.223584009000035],[1.5826755820000926,6.223550565000096],[1.5823920770001791,6.223503649000122],[1.582131529000094,6.2234628430001635],[1.5818770680000966,6.223425445000089],[1.5815713640000126,6.223384637000038],[1.58133306000002,6.223341585000071],[1.5810625930001265,6.223294819999978],[1.5808075820000909,6.223251944000026],[1.580596570000182,6.223224488000028],[1.58041754300001,6.223185290000174],[1.580182959000183,6.2231547220001175],[1.5799402060000602,6.223112118000188],[1.5797387400000957,6.223086324000178],[1.5795213440000566,6.223060584000166],[1.5793122630000767,6.223022910000054],[1.5790644110001608,6.222983517000102],[1.5789093030001027,6.222960439000133],[1.5788575490000767,6.22294646600011],[1.5787446250001835,6.2229194970001345],[1.5786148130001152,6.222896844000104],[1.5783615030001101,6.222868942000105],[1.5781601450001403,6.222838534000061],[1.5778620460000639,6.22279170500002],[1.577621297000121,6.222753627000088],[1.5774180000000797,6.222729810000146],[1.5770900690000644,6.222689549000108],[1.5768488920001005,6.2226539560001015],[1.576502678000054,6.222587267000165],[1.5762437860001342,6.2225432970000725],[1.57600170600017,6.222519455000054],[1.5757980939999925,6.222473916000126],[1.5754619869999829,6.22243226400002],[1.5752488500000368,6.222392315000036],[1.5749127980001276,6.2223385600000825],[1.5746588970001767,6.222295993000046],[1.5744394300000408,6.222245659000123],[1.5741670360000626,6.22220910700014],[1.5738781780001432,6.222193981000146],[1.573624822000113,6.222181806000094],[1.5733791300000348,6.222160459000008],[1.5731531079999854,6.222139201000061],[1.572943435000127,6.222106454000084],[1.572611233000032,6.222048230000041],[1.5723177730000657,6.22200043600003],[1.5720714920000205,6.22194483200002],[1.571762081000088,6.221895161000077],[1.5714634959999785,6.221853969000051],[1.5712257970001247,6.221809609000104],[1.5709496350000336,6.2217620310000825],[1.5707425970001054,6.221723795000116],[1.5704511029999821,6.221666021000146],[1.5702061710001658,6.221623026000032],[1.5699442520000844,6.221572993999985],[1.5696745640001382,6.221531425000023],[1.5693647810001607,6.221491728000046],[1.569108005999965,6.221442348000039],[1.5688037310001164,6.221389702000124],[1.568491156000107,6.221327701000064],[1.5682240360000037,6.221274848000007],[1.5679083180000362,6.221236314000009],[1.5676912359999733,6.221203749000097],[1.5674481400001241,6.221167725000157],[1.5671471600001041,6.221144318000086],[1.5668017650000365,6.221092009000074],[1.5665178570001785,6.221054824000134],[1.5662289890000807,6.221021794000023],[1.5658799900000417,6.220961337000119],[1.5655932170000142,6.22092096800003],[1.5653364270000907,6.22087860400012],[1.5650547930000585,6.220829938000179],[1.564794936000169,6.220786598000132],[1.5644815970000536,6.220737292000138],[1.5641375020001078,6.220684780000056],[1.5638635720000025,6.220636127000034],[1.5635306230000765,6.220588899000006],[1.5632958000001054,6.2205513450001035],[1.563034064000135,6.220511440999985],[1.5627772400000026,6.220468840000137],[1.562530736000042,6.220447372000137],[1.562320305000128,6.220421997000074],[1.5620259550001379,6.220369982000136],[1.561694252000109,6.220295468000188],[1.561442148000026,6.220236409000165],[1.5611196970000947,6.220177632000002],[1.5609031140000411,6.220143051999969],[1.5607011079999893,6.220101128000067],[1.56045177600015,6.220042849000151],[1.5602308970001104,6.219993696000074],[1.5599589809999657,6.219919331000028],[1.5596917570000528,6.219851493000135],[1.5594110110001225,6.219783820000089],[1.5591784230000485,6.219739872000048],[1.5588920750001876,6.219668471999967],[1.5586536760000627,6.2196193790001075],[1.5584392110001772,6.219559797000159],[1.55819284100005,6.219501782000066],[1.55790177800003,6.219441515000142],[1.5576882780001142,6.219386621000012],[1.5574054610000871,6.219328218000101],[1.5571102569999766,6.21926690000015],[1.5569030850001013,6.219208120000076],[1.5566698590001238,6.2191509670000755],[1.5563216970001008,6.21907828000019],[1.5561106270000664,6.219025426000087],[1.5558644530001402,6.218975846000035],[1.555613011000105,6.218931922000138],[1.5553753150001626,6.218873285000029],[1.5551468010000917,6.218810319000113],[1.5548805270000798,6.218768456000134],[1.5546093410000026,6.218700748000003],[1.5544518750001544,6.21866182399998],[1.5541432480000594,6.218597751000118],[1.553901446000168,6.218538300000091],[1.5536665970001877,6.218475593000164],[1.5533454850000794,6.218397252000159],[1.553147809000052,6.218341592000172],[1.5529324400000633,6.218279489000054],[1.552682503000085,6.21822783000016],[1.5524727450001592,6.2181730780000635],[1.5522848360001262,6.218138398000065],[1.5521240310000621,6.218100232999973],[1.551858956999979,6.218032542000174],[1.5516301199999702,6.2179780920001235],[1.5514084320001302,6.21790922800011],[1.5511297250000666,6.217832042999987],[1.550928327000065,6.2177692200000365],[1.5506843430001709,6.217695110000136],[1.550443184000187,6.217629267999996],[1.550214320000066,6.217563937000023],[1.5499842220000346,6.217476059000035],[1.5497763990001658,6.217405768000162],[1.5495434299999715,6.217339622000054],[1.5493391190000239,6.217275075000089],[1.5491411849999963,6.2172194540000305],[1.5489197260000651,6.217144990000065],[1.5486400430000913,6.217064810000011],[1.5484089740000968,6.216997161000052],[1.5481094750001034,6.216926589000025],[1.547843074000184,6.216867810000053],[1.5475971970001865,6.216818423000177],[1.5473096000000623,6.2167510830000765],[1.5470698700001435,6.216701951000118],[1.546851459000095,6.216655071000162],[1.5466213160001416,6.216597194000087],[1.5463629910000236,6.216548046000071],[1.546167738000122,6.2165050690001635],[1.5459507990000247,6.216430628000126],[1.5457105320001006,6.216374322000092],[1.5454455250001047,6.21633201700007],[1.5452637829999958,6.216270976999965],[1.5450074950001067,6.2161980500000595],[1.544766382000148,6.216136069000186],[1.544526057999974,6.216077595000172],[1.544195006000109,6.216010953000136],[1.543957991000127,6.215960430000109],[1.5437590870000122,6.215910763000011],[1.5434446380000395,6.215843236000012],[1.5432111260000738,6.215794830000107],[1.54300608799997,6.215743214000099],[1.5428065639999886,6.215701867000121],[1.5425588410001865,6.215661472000079],[1.5423520310001209,6.215628271000071],[1.5421607710001126,6.215596042000186],[1.5419037809999736,6.215546927000105],[1.5416950840000254,6.215513535000184],[1.5415348700001346,6.215461489000177],[1.5413822640001058,6.215349968000055],[1.541303252000148,6.2152492760000655],[1.5412513870000453,6.215134692000049],[1.5411760940000931,6.214950214000055],[1.5411024530001214,6.214830304999964],[1.5410178170000677,6.21473822500019],[1.5408569079999666,6.214670807000118],[1.5407015940000974,6.21464630000014],[1.5405484850001017,6.214624112000081],[1.5403380510001057,6.214595102000146],[1.5401010530000576,6.214571424000155],[1.5398682560000907,6.21453137200001],[1.5396688760000643,6.214519512000095],[1.5394279840000422,6.214496439000072],[1.5391813010001556,6.214455881999982],[1.538987546000044,6.214401544000111],[1.5388260350000564,6.214349699000024],[1.538689196000007,6.2142976520000275],[1.5385512940001718,6.214215293000052],[1.5385034500001211,6.2141366100000255],[1.5384812510001211,6.214017905000105],[1.5384670360000996,6.213858293000044],[1.538448183000071,6.213762048000149],[1.5384029750000536,6.213692147000131],[1.538371178000034,6.213674831000105],[1.5383579910000549,6.2136701050000624],[1.5382965410001361,6.213640944000076],[1.5381802190000826,6.2135893400000555],[1.5379625050000527,6.213529288000075],[1.5376861190000568,6.213449802000071],[1.5374598270000206,6.213407046999976],[1.5372234110001841,6.213380133000044],[1.536948384000084,6.21335969800009],[1.5367102510001587,6.213339097000073],[1.536456861000147,6.213323043000116],[1.5361947320000695,6.213316085000088],[1.5359934740001222,6.213307659999998],[1.5358006940001587,6.213275907000138],[1.5354940330000773,6.213241031000109],[1.5352814300001683,6.213195666000161],[1.5351260930000308,6.213140684000052],[1.5350178060000417,6.213075255000092],[1.534953976000054,6.212980187000028],[1.5349316310000631,6.21288545200008],[1.5349136260001046,6.212775287000113],[1.5349081880000313,6.212635357000067],[1.5349041020000413,6.212531256000091],[1.5348823640001683,6.212396033000175],[1.5347893430000568,6.212349277000044],[1.5346380500000123,6.212283992000039],[1.5344561650001651,6.212261191000039],[1.5342454760000805,6.2122268970000505],[1.5340055980001353,6.212192780000123],[1.5338053650001484,6.212171615999978],[1.5336033680000583,6.212143955000101],[1.533380184000066,6.212111358000186],[1.5332035580000252,6.2120935440000835],[1.5329931170001032,6.2120609040000545],[1.5327405170001498,6.212014490000115],[1.5325017830001002,6.2119809210001335],[1.5322553250001647,6.211925812000061],[1.5321018950000962,6.211878275000174],[1.5319143040001109,6.211802902000045],[1.531717153000045,6.211718613000073],[1.5316131210001345,6.21164429900017],[1.531496114000106,6.211580948000176],[1.531363069000065,6.211522264000109],[1.53126369600011,6.2114970540001195],[1.531169752000153,6.21146906600012],[1.5311126510001145,6.211447694000128],[1.530988642000068,6.211422922000054],[1.530847010000059,6.211392178000153],[1.5307437200000322,6.2113656400001105],[1.5306382610000924,6.2113370210001335],[1.5305542140001762,6.21131306000018],[1.5304335790000323,6.2112877630001435],[1.530335447000084,6.211260184000082],[1.5302265820000684,6.211240800999974],[1.530186527000069,6.211223314000051],[1.5301257920000921,6.211202506999996],[1.5300171040001374,6.211184306000007],[1.529846624000072,6.2111382049999975],[1.529700777000187,6.211096989000168],[1.5295272040000896,6.211067573000037],[1.5292777620001061,6.2110441300001185],[1.5290491879999877,6.211009224000122],[1.5288111370001047,6.21096417900003],[1.52851602100003,6.210926540000173],[1.5282523300001571,6.210882330000061],[1.5280124480000268,6.21083926100016],[1.5276848410001662,6.210783203000119],[1.5274593689999847,6.210735237000051],[1.527196760000038,6.21068045800007],[1.526941615000169,6.210632985000132],[1.5267119240000397,6.210594140000012],[1.5264945940000416,6.210561599000073],[1.5262316780001015,6.21052258900005],[1.5259955420000892,6.210488613999985],[1.5257467980001138,6.210446678000096],[1.5254754040000762,6.210416724000083],[1.5252312830000392,6.210395114000107],[1.5250759720000815,6.210370603999991],[1.5249431200001027,6.210354218000077],[1.524711855000021,6.210336901000176],[1.5245545269999639,6.210266746000116],[1.5243976750001593,6.210192647000099],[1.524277285000153,6.210111921000021],[1.5241652840000484,6.209985872000175],[1.5240431870001316,6.209915085999967],[1.5238811610000766,6.209863318000146],[1.523736235000115,6.209851465000156],[1.5235396090000108,6.20985271800015],[1.5232957700000043,6.209847270000068],[1.5230567280001424,6.20983478800008],[1.5228003750001449,6.209823784000093],[1.5225450160000946,6.209808754000051],[1.522301193999965,6.209782018000169],[1.522069803000079,6.209762059000013],[1.5218165420000105,6.209734368000113],[1.521546580000063,6.209701528999972],[1.5212792090000562,6.209673610000095],[1.5209163950000857,6.2096201109999924],[1.5206259550001846,6.209596012000077],[1.520444108000163,6.2095734430000675],[1.5201552340000717,6.209552730000041],[1.5199086900000793,6.209538025000143],[1.5197007340000823,6.20952918200004],[1.5194302040001162,6.20952642400016],[1.5192011690000982,6.209541897000122],[1.5189542870000992,6.209551673000021],[1.5187693430000309,6.209536840000112],[1.5185620070001278,6.20951967700006],[1.5183957190000683,6.209487435000028],[1.5183057460001237,6.209453992000022],[1.518186194000009,6.2093895830001316],[1.5180971380001438,6.209314151000115],[1.517990505000114,6.209250882000106],[1.517910549000021,6.209172346000173],[1.5178247000001193,6.209070292999968],[1.517756003000045,6.208987107000041],[1.5176703140001564,6.208921795000151],[1.5175828040000283,6.208876359000101],[1.5174805380000862,6.208856676000153],[1.5173255020000624,6.208858969000062],[1.517128411000158,6.208853519000172],[1.5169352090001667,6.208838516000071],[1.5167154220000043,6.2088269130001095],[1.5165456590000872,6.208817705000058],[1.5163010030000805,6.208803189000093],[1.5161477970000306,6.208803505000105],[1.5160210670000538,6.208790762000035],[1.5158379700000637,6.208738393000033],[1.5156584080001494,6.208707969000045],[1.5155759590001594,6.208678678000183],[1.5154904650000276,6.208636073000093],[1.515448263000053,6.208604164000064],[1.5153161960000716,6.208491387000038],[1.5151024390000316,6.208390078000093],[1.5149618130001272,6.208344661000183],[1.514900890000149,6.208338636999997],[1.5148208610000324,6.208322032000183],[1.5147294540001894,6.208296791999999],[1.514616900000135,6.20827580200006],[1.514516930000184,6.208260840999969],[1.5143944330000636,6.208237282000084],[1.5142644110001697,6.208209570000065],[1.5141187870000294,6.208187665000139],[1.5140154560000951,6.208171532000165],[1.5138947900000517,6.208174538000037],[1.5137409470000307,6.2081616490001466],[1.5136064899999724,6.208146960000079],[1.5134412110000994,6.208137540000166],[1.5132509310001296,6.208127886000057],[1.5130836369999656,6.208115634000137],[1.5128875710001353,6.2081117160001895],[1.5124935570000275,6.208098368000151],[1.51224998400005,6.208101823000163],[1.5120799590000615,6.20809797600009],[1.5117600410000591,6.2080970740000225],[1.5115688340001725,6.208097240000029],[1.5113612180000473,6.208092453000063],[1.5110929570001304,6.208103125999969],[1.51088631000016,6.208111975999998],[1.5106818980001435,6.208114433000105],[1.5104725970001596,6.208107247000044],[1.5102672920000941,6.208105488000172],[1.510061485000051,6.208096793000095],[1.5098361860001432,6.208089187000155],[1.5096894140000927,6.208086326],[1.5096262570000931,6.208100965000085],[1.5094832120000774,6.208099944000082],[1.509314905999986,6.208084461000112],[1.5091090280000117,6.208061021000162],[1.508891143000028,6.208033640999986],[1.5087341500000662,6.208006727000111],[1.5085998419999669,6.2079823390000115],[1.5084798220000266,6.207930820000115],[1.508398292000038,6.207859541000175],[1.5083337379999762,6.207777404000012],[1.5082471130000386,6.207675473000052],[1.5081851010000378,6.20757117200003],[1.5081178940000655,6.207472999000174],[1.5080304070000352,6.207415222000066],[1.5079317230000697,6.207373212000164],[1.5078412270000285,6.207345169000064],[1.5077009050001493,6.207332116000146],[1.5075453960001255,6.207324079000102],[1.5073987260000763,6.207312978000175],[1.5071578990001626,6.207277788999988],[1.5069192810001368,6.207253867000134],[1.5066393260001405,6.207225233000088],[1.5062766050000391,6.207179450000126],[1.5059788210000988,6.207152373000099],[1.5055840350001404,6.207119548000151],[1.5052731430001813,6.207106116000091],[1.5049770609999769,6.207088690999967],[1.5046631340000545,6.207065570000111],[1.5044241210000564,6.207049690000019],[1.5041464710000128,6.207043676000069],[1.503940503000024,6.207032101000095],[1.5036855130000504,6.207017732000054],[1.5034621070000753,6.207004993000169],[1.503304134000075,6.2069946770000115],[1.503012879000039,6.20694723500003],[1.502592203000006,6.206861827000068],[1.502295687000185,6.206843260000028],[1.5020151030000761,6.206819316000178],[1.5016929970000774,6.206800123999983],[1.50140778399998,6.2067807690000905],[1.5011132650000718,6.206772050000154],[1.5007880400000317,6.206744392000189],[1.5003929460000336,6.206698791000065],[1.5000571120001496,6.206644478999976],[1.5000000100000648,6.206633320000037],[1.4996949220000033,6.206573697000181],[1.4992903510000133,6.206503687000065],[1.499077567000029,6.206444550000072],[1.4987564330000964,6.206362317000128],[1.4983752229999823,6.206236919000048],[1.4980152460001364,6.206143541000131],[1.4977446300001134,6.206081284000049],[1.4974338980001676,6.20599042300006],[1.4970575060001465,6.205917005000003],[1.49674006500004,6.205850646000158],[1.4963147890000528,6.205766431000029],[1.4960076140001206,6.205713716000162],[1.4956650090001062,6.205672789000062],[1.4954085300001339,6.205635912000105],[1.495029701000135,6.205585365000104],[1.4946571820001395,6.205509411000037],[1.494477250000159,6.205476678000082],[1.4942244940000364,6.205430698000043],[1.493842845000131,6.205366560000073],[1.4934903730000997,6.2053039420000005],[1.492847002000076,6.2051819710001155],[1.4924799689999872,6.20510540500004],[1.4920981330000131,6.2050275090001605],[1.4916926810000746,6.204971175000082],[1.491322552999975,6.204888075000156],[1.4909065420001184,6.204803628000036],[1.490622098000017,6.204728760000023],[1.4901579870000887,6.204628072000048],[1.48984418800012,6.204555824000124],[1.4894680940001308,6.204468327000086],[1.489238096000065,6.204413068000008],[1.4890101390001291,6.204371521000041],[1.4886438970000313,6.204284188000031],[1.4883896420000724,6.20422833900011],[1.4881708690001574,6.204182464000155],[1.4878619180000783,6.204124943000068],[1.4875225870001714,6.204054235000115],[1.487275812000064,6.204012946000148],[1.4870033110000236,6.203964764000034],[1.4867642240000123,6.203901965999989],[1.4864509310001495,6.203845601000069],[1.486231748000023,6.203823734000139],[1.4860256200000208,6.203809275000083],[1.4857763810001074,6.203794248000179],[1.4854691690001118,6.2037751550000735],[1.485164492000024,6.20373027200003],[1.4849098860000822,6.203686327000014],[1.4846571410000706,6.203631694000023],[1.4843351290000442,6.2035488640000835],[1.483997893000037,6.203470816000049],[1.483803233000117,6.203415636000102],[1.4835027500001843,6.203322210000181],[1.4832390470001542,6.203238557000077],[1.4829675470000439,6.203138217000173],[1.4827512230000934,6.203044553000041],[1.4825222920000556,6.202985740000031],[1.4823156770000878,6.202919836000092],[1.4821107220001295,6.20284545200019],[1.4818636150001794,6.202766238000038],[1.4815812479999977,6.2026678250001055],[1.481283926000117,6.202577777000158],[1.4810035160001576,6.202537109000161],[1.4808253990000821,6.202493148000144],[1.4805901370001493,6.202429270000039],[1.4803412669999716,6.202357828000174],[1.4801030930000252,6.202277954000124],[1.4798224300001266,6.2021891920000485],[1.479550296000184,6.202141676000053],[1.4792748140001208,6.202091293000024],[1.4790939929999922,6.2020380760001785],[1.4788520170000652,6.201989752000088],[1.4785702360001096,6.20192559100019],[1.4782876410000654,6.201847045000079],[1.4779576110001358,6.201776341000084],[1.4777055190000397,6.201733214000171],[1.4774664560000588,6.201686613000106],[1.4772177220000913,6.2016499780000345],[1.4769598230001861,6.201610653000046],[1.4766705320001279,6.201540643000101],[1.4763794220000364,6.201499455000089],[1.476102631000117,6.2014366970000765],[1.4758967440000674,6.20139172100005],[1.4756526830000212,6.2013543609999715],[1.4753529250000952,6.201272913000025],[1.4750554640000928,6.201196188000154],[1.47481371300006,6.201147585000115],[1.4746214500000292,6.201051396000082],[1.4744769120001706,6.200995694000085],[1.4742414690001624,6.200884192999979],[1.473924347000036,6.2007735110000795],[1.4736549680000053,6.200682028000074],[1.4734407710001278,6.200600851000161],[1.473211277000189,6.200515032999988],[1.4729825520001327,6.200425467000059],[1.4727820700001075,6.200352563000081],[1.472515352000073,6.2002664720001235],[1.4723195740000392,6.20019840100008],[1.4720491690001154,6.200119654000048],[1.4717505570001208,6.200053023000123],[1.4714901000001532,6.19998579300011],[1.4712453980001214,6.199926279000124],[1.4709443489999785,6.199853979000181],[1.4707200640000337,6.199803149000047],[1.4704964070000415,6.1997476250001],[1.4702447540001344,6.199691366000138],[1.4699473960000091,6.1996349390000205],[1.469678346000137,6.199572428000067],[1.4693817460001242,6.1994996789999846],[1.4690784050001753,6.199417333000099],[1.4688172770000278,6.199336662000121],[1.468537612000091,6.19925814200019],[1.4682806240001582,6.199192792000133],[1.467957856000055,6.199131599000111],[1.467645553000068,6.199072894000153],[1.467346604000113,6.198987931000147],[1.4670151530001476,6.198914782000031],[1.466769389000092,6.198844546000089],[1.4665160810000657,6.19875395400004],[1.466254979000155,6.198684163000053],[1.4659992130000887,6.198571701000162],[1.4657962950001888,6.198507395000149],[1.465488713000127,6.198446507000085],[1.4651906180000651,6.198385112999972],[1.464952222000079,6.1983483210001395],[1.4646919220000427,6.19828034000011],[1.4644147770001155,6.198183045000121],[1.4641736860001515,6.198112083000126],[1.4639107900000567,6.198044503000062],[1.4637029980000875,6.1979831310001146],[1.4633868160000816,6.197909063000054],[1.4630738100000826,6.197859899000036],[1.462796009000101,6.197784955999964],[1.4625252280001746,6.197721502000036],[1.4622462650000898,6.197638758000153],[1.4620233390001545,6.197575621000169],[1.4617366610000317,6.1975177760000975],[1.4614705810000714,6.1974502060001555],[1.461152074000097,6.197351585000092],[1.4609188070000414,6.197293921000096],[1.4606110010001316,6.197195816999965],[1.4603574030001596,6.197128245000101],[1.460074246999966,6.197079771000176],[1.4598035860000778,6.19701532900018],[1.4595206189999885,6.196952071000055],[1.4591882880001208,6.196878329000185],[1.4589319890001207,6.196810450000157],[1.4586290780000581,6.196754154000132],[1.45838614600018,6.196686862999968],[1.4580905520000442,6.196613711000168],[1.4578723250000394,6.196574998000074],[1.45757386300005,6.196489713000176],[1.4572632680000197,6.196412115000157],[1.456952747000173,6.196329667999976],[1.4567247850001195,6.196252314000162],[1.4564649090001467,6.196201437000127],[1.4562212280001177,6.196154093000132],[1.4559454980000623,6.196075199000177],[1.4556235990001483,6.19601265600005],[1.4553265330000613,6.1959385220001195],[1.4550528360001067,6.195855442000038],[1.4547650469999667,6.195816875000105],[1.4545491080001511,6.195764985999972],[1.454305131000126,6.195694227999979],[1.4539810410001337,6.195627669000089],[1.45368136400009,6.195584173000043],[1.4533729950001089,6.195539364000183],[1.4530737450000402,6.195493382000109],[1.4528376510000385,6.195447038000168],[1.4524979900000972,6.195391844000028],[1.452219062000097,6.195314654000015],[1.4519554500001277,6.195235087000128],[1.4517516550000664,6.195179138000185],[1.4515240600001675,6.195154210999988],[1.4512714170001004,6.195130508000091],[1.4510549800000376,6.195094900000129],[1.4508001070000205,6.195057999000028],[1.450534609999977,6.195015730000023],[1.4502310660000717,6.194983715000092],[1.4498875280000902,6.194950648000145],[1.4496903750000456,6.194935753000038],[1.4493088430000967,6.194920427],[1.44912911300014,6.194908393999981],[1.4488563850001128,6.194876437000119],[1.4485638940001877,6.194847302000085],[1.4483076370000276,6.194788604000053],[1.4480546250000543,6.194717793000109],[1.4478038980001884,6.1946248590001005],[1.4476163460001317,6.194547766000028],[1.4473374550000244,6.194470809000109],[1.4470682770001417,6.194416292000142],[1.446864524000091,6.1943552550001755],[1.4466297350001014,6.194289115000174],[1.4463678860001892,6.1942445860001385],[1.4461191730001133,6.1941687540000885],[1.4458453600001349,6.194086655000149],[1.4456199600001582,6.194037200000025],[1.4452936380001233,6.193939542000123],[1.4450724000001287,6.193878796999968],[1.4448252530000332,6.193820620000054],[1.4446076030001223,6.193746500000145],[1.4443565170001307,6.193647575000057],[1.444093991000102,6.193557437000038],[1.4438487260001125,6.193467283000018],[1.4436177480000083,6.19336427200011],[1.4434244030001082,6.1932892850000485],[1.4431876340001395,6.1932348180000645],[1.4429425020001077,6.193179472000111],[1.4426800900000671,6.193145429000083],[1.4424326560000509,6.193142440000088],[1.4421776640000417,6.193135061000078],[1.4419201249999674,6.193126626000037],[1.4416382810001096,6.193119056000114],[1.4414553900001579,6.193094691000113],[1.4412474950000842,6.19306114200009],[1.4409559980000495,6.193019032000166],[1.4406692800001224,6.192962636000118],[1.440446229000088,6.1929253900000845],[1.4401708400001212,6.19287908900003],[1.4399667069999964,6.192810128000133],[1.4397483870000656,6.192760055000122],[1.4395230370000718,6.192709138000112],[1.439304077000088,6.192636913000058],[1.4390735069999891,6.192566972000066],[1.4387655750001045,6.192500079000126],[1.4385078440001848,6.192431446000057],[1.438207709000153,6.192366972000059],[1.4379653270001427,6.192324742000096],[1.4377405720001093,6.192268894000108],[1.4374841050001237,6.192199824000056],[1.4372611320000601,6.192143459000135],[1.4369176450001646,6.1920482170000355],[1.4366586870000333,6.191942769000036],[1.436344722000058,6.191856734999988],[1.4360902650000753,6.191758329000038],[1.4358786589999681,6.1916837530000635],[1.435622075000083,6.191601399000035],[1.4353858850000734,6.191511527000046],[1.4351291740000534,6.191426532000037],[1.434818162000056,6.1913371370001755],[1.4346050970001443,6.191259885000022],[1.4343276920001813,6.191150041000185],[1.4340437250000377,6.19106927100006],[1.4338096170000085,6.191011244000151],[1.4336387990001072,6.190959126000109],[1.433415653000111,6.190887305999979],[1.4331752400000255,6.1907976060000465],[1.4330378040000369,6.190739585000131],[1.432825315000116,6.190664420000019],[1.4326400350000768,6.190609706000146],[1.4324706930000843,6.190581786000109],[1.432310179000126,6.190538227000161],[1.432123668000088,6.190526998000053],[1.4319659020001723,6.190519776000144],[1.4317566440000746,6.1905091710000875],[1.431537761000186,6.190483853000103],[1.4313660480000863,6.190456059000098],[1.4311514970000303,6.190402738000046],[1.4309327060001351,6.190342337000118],[1.4306917550001685,6.190274003000127],[1.4305108060000293,6.190219826000032],[1.43029891000009,6.190154001000167],[1.430120231000103,6.190093667000156],[1.4299070610000513,6.190015704000189],[1.4297069550000288,6.189934506000043],[1.4294959910001808,6.189844592000043],[1.4292637240000658,6.18975072500001],[1.4290708420000442,6.189664537000169],[1.4289045900001724,6.189587764000123],[1.4287357790001352,6.18951163100013],[1.4285270090001063,6.189434679000158],[1.4283080650001239,6.189375025000004],[1.428045953000094,6.189303683000162],[1.427773403000117,6.189240731000098],[1.4275652379999997,6.189185694000059],[1.4273714000001405,6.189112714999965],[1.4271564390000435,6.189045913000143],[1.426911812000128,6.18897427800016],[1.4266829240000334,6.188888835000114],[1.4264775250001662,6.188816680000116],[1.4262061590001167,6.188749191000113],[1.4260944930001074,6.188701927000125],[1.425880521000181,6.188616252000031],[1.4258129390000818,6.188592723000113],[1.4255923660000462,6.188509619000172],[1.4253900350000777,6.188461658000051],[1.4251900040001146,6.188427369000124],[1.4249889110001277,6.1883913100001],[1.4247564510000643,6.1883782540000425],[1.4245370130000197,6.188343829000132],[1.424333797000088,6.188295280000148],[1.4241289000000847,6.188253280000026],[1.4238750150001351,6.188228306000099],[1.4236710860000699,6.1882231620000425],[1.423473830999967,6.188221818000102],[1.4232263480001848,6.1882256020000455],[1.4229315470000756,6.18822728900011],[1.42271583400003,6.188232194000079],[1.422434274000011,6.188217558000076],[1.4221871579999856,6.188207740000166],[1.4219223110000598,6.188173340000162],[1.4216641460000687,6.188146370000084],[1.4214776880000954,6.188105138000026],[1.4212709020000602,6.188053997000168],[1.4210743390000289,6.188007318000075],[1.4208187770000222,6.187960353000051],[1.4205604720000906,6.187894948000064],[1.4203234959999804,6.1878301059999785],[1.4200623470001688,6.187754500000153],[1.4198809899999674,6.1876725690000285],[1.4197172249999994,6.187614274000111],[1.4194506940000906,6.187539986000161],[1.4192687280001337,6.18747895000007],[1.4190129570001773,6.187393076999967],[1.4187580090000438,6.187296676000074],[1.4185728200001222,6.187249684000108],[1.4183168910001314,6.187193100000059],[1.4181207470001027,6.187117090000186],[1.417900816000099,6.1870561349999775],[1.4176857130001395,6.186993706000067],[1.4174138480001375,6.186910328000124],[1.4171507870001392,6.186846868000032],[1.4169283420001193,6.186776144000021],[1.4166935890001469,6.186683384000162],[1.416519021000056,6.1866095909999785],[1.416334673000108,6.18653610500013],[1.4161707370000158,6.186448087000144],[1.4159647740001446,6.186339980000184],[1.4157781940001541,6.1862443470001836],[1.4155677570000762,6.186140077000061],[1.4153467410000644,6.186043252000104],[1.4151142660001028,6.185962231000076],[1.414915717000099,6.185886109000023],[1.4147182610001323,6.185826265000003],[1.4144614290000277,6.1857528890001845],[1.4142497360001585,6.185690172000022],[1.414066668000089,6.185623501000123],[1.4138717160001306,6.185560849000069],[1.4136715860001345,6.185497307000162],[1.4134488760001318,6.185431944000186],[1.41316676800011,6.185365390000186],[1.4128683840000917,6.18528225100016],[1.4126429160000953,6.185214412000107],[1.4124281640000618,6.185145398000088],[1.4122120550000545,6.185074414999974],[1.4119632060001663,6.184993997000106],[1.4116962329999865,6.184929207000039],[1.4114693730000454,6.184887706000097],[1.4112358300001802,6.18483877500006],[1.4109752830000275,6.184790402000033],[1.4107044940001288,6.184730315000138],[1.4104918520001206,6.1846379950001165],[1.4102792600000953,6.184544217000166],[1.4100417420001463,6.18448284100009],[1.4098374330000638,6.184446550000189],[1.4096112790001598,6.184395506000044],[1.4093985550001662,6.184350845000154],[1.4091376950000267,6.184309292000023],[1.4088981850001119,6.1842702340001665],[1.4086165410000717,6.184201429000041],[1.4083841970000321,6.184146265000095],[1.4081371780001177,6.184078139000178],[1.4078880870000603,6.18400501300016],[1.4075726200001668,6.183937338000135],[1.4073533440001142,6.183873617000131],[1.4071104249999848,6.183811628000058],[1.4068160960000569,6.183721811000169],[1.4065435000000548,6.183642411000164],[1.4063110940000456,6.18356718300015],[1.4060817790001465,6.183503808000182],[1.4058905420000656,6.183444690000044],[1.405597314000147,6.18335155799997],[1.4053143090000617,6.183277158000067],[1.4050763060001827,6.183207149000054],[1.404775142000119,6.183110652000153],[1.404514828999993,6.183042408000176],[1.4042898700001274,6.182976181000129],[1.4040486610001608,6.182904251000025],[1.4038057380000168,6.182847581000146],[1.4035420070001692,6.182775997000078],[1.403346547000126,6.182717049000189],[1.4031547110000702,6.182668181000054],[1.4029507870000657,6.18260232199998],[1.4026851150001107,6.182514107999964],[1.4024119910001218,6.182445431000076],[1.4022791480000478,6.182402171000035],[1.4021696160000374,6.182371020000062],[1.4019647220001161,6.182296845000053],[1.4017682150001178,6.182164775000103],[1.4015514980000603,6.182045030000097],[1.4013270700001499,6.181921641000088],[1.4011206870000024,6.181839233000176],[1.4009034120000479,6.181794307000189],[1.4006213710001134,6.181747811000093],[1.4003566170000568,6.181674692000172],[1.4001511120001737,6.181621411000094],[1.3997868460000404,6.18153807900012],[1.3996375280001416,6.181489392000117],[1.399338790999991,6.181423474000155],[1.3991192020000653,6.1813808410000775],[1.3988971390000415,6.181323355000131],[1.3986450649999824,6.181276567000168],[1.3983569350001517,6.181231981000053],[1.3980522090001273,6.181174005000059],[1.397809326000015,6.181126516999996],[1.3975826240001084,6.1811074790000475],[1.3973593690001849,6.181074121000108],[1.3971146750000116,6.181044812000096],[1.3968169770000713,6.181001950000109],[1.3965834580000092,6.180945996000105],[1.3963483140001358,6.180898760000105],[1.3960483070000578,6.180852870000024],[1.39584160600009,6.180805821000149],[1.395592704000137,6.180760716000009],[1.3953598970001622,6.180736335000063],[1.3951325289999659,6.180698535000147],[1.3949059060001332,6.180637159000014],[1.3946188490000964,6.1805836980001345],[1.3944530270000541,6.180524023999965],[1.3942529250000462,6.180462407000107],[1.394070736000117,6.180406962000063],[1.393812156000081,6.180330706000177],[1.3936248270001101,6.180260337000107],[1.393320238000058,6.18013897100019],[1.3930487670000389,6.180049234000137],[1.3928396200000748,6.179960720999986],[1.3926110550000885,6.179859497000166],[1.3923627420000457,6.179782617000001],[1.3921415050000974,6.17969138300009],[1.391909604000034,6.179599866000103],[1.3917563380001639,6.1795263940000495],[1.391596160000006,6.179451091000146],[1.3914621810000654,6.179401959000131],[1.3912086140001065,6.179375473999983],[1.390998962000026,6.179355000999976],[1.3907214000001318,6.17935109900003],[1.3905083760000707,6.1793400960000895],[1.3903284240001312,6.179301474999988],[1.390122859000087,6.179265615000077],[1.389843510000162,6.179197898000041],[1.3896469910001201,6.179128226000159],[1.3894259610001427,6.179043730999979],[1.389145676000112,6.1789447170001495],[1.3889706410001281,6.178851641999984],[1.3888319500001103,6.178785101000074],[1.3886167260000661,6.178687855000021],[1.3883723560001044,6.178608911000083],[1.3881383010000263,6.178536834000056],[1.387926766000021,6.178478680000069],[1.3877057610001202,6.178451500000108],[1.3874913670001092,6.178408059000162],[1.3872122270001341,6.178356029000099],[1.3870743690000609,6.178329022000071],[1.3868016430000694,6.178280835000123],[1.3864854830000581,6.178217370000084],[1.3863151730001277,6.17817749600016],[1.385993242999973,6.178127018000055],[1.385786840000037,6.178080161000025],[1.3856155230001832,6.178031736000037],[1.385459082000125,6.177996726000117],[1.385302639000031,6.177961716000084],[1.3851789280001867,6.17792090800009],[1.3849130900000546,6.177840453999977],[1.3846528000000262,6.177779454000074],[1.384409551000033,6.1776901779999775],[1.3842101470000898,6.17760644100008],[1.3840142980001247,6.177518041000042],[1.3838246380000783,6.177456980000045],[1.3835516630001052,6.177366022000172],[1.38331294600016,6.177275075000011],[1.3830931220001048,6.177233056000034],[1.3830592980001484,6.177226590000032],[1.3828272160001234,6.177176698000153],[1.382645344000025,6.177137646999995],[1.3824706490000267,6.177095066000163],[1.3822466110001415,6.177034978000165],[1.3820451150001531,6.176967528000091],[1.3819994940000129,6.176947645000098],[1.3818662210001094,6.176889560000177],[1.3816846110000256,6.176812981000182],[1.3814676080000936,6.176762687000064],[1.3812542780000285,6.176729961000035],[1.381083500000102,6.176697657000034],[1.3809091320000562,6.176646559000062],[1.3806805070000792,6.176585972000112],[1.3804270060001045,6.176509892000013],[1.3801851790000796,6.176428375000114],[1.3799587409999958,6.176362854000104],[1.3797691930001292,6.176320396000165],[1.3795920950000777,6.176263434000077],[1.3793640160001246,6.176199376000113],[1.379130122000106,6.176158712000131],[1.3788829180001017,6.176119627000162],[1.3786372770001094,6.1760749790000204],[1.378368989000137,6.1760512530000256],[1.3781546290001643,6.176022315000125],[1.3779800430000932,6.175989389000051],[1.3777241950000416,6.1759475310001335],[1.377487378000069,6.175892567000005],[1.3772909960001698,6.1758202099999835],[1.3771441360000836,6.175761222000062],[1.3768897380000453,6.175686246999987],[1.3767186320000633,6.175653507000163],[1.3765104660000702,6.175637635999976],[1.3763666510001826,6.175633076000167],[1.376204100000109,6.175609653000095],[1.3760763710001243,6.175566806000177],[1.3758866480001757,6.1754999470000485],[1.3757358440001326,6.1754340710000974],[1.3755226260000768,6.175318129000118],[1.375332409000066,6.175183629000173],[1.3751862620001134,6.175063340000065],[1.3750488860001155,6.174994900999991],[1.3748892780000688,6.174932323000178],[1.3746675520001759,6.174875261000068],[1.3744583860001285,6.174845517000108],[1.3741882600001532,6.174796922000041],[1.3739843370000813,6.174750644000142],[1.373697972000059,6.174685700000111],[1.3735034220001694,6.174634585000035],[1.3733120530000065,6.17457451100006],[1.3730797889999735,6.17451085800019],[1.3728285480000864,6.174453531000154],[1.3725285250000638,6.1743413660000215],[1.3723039540001878,6.174241935000055],[1.3721198390001632,6.174173482000185],[1.37190637599997,6.174079102000178],[1.3716849860001616,6.173984983000139],[1.3714962010000704,6.173902984000165],[1.3713036670001202,6.173808264000172],[1.3711538140000812,6.173702334000097],[1.3709832730000926,6.1736269400000765],[1.3708455000001436,6.1735897590000945],[1.3706615750000992,6.173552959000062],[1.3704819080001016,6.1735072750001905],[1.3703302290000465,6.1734212190000335],[1.370205546000136,6.173377415000118],[1.3699478590000354,6.173324955000055],[1.3697643280000307,6.17328543300016],[1.3696082060000663,6.1732409390000385],[1.3694488100000513,6.173202996000157],[1.3692932150000274,6.173162048000165],[1.3690489399999706,6.173122989000035],[1.3688634590001811,6.173086429000023],[1.3685908380001024,6.173012098000186],[1.3683598540001753,6.172955258999991],[1.3681636370000092,6.172885778000023],[1.3680416830000581,6.17281567200007],[1.3678949530001887,6.17273610400008],[1.367719763000082,6.172718748000079],[1.3675015010001061,6.172724270000174],[1.3673287510000591,6.172675095000102],[1.3671586990001856,6.1726172790001215],[1.3670061120000696,6.172566190000055],[1.3668217270000014,6.1724530349999895],[1.3666199130000223,6.172333389000073],[1.3664599420001764,6.172214757000006],[1.3662887090001163,6.172091825000166],[1.3661407460000419,6.171986085000128],[1.3659454650001521,6.1718692970000575],[1.3657576380001615,6.171765139000115],[1.3655230690000053,6.171652019000021],[1.3653109410000752,6.171557672999995],[1.3651399770001262,6.171493710000107],[1.364934430000062,6.17139181400006],[1.3647121039999774,6.17128066700019],[1.364508583000088,6.17120312600008],[1.3642261420001205,6.171125236000023],[1.3640596610001126,6.171116445999985],[1.3638720460000968,6.171101256000156],[1.3635702980001838,6.171107861999985],[1.363304682999967,6.171069930000044],[1.3630560910000327,6.171010740000156],[1.3628405790001352,6.170982942000137],[1.3625944820000768,6.170917318000022],[1.3624102780001408,6.170846456000049],[1.3622467410000354,6.170766347999972],[1.362091740999972,6.170688301000041],[1.3619017970000868,6.170612768000069],[1.3616494860000898,6.170491029000061],[1.3614606880000792,6.170424992000164],[1.3612237520000008,6.170376327000156],[1.3609628250000014,6.170312759000012],[1.360788371000126,6.170259252000108],[1.3605860620000385,6.170197000000144],[1.3603837390000422,6.17013644299999],[1.3601753570000596,6.170060137000064],[1.3599854660000688,6.170024258000069],[1.3596163830001728,6.170008403000054],[1.3593739780000647,6.169999765000057],[1.3592329740001219,6.169996218000051],[1.3589918300000932,6.169978195000056],[1.3588005890001682,6.1699582440000995],[1.3586136450001618,6.169924327000047],[1.3584739240000658,6.169866888000172],[1.3583777490001694,6.1697968990001755],[1.358277753999971,6.169713717000036],[1.358150718000104,6.169654071000082],[1.3579978520000964,6.169624307000106],[1.3577684540001087,6.169587050000132],[1.357598158000087,6.169550795000021],[1.357373566000149,6.169477967000034],[1.3572218450000832,6.169402314000081],[1.357066633000045,6.169337119000147],[1.356848522000007,6.169204275000141],[1.356719284000178,6.169119093000006],[1.3566102790001082,6.169023521000099],[1.3565190420001159,6.168924228000151],[1.356440790000022,6.168840821000117],[1.3563083940001093,6.16875225900003],[1.356122755000115,6.168657434000124],[1.3559469210001112,6.168582130999994],[1.3557275610000943,6.16852663100002],[1.35556962600009,6.168459196000072],[1.3553900270000554,6.168387137000025],[1.3551924150000332,6.1683028730001865],[1.354942668000092,6.168212660000108],[1.354773691000048,6.16814596800009],[1.3545226210000578,6.168068293000147],[1.3542927560001203,6.168006440000056],[1.3541078720000996,6.167955997999968],[1.3538510490000704,6.167875344000038],[1.3536088020000534,6.167787355000144],[1.353287840000121,6.167705754000053],[1.3530458570000974,6.167635619000009],[1.3529032980001148,6.167576927000141],[1.352656958000125,6.167500696000161],[1.352432016000023,6.167425503000061],[1.3522721190000198,6.167362725000032],[1.352054960000089,6.167268429000046],[1.3517359760001568,6.167180476000112],[1.3515081560001363,6.167094845000065],[1.351323401000002,6.167023825000058],[1.3510986840000214,6.166948354999988],[1.3508294090000277,6.166841092000084],[1.3506843999999774,6.166778426000064],[1.3504677670001115,6.166710893000072],[1.3502524950000634,6.166640005999966],[1.350097106000078,6.166587896000124],[1.3499087960001361,6.166553703000034],[1.3496204200000648,6.1664822910000225],[1.349371887000018,6.1664163140001165],[1.3491542660000277,6.166356431000054],[1.3489665890000424,6.166294328000163],[1.3487617000000682,6.166253997000126],[1.3485427790001836,6.166208585000106],[1.3482441470001731,6.16614142100002],[1.3480439860000502,6.166093586000102],[1.3478360730001668,6.16602397600019],[1.3476958940000259,6.165968784000029],[1.3475179480001884,6.1659078330000625],[1.3472784969999907,6.165822552000009],[1.3471399910001196,6.1657804020001095],[1.3469487400001867,6.165706760000035],[1.346852136000166,6.165685690000089],[1.3466314790001093,6.165653606000092],[1.3465237330000832,6.165659413000128],[1.3463231620000897,6.165662430000111],[1.3460844810001618,6.165660950000188],[1.3459120410001333,6.1656567060001635],[1.3456791380000936,6.165636918000132],[1.3454417550000812,6.165603072000181],[1.3451999720001027,6.165568213000029],[1.3449742830001696,6.165530862000082],[1.344748424000045,6.165487007000081],[1.344603022000058,6.165441330000135],[1.3444262390000858,6.165373910000028],[1.344277062000117,6.165295685000046],[1.3441197610001154,6.16512705700012],[1.3440330940001672,6.164994164000063],[1.3439270330001705,6.164873708000016],[1.343794422000144,6.164803316000075],[1.3436166020001679,6.164768222000021],[1.3434184150000306,6.164728304000107],[1.3431518730001812,6.164659068000049],[1.3429344450001395,6.164598670000032],[1.3426936199999773,6.164541654000118],[1.3424551900001802,6.164495391999992],[1.3422476970001185,6.164410722000127],[1.3420315200000914,6.164360529000135],[1.3418201000000067,6.1643173390000925],[1.3415608670001689,6.164265109000041],[1.3413472430000866,6.164210651000133],[1.3410339530000783,6.1641520420001825],[1.3407865480001533,6.164093626000181],[1.3406321660001481,6.164050065000026],[1.340363375000038,6.164012133000085],[1.3401509690000353,6.1640087580000795],[1.3399599530000614,6.164002794999988],[1.3397416390000672,6.163997191000078],[1.3395447420000437,6.1639856080000754],[1.3393175969999902,6.163954527000101],[1.3391211339999813,6.163902972000187],[1.3389810550000334,6.163844861000086],[1.3388447490001454,6.163754967000102],[1.338621260000025,6.16362875700014],[1.3384947310001394,6.163552826000171],[1.338340967000022,6.1634741010001335],[1.3381577670001548,6.1633348790001605],[1.337926557000003,6.163224617000083],[1.337727952000023,6.163158641000166],[1.337492822999991,6.163125651000087],[1.3373343600001135,6.163115371000117],[1.3371174110000084,6.163092142000096],[1.3368910060000303,6.163042806000078],[1.3366754120001474,6.162989378000077],[1.3364776500001199,6.162929076000069],[1.3362686720000738,6.162877283000171],[1.3360384890000887,6.162841833000073],[1.335855629999969,6.1628210620000345],[1.3356901450000578,6.162781396000128],[1.3355266110000343,6.162715549999973],[1.3353884290001474,6.162638038000182],[1.3352252830001703,6.162542627000164],[1.3350857770001312,6.1624365410000905],[1.3349356850001755,6.162334270000088],[1.3347815860001333,6.1622604340001885],[1.33461413800012,6.162225424000098],[1.3344615350000026,6.162195613000051],[1.3343327940000904,6.1621369540000615],[1.334172356000181,6.1620454760001735],[1.333984957000041,6.161917303000109],[1.333847268999989,6.161778769000023],[1.333745868000051,6.161618169000064],[1.3336110480000798,6.16150966400005],[1.3334607420000566,6.161420245000045],[1.3332907920000707,6.161332659000038],[1.3329830600001742,6.161191684000016],[1.3329694450000034,6.161171542000147],[1.3329083560000186,6.161146420000023],[1.3327442010000254,6.161088893000169],[1.3325494890000869,6.161045530000024],[1.3323451920001617,6.160996639000132],[1.3321311690000925,6.160964490000083],[1.3319271710001317,6.160933691000082],[1.331739715000083,6.160867680000024],[1.3315579920000573,6.160802715999978],[1.3313901710000664,6.160731245000022],[1.33116271800003,6.160651597000026],[1.3309609480000404,6.160569666000072],[1.3307158420001883,6.16048380400008],[1.330461741000022,6.160392805000129],[1.3302603510000495,6.160309847000178],[1.3299754290001147,6.160247323000135],[1.3298025620001113,6.160195497000132],[1.329574128000047,6.160118178000005],[1.3293467800000371,6.16003924000006],[1.3291320910001332,6.159970433000126],[1.3289123140001493,6.159894191000035],[1.3287125250000713,6.159823801000073],[1.3283229730001267,6.159716537000122],[1.3280930150001495,6.159671861000163],[1.327889366000079,6.159625528000106],[1.3276151660001005,6.159565454000131],[1.3274160450000636,6.159499555000082],[1.327256858000112,6.159441499000081],[1.327071973000045,6.1593784750000395],[1.326846569000054,6.159292946000164],[1.3266569680000657,6.159226783000065],[1.3265265790001877,6.159165959000006],[1.326483499000176,6.159144094000055],[1.32640738900011,6.159112592000156],[1.3262826220001784,6.159025262],[1.3261417810001603,6.15896557300016],[1.325949377000029,6.15891628900016],[1.3257890550000866,6.1588613110000665],[1.325646723000034,6.158816606000187],[1.3254969650000703,6.158755879000012],[1.3252595629999746,6.158661084000073],[1.3250893680000218,6.158562893000067],[1.3249177080000436,6.158499514000027],[1.324808942000118,6.158439452000039],[1.3247179060000462,6.158389704000001],[1.3244981270000267,6.158291546000044],[1.324447798000051,6.158269254000174],[1.3243878220000624,6.15822956500017],[1.324328618000152,6.1581913530000065],[1.3242299979999643,6.15815546000016],[1.3241424550001284,6.158112599999981],[1.324038751000046,6.1580712170000425],[1.3238994270000717,6.158008002000031],[1.3237242490001222,6.157921833000103],[1.323580652999965,6.157859269000085],[1.3234565300001009,6.157806692000065],[1.3233163730001252,6.157755098000109],[1.323165893000123,6.157695127000181],[1.322996898000099,6.157627541000124],[1.3228768140000966,6.157563145000097],[1.3227670210001747,6.157503629000132],[1.322614695000027,6.157431422000116],[1.3224908660001233,6.1573668670000075],[1.3222767910000925,6.157291089000125],[1.3221393040001885,6.1572288950001735],[1.321979112000065,6.15717911400003],[1.321834823000131,6.157128842000134],[1.3216689110000743,6.157067159000121],[1.3215368489999832,6.157008748000123],[1.3213902020000319,6.15695382500013],[1.3211958490000484,6.156885880000118],[1.3210391220001156,6.156814818999976],[1.3208423219999759,6.156727285000045],[1.3206796570001416,6.156639928000175],[1.320509316000141,6.1565614030001825],[1.3203900240000621,6.156490768000083],[1.320196079000084,6.156403579000084],[1.3200294890001487,6.15634086700004],[1.3198736270000495,6.156291824000164],[1.319763010000031,6.156269630000111],[1.319557546999988,6.156310067000163],[1.319453976000034,6.156338521000009],[1.3193372260001865,6.156348206000018],[1.3190991870001199,6.156293279000181],[1.318831796999973,6.156199797999989],[1.3185620630000585,6.156098391000057],[1.318282740000143,6.1559910250000485],[1.3179699810000898,6.155856700000015],[1.3176635470001656,6.155737188000103],[1.3173727220001297,6.155629165000107],[1.317115604000037,6.155538231000094],[1.3168401260001588,6.155437078000148],[1.3165662910001288,6.155320396999969],[1.3162784000000443,6.155216440000174],[1.3160278860000858,6.155101472000069],[1.3158064890001242,6.15498374800012],[1.3156131930001607,6.154904133000173],[1.3153975500001707,6.154841998000109],[1.3150478470000735,6.154802242000187],[1.3147481350001726,6.154761950000079],[1.31442400800006,6.154726947000086],[1.3141288010000949,6.154668776000165],[1.3141221660001179,6.154667469000117],[1.313760640000055,6.1546009540000455],[1.3134222010000371,6.15452498500008],[1.3130285109999704,6.154444332000082],[1.3126873060001003,6.154372908000028],[1.3123492400001737,6.154278637000118],[1.3120284270000298,6.1541903730001195],[1.3117857040001013,6.154089446],[1.3115141470000822,6.153988181000045],[1.3112476700001707,6.153886798000144],[1.3109169120001525,6.153777461000061],[1.3106016190000673,6.153703475000157],[1.3102451319999773,6.1536120810000625],[1.3098956570001405,6.153507553000111],[1.309510595000063,6.153394736000109],[1.3091812450001612,6.153293285000132],[1.308793618000152,6.1531926820000535],[1.3084719220000238,6.153080065000097],[1.3081012540000643,6.1529673060000505],[1.3077879680000706,6.1528583220001],[1.3074074690001112,6.152757411000039],[1.307058937000079,6.1526384330001065],[1.3066642630000729,6.152531811000188],[1.3063236440000878,6.15242077400012],[1.3059715550001556,6.152322627000103],[1.3056516250001664,6.15222296200011],[1.3052963590000672,6.152088320000189],[1.3050189710000382,6.151953257000116],[1.3049936510000748,6.1519409280000446],[1.3047192939999945,6.151794910000035],[1.3044572780000294,6.15168372300019],[1.3044315070001176,6.15167690800007],[1.3042722770000523,6.151609399000051],[1.3039494400001104,6.151513606000037],[1.3036140880000744,6.1514334890000555],[1.303306323000072,6.151358877000121],[1.3029533580000816,6.15128217299997],[1.3026104510000778,6.151219274000027],[1.3022921460000703,6.151151984000137],[1.3019091790001198,6.15108382599999],[1.3015768280000657,6.151000283000144],[1.301214046000041,6.150902010000095],[1.300910000000158,6.150809570000035],[1.3005198440001777,6.150704580000081],[1.3001847630000611,6.1505944970001],[1.2998981160000653,6.1504942490001895],[1.2995454460000246,6.150365376000082],[1.2992298990001245,6.1502722779999885],[1.2989051670001004,6.150168464000103],[1.2985814290001372,6.150066079999988],[1.298404924000181,6.150018114000147],[1.2982510290001414,6.149976291000144],[1.2979592010001397,6.149884590999989],[1.297664781000094,6.149787119000109],[1.2973744579999789,6.149669172000017],[1.2971227430000454,6.149528278999981],[1.2968324510001707,6.149383688000057],[1.2965586470000972,6.14923918900007],[1.2963108569999804,6.149133934000133],[1.2960898570000268,6.149044862000039],[1.2958241060001683,6.149019496000108],[1.2955278620001422,6.149012593000123],[1.2952749059999746,6.148972896000146],[1.2950532600001452,6.14891643499999],[1.2948575300001153,6.148832881000033],[1.2946434550000845,6.148705691000146],[1.2944156300001168,6.148550273000069],[1.2942160680001393,6.1484114340000815],[1.2940364940000109,6.148300701000039],[1.2939049870000758,6.148173477000171],[1.2937919900000452,6.148008074000074],[1.2936995920000527,6.147798917999978],[1.2936100129999772,6.147581002000095],[1.293521680000083,6.147398109000164],[1.293431853000186,6.147292866000043],[1.2933216740000262,6.14721917300011],[1.2931828750001841,6.14716402300013],[1.2927684769999814,6.146990335000169],[1.292764922000174,6.14698884500001],[1.292488189000096,6.1468804670001305],[1.292180419000033,6.146764494000024],[1.2918127410001716,6.146605780000073],[1.2914996669999823,6.146454222000102],[1.2911935060001838,6.146303568000064],[1.2909311720001142,6.146170712000128],[1.2906892240001753,6.14605560199999],[1.290501812000116,6.1459249950001436],[1.2904539590001605,6.145891979000055],[1.2904124610001304,6.145863347000159],[1.290332890000002,6.145643359000076],[1.2903115900000444,6.1453867750001905],[1.290301235000129,6.144269409999993],[1.290300709000121,6.144212589000176],[1.2902755440000533,6.141497387000072],[1.2902732960000662,6.141254834000165],[1.290264729000171,6.140330590000076],[1.290266158000179,6.13776685300013],[1.290266325999994,6.137464707000163],[1.2901448490001712,6.1374683570001025],[1.289732760999982,6.140296542999977],[1.289743494999982,6.1406798430001],[1.2897757220001154,6.141830711000125],[1.289727803000119,6.144825343999969],[1.289040623000119,6.1446895380001365],[1.2844883300001584,6.143546929000024],[1.2828775160000987,6.142379353000024],[1.282205395000176,6.142202106000184],[1.2814143019999733,6.14196910600009],[1.2811244039999679,6.1417973260000736],[1.2805635520001033,6.141217827000048],[1.2801009180000165,6.140594166000028],[1.2815039260001413,6.139216340000075],[1.2824738020000837,6.138233313000171],[1.2834165589999884,6.137282768000148],[1.2842393610000613,6.136442566000085],[1.2849699660000056,6.135682270000018],[1.28529251700013,6.135378067000033],[1.2855016080001178,6.135209762000045],[1.2857445060001282,6.135027766000064],[1.2860963800001173,6.134816199000056],[1.2864190039999812,6.134679989000176],[1.2867385230000536,6.134598804999996],[1.2870563890000994,6.134536185000172],[1.292016568000065,6.134075089000021],[1.2920287719999806,6.134057622000114],[1.2920368050000661,6.134029193000117],[1.2920369050000318,6.1340031410001075],[1.2920322600000986,6.133982473000174],[1.2920211820000986,6.133957273000021],[1.2920040350001614,6.133940036000126],[1.2864185770000631,6.134164066000039],[1.2852997490000462,6.134116092000113],[1.2838355950000278,6.13410522200013],[1.280590345000121,6.133916302000102],[1.278492154000162,6.133780997000031],[1.2769502490000377,6.133797006000009],[1.2752093240001159,6.133912921000103],[1.2748352500000806,6.13391891100008],[1.273871235000172,6.1339343459999895],[1.2723986460001129,6.133846091000066],[1.2709532920000584,6.133628748000149],[1.269836775000158,6.133407930000146],[1.268509131000087,6.133094687000096],[1.267636370000048,6.13300649100006],[1.2657628320001209,6.132917667000186],[1.2650494190001496,6.132883841000023],[1.2638526640001828,6.132815431999973],[1.2626061510001705,6.132723948000034],[1.2624400720001745,6.132705861999966],[1.2622645050001324,6.132679110000083],[1.2620426640001483,6.132649553000022],[1.261822013000085,6.132623486999989],[1.26162403800015,6.132587121000029],[1.2613669850001088,6.13255106500003],[1.261149205000038,6.132512021000025],[1.2609580900001447,6.132455075999985],[1.2607488180000246,6.1323955790001605],[1.2605196260000753,6.132330627000101],[1.2603505360001463,6.132270291000111],[1.2601704890000747,6.132205214000123],[1.2599453560001734,6.13214082200011],[1.2597177110000644,6.132064332000027],[1.2595130230001814,6.131978887000116],[1.2592790170000399,6.131898574000161],[1.2590384229999927,6.131808876000036],[1.2588576120000425,6.131737881999982],[1.2586275510001315,6.13166539700012],[1.2583650200001557,6.1315940250000835],[1.2581586820001576,6.131518500000141],[1.2579452180000317,6.131443281000031],[1.2577076700001157,6.131360430000029],[1.2575000200001796,6.131267418000164],[1.2572492350001312,6.131168848000186],[1.2570363140001746,6.131099591000009],[1.256840531000023,6.131023518000063],[1.2566384030000108,6.130950392000045],[1.2563743420001288,6.13086718500017],[1.2561409590000494,6.130766414999982],[1.2559351400000196,6.130688912999972],[1.2556689479999932,6.13060661500009],[1.2554525550001472,6.130507235000039],[1.255226733000086,6.130404901000134],[1.254986544000019,6.130320491000077],[1.2547366150000698,6.130212631000177],[1.2545169010001587,6.130110667999986],[1.2542875510000044,6.130042708000076],[1.2541191230001232,6.129950925000003],[1.2539300110000795,6.129893563000053],[1.253767522999965,6.129823683000154],[1.253600997000035,6.129755573000011],[1.2534358500001872,6.129687409999974],[1.2532792380001752,6.129616781000095],[1.253132206000089,6.129566599000043],[1.2529823660001398,6.1295162980000555],[1.252805361000128,6.129472553000085],[1.2526435800001536,6.129437340000095],[1.2525033430000008,6.129399769999964],[1.25229873100011,6.129368280000051],[1.2520466510000574,6.129334929000038],[1.2518237430001022,6.12931026300015],[1.2516333980000809,6.1292849320000755],[1.2514034570001513,6.129261020000058],[1.251208303000169,6.129246029000171],[1.251103070000056,6.129231824000101],[1.250864457000148,6.129199660000154],[1.2506705959999636,6.129179729000157],[1.2502914520000559,6.129091830000107],[1.2500998210001057,6.129056952000042],[1.2500008779999803,6.12903320300012],[1.249929927000096,6.129016173000139],[1.2497681890001786,6.12896553000013],[1.2495887640001797,6.128920182000115],[1.2493719920000217,6.128863636000062],[1.2491023300000847,6.128807054000163],[1.2489346390001401,6.128773530000046],[1.248905953000076,6.128769420000083],[1.2487704790000862,6.128751425000075],[1.2485601610000572,6.128689104000159],[1.248335250000025,6.128619056000048],[1.248073571000134,6.128542831000061],[1.2478080089999821,6.128465773000073],[1.2475444900001662,6.128372873000046],[1.2472799790000408,6.128278542000146],[1.2470004289999679,6.128186621000054],[1.2467424080000455,6.128085573000078],[1.2464362300000857,6.12800056500015],[1.2461381880001454,6.127903357999969],[1.245837048999988,6.127803522000079],[1.2455120210000814,6.127718208000147],[1.2452562760000205,6.127632576000167],[1.2449616940001533,6.127538625999989],[1.2446779940000852,6.12742560099997],[1.244378804000064,6.127339613000174],[1.2440517079999722,6.127262204000033],[1.243733096000085,6.127166450000118],[1.2433911030001354,6.1270720280001],[1.2430849780001267,6.1269928490000325],[1.2427609180001014,6.126921118999974],[1.2424671970000531,6.126869279000118],[1.2421719360000338,6.126804440000001],[1.2418788150000637,6.1267499060001],[1.2415370850000045,6.1266801950001195],[1.2412164900000562,6.126607281000133],[1.2408890090000568,6.12653135100004],[1.240536512999995,6.126453355000024],[1.240221365000025,6.126376508000135],[1.2398807330001205,6.126279701000044],[1.2395769380000843,6.126191627000026],[1.2392364990000715,6.126091275000078],[1.2389093670000193,6.125989104000041],[1.2385407859999873,6.125880556000141],[1.2382124530000738,6.1257938200000694],[1.237846907000062,6.1257009990001166],[1.237539358000106,6.125621646000013],[1.2371877590000508,6.125528975000066],[1.2368609940000965,6.125433036000061],[1.2365190370001642,6.125332063000144],[1.2362342830000443,6.12525079500017],[1.2358690680001132,6.125175195000111],[1.235593673000153,6.125114420000159],[1.2352808960001198,6.125033343000098],[1.234942521999983,6.12493957099997],[1.2345936720000736,6.124840023000104],[1.2342596470000444,6.12474932300006],[1.233890681000105,6.12464225399998],[1.2335464870000123,6.124534967000102],[1.2332293330001107,6.124437270999977],[1.2328611990001832,6.12433867499999],[1.232476990000123,6.124220741000045],[1.2320872519999853,6.124107456000161],[1.2317083330000287,6.123998239000059],[1.2313839880000614,6.123888246000149],[1.2310624930000245,6.12377299000002],[1.230734299000062,6.123671269000056],[1.2304303670001104,6.123556818000054],[1.2300707880001482,6.123458086000085],[1.2297188640001764,6.123358238000151],[1.2293642620001037,6.123247728000081],[1.2290823890001548,6.123138993000055],[1.2287546690000681,6.123025024000128],[1.2284564470000419,6.122901213000091],[1.2281501950001257,6.122771120000095],[1.2278873330000692,6.122665694000034],[1.2275971180001193,6.122530179000137],[1.2272489789999668,6.122353613000087],[1.2269547630001512,6.122208880000073],[1.226632233000089,6.122071874000142],[1.2262838530000408,6.1219287670000995],[1.2259587250001687,6.121820570000125],[1.225646524000183,6.121713202000137],[1.2253485870001555,6.121606387000043],[1.2250296750000302,6.121495734000064],[1.2247676970000043,6.121404610000184],[1.224422579000077,6.121282791000112],[1.2241148049999993,6.121182216000079],[1.2238174180001806,6.1210668770000325],[1.2235155980000627,6.12094918300005],[1.2232419770001002,6.120851121000101],[1.2229565260001891,6.120770928000127],[1.2227036820000308,6.120674643000086],[1.2224731760001646,6.12059699800011],[1.2222754050000617,6.120527168000024],[1.2221655650000116,6.120487847000049],[1.2218754020000802,6.120378255000048],[1.22155007300006,6.120282480000014],[1.2212898840001571,6.120166452000035],[1.2210007980000341,6.120047524000142],[1.2206782450000446,6.119922670000108],[1.2204268270000398,6.119800857000087],[1.2201292980000176,6.119679237000128],[1.2198076750001405,6.11951306900005],[1.2194758350000257,6.119385930000135],[1.2191845890001218,6.119264412000177],[1.2188851600001271,6.119164914000123],[1.2185479249999958,6.119057582000096],[1.2182246090000604,6.118962556999975],[1.2179078880000702,6.118862430000149],[1.2176680600001077,6.118781908000074],[1.2173330430000533,6.118678557000123],[1.2170372700001622,6.118584375000125],[1.216682124999977,6.118492431000163],[1.2163503360001755,6.118391215000145],[1.216101551000122,6.118325630000129],[1.2157399690000261,6.118226138000068],[1.2153984160000846,6.1181292770001505],[1.2150724850000643,6.118040634000181],[1.2146368920001578,6.117909725000118],[1.2142993820000925,6.117791000000125],[1.2140323810001519,6.11770581799999],[1.2137255410001444,6.117629812000132],[1.2134581120001258,6.117541448999987],[1.2131400470000244,6.1174504760000445],[1.2128478370000266,6.117325417000075],[1.2125272220000625,6.117207635000113],[1.2122116630001187,6.117097453000042],[1.2118998560001728,6.1169729430000075],[1.211567746000071,6.116850062000083],[1.2113323860000946,6.116755298000044],[1.2110195490000706,6.116604599000084],[1.210774395000044,6.116464898000174],[1.2105114790001608,6.116326769000011],[1.2102136440000777,6.1161746020001715],[1.209966179000162,6.1160405189999665],[1.2096831140000859,6.11592151200017],[1.2094190520001007,6.115810253999996],[1.2091445520001116,6.115717978000021],[1.208842111000024,6.115625173000069],[1.2085348810000482,6.115545041000189],[1.2082548910001378,6.11544642400014],[1.207891391999965,6.1153410169999916],[1.2076216030001206,6.11525243900013],[1.2072858220001308,6.115137559000061],[1.2070312530001388,6.115041860000019],[1.2068156010000735,6.114963810000177],[1.206703527000002,6.114915501000155],[1.2065851960001055,6.114875028000085],[1.2063872310001216,6.114817384000105],[1.2061312690000818,6.114730618000067],[1.2058276440001237,6.114624273000061],[1.2055393400000867,6.114522468000075],[1.2052378040001486,6.114410551000105],[1.2049989770000025,6.114311360000158],[1.2047403950001012,6.114225369000053],[1.2044271820000745,6.114097409000124],[1.2041239580000251,6.11397065400007],[1.2037864300001502,6.1138339390001875],[1.2034859210000945,6.1137169020000215],[1.2031970870001487,6.113600254000119],[1.2028959670001313,6.113484744000175],[1.2026197070001672,6.113389559000041],[1.2023197950000508,6.113289921000103],[1.2019959200001722,6.11319103400001],[1.2017162570000437,6.113104030000102],[1.2014021700000512,6.1130087250001],[1.2011011050000775,6.112914698000054],[1.200767110000072,6.1128150999999775],[1.2004622660001019,6.112711809000075],[1.1998802410001872,6.112421824000137],[1.1994687590000694,6.112216810000064],[1.1982706830000325,6.111816440000155],[1.198167134000073,6.111828891000016],[1.198164601000144,6.111832179000146],[1.198173934000124,6.119679407000149],[1.1981833280000274,6.127577843000154],[1.1981927230001475,6.135476276000077],[1.198476406999987,6.144554348000156],[1.1983599150001396,6.165898760000118],[1.198253887000078,6.1676915790000635],[1.1976652390000595,6.167894003000072],[1.1932354870001518,6.167865084000084],[1.1773969890001013,6.167806800000051],[1.1688422460000538,6.167775320000146],[1.141384845999994,6.167826134000052],[1.0849773099999993,6.167987425000035],[1.0831888650001247,6.167992539000068],[1.0824661760000822,6.16799493000002],[1.082442750000098,6.17005519200012],[1.0824335520000545,6.1708641040000884],[1.0824826610001423,6.1783060820001765],[1.082531771000106,6.185748058000058],[1.0824773720001417,6.1858289550000904],[1.0813654070000212,6.187482575000104],[1.0808014470001126,6.188207917999989],[1.0803039650001551,6.189043200000185],[1.0788308970001026,6.192078916000185],[1.0780843929999833,6.193844979000005],[1.0769711159999815,6.197065975999976],[1.0762074470001153,6.198411139000029],[1.0758341330001713,6.198953114000176],[1.0751772340000798,6.1998573640000245],[1.0737635420001652,6.201334951000149],[1.073181692000162,6.201824232000035],[1.072655931999975,6.202476434000005],[1.0720263050000653,6.203261090000126],[1.0706518709999955,6.205218448000039],[1.0663008639999703,6.211459636000086],[1.0658965410000292,6.212574196000105],[1.0655310520000398,6.214414103000024],[1.0652932309999983,6.21577563000011],[1.065082038000014,6.217066469999963],[1.064772843000128,6.2180700460000935],[1.0639802320001763,6.219848324000111],[1.0635609520001026,6.2206010710001465],[1.0625022820000822,6.222009324000055],[1.0564485420001688,6.228891330000124],[1.0542447300000504,6.230658715000118],[1.0534331020000423,6.2310471960001905],[1.0527402050000205,6.2313461170001005],[1.052251649000084,6.231464803000165],[1.050280143000009,6.231735384000103],[1.0479318780001563,6.232093028000008],[1.0417230540001583,6.23455038100002],[1.0391687630001343,6.2355613290000065],[1.0382305170001018,6.236001869000063],[1.0377344990001234,6.236272971000119],[1.0371667420001245,6.236665357000049],[1.0366121330001192,6.237088743000072],[1.0329290920001313,6.241314899000031],[1.032496655000159,6.241872228000034],[1.029843744000118,6.246841016000076],[1.027408029000128,6.251433206999991],[1.02732439600004,6.251870864000068],[1.0273296490000234,6.252320356000155],[1.0273672659999988,6.252756067000007],[1.0274018030001457,6.253017515000181],[1.0273782830001323,6.253233545000114],[1.0271998730001428,6.253712396000026],[1.0251699310000504,6.257988650000186],[1.024392032000037,6.259208199000113],[1.019532538000135,6.265500828000029],[1.017384034000031,6.267664232000129],[1.0164399060000733,6.269173362000117],[1.015647865000176,6.270921666000163],[1.0121114410001155,6.2823883240001805],[1.0112186230001612,6.286312791000057],[1.0101575830000797,6.291053864000048],[1.0094925250001552,6.29159656600018],[1.0086624360001224,6.292413329000169],[1.0077572619999842,6.293439279000154],[1.0074617740000917,6.293899108000119],[1.007144490000087,6.29446772100016],[1.0069957860000613,6.294914066000047],[1.006853279999973,6.295392502000027],[1.0060960570001498,6.300124898000092],[1.0049791139999797,6.307534960000169],[1.004655848000084,6.309679582000172],[1.0047039100001598,6.310481942000138],[1.004831404000015,6.312090975000103],[1.0050783220000312,6.313160630000084],[1.0053588419999642,6.313659028000075],[1.0059072980000678,6.3146771780001245],[1.0061559380000062,6.315337318000047],[1.007225559000176,6.319271247000188],[1.0073479560000465,6.319743970000161],[1.0074198370000431,6.320310641000049],[1.0074231820000819,6.320972662000031],[1.0068197260000602,6.326437745000021],[1.0056411800000546,6.33134456300013],[1.0048458779999692,6.333041580000099],[1.002860974999976,6.334934245000113],[0.9728524010000683,6.33482271400004],[0.9642913780000413,6.334804538000128],[0.9640011890001006,6.334803922000106],[0.9635689740001112,6.334802997000111],[0.9551499780000654,6.334784980000109],[0.9462987680000765,6.33476588700006],[0.9374475590000202,6.334746642000141],[0.9285963499999639,6.334727247000046],[0.9197451420000107,6.3347077010000135],[0.9108939340000575,6.3346880040001],[0.9020427270000368,6.334668156000021],[0.8931915210000625,6.334648157000061],[0.8903528530000244,6.339226445000179],[0.8896529630000032,6.340378800000053],[0.8894092630001182,6.340790736000031],[0.8890433440001289,6.34178753000009],[0.8886244300001067,6.343317277999972],[0.8884341420001647,6.344219028000168],[0.8884182389999751,6.3447917620001135],[0.8883934610000779,6.345327910000094],[0.8882977480000704,6.346864078000181],[0.8881715000001122,6.348226172000068],[0.8880654450001089,6.34870248500016],[0.8878846290000979,6.34914332000011],[0.8875015660000827,6.350044000000025],[0.8860681460001274,6.353116528000044],[0.8852644589999841,6.354312502000084],[0.8816006710000579,6.358372920000136],[0.8766872730001296,6.363618249000069],[0.8747244710000928,6.367046434000088],[0.874413554000057,6.367518985000061],[0.8741074390000563,6.36796556500002],[0.8731299260000469,6.369377468000096],[0.8728951430001075,6.369693316999985],[0.8717872540000258,6.370731439999986],[0.866219673000046,6.375626793000151],[0.8628102380001224,6.37859858500002],[0.8623882140000205,6.378923894000025],[0.8620199420000745,6.379094931000054],[0.8612152790000209,6.3794244600000525],[0.8594241970001804,6.380466745000035],[0.8586933299999941,6.381065905000014],[0.8584642900000858,6.381307342000014],[0.8564554640001347,6.384841859000176],[0.8553597290001562,6.386698836999983],[0.8464862410000933,6.391609949000099],[0.8407220470001562,6.395083901000135],[0.8349577750001345,6.398557789000108],[0.8272167940000941,6.400510322000116],[0.8194757530000629,6.402462737999997],[0.8117346540000767,6.404415036999978],[0.8040666470000133,6.406348773000104],[0.8039934960000892,6.4063672200001065],[0.7962522800001466,6.408319285000061],[0.7885110039999859,6.410271234000049],[0.7863609740001039,6.4183889150001505],[0.7842108760000315,6.426506584000094],[0.7820607100001098,6.434624242000098],[0.7755479960001708,6.436836340000127],[0.7690352249999819,6.439048354000022],[0.7625223980001579,6.441260286000102],[0.7560095140000271,6.443472134000103],[0.7487531920000379,6.4458753890000935],[0.7477599130000385,6.4533217110001715],[0.7467666059999942,6.460768029000064],[0.7457732690001535,6.46821434300017],[0.7447799040000973,6.475660652000101],[0.7437865090000741,6.483106958000008],[0.7422206870000423,6.483748934000005],[0.7403213590000632,6.484476031000042],[0.7380152650000582,6.485378149999974],[0.7269200010000532,6.490104370000097],[0.7220811330000743,6.4974519290000785],[0.7216414200000258,6.498184175000063],[0.7196017310000684,6.501794876000133],[0.7192165509999882,6.5025960979999695],[0.7190709510000488,6.50322438000012],[0.7189918070000658,6.5038328250000745],[0.7187750460001894,6.505927523000025],[0.71815004400014,6.512036298000169],[0.7180293590001838,6.513264682000056],[0.7179319110001074,6.514331186000163],[0.7178991080001538,6.514765780000062],[0.7178271440000685,6.515208419000032],[0.717660029000001,6.515998090000039],[0.7175418000001059,6.516457815000024],[0.718300000000113,6.516741999999965],[0.7188350000001265,6.517701000000102],[0.721501000000103,6.518837000000133],[0.7264170000000831,6.519702999999993],[0.7285270000000423,6.51929100000001],[0.7316170000000852,6.519726000000162],[0.7348430000000121,6.521287000000143],[0.7372270000001322,6.522423000000174],[0.7432660000000624,6.523715000000152],[0.7470530000000508,6.525700000000086],[0.7523870000001693,6.527270000000101],[0.7553400000000465,6.527002000000152],[0.7580140000001734,6.526311000000021],[0.7612500000000182,6.52562300000011],[0.763919000000044,6.526057000000094],[0.7681230000001165,6.528887000000168],[0.7727480000001492,6.532141000000081],[0.7783559999999738,6.53554000000014],[0.7854990000001862,6.541335000000174],[0.7915220000001,6.546282000000019],[0.7957340000000954,6.5506350000001135],[0.798388999999986,6.551093000000037],[0.800358000000017,6.550961000000086],[0.8034480000000599,6.5515360000000555],[0.8089330000000814,6.550998000000163],[0.8111790000000951,6.551711000000182],[0.8166570000000206,6.5527190000000815],[0.82021600000013,6.5540000000000305],[0.8235230000000229,6.55795100000006],[0.828339000000085,6.565766999999994],[0.8300240000000372,6.570401000000118],[0.8317700000000627,6.576359000000139],[0.832411000000036,6.578545000000133],[0.8328320000000531,6.584162000000049],[0.8331130000000257,6.587391000000025],[0.8354999999999677,6.596097000000043],[0.8370450000001028,6.598765000000185],[0.8399930000001063,6.607892000000049],[0.8413980000000265,6.61266599999999],[0.8429420000000505,6.615194000000088],[0.8453710000001138,6.619280000000117],[0.8468320000000062,6.621526000000131],[0.8498649999999657,6.624222000000088],[0.8531219999999848,6.627143000000046],[0.8549200000001065,6.629502000000173],[0.8576160000000641,6.635343000000091],[0.8611340000001633,6.64580200000006],[0.8615290000001323,6.646650000000079],[0.8615290000001323,6.646970000000067],[0.8613780000001157,6.647064],[0.8612280000000965,6.646989000000019],[0.861105000000066,6.646998000000053],[0.8610460000001581,6.647081000000185],[0.8609879999999634,6.647228000000098],[0.8609879999999634,6.647493000000168],[0.8610760000001392,6.647876000000053],[0.861400000000117,6.648524000000009],[0.8622240000000829,6.649819000000093],[0.863461000000143,6.6514980000000605],[0.8644039999999791,6.652587000000096],[0.8652870000000235,6.653795000000059],[0.8659049999999979,6.65479600000009],[0.8662000000001058,6.655503000000181],[0.8667600000000562,6.6595609999999965],[0.8671109999999658,6.663596999999982],[0.8685150000001727,6.6690390000001685],[0.8704460000000722,6.676586000000043],[0.8722010000001319,6.684133000000088],[0.8725520000000415,6.689926000000128],[0.8743070000001012,6.694664999999986],[0.8771160000000009,6.697824000000082],[0.8800999999999704,6.701510000000042],[0.8811360000000832,6.701635000000124],[0.8846560000000068,6.700552000000016],[0.8872920000001727,6.700783000000115],[0.8932190000001015,6.702126000000078],[0.9000800000000595,6.703014000000167],[0.9002360000001772,6.7054520000000934],[0.8997690000001057,6.712040000000002],[0.8997410000000627,6.718411000000117],[0.8995150000000649,6.720498000000134],[0.8995820000000663,6.7206420000001685],[0.9008110000001466,6.732226000000082],[0.9009860000000458,6.7434590000001435],[0.899407000000167,6.7606600000001436],[0.8973000000000866,6.769436000000098],[0.896983000000148,6.769987000000185],[0.9094280000001049,6.780837000000133],[0.91671400000007,6.785142000000178],[0.9235670000000482,6.789191000000187],[0.9373850000001198,6.800117000000057],[0.9515230000001793,6.807829000000083],[0.9611629999999991,6.811685000000068],[0.9640560000000846,6.817147000000091],[0.9632110000001717,6.821054000000061],[0.9614849999999819,6.829037000000142],[0.9614849999999819,6.841568999999993],[0.9601989999999887,6.8502450000000294],[0.9601989999999887,6.8558040000000915],[0.9623780000001716,6.856495000000052],[0.9763890000000401,6.8571039999999925],[0.9848960000001057,6.859611000000143],[0.9972500000001787,6.862133999999969],[1.0043929999999932,6.862439000000165],[1.0181230000000596,6.864692000000048],[1.0279979999999682,6.868853000000115],[1.033484000000044,6.8710720000000265],[1.0367860000000633,6.869987000000151],[1.0367190000001756,6.869355000000041],[1.0514340000000288,6.862687000000108],[1.056940000000111,6.86029300000007],[1.0600260000000503,6.858108000000129],[1.0640010000001325,6.853730000000098],[1.0686320000001501,6.850014000000101],[1.0708430000000817,6.846727000000101],[1.0790060000001631,6.839509000000078],[1.0924610000001849,6.827918000000125],[1.0951359999999681,6.818482000000074],[1.0976100000000315,6.816519000000028],[1.1047340000001213,6.809446000000094],[1.1218050000001654,6.808442000000184],[1.1220389999999725,6.80803300000008],[1.122214000000099,6.808042000000114],[1.1268360000000825,6.806302000000187],[1.132996999999989,6.804787999999974],[1.1371900000000323,6.800410000000113],[1.1380800000001159,6.7977760000001695],[1.1418310000001384,6.794056000000182],[1.1499680000001717,6.7929880000000935],[1.1587800000000925,6.787749000000076],[1.1620880000000398,6.784905000000094],[1.1627600000000484,6.781612000000166],[1.1656240000000366,6.779865000000029],[1.1693670000001362,6.778121000000112],[1.1698159999999689,6.775706000000184],[1.1737770000001433,6.774403000000177],[1.17884800000013,6.77024700000004],[1.1814920000000484,6.76871900000009],[1.1887470000001485,6.768087000000037],[1.1927170000001297,6.764366000000166],[1.1991110000001868,6.759117000000174],[1.2033020000000647,6.755177000000117],[1.2074970000000462,6.750139000000047],[1.2121250000001282,6.746641000000125],[1.215644000000168,6.745994000000053],[1.2195960000001378,6.747107000000142],[1.2259480000000735,6.753283000000124],[1.2300910000000158,6.762307000000135],[1.2362200000001735,6.769360000000177],[1.239731000000063,6.770911000000069],[1.2408340000000067,6.770036000000175],[1.2417160000001672,6.76916000000017],[1.2441500000001042,6.764774000000159],[1.2516340000001378,6.761725000000126],[1.2602170000000683,6.7586800000000835],[1.2674750000000472,6.757607000000121],[1.2743690000000356,6.756177000000093],[1.2751700000000596,6.756010000000117],[1.275667000000169,6.756673000000092],[1.2849970000001463,6.769114000000059],[1.2937670000001162,6.777006999999969],[1.30167200000011,6.782638000000134],[1.3097720000001232,6.788408000000061],[1.3112010000000396,6.7887079999999855],[1.3269070000001193,6.79965500000003],[1.3390070000001515,6.809234000000117],[1.3510080000001494,6.818735000000061],[1.3680780000001391,6.823756000000174],[1.3846470000000863,6.830785000000162],[1.4052330000001803,6.836810000000071],[1.4103730000000496,6.843663000000049],[1.4210490000001528,6.843086000000085],[1.438120000000083,6.839069000000109],[1.4566970000000765,6.831538000000137],[1.4707550000000538,6.830032000000017],[1.4712280000001101,6.830095000000085],[1.4858180000001084,6.83204000000012],[1.4993740000001026,6.836559000000079],[1.5194580000000997,6.847605000000101],[1.5320100000001844,6.858651000000123],[1.5425540000000524,6.875219000000129],[1.5480770000001485,6.888776000000064],[1.5566120000000865,6.901830000000132],[1.5691640000001712,6.906851000000074],[1.5777000000001635,6.90885900000012],[1.5766960000000267,6.921914000000129],[1.5769183810000413,6.922271940000087],[1.5779693190001467,6.92279284000017],[1.5779792710000606,6.922605186000112],[1.5780334430001517,6.922118092000119],[1.5781538980000391,6.921499507000021],[1.578326830000151,6.920960091000154],[1.5818208400000344,6.911528278000048],[1.582072946000153,6.910949588000108],[1.5824303960000634,6.910397548999981],[1.582745088000138,6.91003094600012],[1.5830374779999943,6.909765213000071],[1.5834103180001193,6.909567920000029],[1.5835423000000333,6.909520262000171],[1.5985963840000181,6.905545884000105]]]},"properties":{"adm1_name":"Maritime","adm1_name1":"","adm1_name2":"","adm1_name3":"","adm1_pcode":"TG03","adm0_name":"Togo","adm0_name1":"","adm0_name2":"","adm0_name3":"","adm0_pcode":"TG","valid_on":"20210107","valid_to":"00000000","area_sqkm":6279.86588804,"version":"v02","lang":"fr","lang1":"","lang2":"","lang3":"","center_lat":6.51731709,"center_lon":1.20515016}},{"type":"Feature","geometry":{"type":"Polygon","coordinates":[[[1.61598103700004,8.372148265000021],[1.6175113830000214,8.367519114000117],[1.6192303510001125,8.362319399],[1.6195962930000292,8.36146151800017],[1.6198658430001274,8.36102170800001],[1.6202062760001468,8.360650454000051],[1.62057361300009,8.360388115000092],[1.6209248280000566,8.360162108000111],[1.6211123590000511,8.360085404000188],[1.6219113690000881,8.360089161000076],[1.6223593980001283,8.36002497700008],[1.6227718030000347,8.359753167000122],[1.623927735000109,8.35802415400019],[1.624358829000073,8.35732079900015],[1.624583090000101,8.356678560000034],[1.6246146100000374,8.356047734000072],[1.6245378970001525,8.355087688000026],[1.6244444650000673,8.354497289000108],[1.623944612000173,8.353290081000068],[1.6220517880000784,8.349784363000083],[1.6188140600000338,8.344032314000117],[1.618254807000028,8.343067293000104],[1.6180388920000155,8.34286629200011],[1.617405642000051,8.34229038900014],[1.6171527960000844,8.342097324000065],[1.6167018820000862,8.341775600999995],[1.615752997000186,8.341437644000052],[1.6148573790001706,8.34123932700004],[1.614416889000097,8.34103232800004],[1.6141294640000297,8.340777734000142],[1.6137769150000736,8.340277729999968],[1.6135966790001248,8.339833972000008],[1.6114804889999732,8.333472592000021],[1.6153226390001123,8.328737335000028],[1.619164696000098,8.324002040000153],[1.6230066610000904,8.31926670700011],[1.6239085930001238,8.310610844000053],[1.6248104850001255,8.301954975000001],[1.6257123380000849,8.29329910100006],[1.6259948370000643,8.290587587000061],[1.626614151000183,8.284643221000124],[1.627515925000182,8.275987335000139],[1.628417660000082,8.26733144300016],[1.6293193550001774,8.258675545000017],[1.6302210110001738,8.250019642000154],[1.6308725180001602,8.24376381500008],[1.6315240050001876,8.237507985000093],[1.6321754720001422,8.231252152000025],[1.6325028230001521,8.222877385000174],[1.6328301600001396,8.214502614000082],[1.6330637770001886,8.208525358000088],[1.6331574830001614,8.206127839000033],[1.6334847920001039,8.197753061000071],[1.6338120880000133,8.189378279000096],[1.6341393700001277,8.181003493000105],[1.6344666390000953,8.1726287030001],[1.6347938930001646,8.16425391000007],[1.6351211350000767,8.155879112999969],[1.6354483620000337,8.14750431200008],[1.6357755760001282,8.13912950800011],[1.6351546720001124,8.131273236000084],[1.6345337930001733,8.123416961000089],[1.6339129370001046,8.115560681000034],[1.6332921060001695,8.107704398000067],[1.6326712980001616,8.099848110000153],[1.632050515000003,8.09199181800011],[1.6314297560001023,8.0841355230001],[1.6312291959999925,8.077068749000034],[1.6310286440001391,8.07000197200017],[1.6308280980000518,8.062935192000054],[1.6309749260001354,8.054178418000106],[1.6311217470001225,8.045421640000143],[1.6312685620000593,8.036664859000098],[1.6309506760000545,8.028638764000107],[1.631071607000024,8.001158980000127],[1.631172670000126,8.000019054000177],[1.631869967,7.992153305000102],[1.6325672370001598,7.984287553000172],[1.633264481000083,7.976421796000125],[1.631074475000105,7.969506041000159],[1.6311607660000504,7.961053941000159],[1.6309394970000994,7.954816865000112],[1.6306537770000773,7.947286018999989],[1.6303680680001662,7.9397551710000585],[1.6300823690000925,7.932224320000159],[1.6295109760001196,7.91716260600009],[1.6295062490000305,7.917037999000172],[1.629399994000039,7.914236865000021],[1.6295365110000262,7.906468878000055],[1.62967302200002,7.898700888000008],[1.6298095280001235,7.890932895000105],[1.6299460300000987,7.883164900000111],[1.6300825260000238,7.875396900999988],[1.6283423280000875,7.868950088000133],[1.6266021840001486,7.8625032650000435],[1.6258994089999987,7.854049169000064],[1.6251966620000644,7.845595068000023],[1.6244939440001644,7.837140962000092],[1.626945725999974,7.8307393380001145],[1.6293974330000651,7.824337698000136],[1.63184906500004,7.817936041999985],[1.6343006220001257,7.811534369000128],[1.633193077000044,7.802687391000177],[1.6320855790000905,7.793840407000175],[1.6320441670000605,7.785319522000123],[1.6320027570001798,7.776798634000102],[1.6319613490001075,7.768277743000056],[1.6319199420001382,7.7597568480001655],[1.63174982400011,7.7410566980000795],[1.631636487000037,7.732094925000126],[1.6315231539999786,7.723133147000112],[1.6314098260000378,7.71417136600013],[1.6312965040000904,7.70520958100019],[1.6311831850000544,7.696247792000008],[1.6310698720001824,7.687285999999972],[1.6309565630000975,7.678324204000091],[1.6309348899999918,7.676609991000134],[1.6308432590001303,7.669362404000083],[1.6307405400000903,7.66123775300008],[1.6304860300001565,7.641107132000059],[1.6328797230000873,7.640161807000084],[1.6358771190000994,7.639027743000042],[1.640093975000127,7.636248724000097],[1.6406738450001512,7.635111309000024],[1.640738104000036,7.63493627400004],[1.6409863530000734,7.632852816000138],[1.6443032190000508,7.622059402000048],[1.643653516000029,7.617229854000129],[1.6481265290000238,7.6109676350000655],[1.6482055760000662,7.610810247000188],[1.6482878190000747,7.610579019000056],[1.6482765620000919,7.610377371000084],[1.647686804000159,7.604848543000003],[1.6476171680000675,7.60438450099997],[1.647546549000026,7.6039285630001245],[1.6474718610000423,7.603465990000132],[1.6473794690000432,7.602900261000116],[1.6472706870001161,7.602654255000175],[1.6457666460000837,7.595931859000132],[1.6466121590001421,7.593239369000116],[1.6466494830000329,7.593061125000133],[1.6466666990000363,7.592829368000025],[1.6467306569999778,7.587541063000117],[1.646739142000058,7.586552741000048],[1.6466416840000306,7.584483545000069],[1.6465125160001435,7.583457595000084],[1.646485539000139,7.583278471000028],[1.6464595530001134,7.583186266000098],[1.6464233020000734,7.583115556000109],[1.6462864300000888,7.582919238000045],[1.644545004000065,7.581379465999987],[1.643461559000059,7.580631745000062],[1.6432588460000375,7.580217824000158],[1.643159697000101,7.579956374000005],[1.6431513280000445,7.579921134000131],[1.6429424799999879,7.578445972000111],[1.6429633050000234,7.5781440760001715],[1.6430557240001349,7.5777292810000745],[1.6434251790000758,7.576933729000132],[1.6436253520001856,7.57666669300005],[1.643892848000121,7.576192222000145],[1.6444348650001075,7.575216090000026],[1.644526289000055,7.5750449900000945],[1.644565043000057,7.574687087000029],[1.6449218770000584,7.56712873400005],[1.6450692750000258,7.564006579000079],[1.6427697280000757,7.552175197999986],[1.6418773750000923,7.543700274999992],[1.6409850570001367,7.535225347999983],[1.6400927740000952,7.526750414999981],[1.639200525000092,7.518275477000088],[1.6383083110001735,7.509800534000078],[1.6380587860000446,7.507430259000159],[1.6374161310000659,7.501325586000178],[1.635895572000095,7.482185451000021],[1.6347429150000607,7.467676303000189],[1.6341665920000423,7.460421724000071],[1.6335902890000398,7.453167142999973],[1.6330140050001773,7.445912558000032],[1.6324678070000687,7.405841134000127],[1.6323974620000286,7.400680307000016],[1.6316979029999743,7.349357725000175],[1.6317212920000657,7.3447459500000605],[1.6317430790001595,7.340449909000142],[1.631788254000071,7.331542089000095],[1.6318334270001742,7.322634265999966],[1.631878597000025,7.313726440000153],[1.6319237670000462,7.3048186089999945],[1.6319689340000991,7.295910776000085],[1.6320141000001058,7.2870029390001605],[1.6320592630000306,7.278095098000051],[1.6321044250000227,7.269187253999974],[1.6321495860001392,7.260279406000166],[1.6321947440001736,7.251371555000048],[1.6321947180001644,7.250017310000146],[1.6321946650000427,7.2485613450000415],[1.6321944170000506,7.2418165980001845],[1.6321941150001749,7.233615882000038],[1.6321935120000717,7.217214443000046],[1.632193108000024,7.20623004100014],[1.6321929090000822,7.20081299200001],[1.6321920050000358,7.1762107930000525],[1.6321917040000926,7.1680100539999785],[1.6324116360001426,7.119454931000007],[1.6325690440000358,7.084703291000039],[1.6326161330001128,7.0763807860000725],[1.6326632210000867,7.068058278000137],[1.6327103070000817,7.05973576700012],[1.6327573910000979,7.051413253000021],[1.6328044730000784,7.043090735000135],[1.6328515540001263,7.0347682160001455],[1.632898634000128,7.0264456930001415],[1.6329457110000476,7.018123166999999],[1.6329927870000347,7.0098006380000015],[1.633039860999986,7.001478106000093],[1.6246372450000308,7.001480358000094],[1.6162346290000755,7.001482460000091],[1.6078320120001877,7.0014844109999785],[1.599429396000005,7.001486212999964],[1.591026779000174,7.001487865000115],[1.5826241629999913,7.001489366000158],[1.5742215460001034,7.001490716999967],[1.5658189300001482,7.001491919000102],[1.5574163130000898,7.001492970000072],[1.5576356070001225,7.000987084000144],[1.5578543540000283,7.000479356000085],[1.5579598960000567,7.0002099799999655],[1.5580319830000349,7.00001201800012],[1.558174635000114,6.999590448000049],[1.5582544840000878,6.999340484000186],[1.5583343330000048,6.999090519000163],[1.558481072000177,6.998518120000142],[1.558541272000184,6.998228588000188],[1.558586006000155,6.997994184000163],[1.5586015530001305,6.997912719000055],[1.558715502000041,6.997287543000027],[1.5600994340001648,6.98867929700009],[1.5593752700000891,6.984133801000041],[1.5592455679999944,6.983448620000104],[1.5591944620000504,6.98292170600007],[1.5591310210000415,6.982118207000099],[1.5590809220000779,6.981262073000153],[1.55893549700005,6.977100246000134],[1.5589371880000726,6.976547156000038],[1.558991719000062,6.975954720000004],[1.5590859480001313,6.97530972900006],[1.559246195000128,6.974625433000085],[1.5594195400000217,6.973967515000027],[1.5598056060001682,6.972704474000011],[1.560005108000155,6.972112480000078],[1.5602176670000745,6.9715600320000135],[1.5604561430000672,6.971152522000068],[1.5635414580000315,6.966394749000131],[1.5658584740000379,6.9628988350000895],[1.5662027330000114,6.962373119000063],[1.5664213289999793,6.961998466000068],[1.572174635000124,6.9509143840001],[1.5756746740000835,6.944011172000046],[1.5760455790001515,6.943380171000172],[1.5764162470000542,6.942828184000064],[1.5767860410001049,6.942565913000124],[1.5772083130000851,6.9423828130000516],[1.5778937630001337,6.942332193000141],[1.5784475840000027,6.942228500000169],[1.578988385000116,6.942072091999989],[1.579305345000023,6.9418491670001],[1.5795696290000478,6.941612916000054],[1.5798080690000802,6.941205388000071],[1.580060240000023,6.940613535000011],[1.5802728350001303,6.940034732000186],[1.5804063580000616,6.939455692000081],[1.5804341350001891,6.938981688000126],[1.5803965330000551,6.938336291000098],[1.5791145860001166,6.930747069000063],[1.5780529770001408,6.924396399999978],[1.577949563000118,6.923724469000092],[1.5779513380001617,6.923131866000176],[1.5779693190001467,6.92279284000017],[1.5769183810000413,6.922271940000087],[1.5766960000000267,6.921914000000129],[1.5777000000001635,6.90885900000012],[1.5691640000001712,6.906851000000074],[1.5566120000000865,6.901830000000132],[1.5480770000001485,6.888776000000064],[1.5425540000000524,6.875219000000129],[1.5320100000001844,6.858651000000123],[1.5194580000000997,6.847605000000101],[1.4993740000001026,6.836559000000079],[1.4858180000001084,6.83204000000012],[1.4712280000001101,6.830095000000085],[1.4707550000000538,6.830032000000017],[1.4566970000000765,6.831538000000137],[1.438120000000083,6.839069000000109],[1.4210490000001528,6.843086000000085],[1.4103730000000496,6.843663000000049],[1.4052330000001803,6.836810000000071],[1.3846470000000863,6.830785000000162],[1.3680780000001391,6.823756000000174],[1.3510080000001494,6.818735000000061],[1.3390070000001515,6.809234000000117],[1.3269070000001193,6.79965500000003],[1.3112010000000396,6.7887079999999855],[1.3097720000001232,6.788408000000061],[1.30167200000011,6.782638000000134],[1.2937670000001162,6.777006999999969],[1.2849970000001463,6.769114000000059],[1.275667000000169,6.756673000000092],[1.2751700000000596,6.756010000000117],[1.2743690000000356,6.756177000000093],[1.2674750000000472,6.757607000000121],[1.2602170000000683,6.7586800000000835],[1.2516340000001378,6.761725000000126],[1.2441500000001042,6.764774000000159],[1.2417160000001672,6.76916000000017],[1.2408340000000067,6.770036000000175],[1.239731000000063,6.770911000000069],[1.2362200000001735,6.769360000000177],[1.2300910000000158,6.762307000000135],[1.2259480000000735,6.753283000000124],[1.2195960000001378,6.747107000000142],[1.215644000000168,6.745994000000053],[1.2121250000001282,6.746641000000125],[1.2074970000000462,6.750139000000047],[1.2033020000000647,6.755177000000117],[1.1991110000001868,6.759117000000174],[1.1927170000001297,6.764366000000166],[1.1887470000001485,6.768087000000037],[1.1814920000000484,6.76871900000009],[1.17884800000013,6.77024700000004],[1.1737770000001433,6.774403000000177],[1.1698159999999689,6.775706000000184],[1.1693670000001362,6.778121000000112],[1.1656240000000366,6.779865000000029],[1.1627600000000484,6.781612000000166],[1.1620880000000398,6.784905000000094],[1.1587800000000925,6.787749000000076],[1.1499680000001717,6.7929880000000935],[1.1418310000001384,6.794056000000182],[1.1380800000001159,6.7977760000001695],[1.1371900000000323,6.800410000000113],[1.132996999999989,6.804787999999974],[1.1268360000000825,6.806302000000187],[1.122214000000099,6.808042000000114],[1.1220389999999725,6.80803300000008],[1.1218050000001654,6.808442000000184],[1.1047340000001213,6.809446000000094],[1.0976100000000315,6.816519000000028],[1.0951359999999681,6.818482000000074],[1.0924610000001849,6.827918000000125],[1.0790060000001631,6.839509000000078],[1.0708430000000817,6.846727000000101],[1.0686320000001501,6.850014000000101],[1.0640010000001325,6.853730000000098],[1.0600260000000503,6.858108000000129],[1.056940000000111,6.86029300000007],[1.0514340000000288,6.862687000000108],[1.0367190000001756,6.869355000000041],[1.0367860000000633,6.869987000000151],[1.033484000000044,6.8710720000000265],[1.0279979999999682,6.868853000000115],[1.0181230000000596,6.864692000000048],[1.0043929999999932,6.862439000000165],[0.9972500000001787,6.862133999999969],[0.9848960000001057,6.859611000000143],[0.9763890000000401,6.8571039999999925],[0.9623780000001716,6.856495000000052],[0.9601989999999887,6.8558040000000915],[0.9601989999999887,6.8502450000000294],[0.9614849999999819,6.841568999999993],[0.9614849999999819,6.829037000000142],[0.9632110000001717,6.821054000000061],[0.9640560000000846,6.817147000000091],[0.9611629999999991,6.811685000000068],[0.9515230000001793,6.807829000000083],[0.9373850000001198,6.800117000000057],[0.9235670000000482,6.789191000000187],[0.91671400000007,6.785142000000178],[0.9094280000001049,6.780837000000133],[0.896983000000148,6.769987000000185],[0.8973000000000866,6.769436000000098],[0.899407000000167,6.7606600000001436],[0.9009860000000458,6.7434590000001435],[0.9008110000001466,6.732226000000082],[0.8995820000000663,6.7206420000001685],[0.8995150000000649,6.720498000000134],[0.8997410000000627,6.718411000000117],[0.8997690000001057,6.712040000000002],[0.9002360000001772,6.7054520000000934],[0.9000800000000595,6.703014000000167],[0.8932190000001015,6.702126000000078],[0.8872920000001727,6.700783000000115],[0.8846560000000068,6.700552000000016],[0.8811360000000832,6.701635000000124],[0.8800999999999704,6.701510000000042],[0.8771160000000009,6.697824000000082],[0.8743070000001012,6.694664999999986],[0.8725520000000415,6.689926000000128],[0.8722010000001319,6.684133000000088],[0.8704460000000722,6.676586000000043],[0.8685150000001727,6.6690390000001685],[0.8671109999999658,6.663596999999982],[0.8667600000000562,6.6595609999999965],[0.8662000000001058,6.655503000000181],[0.8659049999999979,6.65479600000009],[0.8652870000000235,6.653795000000059],[0.8644039999999791,6.652587000000096],[0.863461000000143,6.6514980000000605],[0.8622240000000829,6.649819000000093],[0.861400000000117,6.648524000000009],[0.8610760000001392,6.647876000000053],[0.8609879999999634,6.647493000000168],[0.8609879999999634,6.647228000000098],[0.8610460000001581,6.647081000000185],[0.861105000000066,6.646998000000053],[0.8612280000000965,6.646989000000019],[0.8613780000001157,6.647064],[0.8615290000001323,6.646970000000067],[0.8615290000001323,6.646650000000079],[0.8611340000001633,6.64580200000006],[0.8576160000000641,6.635343000000091],[0.8549200000001065,6.629502000000173],[0.8531219999999848,6.627143000000046],[0.8498649999999657,6.624222000000088],[0.8468320000000062,6.621526000000131],[0.8453710000001138,6.619280000000117],[0.8429420000000505,6.615194000000088],[0.8413980000000265,6.61266599999999],[0.8399930000001063,6.607892000000049],[0.8370450000001028,6.598765000000185],[0.8354999999999677,6.596097000000043],[0.8331130000000257,6.587391000000025],[0.8328320000000531,6.584162000000049],[0.832411000000036,6.578545000000133],[0.8317700000000627,6.576359000000139],[0.8300240000000372,6.570401000000118],[0.828339000000085,6.565766999999994],[0.8235230000000229,6.55795100000006],[0.82021600000013,6.5540000000000305],[0.8166570000000206,6.5527190000000815],[0.8111790000000951,6.551711000000182],[0.8089330000000814,6.550998000000163],[0.8034480000000599,6.5515360000000555],[0.800358000000017,6.550961000000086],[0.798388999999986,6.551093000000037],[0.7957340000000954,6.5506350000001135],[0.7915220000001,6.546282000000019],[0.7854990000001862,6.541335000000174],[0.7783559999999738,6.53554000000014],[0.7727480000001492,6.532141000000081],[0.7681230000001165,6.528887000000168],[0.763919000000044,6.526057000000094],[0.7612500000000182,6.52562300000011],[0.7580140000001734,6.526311000000021],[0.7553400000000465,6.527002000000152],[0.7523870000001693,6.527270000000101],[0.7470530000000508,6.525700000000086],[0.7432660000000624,6.523715000000152],[0.7372270000001322,6.522423000000174],[0.7348430000000121,6.521287000000143],[0.7316170000000852,6.519726000000162],[0.7285270000000423,6.51929100000001],[0.7264170000000831,6.519702999999993],[0.721501000000103,6.518837000000133],[0.7188350000001265,6.517701000000102],[0.718300000000113,6.516741999999965],[0.7175418000001059,6.516457815000024],[0.7173999280000771,6.517009477000158],[0.7160093970000503,6.521951972000124],[0.7159881750000636,6.5220273430000475],[0.7156967930001201,6.52306220000014],[0.7155826380001713,6.523467627000002],[0.7147047290001183,6.526481550000085],[0.7145327779999775,6.526947220000068],[0.714337799000134,6.527287357000034],[0.7142820060001895,6.527384685000129],[0.7139196780000816,6.527859095999986],[0.7137825689999886,6.528025617000026],[0.7147149700001592,6.53127559700016],[0.7170225940001274,6.537705274000075],[0.719519092999974,6.539204933000065],[0.7231243930000346,6.54169962900005],[0.7269691550000061,6.544904208000105],[0.7271340030001738,6.54505530400013],[0.7285796210000512,6.546437758000138],[0.7286681219999878,6.5466423860000305],[0.7298563630001809,6.549196432000144],[0.7352008940001724,6.554589288000102],[0.737902409000128,6.55535882300012],[0.7422225960000901,6.557847920000086],[0.7427817040001514,6.558263632000035],[0.7429300559999774,6.558374162000121],[0.7431850690000488,6.558599867000055],[0.7456741440000201,6.561639672000126],[0.7393792030001123,6.583691192000174],[0.7330544079999868,6.588440520000006],[0.7267294920001746,6.593189767000126],[0.7188437040001645,6.59066948300017],[0.710957995000058,6.588149074000057],[0.7081429840001192,6.587146463000124],[0.7066329910001627,6.587210681000158],[0.7062464330001603,6.587606847000075],[0.705056796000008,6.588532999000108],[0.7034048180001378,6.589010009000162],[0.6994789470001024,6.589554924000026],[0.6923942790000979,6.5909960270001875],[0.691092944000161,6.591419304999988],[0.6874513310000339,6.593140268000013],[0.6856871050001132,6.594565890000013],[0.684941039000023,6.595465293000132],[0.6846739140000295,6.595951688000127],[0.6844846170000665,6.596866296000144],[0.6844996360001687,6.5974641680000445],[0.687515160000089,6.596801497000172],[0.6893105160001483,6.599761473000115],[0.6895065319999958,6.600084642000127],[0.683193878000111,6.60604426600014],[0.6790868290000276,6.609309766000138],[0.6756092030000787,6.611701529000072],[0.6742300240000532,6.612768120999988],[0.6739200350000942,6.613067366000166],[0.673702182999989,6.613419765000117],[0.6736926359999984,6.613495502999967],[0.6736960990000398,6.613681722000024],[0.6736582210000961,6.613932208000165],[0.6735721460000264,6.614045793000059],[0.6733475969999745,6.6142495110000254],[0.673090931000047,6.614312365000046],[0.6727411900001812,6.614183407000041],[0.6725070580001784,6.613974987000063],[0.670319395999968,6.611925692000057],[0.6655755750001617,6.607220046000066],[0.6655891800000973,6.60638152100006],[0.6654225430000906,6.6050948560001075],[0.665400643000055,6.604984671000125],[0.6653697130001888,6.604918419000114],[0.6653446990000589,6.604898236000167],[0.6653209470000547,6.604888373000165],[0.6652272150000726,6.604887768000026],[0.6651037949999932,6.604896569999994],[0.6650232580001898,6.6049110160001305],[0.6645343110001249,6.605069270999991],[0.6630394930000989,6.6056435590001],[0.6592793410000013,6.607781945999989],[0.65870836900001,6.608292301000063],[0.6539969960000462,6.614536634000046],[0.6534187270000302,6.61542425000016],[0.6525083070000619,6.617752757000176],[0.652155387000164,6.618720662000044],[0.6519186220000392,6.61922639900007],[0.6516677390001178,6.619577740000068],[0.6494831090000162,6.622235093000143],[0.6492062600001418,6.622506408000106],[0.6463266800000724,6.624666780000155],[0.6459773610000639,6.6249047660001],[0.6429298300000141,6.626443512000094],[0.6399075030001882,6.628246380000007],[0.6386324400000944,6.629215325000189],[0.6381661030001737,6.62975541000003],[0.6376701710001385,6.630329769000184],[0.6372059440001863,6.631593637000151],[0.6369230470001526,6.6332438310000725],[0.6361850590001836,6.641700931999992],[0.6362315750001244,6.64211257900007],[0.6363282410001148,6.6425872940001796],[0.6364534390000358,6.643049111000096],[0.6365923900000325,6.643464210000047],[0.6370703070001014,6.6441433950000715],[0.6387894330000563,6.650791034000008],[0.6399471830000607,6.655719527000031],[0.6415890360001413,6.662022278000109],[0.64378926500018,6.668583836000153],[0.6459350150000773,6.673813346000088],[0.6464119270000879,6.6750513980000505],[0.6465367100000208,6.6755341830001385],[0.6465510870000912,6.675928000000113],[0.6465489479999746,6.67637164700011],[0.6464486810001517,6.676814299000171],[0.6462555290001433,6.677222204000088],[0.646020154000098,6.677569816000073],[0.6456795130000614,6.6778692470000465],[0.6450065860000791,6.67853406800009],[0.6446650790001627,6.679039462000162],[0.6445106720000808,6.679420693000168],[0.6443619770001305,6.680017454000051],[0.6442881700001521,6.68051807300003],[0.6442901070000744,6.681005771000059],[0.644342601000119,6.681632597000032],[0.6444987770000807,6.682496544000003],[0.6449261150000893,6.684021709000035],[0.6452784870000983,6.68515091800009],[0.6455373040001291,6.685605537000129],[0.6456894910000415,6.685846296000079],[0.6464960060000635,6.686185323000132],[0.6469407070001694,6.6864017170001375],[0.6472993860000997,6.6868450690000145],[0.6475176310001416,6.68783023300017],[0.6473150300001294,6.690025571000092],[0.6468537160001802,6.691517305000048],[0.6458937660001425,6.693201270000031],[0.6449950440000407,6.69428021300007],[0.6437362810000877,6.695432655000047],[0.6424767780000593,6.696581222000134],[0.6413545540000882,6.697341835000088],[0.6411396700000864,6.697542900000087],[0.6408309569999915,6.698022505000097],[0.6406997730001649,6.698518020000108],[0.6406916610000621,6.69903872500015],[0.6407519920001619,6.699615334000157],[0.6410197920001224,6.700317866000034],[0.64125199200015,6.7005974640000545],[0.6422035140001867,6.700944725999989],[0.6428366720001577,6.701182206000112],[0.6437304860000381,6.7022275900001205],[0.6443909790000362,6.703148550000094],[0.64511394200008,6.704822761000173],[0.6478666340001382,6.7116629560001115],[0.6479888710000523,6.712221868000142],[0.6480243740000446,6.712716903000171],[0.6480321060001302,6.713233578000029],[0.6475055669999961,6.714316420999978],[0.6456065790001162,6.71727675700015],[0.6447209280000834,6.717868051000039],[0.6443514450001544,6.718109307000134],[0.6439497440000537,6.718371599000136],[0.6437566030001562,6.718736688000035],[0.6435708610000574,6.719816132000005],[0.6434774760000437,6.720695549000027],[0.6440079890001584,6.726027994999981],[0.6442909700000428,6.726428058000181],[0.6451941090000446,6.726813471000185],[0.6461849410001719,6.727100738000047],[0.647225093999964,6.72820911000008],[0.6473615229999723,6.7284762019999675],[0.6502052879999951,6.736093907000111],[0.650325654000028,6.736633010000048],[0.650341370000092,6.737114294000094],[0.6502089450000312,6.737773420000053],[0.6494006760000275,6.73943199100006],[0.6486111620000656,6.740733503000115],[0.648249862000057,6.741066764999971],[0.6480511990000082,6.74118264700013],[0.6436428440000554,6.7432979950000345],[0.6354703460001474,6.746967360000156],[0.6344822630001659,6.747333218000051],[0.6339572719999751,6.747507774000098],[0.6330162760000917,6.747754842999996],[0.6290334240000561,6.748313565000046],[0.6286108470000045,6.748322300000154],[0.6286086400000954,6.7483223460001796],[0.6282162770000355,6.748174939000137],[0.6277047080001239,6.747922721000066],[0.6274689680001302,6.747790503000147],[0.6267931070000827,6.747666701000185],[0.6266380030000391,6.747638290000054],[0.6261830790000431,6.747612335000156],[0.6256674230000385,6.747654285000067],[0.6247054420001064,6.7480497259999765],[0.6239768090001121,6.748942584000133],[0.6234044089999884,6.750016219999964],[0.6199880100000428,6.754191328000104],[0.619551217000037,6.754691638000111],[0.6190123460001473,6.755017081000119],[0.6187342970001168,6.755146723000053],[0.618388983000159,6.755128150000189],[0.6180920880000258,6.754981210000096],[0.6180201750000265,6.754621449000069],[0.6181171370000698,6.754127323000034],[0.6182315890001178,6.7534922040001675],[0.6181951679999997,6.753113578000125],[0.6181186630001889,6.75296374900006],[0.6162691110000651,6.751684388000172],[0.6108850610001468,6.750016018000167],[0.605925513000102,6.750015849000022],[0.6051316170001542,6.750923183000168],[0.6036529909999899,6.752740430000131],[0.6000689310001235,6.757125364000046],[0.5920947530000831,6.760474520000059],[0.591779726000027,6.760574062000103],[0.591418984000029,6.760665061999987],[0.5864152290001812,6.761898693000035],[0.5861441570001489,6.761897359999978],[0.5850789890001238,6.7616549570001325],[0.5841924910001239,6.761373679000087],[0.5840943660001017,6.761353561000021],[0.5816165010001555,6.761605042000156],[0.5815211070000714,6.761653357000171],[0.5810881590001031,6.762071886000058],[0.5810120040001152,6.762145505000035],[0.5774185130000546,6.766226726000127],[0.574926850000054,6.771661964000032],[0.5756904100001634,6.7728094340001235],[0.5762645700000917,6.772656089000122],[0.5766094100001737,6.772592151000026],[0.5768553580001026,6.772594822000144],[0.577134532000116,6.772681120000186],[0.5773230890001741,6.7728389480000715],[0.5774893360001556,6.773071027000185],[0.5777585790001467,6.773632111000097],[0.5778629480001882,6.774158391000071],[0.5778025510000475,6.774606797000047],[0.5739734610001506,6.777879712000072],[0.5737880190000624,6.7779540860000225],[0.5700981170001,6.780447197000115],[0.5700054670001009,6.780570897000075],[0.5687209810000127,6.785803764000036],[0.5683431730000166,6.789783393000107],[0.5705068180000694,6.796669281000163],[0.5741370650001727,6.800235626000074],[0.5797858020001172,6.802099802000157],[0.5801438120000739,6.802467422000177],[0.5803043280001816,6.803427225999997],[0.5802613490001249,6.804310015000112],[0.5799654030001307,6.80523910200003],[0.5797787110001309,6.805825197000104],[0.5792672719999814,6.806716955000184],[0.5785971510000536,6.80742014100008],[0.5737024399999768,6.810043838000183],[0.5731934000001502,6.810096567000187],[0.5727019560001736,6.810013065000021],[0.5716877800001043,6.809470803000124],[0.571152664000067,6.809209472000077],[0.5707736470000668,6.809187449000092],[0.570400323000058,6.809312422000062],[0.5692185749999794,6.80976158499999],[0.5679960240000241,6.810466275000067],[0.5676055440000027,6.810848923000094],[0.5669647140001075,6.811476900999992],[0.5665058999999815,6.812348100000065],[0.5663413180000703,6.813443420000112],[0.5662617880000198,6.815185038000152],[0.5661958940000886,6.8175109650001104],[0.5662669970000138,6.819613016000062],[0.5661230620000879,6.8207961210001145],[0.5657395979999933,6.821714010000164],[0.5649319230000742,6.823232636000057],[0.5641897030001246,6.824098656000103],[0.557626952000021,6.828769667000131],[0.5565391030000342,6.829494695999983],[0.5554606110001146,6.8299675840000305],[0.554417487000137,6.830272007000076],[0.552669270000024,6.830754693000074],[0.5512069050000719,6.8314571280001815],[0.5494723919999842,6.832598342000097],[0.5480225190000283,6.833635604000108],[0.5476490600001398,6.8341603330001135],[0.5466386800000009,6.83388656000011],[0.545810243000119,6.833456461000139],[0.5450993499999868,6.832728006000025],[0.5444279300000403,6.8318206790001454],[0.5437962120001885,6.830657330000065],[0.5434339130001717,6.829310209000084],[0.5430881050001517,6.828281863000086],[0.5424154460001773,6.827440753000133],[0.5417628779999859,6.826966838000089],[0.5409819050001374,6.826526948000094],[0.5402651450001486,6.826206686000091],[0.5396750109999857,6.826010064000172],[0.5391296740000939,6.82587634500004],[0.537540874000058,6.825554007000164],[0.5330171270001642,6.827590157999964],[0.5328417489999993,6.827669096000136],[0.5322927710000727,6.8281302190001725],[0.5319405370000823,6.8284897420001585],[0.5316686510001318,6.828995080000027],[0.5308482210000989,6.833100344000059],[0.5308387630000198,6.834111357000154],[0.5306944480000766,6.8523314199999845],[0.5306549130000917,6.857645333000107],[0.5311780950000298,6.857305731999986],[0.5318041730001255,6.856908248000138],[0.5330762920001462,6.85620730800008],[0.534643368000161,6.8564887189999695],[0.5349385460000349,6.856598303000169],[0.5352602400000137,6.856746978000103],[0.5420283250000466,6.860338609000053],[0.5429505530001393,6.865881928000135],[0.5423362440001824,6.866050550000011],[0.5418829959999698,6.86620076600002],[0.541336962999992,6.866515141000036],[0.5408560040000907,6.866903172000036],[0.5384473350000007,6.869873396000173],[0.5343036500000835,6.874983135999969],[0.5349190710001039,6.877485708999984],[0.5354233220000424,6.877888705000146],[0.545499120000045,6.88061937700013],[0.5465646660001084,6.880276692999985],[0.547550638000132,6.879926778000083],[0.5486091859999647,6.879686326000126],[0.5495496240001785,6.8799623190001284],[0.551065081000047,6.8804667379999955],[0.5521575420001454,6.881016006000152],[0.552740568000047,6.881435168000053],[0.552915068000118,6.88156240700016],[0.555444699000077,6.883944499999984],[0.5553187490000937,6.884797434000063],[0.5551107390001562,6.8860405480000395],[0.5576894430001289,6.892191684000068],[0.5578312880001022,6.895915740000021],[0.558343341000068,6.8973390300001824],[0.5599683280001386,6.9007414440001185],[0.5620239860000424,6.905206331000159],[0.5617119159999788,6.906880541000135],[0.5613091010001767,6.909041587000047],[0.5613091010001767,6.909717798000145],[0.5617601650001802,6.916553473000079],[0.5657893850001301,6.918777742000145],[0.5654840620001664,6.920041766000111],[0.5651815870000974,6.92125607600002],[0.564595822000058,6.922719825000115],[0.5643457080001326,6.923070319000146],[0.5574722680000264,6.93041267600006],[0.5527428790001636,6.931313831000068],[0.5490501140000674,6.93169761300004],[0.5460896850001404,6.933732224000096],[0.5451509279999982,6.935107680000044],[0.5426029030001587,6.937682048000056],[0.5412541570000826,6.938809684000091],[0.538761448000173,6.9384042990000125],[0.5269102120001321,6.942447592000178],[0.5252947280000626,6.942998747000047],[0.5229399760000888,6.9442641580001805],[0.5220864650000863,6.945707125000126],[0.5217537699999752,6.946539456000153],[0.5217675240000972,6.94697079600013],[0.5218871450001075,6.947409810000067],[0.5225781210000946,6.948306579000075],[0.523281379000025,6.949288118000027],[0.5241107010000405,6.9504958760001045],[0.5250739690001751,6.952148137000165],[0.5253044050000426,6.953116471000158],[0.5252498780000678,6.954180338000185],[0.525194627000019,6.954757686000164],[0.5250027000000728,6.955294971000114],[0.5239658230001396,6.956622337000169],[0.5230023729999971,6.958769275000179],[0.522643783000035,6.959750735000171],[0.5240687280000316,6.961702103000164],[0.5249476540001297,6.962598714000023],[0.5256372670000928,6.963425017000077],[0.5256966809999994,6.963571800000068],[0.5256348570000569,6.963790747000132],[0.5254101900000023,6.964145742000142],[0.5242411689999926,6.9657267979999915],[0.5233360220000236,6.966751592000094],[0.5231285920000914,6.966970091000121],[0.5227572780000855,6.967273474000081],[0.5223628980001536,6.96743620400008],[0.5218422710001391,6.9675161210001875],[0.5216217460001076,6.9677765740001405],[0.5214801520000947,6.9683831480000435],[0.5215111230000957,6.969253675000061],[0.5218994700001645,6.973964037000087],[0.5316420720001247,6.978298273000064],[0.5328921990001163,6.97885442300003],[0.5335982080001713,6.978763496000056],[0.5345052130001591,6.978685093000081],[0.5356412209999917,6.97904207300013],[0.5360531840000817,6.979237099000102],[0.5400270640000713,6.983671822000133],[0.5411511930000756,6.985330842000053],[0.5422432910000339,6.986450245000071],[0.5431971579999981,6.987342704000071],[0.5476985130000571,6.989732790000119],[0.5530027320000386,6.993527461000156],[0.5532765979999681,6.993754802000012],[0.5617011339999749,6.995640766999998],[0.570125737000069,6.997526581999978],[0.5705428570001345,6.996290055000088],[0.5708067350001329,6.995451403000175],[0.5709572550001667,6.995048680000139],[0.5720969530001412,6.994091490000187],[0.576853792000179,6.992189855000106],[0.577836823000041,6.992270448000113],[0.5806882570000766,6.993116002000136],[0.5819704860000456,6.993859063000059],[0.587173645000064,6.997114922000037],[0.5877285380000217,6.997524509000073],[0.5945609640000953,7.003305113000181],[0.5959581030001573,7.0063430270001845],[0.5962873910000326,7.007643051000116],[0.5963613200000282,7.0084063220000985],[0.5934324470001116,7.0098493550000285],[0.5924448420000203,7.010609513000077],[0.5942452320001053,7.012796530999992],[0.5950849000001313,7.013678702999982],[0.596904719000122,7.01492737000018],[0.6028697850000526,7.022566119000089],[0.6036310309999635,7.023628625000072],[0.6041326180001647,7.024930787000187],[0.6041375000000357,7.026135628000134],[0.6040988840000523,7.0264711990000706],[0.6040324080000801,7.026684024000019],[0.6039324770000576,7.027003958000023],[0.6034037829999761,7.027629536999996],[0.6025016690001621,7.028838451000013],[0.601728633000107,7.030073844000185],[0.60118756300011,7.031430914000055],[0.6010977070001786,7.032153407000067],[0.6011864670000477,7.033729488000176],[0.6013775220001207,7.034701867000024],[0.6015991080001868,7.035168285000111],[0.6026532550000638,7.036232299000005],[0.6035977590000812,7.036839600000064],[0.6036848509999686,7.038368190000085],[0.6015678340000363,7.045553874000063],[0.5994507510001199,7.052739546000112],[0.5973336030000951,7.059925207000163],[0.5981370810001749,7.062728451000112],[0.598167167000156,7.06280590800003],[0.5989535260001162,7.064302526000063],[0.5990126680000571,7.064398151999967],[0.5990669909999724,7.064463531000172],[0.5991086280001809,7.064486928000065],[0.5991947110001092,7.064500454000097],[0.5993236240000215,7.064495978000082],[0.599465149000082,7.064478690000101],[0.5996282200001701,7.06444838900012],[0.5998195110000779,7.06444624500017],[0.6000543560000438,7.06452239500004],[0.6002566110000203,7.064657907000083],[0.6019152960000156,7.067828645000077],[0.6030392840001468,7.0696900480001545],[0.6056321589999811,7.073984030000133],[0.6069934810001882,7.075979686000096],[0.6128542350001567,7.086499732999982],[0.6130024109999681,7.086777645000097],[0.6140060440001776,7.090545613000074],[0.6143947570000705,7.092195875000016],[0.6147345490001044,7.093638447000046],[0.6147878300001821,7.093930485000044],[0.6148353480000424,7.094389638999985],[0.6148815430000241,7.097506785000178],[0.614908871000182,7.099350780000066],[0.614776152000104,7.099653397000168],[0.6124981749999847,7.104478507000067],[0.6124131470000975,7.10464384900007],[0.6122669739999651,7.104923044000145],[0.6120544300001711,7.105176608000022],[0.6118459930000313,7.105367005000005],[0.6116160690000356,7.105526498000188],[0.6113001420001183,7.105709742000045],[0.6107346680000205,7.105933804000131],[0.6042246170000567,7.107391061000158],[0.6005755710000926,7.111676802000147],[0.6004603010001688,7.112028422000094],[0.6002101750000861,7.112493549000135],[0.5999252210001487,7.112863085000129],[0.5989215600001216,7.113536772000032],[0.598511961999975,7.113748626000131],[0.5975582810000333,7.114074807000009],[0.5970858340000973,7.114225776000183],[0.59664909300011,7.114327748999983],[0.5953889200000617,7.114444791000096],[0.594958221000013,7.114424226999972],[0.5945757620000904,7.114376097000104],[0.5937802380000221,7.114123336000034],[0.5934203890001299,7.113989200000162],[0.5931483070000354,7.113883170000065],[0.5928736130000516,7.113773255000126],[0.5925599120001266,7.113593366000089],[0.5922040930000776,7.113348573000167],[0.591206925000165,7.112320470999975],[0.590862566000169,7.1116512680001165],[0.5907428480000476,7.111324192000097],[0.5895690980000836,7.110626378000063],[0.5917784640001287,7.117728920000104],[0.5918054330001041,7.117801691000182],[0.5918495710000116,7.117883229000029],[0.591874746999963,7.117922283000041],[0.5921460720001619,7.118159307000099],[0.5943812640001624,7.119997740000088],[0.5950676270000486,7.120530917000053],[0.5956152900001257,7.120800564000092],[0.5961173100001247,7.121055454000043],[0.5961762759999942,7.122018540000113],[0.5962512850001076,7.123243658000092],[0.5965825360000281,7.128654272999995],[0.5969137950000345,7.1340648860001465],[0.5973011840001732,7.134319023000103],[0.5982739880001873,7.134957204000045],[0.6006481879999797,7.135718322000173],[0.6024036790000196,7.136157775000186],[0.6031774490000998,7.136488844000155],[0.6035190570001419,7.137075865000156],[0.6037150380000753,7.137498605000133],[0.603979054999968,7.138093830000059],[0.605664771000022,7.142009972999972],[0.6064636610000207,7.144139569000174],[0.6066829310000799,7.150707024999974],[0.6061401810001144,7.151652401000035],[0.6055817190000994,7.15299154500002],[0.6054549300001781,7.154110289000016],[0.6058357780000279,7.154670983000074],[0.6064597090000916,7.154892299000096],[0.6077194490000579,7.1550218500000256],[0.610015350000026,7.155155872000137],[0.6114914010000234,7.155662278000079],[0.612803268000107,7.1566602070001295],[0.6140257750001297,7.15846235500004],[0.6162071400000286,7.161838242000044],[0.6170569550000664,7.16319359400012],[0.617541703000029,7.164961081000058],[0.6182030460001329,7.167372467000064],[0.6183237910000798,7.168796527000154],[0.6176714920000563,7.170341347999965],[0.6163403000000471,7.173005090000117],[0.615692079000155,7.174138508999988],[0.6154970120000485,7.174684031000027],[0.6159356750000597,7.176063744000032],[0.6185664690000863,7.1838664240001435],[0.6187455280000904,7.184233136999978],[0.621375366000052,7.18503545700014],[0.6241710840001247,7.185305353000047],[0.6249278150000919,7.185315222999975],[0.6256815310001116,7.185479321000059],[0.6262228380000465,7.185788238000157],[0.6275109000000612,7.187312446000135],[0.6288079620000531,7.189785140000083],[0.6309976490001645,7.196281479000163],[0.633854913000107,7.206168192000121],[0.6341335180001693,7.207284206000054],[0.6342564200000425,7.20851130300008],[0.63439926500007,7.210877118000155],[0.6347653430001401,7.215063670000177],[0.6353226000001655,7.2172870960001205],[0.6357452770000691,7.218872928000053],[0.6367280810001716,7.2221313719999785],[0.6382840780000265,7.2245493240000656],[0.6390834670000345,7.226619088000064],[0.6394163020001429,7.228911336000181],[0.639046379000149,7.230440299000122],[0.6387463260001027,7.232931440000073],[0.6387207280001235,7.23339933699998],[0.6393782380001767,7.23754037700013],[0.6395564820001596,7.238421414000129],[0.639974178999978,7.239310077000027],[0.6405387109999765,7.240138155000125],[0.6419660420000355,7.244105770999965],[0.6425541020000196,7.248197454000035],[0.6434643780000329,7.254531088000078],[0.6435582310000996,7.261983881000049],[0.6435719560000734,7.263073735000148],[0.643652088000124,7.26943667200004],[0.6437459470001272,7.27688946000012],[0.6438290440000287,7.280255307000175],[0.6449087750000899,7.289719780000155],[0.6454479200000378,7.292115275000185],[0.6457882050000308,7.292977727000164],[0.6463223480000693,7.293859351000094],[0.6465836940000145,7.29426581700011],[0.6471803200001887,7.294659483000032],[0.6482272960001296,7.294681923000098],[0.6491496270001562,7.293760566000174],[0.6499416400000655,7.2927715050001325],[0.6505175209999834,7.292375909999976],[0.6509496090000653,7.2921960810001],[0.6515435750001757,7.292303963000165],[0.6517955230000325,7.292537771000127],[0.6520828630000324,7.293152840000175],[0.6518151790000957,7.2951306750001095],[0.6513654290001796,7.297073477000083],[0.6511801580000451,7.299540171999979],[0.6509597200000599,7.303729682000096],[0.6509156140001551,7.304636525000035],[0.6514605740001116,7.3052676600001405],[0.6530894520000743,7.3069802900000695],[0.6547622060001004,7.308546830000012],[0.6555865340001219,7.309162203000028],[0.6576063990001444,7.311944109000024],[0.6581833160000201,7.3137201180001625],[0.6584501830001841,7.315442877000123],[0.6584690530001467,7.318098445000146],[0.6558865900000797,7.325826221000057],[0.6533040390001474,7.333553979000101],[0.6500239760001136,7.344183433000126],[0.6498160400001325,7.346020892000183],[0.6497254900000939,7.346846669000058],[0.6497693290000939,7.347813203000101],[0.649794682000163,7.348372165000114],[0.6499329800000169,7.350031809000143],[0.6491032450000489,7.35369441000006],[0.6482146430000739,7.35708942600013],[0.6474103220000416,7.3592110739999725],[0.6467471490001344,7.360722381000073],[0.6452666970000109,7.363537615000098],[0.6428639340001041,7.367948833000071],[0.6416034140000875,7.369921737000027],[0.6414073619999954,7.370578858000158],[0.6413849650000429,7.372915727000134],[0.6415528290000339,7.373330244000101],[0.6416913280000358,7.373672246000126],[0.6423247900000888,7.374525843000129],[0.6439968790001558,7.376667916000031],[0.6442775460001826,7.376918427000021],[0.647331184000052,7.380896974000166],[0.6472579280000446,7.381095829000174],[0.6459343350000495,7.384688764000032],[0.6435682110000016,7.391218108999965],[0.6433232810001641,7.392253829000026],[0.6433077040000512,7.392521199000157],[0.6432977750000077,7.392745596000168],[0.6433077600000274,7.392951825000068],[0.6433197000001201,7.393167126000037],[0.6433402580000802,7.39337220800013],[0.6433764370001427,7.393626313000084],[0.6434100440001771,7.393847143000073],[0.6435402020001106,7.394239084999981],[0.6449571640001182,7.397434041000054],[0.6457431500001007,7.398251370000082],[0.6458646020000174,7.3987605520001125],[0.6455812720000154,7.399646590000032],[0.6445376660001898,7.401295437000158],[0.6410805160001587,7.40211273500006],[0.6337590480001154,7.403843590000008],[0.6291624580001098,7.400330905000089],[0.6280014790000337,7.404151817000013],[0.6278401240001017,7.404682845000082],[0.6255801759999713,7.40937509000014],[0.6254582270001379,7.409485235000091],[0.6254093790001889,7.409520299000121],[0.6182161919999771,7.411470527000006],[0.6152139070001681,7.411408444000131],[0.6124336109999717,7.410459389000039],[0.6038615980001509,7.405042557000002],[0.5984139950001577,7.400662280000063],[0.58419746300018,7.397190548000026],[0.5677891070000101,7.393363632000103],[0.563528513000108,7.397901626000078],[0.5591179190000162,7.402192857000159],[0.5567401060000066,7.404146844000081],[0.5523217110001042,7.40764920200013],[0.5512094880000404,7.408798660000002],[0.5503274050001323,7.410139669000046],[0.5499438990000272,7.411518927000145],[0.5488699740000698,7.41282160999998],[0.5431354580000516,7.417630044000134],[0.5405055190001349,7.419156514000122],[0.5373326800000768,7.422237751000068],[0.5370422580000422,7.422938869000177],[0.53696956400006,7.42463120900004],[0.5371154870001646,7.42705952200015],[0.5374784280000426,7.429888210000058],[0.5367991810001058,7.433312833000173],[0.536339435000059,7.434932686000025],[0.5349085990001754,7.437456544000099],[0.5334807770001362,7.439028047000022],[0.5330596820000437,7.43982440100018],[0.5317295560001298,7.443461550000109],[0.5306742500001747,7.447482264000087],[0.5307811630000856,7.4479246660001195],[0.5316517230001523,7.448199267000177],[0.532338950000053,7.4486722830000645],[0.5325527790000706,7.4495723550001],[0.5317485340000871,7.453226469000072],[0.5307717720000937,7.456861228000037],[0.5301123820000839,7.457519857000079],[0.526189193000107,7.45840397000012],[0.5246665130000565,7.458247891999974],[0.523299859000133,7.4570777679999765],[0.5220504020000476,7.455205447000083],[0.5212303730001508,7.4542692860001125],[0.5203325100001734,7.454425287000163],[0.5199029050000945,7.456297611000025],[0.5197076950000792,7.457974912000168],[0.5178726080000615,7.459769198000117],[0.5161313140000061,7.461368230000062],[0.5143744170000559,7.462285731000065],[0.5127371990001279,7.4628840580001],[0.5103414770001677,7.463282969000147],[0.5091748220001477,7.464021411000147],[0.5091748230000803,7.465124062000143],[0.5099524760000236,7.4663018970001644],[0.511181721000014,7.467504717000054],[0.5145678600001702,7.470220740000116],[0.5163488720000942,7.471398574000091],[0.518556298000135,7.472827028000154],[0.5207727670000963,7.474116446000039],[0.5233314310000878,7.475143909000053],[0.5250872650000247,7.476472038999987],[0.526818278000178,7.478100989000154],[0.5271221760000913,7.478766790000066],[0.5261186450001105,7.485926111000083],[0.5257172320000336,7.487605110000004],[0.5250399340001195,7.4888831940000955],[0.5248956540000904,7.4890422360001025],[0.5243124590000434,7.489685101000077],[0.5234310860000733,7.4910750770001755],[0.5225030830001174,7.4940572220000945],[0.5221768450001036,7.495435554000096],[0.5223273770001242,7.496964180000077],[0.5224027310001134,7.497966583000164],[0.522327023999992,7.499459120000097],[0.5213988440001458,7.503168062000043],[0.5204456630000323,7.504395946000045],[0.5193137590001697,7.5053361939999945],[0.5187869920000026,7.505937606000032],[0.5173299189999625,7.513574725000183],[0.5172547429999668,7.514552065000032],[0.518082573000072,7.515880271000128],[0.5182499370000642,7.516362234000155],[0.5185089880001215,7.5171082310001225],[0.5188716769999928,7.519837992000134],[0.5274973150001188,7.5847585899999785],[0.5264417000000776,7.590600173000098],[0.5253626700001632,7.59058381400007],[0.5251417110001171,7.590559155000051],[0.5245775960000287,7.590496194000082],[0.5238588910000317,7.590437241000075],[0.5228884410000205,7.590420799000128],[0.5218861440001206,7.590451448000124],[0.5213187349999657,7.590512021000052],[0.5203650250001033,7.5906380560001026],[0.5189857580000989,7.5910047810001515],[0.5181301260000168,7.591429185000095],[0.5177944380001236,7.591674843000021],[0.5176013600001284,7.591835230000015],[0.5174184470000114,7.592100599000048],[0.5174162280001156,7.592118082000184],[0.5174639050000565,7.592291053000167],[0.5179142329999991,7.593177341000171],[0.520566441000085,7.594171519000156],[0.5207232950000957,7.594202870000174],[0.5209085780000464,7.594207677000156],[0.5214461220000999,7.5941549090000535],[0.5230607740001574,7.593981712000186],[0.5233069720000572,7.593941959000176],[0.5236604950001151,7.593924494000078],[0.5242087529999822,7.594088364000129],[0.5252890690000527,7.59458294500007],[0.5265990450000686,7.595306801000106],[0.5303080080000768,7.597631554000031],[0.5317234360001066,7.598521747000007],[0.5446970130000182,7.608094590000121],[0.545035452000036,7.608467800000085],[0.5454205210000396,7.609056058000078],[0.5454928580000455,7.609273791000078],[0.5501736100001153,7.608356741000023],[0.554854343000045,7.607439640999985],[0.5553244900001459,7.608083584000099],[0.5567104690001656,7.61088050900014],[0.5572660800000335,7.612629655000092],[0.5574061430001507,7.6131372300000635],[0.5578983890000586,7.614291467999976],[0.5606089930001303,7.615336512000113],[0.5621813180001141,7.615842686000121],[0.5710767990000818,7.618681470000126],[0.572743522000053,7.619231073000037],[0.5859172340000782,7.62357511100015],[0.5871568600001638,7.625959975000114],[0.5873936960000492,7.626600456000062],[0.5873591380000107,7.627047671000014],[0.5869235180000487,7.628313824000088],[0.586244322000141,7.629299685000035],[0.584990299000026,7.6312622510000665],[0.5847644269999819,7.631954985000164],[0.5846384000001308,7.6328393940000865],[0.5845432510001842,7.6343104780000886],[0.5842028080001569,7.640063860000055],[0.5842098270001088,7.641307634000157],[0.5835769820000678,7.6499305550001395],[0.5830847440000184,7.653719878000061],[0.5829456140000389,7.656544061000034],[0.583078273000126,7.658098106000125],[0.5832437990001154,7.659186748000138],[0.5834987939999792,7.659628161000114],[0.5840739070000609,7.660492066000131],[0.5841968930001258,7.661183491000031],[0.5842139430001225,7.661621375000038],[0.584159624000165,7.664635428999986],[0.5838348940001197,7.670380775000012],[0.5835101560000453,7.676126120000163],[0.5849746050001841,7.682813398000121],[0.5864391000001206,7.6895006680001075],[0.5879036410000253,7.6961879320000435],[0.5893682280001826,7.702875188000007],[0.5898638680001227,7.702799637000055],[0.5903334550001773,7.702859932000024],[0.5907574990001194,7.702931373000126],[0.5913924950000364,7.703130041000065],[0.5917618090000474,7.7033355800001],[0.5935437150000666,7.704494133000139],[0.5939851129999738,7.704857588000095],[0.5945576900000447,7.705372711000166],[0.5948724600001469,7.705882589000055],[0.595600141000034,7.706799392000164],[0.5971746380001832,7.707739730000185],[0.5978437980001559,7.708065303000012],[0.5982269150001116,7.708218437000085],[0.6029442660000655,7.709978742000146],[0.6032395870000755,7.710028633000093],[0.6087570120001828,7.7106192770001485],[0.6089306790000819,7.710599688000002],[0.6096927130000722,7.710425159000067],[0.6099753749999763,7.710293702999991],[0.6157442069999775,7.706396567000127],[0.6162694880000572,7.705981632000032],[0.6164333589999842,7.705807881000112],[0.6166440980001084,7.70537275900017],[0.6168811860000005,7.704617061000022],[0.6173446099999751,7.704137708000019],[0.618174510000074,7.703659696000102],[0.6193617480000739,7.703113282000174],[0.6196950620001189,7.703041922000125],[0.6200306430001206,7.703030422999973],[0.6247420420000935,7.7041940870001895],[0.6253820320001182,7.706754962000048],[0.6253879770001731,7.709485688000029],[0.6253897820000702,7.710314849000156],[0.624135595000098,7.712735187000078],[0.6234356410001283,7.7135609729999715],[0.6224684280001043,7.717032511000184],[0.6221901060001755,7.719166304000055],[0.6220138930000871,7.719878871000105],[0.6207171280001376,7.725122696000142],[0.6188738710001189,7.731746943000132],[0.6184792290001724,7.732706647000157],[0.6170920110001248,7.735685488000115],[0.6159599650001155,7.73748990200005],[0.6150503980000508,7.739501421000114],[0.6149723600000243,7.740072599000143],[0.6151423700000578,7.7430728700001055],[0.6156653790000632,7.745748359000061],[0.6153640070001529,7.747153363000166],[0.6133699709999973,7.748695428000133],[0.6128482670000039,7.7495142410000994],[0.6117208229999846,7.7535607780001214],[0.6115819180001267,7.755356493000136],[0.6125084420000348,7.75605681400009],[0.6157118489999789,7.757346715000153],[0.6167917149999766,7.757677881000177],[0.6169158950001474,7.757715963000123],[0.6189617580000117,7.759870717000069],[0.6188976450001746,7.760944171000062],[0.6189614660000302,7.762544822000109],[0.6190157070001305,7.763905225000087],[0.620446298000104,7.763968080999973],[0.6212918420001188,7.764005232000102],[0.6256714730001818,7.764687196000068],[0.6275778670001841,7.765711803000045],[0.6310564830000658,7.768109906999996],[0.6309148860001415,7.770456475000003],[0.630769010000165,7.772873941],[0.6298259360000884,7.7838896600001135],[0.6293258960001253,7.784872401000143],[0.6283258900001556,7.7864757860000395],[0.6271184400000607,7.787630553000099],[0.6268685260001803,7.788104325000063],[0.6267399770001134,7.789095392999968],[0.6271056950001821,7.790012582000088],[0.6278258130000722,7.7907205640000825],[0.6287936060001584,7.791975804000174],[0.6289255410001147,7.79279294000014],[0.6288798910000537,7.793403589000093],[0.6277899120000257,7.793899095000086],[0.6265224520001311,7.794038621000084],[0.6253708210001605,7.794032163000054],[0.6237836390001235,7.794196480000096],[0.618868260000113,7.794991670000115],[0.6176067710001121,7.795201101000146],[0.6173780980000743,7.796405003000132],[0.6176252840000984,7.797827713000061],[0.6201107440000442,7.798287484000184],[0.6209872460001407,7.798713834000068],[0.6212943670000186,7.79925307700006],[0.6205470570000102,7.800243261000048],[0.618765334000102,7.802257291000103],[0.6173096090000172,7.8028505380000865],[0.6169835060001105,7.80373549400008],[0.616990033000036,7.8059157470000855],[0.6172357740000507,7.809880006000128],[0.6185023890001276,7.830149871000117],[0.6194005800001037,7.838390865000179],[0.6205088310000519,7.842207220000034],[0.6208239350000326,7.842296708000163],[0.6225497580001047,7.84241835600011],[0.6236996439999984,7.842620641000053],[0.6240329440000778,7.843394199000102],[0.6260021869999832,7.851501828999972],[0.6262387860001581,7.854071548000093],[0.6257945790000576,7.85515312800004],[0.6267637460000515,7.861614475000067],[0.6273581730001183,7.863332838000019],[0.6273395750001782,7.864502853000147],[0.627280173000031,7.867702893000057],[0.6267212490001839,7.870263339000132],[0.623077028000182,7.871518988000048],[0.6221712550001257,7.872647546000167],[0.621905237000135,7.874077432000149],[0.6215108050001845,7.878853730000117],[0.6213018630000988,7.882829434000087],[0.6213561820001132,7.883547493000094],[0.6223042770001257,7.887161850000098],[0.6216189900001723,7.891695613000138],[0.6362459999999714,7.893553000000054],[0.6396930000000793,7.893991000000085],[0.6540770000000862,7.893613000000073],[0.6661900000000855,7.893991000000085],[0.6786810000000969,7.897019000000114],[0.6849270000001866,7.902129000000173],[0.7000680000001012,7.921055999999965],[0.6951470000000768,7.93619700000005],[0.6905649999999923,7.942659000000049],[0.6896590000001765,7.947742000000176],[0.6896869999999922,7.95151600000014],[0.6900370000001885,7.9556910000000585],[0.6928760000000693,7.95966599999997],[0.6964720000000852,7.961747000000059],[0.7013930000001096,7.963262000000157],[0.7095320000001379,7.9645869999999945],[0.7100990000001275,7.958719000000144],[0.7126450000001228,7.951861000000065],[0.7172910000001025,7.950013000000126],[0.7230630000000247,7.949923000000126],[0.734354000000053,7.947266000000013],[0.737103000000161,7.946043999999972],[0.7394330000000195,7.945112000000165],[0.74438600000002,7.943599000000006],[0.7444949999999722,7.943666000000064],[0.7445070000001124,7.943757000000119],[0.7444949999999722,7.943806000000109],[0.7444710000001464,7.94383600000009],[0.7444530000000782,7.94387300000011],[0.7444710000001464,7.943915000000061],[0.7445379999999773,7.943964000000051],[0.7446720000000937,7.943921000000046],[0.7476220000000922,7.942222000000129],[0.7584630000001766,7.939124000000106],[0.7612230000000864,7.9377450000000636],[0.7725420000001577,7.933138000000099],[0.7730650000000878,7.932354000000089],[0.7745650000000524,7.932741000000135],[0.7960250000001565,7.938279000000023],[0.8092740000000163,7.942443000000139],[0.8206290000000536,7.9484990000000835],[0.8259290000001442,7.95379800000012],[0.8278210000000286,7.957962000000066],[0.8297140000001377,7.962505000000078],[0.831606000000022,7.968182000000127],[0.8308500000001686,7.972725000000139],[0.8301400000000285,7.974391000000139],[0.8306250000000546,7.978509000000145],[0.8311090000000831,7.983839000000046],[0.8331210000001192,7.98938000000004],[0.8338780000000838,7.993922000000168],[0.8315940000001092,7.998616000000084],[0.8342590000001451,8.002008000000046],[0.8352280000000292,8.006611000000078],[0.8345010000001025,8.013879000000088],[0.8335320000000479,8.01654400000018],[0.8371229999999628,8.03874200000007],[0.841058000000146,8.03804800000006],[0.8531700000000342,8.035928000000126],[0.8618010000000709,8.031840000000102],[0.8681600000001026,8.02215000000001],[0.8845120000000293,7.95946500000008],[0.8951110000001563,7.960980000000177],[0.8990480000001071,7.961282000000097],[0.9126749999999788,7.964613000000043],[0.9190340000001811,7.964613000000043],[0.9308440000001497,7.967944000000102],[0.9408380000001557,7.971578000000079],[0.946288000000095,7.974908999999968],[0.9493160000001808,7.9761210000000915],[0.9632460000000265,7.9809660000000235],[0.969908000000089,7.978846000000146],[0.9792960000000335,7.974304000000188],[0.9889860000001249,7.971578000000079],[1.005339000000106,7.967642000000183],[1.0180570000001126,7.966430000000116],[1.0268389999999954,7.964916000000073],[1.0298670000000811,7.964311000000066],[1.0331980000000272,7.962494000000049],[1.033760000000143,7.962445000000059],[1.0384680000001367,7.960595000000126],[1.0437620000001289,7.958515000000148],[1.0520900000001348,7.954730000000154],[1.0592820000001097,7.94980900000013],[1.0626890000000913,7.949431000000118],[1.0744230000000243,7.949051999999995],[1.083887000000061,7.9505660000000375],[1.0944850000001338,7.952458999999976],[1.0946540000000482,7.952716000000123],[1.100542000000189,7.954351000000031],[1.1103830000001267,7.955487000000062],[1.1175750000001017,7.957001000000105],[1.1251460000000293,7.9577580000000125],[1.1418010000001573,7.961922000000129],[1.148236000000054,7.965707000000123],[1.1485620000000267,7.966074000000106],[1.1542920000001686,7.972521000000086],[1.169811999999979,7.98539100000005],[1.1857100000000287,7.989933000000178],[1.1955520000000774,8.000532000000135],[1.1974450000001866,8.015294000000154],[1.206151000000034,8.024379000000067],[1.2080430000000888,8.025135999999975],[1.211829000000023,8.029300000000092],[1.2167500000000473,8.033464000000038],[1.2209130000000528,8.032707000000073],[1.2265910000001554,8.031192000000146],[1.2347630000000436,8.032282000000066],[1.235736000000088,8.037147000000118],[1.2386430000000814,8.04053900000008],[1.2459109999999782,8.04901800000016],[1.248576000000071,8.051924999999983],[1.250998000000095,8.056770000000142],[1.2522100000001615,8.0691250000001],[1.250998000000095,8.074939000000086],[1.2507029999999872,8.078320000000076],[1.248100000000079,8.082007000000146],[1.2415590000001657,8.085156000000097],[1.2369560000001343,8.087094000000036],[1.2307880000001319,8.09166400000015],[1.2304160000001048,8.09194000000008],[1.2304160000001048,8.095573000000115],[1.2338070000001835,8.098965000000078],[1.2413170000000378,8.09993400000019],[1.2478580000001216,8.099692000000061],[1.2546410000000492,8.102357000000097],[1.2554760000000442,8.103631000000178],[1.2562070000001313,8.106554000000074],[1.2564490000000887,8.114549000000068],[1.2562070000001313,8.123512000000062],[1.2564490000000887,8.13247600000011],[1.257176000000186,8.13586700000019],[1.2586290000001554,8.14240800000016],[1.259356000000082,8.146527000000049],[1.2622630000000754,8.151372000000038],[1.2627480000000446,8.153552000000104],[1.263717000000156,8.157913000000121],[1.2642010000000141,8.165665000000104],[1.2643360000001849,8.17714200000006],[1.2644429999999716,8.186257000000182],[1.2627480000000446,8.19352500000008],[1.2603250000001367,8.199097000000108],[1.2562070000001313,8.201277000000005],[1.2518460000000573,8.204184000000055],[1.246274000000028,8.21048300000001],[1.243366999999978,8.216539000000182],[1.2428830000001199,8.22041500000006],[1.2438510000000633,8.22744100000017],[1.2455470000000446,8.234224000000097],[1.2460260000000858,8.237413000000174],[1.2470230000001834,8.239024000000029],[1.2508770000001732,8.242107000000033],[1.2561170000001312,8.24441900000005],[1.260182000000043,8.245829000000185],[1.2599030000000653,8.246026000000143],[1.2587020000001417,8.249912000000108],[1.2573500000000308,8.254284000000041],[1.254575999999986,8.260141000000033],[1.2514929999999822,8.265536000000054],[1.2487190000001647,8.26938900000016],[1.2427070000001095,8.27324299999998],[1.240084000000138,8.275050000000135],[1.2392230000001518,8.277058000000181],[1.2375110000000404,8.283222000000023],[1.2340859999999907,8.287675000000036],[1.2323740000001067,8.28938700000009],[1.2299760000001356,8.29589400000009],[1.2292919999999867,8.301373000000126],[1.2296340000000328,8.325689000000125],[1.2310040000000981,8.330484000000183],[1.2310040000000981,8.340758000000108],[1.2308309999999665,8.341380000000072],[1.2292919999999867,8.346923000000004],[1.2296340000000328,8.350005000000124],[1.2310040000000981,8.353772000000049],[1.2330590000001393,8.357197000000099],[1.2353690000001052,8.359717000000103],[1.2368260000000646,8.361306000000127],[1.2290670000000432,8.378174000000058],[1.228949000000057,8.37843000000015],[1.2447030000000723,8.372951000000114],[1.2594290000000683,8.372266000000081],[1.277580000000171,8.372608000000184],[1.2820320000001288,8.36781300000007],[1.2837450000000672,8.367128000000093],[1.2878550000001496,8.366444000000115],[1.2926490000001536,8.366101000000185],[1.2950460000000703,8.36575900000014],[1.2977860000000874,8.365415999999982],[1.3022380000000453,8.366444000000115],[1.3049780000001192,8.364731000000177],[1.3060049999999706,8.365415999999982],[1.3108000000000857,8.366101000000185],[1.3111430000000155,8.363361000000111],[1.3200470000001019,8.357882000000131],[1.3224440000001891,8.358567000000164],[1.3310060000000021,8.358224000000178],[1.334773000000098,8.358224000000178],[1.33854000000008,8.359594000000016],[1.3573770000000422,8.351032000000032],[1.3594320000000835,8.351032000000032],[1.3638840000000414,8.351032000000032],[1.3714180000000624,8.354799000000128],[1.3786100000000943,8.354799000000128],[1.384775000000161,8.355142000000058],[1.3888840000001323,8.35890900000004],[1.3933360000000903,8.360279000000048],[1.4049810000001344,8.362676000000135],[1.4135420000000636,8.363019000000065],[1.4179950000000758,8.362676000000135],[1.424502000000075,8.36233400000009],[1.4351179999999886,8.361991000000103],[1.441968000000145,8.361649000000057],[1.446420000000046,8.361991000000103],[1.4549820000000864,8.363704000000098],[1.462859000000094,8.36575900000014],[1.4693660000000364,8.368156000000056],[1.4727900000000318,8.371923000000152],[1.4731290000000286,8.37185500000004],[1.476022000000114,8.375274000000104],[1.47847500000006,8.377636000000166],[1.4834200000000806,8.382397000000083],[1.4850630000001388,8.384589000000062],[1.4878029999999853,8.38979500000005],[1.4899950000000217,8.392808000000116],[1.4924610000001053,8.394726000000048],[1.5006799999999885,8.40322000000009],[1.5130090000001246,8.428152000000125],[1.5157489999999711,8.431439000000125],[1.518489000000045,8.433905000000038],[1.5228720000001204,8.436371000000179],[1.5247899999999959,8.437741000000187],[1.5280780000001073,8.43801500000012],[1.5341050000001815,8.439111000000025],[1.53848899999997,8.4402070000001],[1.5472570000001724,8.442947000000174],[1.5650650000001178,8.44815200000005],[1.5710930000000758,8.449795999999992],[1.5938330000000747,8.455276000000083],[1.619587000000081,8.470070000000078],[1.6442483740000284,8.476617642000065],[1.6441497170001185,8.475435761000028],[1.644369175000179,8.473486616000173],[1.644374704000029,8.47313882900005],[1.6442741420000289,8.472833517000026],[1.6413153880000095,8.466563876000066],[1.6382660780001288,8.462925582000139],[1.6377504250000356,8.46248093700018],[1.6357187410001188,8.461387487000138],[1.6351732900000115,8.461108290000027],[1.6344144750000282,8.461008836000133],[1.6334783870000251,8.460888540000155],[1.6317944530001682,8.460040067000023],[1.6316332920000605,8.459954156000094],[1.6308458510001742,8.459444625000117],[1.6279819549999957,8.456342529000153],[1.626943378000135,8.454836794000187],[1.626780571000097,8.454412524000077],[1.6268150139999875,8.454082473000028],[1.6272633540001493,8.450530246000028],[1.6272761890000425,8.450444618000006],[1.6273145820001105,8.45038171800013],[1.62739790500018,8.450292527000158],[1.6277003230001696,8.450036996000051],[1.6279199850000623,8.449867305000112],[1.6281141600000524,8.449744918000022],[1.6286616130001335,8.449456875000124],[1.6296218540000496,8.448920355000098],[1.6299240160000181,8.448750720000021],[1.6301808970000593,8.44858237800014],[1.6304564160000155,8.448397545000034],[1.630733955000153,8.448135518000129],[1.6310072010000454,8.44748624600004],[1.6322911390000172,8.444331931000079],[1.6324328000001174,8.443880116000116],[1.6324583670000266,8.443380992000186],[1.6323535460001608,8.436343604000001],[1.6323217490000843,8.436025950000044],[1.6322602310001457,8.435773646000087],[1.6308901400000195,8.43276115499998],[1.630453507000027,8.432216248000088],[1.6295347850000894,8.431784813000036],[1.6280461129999821,8.431215272000088],[1.6275623520000408,8.431080869000027],[1.6271405680001294,8.430969801000117],[1.6266177170001015,8.430797711000082],[1.6263880640000252,8.430703211000093],[1.6262241890000837,8.430582040000104],[1.6259431919999656,8.430320097000163],[1.625796108999964,8.430118832000119],[1.6257132250000836,8.430002106000074],[1.6256149990001063,8.429755951000004],[1.6255443240000318,8.42951174000018],[1.6254984500001228,8.429300720000128],[1.6253169910001475,8.427494472000035],[1.625291953000044,8.427202262000037],[1.6252802160000215,8.426858583000126],[1.6253884449999987,8.421837366000034],[1.6254410299999904,8.421712398000182],[1.6255880709999815,8.42155717200012],[1.6257463930001563,8.421472697000183],[1.6262736850000579,8.421300680000058],[1.626609857000176,8.421202194000102],[1.626951320000103,8.421179907000123],[1.6273450860001617,8.421141476000003],[1.627907564000168,8.420905426000047],[1.62824212400011,8.420678595000027],[1.6285307500000386,8.420388828000114],[1.6287179240000569,8.420064840000123],[1.6288138930000855,8.419571500000131],[1.628849487000025,8.41916574700008],[1.6288557140001103,8.418559263000134],[1.6288343190000205,8.417887913000015],[1.628760552000017,8.416644156000075],[1.6286145420000366,8.415981908000163],[1.6283177560001718,8.41558498400019],[1.6277887860001101,8.41530891300016],[1.6269036640000536,8.415018229999987],[1.6265325340000913,8.414913778000084],[1.6264637800000514,8.414830183000163],[1.6263889300000756,8.414668976000087],[1.6262246780000282,8.413511212000003],[1.6257539890000317,8.40909818099999],[1.6257495720001316,8.408891898000093],[1.6258934420001196,8.406072979000157],[1.6242783889999828,8.400744050000071],[1.6241304780000974,8.400500243000067],[1.6240607790001036,8.400265454000078],[1.6240180420000456,8.399947626000085],[1.6240983970000116,8.399311924000017],[1.6244332910000026,8.398149217000025],[1.62465800800004,8.394082293000167],[1.6240998390001664,8.381723685000054],[1.6203010150000523,8.377851233000115],[1.6160506730001316,8.372352282000122],[1.6159969540000247,8.372276190000036],[1.61598103700004,8.372148265000021]]]},"properties":{"adm1_name":"Plateaux","adm1_name1":"","adm1_name2":"","adm1_name3":"","adm1_pcode":"TG04","adm0_name":"Togo","adm0_name1":"","adm0_name2":"","adm0_name3":"","adm0_pcode":"TG","valid_on":"20210107","valid_to":"00000000","area_sqkm":17206.29712772,"version":"v02","lang":"fr","lang1":"","lang2":"","lang3":"","center_lat":7.49619987,"center_lon":1.07963052}},{"type":"Feature","geometry":{"type":"Polygon","coordinates":[[[-0.07350904299994454,11.125742759000104],[-0.06571397599986994,11.124037981000072],[-0.05791899999991301,11.12233300000014],[-0.05149399999987736,11.121560000000102],[-0.045009999999933825,11.120251000000167],[-0.04051847999983238,11.118972034000024],[-0.03602699999981951,11.117693000000088],[0.0002729999999928623,11.111671000000115],[0.0011033230000521144,11.111647280000057],[0.00646900000003825,11.111493999999993],[0.006713000000161173,11.111510000000067],[0.008466000000055374,11.112566000000072],[0.008553000000119937,11.11262900000014],[0.008743000000038137,11.11306200000007],[0.008971999999971558,11.113410999999985],[0.009204000000181622,11.113657999999987],[0.009431000000120093,11.113878000000113],[0.010545000000092841,11.114619000000118],[0.010669000000063988,11.114633000000026],[0.01724253400004727,11.11309957200018],[0.023816000000010717,11.111566000000096],[0.028157528000065213,11.10968753100019],[0.03249900000008665,11.107809000000088],[0.03726818200016169,11.107168226000056],[0.042037344000050325,11.10652737700002],[0.050818344999981946,11.104629460000126],[0.05959923200009598,11.102731286000108],[0.07449459299999717,11.099624732000109],[0.09471798000004128,11.095406971999978],[0.10195281900013242,11.09392340700009],[0.10333652600013465,11.093639666000115],[0.11195496900012358,11.091872114000068],[0.12057330800007549,11.090104315000076],[0.1291915430000472,11.08833627000007],[0.13513208500000928,11.086938630000077],[0.141072571000052,11.08554087400006],[0.1555987710000295,11.082358578000026],[0.164184437000074,11.080573911000045],[0.1727700000001846,11.078789000000086],[0.18001578900009463,11.07723092800012],[0.18323922900015077,11.076537703000042],[0.18726150100008,11.075672683000107],[0.19450713700007327,11.074114263000126],[0.19478841000017155,11.074053758000161],[0.2017526960001419,11.072555670000042],[0.20899817800011533,11.07099690199999],[0.21743235500008495,11.069166855000049],[0.22586642700002812,11.067336573000091],[0.23430039400017222,11.065506055000185],[0.2427342570001656,11.063675301000046],[0.25116801500001884,11.061844312000176],[0.2596016680001867,11.060013087000073],[0.26721249900009525,11.058360292000032],[0.268035217000147,11.058181627000067],[0.27646866099996714,11.056349931000057],[0.2849020000001019,11.054518000000087],[0.2917663300001436,11.05298914500014],[0.2925121310001373,11.052823037000053],[0.30012217500006955,11.051127883000163],[0.30773213100002295,11.04943253700003],[0.31534200000004375,11.047737000000154],[0.3294920690000822,11.044865832000085],[0.35684603700013895,11.039315623000164],[0.3897837190000928,11.032632460000059],[0.3961933830000248,11.031331916000113],[0.4231744430001072,11.025857364000103],[0.42436483800008773,11.025615829000117],[0.4369620470001223,11.023059810999996],[0.4978184060000217,11.010711841000102],[0.5051010000000815,11.009234000000106],[0.5039610000000607,11.006167000000005],[0.5038800000000947,11.006052000000125],[0.5028140000000008,11.001770000000022],[0.5031540000001087,10.997139000000175],[0.5026770000000624,10.996987000000047],[0.4994790000001217,10.995122999999978],[0.49933900000007725,10.995002000000113],[0.4991990000000328,10.994879000000083],[0.4988950000001182,10.994435000000067],[0.49823700000001736,10.993033999999966],[0.49816800000002104,10.992797999999993],[0.49789499999997133,10.991816000000085],[0.4978179999999952,10.991455999999971],[0.4974560000000565,10.98889300000019],[0.4974260000000754,10.988646000000188],[0.49748200000010456,10.988482000000147],[0.497575000000154,10.988347000000147],[0.49810500000012325,10.988110000000063],[0.4996890000001031,10.987639000000172],[0.5002090000001544,10.987597000000108],[0.5010180000001014,10.987562000000025],[0.5017290000001253,10.987766000000022],[0.5018480000000523,10.987827000000095],[0.5045270000001665,10.99001400000003],[0.5052980000000389,10.990920000000074],[0.5055470000000355,10.991144000000133],[0.505628000000172,10.99121300000013],[0.5058160000000953,10.991256000000135],[0.5062460000001465,10.991323000000023],[0.507686000000092,10.99116500000008],[0.5082070000000272,10.990785000000074],[0.5094180000000392,10.989508999999998],[0.5095390000000748,10.989309000000162],[0.5100150000000667,10.988515000000177],[0.5101530000001162,10.988271000000054],[0.5102650000001177,10.987941000000149],[0.510315000000162,10.987764000000027],[0.510362000000157,10.987501000000123],[0.5105360000001724,10.98621500000013],[0.5105560000000651,10.98568900000015],[0.5105100000001244,10.985493000000076],[0.5103170000001569,10.985126000000093],[0.5100350000000731,10.984442000000172],[0.5099320000001057,10.984082000000058],[0.5099100000000476,10.983869000000027],[0.5099060000000577,10.983468000000016],[0.5099070000001689,10.983118000000047],[0.509984000000145,10.982694000000151],[0.5101740000000632,10.981971000000158],[0.5111790000000838,10.978153000000077],[0.511271000000022,10.977901000000031],[0.5116419999999948,10.977151000000163],[0.5118470000001025,10.976904000000161],[0.5130800000001727,10.975763000000086],[0.5133540000001062,10.975520000000017],[0.5135930000001281,10.975431000000128],[0.5137840000001574,10.975390000000118],[0.5140650000001301,10.97528200000005],[0.5142199999999661,10.975205000000074],[0.5149890000001847,10.974692000000061],[0.5154830000000175,10.97422800000004],[0.5165780000000382,10.973079000000041],[0.5170000000001096,10.972360000000037],[0.5171730000000707,10.972012000000007],[0.5172220000000038,10.971863000000155],[0.5173300000000722,10.97141700000003],[0.5173520000001304,10.971257999999978],[0.5172890000000621,10.970730000000174],[0.5171880000000328,10.970571000000177],[0.5171050000001287,10.970459000000119],[0.5170010000000502,10.970334000000094],[0.5169020000001865,10.970247000000029],[0.5167860000000246,10.970193000000165],[0.5166480000001457,10.970216999999991],[0.5166000000000963,10.970255000000122],[0.5140320000000429,10.969284000000073],[0.5099070000001689,10.961928000000057],[0.5097640000000752,10.961580000000026],[0.5096300000001861,10.961146000000156],[0.5095150000000785,10.960593000000074],[0.5095080000000394,10.960542000000089],[0.5095030000001088,10.960424000000103],[0.5095330000001468,10.960185000000081],[0.5098489999999742,10.958012000000053],[0.5099730000001159,10.95746100000008],[0.510413000000085,10.956021000000135],[0.5107820000000629,10.955240000000174],[0.510855000000106,10.954952000000162],[0.510955000000024,10.95440600000012],[0.5109420000001705,10.953891999999996],[0.5108820000000378,10.951836000000071],[0.510861000000034,10.951680000000124],[0.5101380000000972,10.949549000000047],[0.5071090000001277,10.94241600000015],[0.506796000000179,10.941707000000065],[0.5065520000000561,10.941214000000173],[0.5064040000000318,10.940975999999978],[0.5041540000000282,10.93790700000011],[0.5024310000001151,10.93579700000015],[0.5022090000000503,10.935607000000061],[0.5019980000001851,10.935291000000177],[0.5007660000000556,10.93338400000016],[0.5391425130001721,10.949184323000168],[0.5656396750001704,10.960309768000059],[0.5681973540001195,10.961383669000043],[0.5757318170001327,10.96458310800017],[0.5832664410000348,10.967782360000001],[0.5908012280000889,10.970981425000105],[0.5942539090000309,10.972447221999971],[0.5983361760000321,10.97418030300014],[0.6058712870000704,10.977378993999992],[0.6136817230000702,10.980692599000179],[0.6214923340001519,10.984006002000172],[0.6293031179999957,10.987319204000187],[0.6371140770001489,10.99063220500011],[0.644925211000043,10.993945005000114],[0.6527365179999833,10.99725760300015],[0.6605480000001194,11.000570000000039],[0.668336798000098,11.00067747300011],[0.6761256020000701,11.000784746000022],[0.6839144120000356,11.000891819999993],[0.6917032270001187,11.000998694000145],[0.6994920480000246,11.001105369000186],[0.7072808739999914,11.001211844000181],[0.7148123590001205,11.001214508000032],[0.7223438450001254,11.001216984999985],[0.7298753300000271,11.001219276000086],[0.736208331000114,11.001186075000078],[0.7425413310000977,11.001152740999999],[0.7488743300001488,11.001119276000168],[0.7763040800000454,11.00111968900012],[0.7885496370000737,11.00112069100004],[0.79359208000011,11.00112110300006],[0.8017368300000953,11.00112271300003],[0.8098815800000239,11.001124103000109],[0.8180263300001798,11.001125276000153],[0.8484492950000231,11.001118863000045],[0.8975858270000003,11.001117431000125],[0.9141601400001491,11.001117183000076],[0.9114599570000905,10.991826624000112],[0.9091146220001178,10.983756838000147],[0.9067694150001557,10.975687029000085],[0.9044243350001011,10.96761719900013],[0.9020793820001245,10.959547345000146],[0.8997345569999879,10.9514774700001],[0.8973898580000537,10.943407572000126],[0.8950452860000269,10.935337652000158],[0.8927008410001349,10.927267709999967],[0.8903565230001504,10.91919774600018],[0.8880123309999703,10.911127759000124],[0.8909087060001184,10.904650854000067],[0.8938049560001105,10.898173919000158],[0.8967010810001739,10.89169695400011],[0.8995970800000919,10.88521995900004],[0.8948977440001045,10.877464565000139],[0.8901986500001158,10.869709095000076],[0.8854997990001152,10.861953549000134],[0.8808011909999891,10.85419792800019],[0.8806151879999788,10.84796195500013],[0.8804291930001682,10.841725979000046],[0.8802432060001024,10.835489999999993],[0.8780440370001656,10.825127318000057],[0.873780206000049,10.80503576700005],[0.8683804250001117,10.798923441000056],[0.862980862000029,10.792811019000055],[0.8575815180000177,10.786698500000114],[0.8521823920000315,10.780585885000164],[0.8467834830000243,10.774473173000104],[0.8413847920001558,10.768360365000092],[0.8359863189999714,10.762247460000083],[0.8305880639999828,10.756134459000123],[0.8234404200001109,10.748333112000068],[0.8178198140001314,10.74196399800013],[0.8121994440001572,10.735594780000042],[0.8065793120001672,10.729225457000155],[0.8016396270000996,10.723627081000018],[0.8009190569999873,10.715879427000061],[0.8001985230000628,10.708131767000111],[0.7994780260000312,10.7003841020001],[0.7989634510000201,10.69485047600017],[0.7987575650000167,10.69263643100004],[0.7980371410001226,10.684888755000088],[0.7973167540001214,10.677141073000143],[0.7987577130000432,10.668400931000122],[0.8001985899999795,10.659660777000113],[0.8016393850001009,10.650920611000117],[0.8029093129999865,10.643216509000183],[0.8030800970001337,10.642180434000181],[0.804520728,10.633440245999964],[0.805961276000005,10.624700046000157],[0.806532652000044,10.615717828000186],[0.8071039950001477,10.60673560400005],[0.8076753040000995,10.59775337300016],[0.808246580000116,10.588771137000037],[0.8088178230000267,10.57978889400016],[0.8052582000001394,10.572173668000119],[0.8016987530000392,10.564558397000042],[0.7981394800001453,10.556943083000021],[0.7945803830000955,10.549327725000182],[0.7910214610001276,10.54171232400006],[0.787462714000128,10.534096879000117],[0.7839041420000399,10.526481390000129],[0.7835008330001756,10.518771033000178],[0.7830975449999755,10.51106067100011],[0.782694276000143,10.503350305000026],[0.7812259930000209,10.474243218000026],[0.7797525930001825,10.445034673999999],[0.7786787540000546,10.423746986000083],[0.7782544660001349,10.415353562000178],[0.7778302010000857,10.406960134000087],[0.777405958000088,10.39856670100005],[0.7769817380001314,10.390173263000122],[0.7765575410001588,10.381779820000133],[0.7837986790000855,10.376504615000044],[0.7910395730000346,10.371229244000062],[0.7982802260000881,10.36595370900011],[0.8055206360001534,10.360678010000129],[0.8127608040000496,10.355402144999971],[0.8200007300001175,10.350126116000183],[0.8272404140001299,10.34484992300014],[0.8344798560001436,10.339573565000023],[0.8417190570000344,10.33429704300005],[0.8489580160000969,10.329020356000001],[0.8561967330001039,10.323743506000028],[0.8634352090000448,10.318466492000027],[0.8706734440000332,10.313189313000123],[0.877911438000126,10.307911971000124],[0.8851491910000391,10.302634465000096],[0.8923867040001596,10.297356796000088],[0.8996239750001109,10.292078963000165],[0.9020203720000382,10.29033126100012],[0.8999385390001748,10.288003216000163],[0.8874760000001061,10.273573000000056],[0.8769920000000297,10.254703000000177],[0.8665090000000646,10.244219000000157],[0.8633640000001037,10.244219000000157],[0.8570740000001251,10.24107400000014],[0.8497350000000665,10.23478399999999],[0.8392520000001014,10.227446000000043],[0.8389690000001337,10.226528000000087],[0.8266719999999737,10.186560000000156],[0.8245750000000385,10.175029000000166],[0.8224780000000464,10.168738000000133],[0.8193330000000856,10.163497000000064],[0.8195640000001845,10.162111000000152],[0.8166810000000169,10.15870400000017],[0.8141690000000494,10.154757000000075],[0.8087880000001633,10.151887000000102],[0.8037640000001147,10.153681000000063],[0.798383000000058,10.161932999999976],[0.7973060000001055,10.167673000000093],[0.7940780000001837,10.171978000000138],[0.781161000000111,10.1795130000001],[0.7779330000001892,10.179871000000048],[0.7775229999999738,10.180008000000043],[0.7772150000000693,10.179871000000048],[0.7754210000001649,10.178795000000036],[0.7739860000000931,10.176642000000072],[0.767887000000087,10.174848999999995],[0.7578410000000417,10.1795130000001],[0.7542530000000056,10.182383000000073],[0.7481540000000564,10.178436000000147],[0.7442070000001308,10.175925000000063],[0.7391840000000229,10.174131000000102],[0.7366730000001098,10.17269600000003],[0.7330850000000737,10.168390999999986],[0.7388260000000741,10.160139000000072],[0.7381080000001816,10.15296300000017],[0.7427730000001702,10.14507000000009],[0.7410920000001511,10.141709000000162],[0.7402610000001459,10.140047000000152],[0.739518000000146,10.140511000000174],[0.7345210000000293,10.143635000000188],[0.7108410000000731,10.163009000000045],[0.7065360000000283,10.166597000000081],[0.704742000000067,10.168032000000153],[0.6979870000000119,10.167111000000148],[0.692739000000131,10.160383000000024],[0.688342000000091,10.155711000000167],[0.6847700000001282,10.145268000000101],[0.6837100000001897,10.143590000000188],[0.6831129999999916,10.143164000000127],[0.6809760000001006,10.141907000000003],[0.6795720000001211,10.14160400000003],[0.6781320000001756,10.141366000000005],[0.6770860000001448,10.14123699999999],[0.6765630000000442,10.141182000000072],[0.6761230000000182,10.141265000000033],[0.6758750000001328,10.141384000000073],[0.6757100000001515,10.141320000000121],[0.6755810000001361,10.140989999999988],[0.675640000000044,10.140827000000002],[0.6755750000001512,10.140822000000128],[0.6757800000000884,10.13699400000013],[0.6749600000000555,10.134465000000148],[0.6735930000001531,10.127151000000026],[0.6731140000001119,10.121136000000035],[0.6722940000001358,10.116215000000011],[0.6722260000000233,10.111157000000048],[0.6726360000001819,10.108491000000072],[0.6729610000000434,10.108227000000056],[0.6729530000001205,10.108167999999978],[0.6776240000000371,10.099648000000059],[0.682021000000077,10.092778000000067],[0.6853190000001064,10.08673200000004],[0.6866939999999886,10.082060000000013],[0.6861440000001267,10.072716000000185],[0.6872430000001373,10.065571000000148],[0.6877930000001697,10.057876000000135],[0.6869680000000926,10.053204000000107],[0.682021000000077,10.046334000000115],[0.6784490000001142,10.038364000000058],[0.6784490000001142,10.033967000000189],[0.6778990000000817,10.027646000000175],[0.6729530000001205,10.01582900000011],[0.6671820000000821,10.00868400000013],[0.6603110000000356,10.004561000000024],[0.6495930000001522,9.996867000000066],[0.6451960000001122,9.98999600000019],[0.6435240000001841,9.989002000000028],[0.6512840000000892,9.989002000000028],[0.6537960000001135,9.988643000000138],[0.6670700000000807,9.985414000000162],[0.6759780000001001,9.983237000000145],[0.6777150000001484,9.982812000000138],[0.6772190000000933,9.978732000000093],[0.6770060000000626,9.976631000000111],[0.67677000000009,9.97493099999997],[0.6767000000001531,9.974200000000053],[0.6765340000001174,9.973562000000072],[0.6763690000001361,9.973114000000123],[0.6761800000001017,9.971579000000133],[0.6762270000000967,9.970706000000177],[0.6767470000001481,9.968665000000044],[0.6763990000001172,9.966399000000138],[0.6756810000000542,9.963528999999994],[0.6746480000000474,9.959742000000006],[0.6742610000001719,9.95957200000015],[0.6715940000000842,9.95888500000018],[0.6692140000001814,9.958103000000108],[0.6681610000001115,9.957704000000149],[0.6676030000000992,9.957433000000094],[0.6674010000000976,9.957235000000082],[0.6672140000000581,9.956834000000129],[0.667165000000125,9.956687000000045],[0.6669360000000211,9.956735999999978],[0.6669000000000551,9.956826000000149],[0.6668990000001145,9.956826000000149],[0.6668990000001145,9.956819999999993],[0.666797000000031,9.956907999999999],[0.6666330000001608,9.956785000000139],[0.6666979999999967,9.956622000000152],[0.6668460000000209,9.956450000000132],[0.666889000000026,9.95638200000019],[0.6668990000001145,9.955836000000147],[0.6669790000000262,9.954877000000181],[0.6673940000000584,9.953137000000083],[0.6680170000000771,9.95093300000002],[0.668352000000084,9.949592000000052],[0.6688700000001404,9.948821000000066],[0.668863999999985,9.948819000000071],[0.6667110000000207,9.944154999999967],[0.6645160000001624,9.942141000000163],[0.6595910000001481,9.937216000000149],[0.6564250000001834,9.934577999999988],[0.6560740000001033,9.931764000000044],[0.6564250000001834,9.92930100000018],[0.6587120000000368,9.925960000000146],[0.6752450000000181,9.910130000000095],[0.6777460000000133,9.907462000000123],[0.6796270000000391,9.901819000000046],[0.6814210000001708,9.896437000000105],[0.6817800000000034,9.891414000000168],[0.6828570000001264,9.887468000000126],[0.6810630000000515,9.880292000000054],[0.6807040000001621,9.877422000000081],[0.6798170000001278,9.876535000000047],[0.6796270000000391,9.87634600000007],[0.676757000000066,9.881010000000117],[0.6724520000000211,9.883162000000027],[0.665994000000012,9.882804000000078],[0.6620480000000271,9.880651000000114],[0.6590460000001599,9.87703300000004],[0.6542240000001698,9.877910000000156],[0.6509370000001695,9.882732000000146],[0.6485260000001745,9.886677000000077],[0.6456760000000372,9.891499000000067],[0.6412920000000781,9.894568000000163],[0.6369090000001165,9.894787000000179],[0.6340590000000361,9.893691000000047],[0.6308340000000499,9.888185000000135],[0.6261700000001156,9.883521000000087],[0.6224350000001664,9.883383000000038],[0.6222480000001838,9.883376000000169],[0.6166339999999764,9.885252000000094],[0.6118120000001568,9.887006000000099],[0.608744000000172,9.887006000000099],[0.6006340000000705,9.889198000000135],[0.5955930000000649,9.887882000000104],[0.5920860000001653,9.886347999999998],[0.5879210000001649,9.885910000000024],[0.5846260000001848,9.881368000000066],[0.5845850000001747,9.881170000000054],[0.5845670000001064,9.881085000000098],[0.5842040000001134,9.88120500000008],[0.5837820000001557,9.881334000000095],[0.5705520000000774,9.88498200000015],[0.5493480000001796,9.892824000000076],[0.5354060000000231,9.897470999999996],[0.5313390000001164,9.899213999999972],[0.5240780000000882,9.901538000000073],[0.521754000000044,9.906766000000118],[0.5185590000001525,9.908218000000147],[0.5150740000001406,9.916642000000138],[0.5150740000001406,9.924775000000182],[0.5171070000001237,9.926808000000165],[0.5191400000001067,9.927389000000062],[0.521754000000044,9.932908000000054],[0.5249490000000492,9.93610300000006],[0.5251000000001227,9.936640000000068],[0.5251080000000456,9.936668000000111],[0.5269830000001434,9.943364000000088],[0.5197210000000041,9.951497000000131],[0.5139120000000617,9.950335000000052],[0.5107170000000565,9.945688000000189],[0.5063600000001429,9.941331000000105],[0.5022940000001768,9.941331000000105],[0.49938900000012154,9.941621000000112],[0.49735500000008415,9.945398000000125],[0.49735500000008415,9.946269000000086],[0.49716100000017605,9.946661000000006],[0.4915470000000255,9.951207000000124],[0.489223000000095,9.952369000000147],[0.48602800000008983,9.953530000000114],[0.47992800000002944,9.951497000000131],[0.47818500000005315,9.951207000000124],[0.47324700000001485,9.948883000000023],[0.4712140000000318,9.948012000000062],[0.4668570000001182,9.944817000000057],[0.46540500000008933,9.943944999999985],[0.4613390000001232,9.94452600000011],[0.4561100000000238,9.947140000000047],[0.4537860000000933,9.952659000000153],[0.4471060000000193,9.956435000000113],[0.4413369999999759,9.956879000000072],[0.4395540000001006,9.957016000000067],[0.43548700000002327,9.957597000000021],[0.4302589999999782,9.957306000000074],[0.42619200000012825,9.958468000000096],[0.42386900000008154,9.960792000000026],[0.42096400000008316,9.963987000000088],[0.4180600000001391,9.976186000000098],[0.42270700000005945,9.986353000000008],[0.42241600000011204,9.994195000000161],[0.4154450000001475,10.009008999999992],[0.41312200000015764,10.012204000000054],[0.40992700000009563,10.016561000000138],[0.4078930000000014,10.019465000000025],[0.4080953960000784,10.021081388000027],[0.4103278310001315,10.021558284000037],[0.41098287800008393,10.021868461000054],[0.4113499450001541,10.022390993000101],[0.4116058560001079,10.023161658000049],[0.4119852880000394,10.024416009000163],[0.4140968720001297,10.031396623000091],[0.41428625000003194,10.033476761000031],[0.41426301600006354,10.034045730000116],[0.41400947600004656,10.035528902000124],[0.4135365180001713,10.037192470000093],[0.41321682400018744,10.038154939000037],[0.4129758240001138,10.038904063000018],[0.4127887980001219,10.03966972700016],[0.41271240200018156,10.040170683000042],[0.41256515800006355,10.041370150999967],[0.4127224290000413,10.04380730500003],[0.41434522700018306,10.050405487999967],[0.4148147860000222,10.051773270000183],[0.4151787830000444,10.052685525000072],[0.41619185900003686,10.054360695000128],[0.41704305600001135,10.055796424000164],[0.41751503799997636,10.056861090000154],[0.41761475600009135,10.058052767999982],[0.4175101280001172,10.058853107000061],[0.4172737750001829,10.05973902500017],[0.416496906000134,10.061313599000073],[0.41574616200017545,10.06234706400005],[0.41231387200008385,10.066910581000059],[0.4104651750001267,10.06869327000004],[0.40997002200009547,10.069165748000046],[0.40904635000003964,10.06997048200003],[0.4077056910000465,10.071031765000157],[0.4057991340001763,10.071850423000058],[0.405183063000095,10.07209011000009],[0.40458236800003533,10.072436313000026],[0.4039455180000573,10.072875182000189],[0.40128769900002226,10.074781355000084],[0.40010860000006687,10.076114523000058],[0.3998600130000227,10.076405820000105],[0.3986093780001738,10.07787821800008],[0.3972942080000621,10.079326172000151],[0.3965782890000469,10.080089186000066],[0.3958195640000781,10.080743601999984],[0.3950849340000673,10.081116718000146],[0.39420922600010044,10.081380461000037],[0.3932048450001844,10.081350880000173],[0.39221198700010973,10.081245596000144],[0.3905440810001437,10.081446704000086],[0.38790260800016085,10.082110089000025],[0.38537400800004207,10.082869543000129],[0.38392796600010115,10.083442697000123],[0.38181366600014144,10.084281185000066],[0.3803794920001451,10.084735325000167],[0.3791986470000097,10.084920818000114],[0.377727878000087,10.085148602000174],[0.37514239500012536,10.085538131000135],[0.37339393200016957,10.08569742800006],[0.3720175910000876,10.085751424000136],[0.3702714230000197,10.085759592999977],[0.3692658970001048,10.085740318000092],[0.36759597800005395,10.085640393000062],[0.36649421300012364,10.085501688000079],[0.36554369699996414,10.085405271000184],[0.36502210499998,10.085405552000111],[0.36466844500006346,10.085467430000051],[0.36376180499996735,10.0858046460001],[0.3629614609999976,10.086198811000088],[0.3622479280000448,10.086658623000119],[0.3569242309999936,10.090379235000114],[0.3562252340000214,10.09099424800013],[0.35566633600012665,10.091639946999976],[0.3550246230000198,10.092663257000083],[0.35457972300002893,10.093655661000128],[0.3536335940001436,10.09645063500011],[0.3529254900001888,10.099045789000058],[0.3526153970000223,10.101510260000168],[0.3525684340001476,10.102912212000149],[0.35245394200006785,10.106939898000178],[0.35235368300004666,10.110466905000067],[0.3524263040000619,10.110933001000092],[0.3526498610000317,10.11163847600011],[0.3531551030000628,10.112616863000142],[0.35371068900002456,10.113548607000098],[0.3543913800001519,10.114635619000182],[0.3550048600001219,10.115733954000007],[0.3574634390000142,10.120725680000021],[0.3580019380000863,10.121820511000124],[0.35838514400018084,10.123036090000085],[0.3590351660001261,10.125756316999968],[0.36178987900007087,10.137284298000168],[0.3624599300001705,10.141235038000048],[0.3624276270001019,10.145180134000157],[0.36217497600006254,10.147440877000065],[0.3607878690001485,10.15241942900002],[0.35808870100009926,10.160346385000082],[0.35495546200007766,10.16409237400012],[0.3538165790001244,10.167332259999966],[0.35099002000009705,10.183554817000129],[0.3506633150001335,10.187671530000102],[0.3509219670000334,10.19179299600006],[0.3516378940000209,10.197252622000065],[0.352860531000033,10.205153170000074],[0.3545035280001798,10.211780702000055],[0.3554478840001707,10.217938424000124],[0.3568989830000646,10.223546931999977],[0.3574335670000437,10.225613103000171],[0.3594130530000825,10.234042006000095],[0.36045043100011753,10.240662282000187],[0.3609634459999711,10.244603872000027],[0.36090466600012405,10.247085210000137],[0.3607653550000123,10.250023944000134],[0.3611245399999916,10.25978024799997],[0.3616392910000741,10.262266255999975],[0.36231893100017487,10.263313762000166],[0.3636874260001264,10.264222028000177],[0.36622802600004434,10.264981408000097],[0.3691097300000479,10.26557522600001],[0.37167703900013294,10.266030842000077],[0.37380118400011497,10.266960765000022],[0.37486481900009494,10.268276818000118],[0.3760864690000858,10.269862250000187],[0.37715224099997613,10.27132840600018],[0.37841942800014294,10.27210678099999],[0.37893089500011,10.272420952000175],[0.38151099500004193,10.273046505000138],[0.3816640659999848,10.27305311400005],[0.3817321380001317,10.274062714000081],[0.38171068500003,10.274273975000085],[0.381681085000082,10.274556506000124],[0.3816209010000762,10.274767913000119],[0.3815262030000781,10.274978405000127],[0.38140002599999434,10.275179421000018],[0.3812889340000538,10.275319029000059],[0.3787616400000502,10.278023179000115],[0.37855609200005347,10.278188309000143],[0.378249422000124,10.278356114000076],[0.3778702370000815,10.278535392000151],[0.37745769700006804,10.278702191000036],[0.3767338000001246,10.27895260200006],[0.3765081800000871,10.279026737000038],[0.37620607000013706,10.279112326000131],[0.3758582070000216,10.279238510000084],[0.3755195470000672,10.279368927999997],[0.3751633530001186,10.279522224000118],[0.37463796200006527,10.279807207000147],[0.37432517000013377,10.279989672000056],[0.37402866299999005,10.280199579999987],[0.3701612840000621,10.283044872000062],[0.36993234499999517,10.283217082000078],[0.36972290400018437,10.283409240000026],[0.3695230220001804,10.283716865000144],[0.3694554080000785,10.2842812290001],[0.36952198100016176,10.284601924000128],[0.36967758599996614,10.285025963000123],[0.36985451800006786,10.285286672000097],[0.3724410010000838,10.287949170000104],[0.3730525699999703,10.2882947760001],[0.37691575400003785,10.291170875000148],[0.37883202300008634,10.294507086000067],[0.38315583800016384,10.300032848],[0.3834006510001018,10.300328560000139],[0.3836846590001528,10.30060742300003],[0.3875371440001345,10.302966048000087],[0.38832425400005377,10.303205577000085],[0.38867883400007486,10.303302256000165],[0.3895156810001481,10.30342352200006],[0.3898917060000713,10.303413745000057],[0.390225545000078,10.303391076000082],[0.39051529300007815,10.303375917000153],[0.39085902300007547,10.303364595000062],[0.39135105900010103,10.303371428000048],[0.3923960610000563,10.303396287000055],[0.3926158110001552,10.303411292000135],[0.39277797200014675,10.30342530200005],[0.39331353900013255,10.303532727000118],[0.3936118690000967,10.303612365000163],[0.39578816400018013,10.30434847100014],[0.3969556670000429,10.304931620000161],[0.3971684360001291,10.305045027000062],[0.39729153600001155,10.305124541000055],[0.3973668580000549,10.305203685000038],[0.3974183600000174,10.305276519000188],[0.3974933150001334,10.305553811000038],[0.3975425370001062,10.305790826000191],[0.3975943320000397,10.30607610200019],[0.39768634400002156,10.306665085000134],[0.39771493400007785,10.307001965000154],[0.39770644300017466,10.307355687000097],[0.39766043700007003,10.30771972000008],[0.3962903090000509,10.313117967000096],[0.3962557150000521,10.313229863999993],[0.3961476290001542,10.313466567000148],[0.3960749720000649,10.313575744000048],[0.39598460400009117,10.313681300000042],[0.3958824680001385,10.313762443000144],[0.3957954690001202,10.31380879600016],[0.39121234499998536,10.315171187000146],[0.3910115050001082,10.315225651000048],[0.3908134610000502,10.315267530000028],[0.3904798250001704,10.315327501000127],[0.39016445900017516,10.315367589000061],[0.3897749419999741,10.315406444000189],[0.38941818000012063,10.315409198000054],[0.38899743300004275,10.31539858800005],[0.38861089100004165,10.315360047000127],[0.38795072000004893,10.315282047000096],[0.3875823250000394,10.315234351000072],[0.3872841140001242,10.315190765000182],[0.3868693090001898,10.315121379000118],[0.3755651810001268,10.313223751000123],[0.3753755170000659,10.313190208000094],[0.3706492210001784,10.311903310000048],[0.36808125600003905,10.310797357000126],[0.3677284470001041,10.310605040999974],[0.3675069450000592,10.310506451000037],[0.3672148570000786,10.310422608000067],[0.36693801000012627,10.310365762000174],[0.3666680420001853,10.310321765000026],[0.36635969800011026,10.31030309200014],[0.366069285000151,10.310318710000047],[0.3597890119999647,10.311201508000067],[0.35479678800010106,10.31312599100005],[0.35466565500001934,10.313210727000126],[0.35451957000009315,10.313290019000135],[0.3536798370001293,10.313689000000181],[0.35350770000002285,10.313762664000024],[0.35335082000000284,10.313810552999996],[0.3532872220000627,10.313818390000051],[0.353264825999986,10.313814018000016],[0.35314310300014995,10.313719527000103],[0.35293939299998556,10.313522154000054],[0.3527116930001739,10.313279690000059],[0.352574964000155,10.31313221400012],[0.35244324000007055,10.31298676200015],[0.35193081500005974,10.312373114000025],[0.35182275500017113,10.312232200999972],[0.3512674780001248,10.311170964000041],[0.35110692500006735,10.310860670000125],[0.3510576570000694,10.310721812000168],[0.35100549800012004,10.310533917000157],[0.35092043300011255,10.310131748000174],[0.35079766900008735,10.309770448000108],[0.35070950800013634,10.309569526000018],[0.3506272130001662,10.309388176000141],[0.3504757860001746,10.309096589999967],[0.3503722290000155,10.308925321999993],[0.3502303780001057,10.308691984000063],[0.35004746400005615,10.30842111800007],[0.34981941100011227,10.308189190000064],[0.3495218250000107,10.307894569000098],[0.3491431640000542,10.307653302999995],[0.34878021800005854,10.30753314900005],[0.3484286489999704,10.307456417000083],[0.3480963450000445,10.307401516000084],[0.3477555770001004,10.307382294999968],[0.34746082100002695,10.307396605999998],[0.34709085800005823,10.30742033700011],[0.3370026220000568,10.308408672000098],[0.33360435400010147,10.3100826430001],[0.3294341139999801,10.309156217000009],[0.3257105430000138,10.306834466000055],[0.32535451900002954,10.306638821000092],[0.3249841300000753,10.306516988000055],[0.32461613500004205,10.30649213200013],[0.32418271900007767,10.306584481000073],[0.32386625200012986,10.306671625000149],[0.31937440400008654,10.30795128200009],[0.31889768400003504,10.308088756000075],[0.31854058100009297,10.308385689000033],[0.3167950640001891,10.309916186000123],[0.31654634000000215,10.310169432000123],[0.3162885040001697,10.31046840200014],[0.3161885870001697,10.310873856000114],[0.3162523000000306,10.311351671000125],[0.31652186300004814,10.311702553000032],[0.3169395360000635,10.311896520000175],[0.3190866360000655,10.312821317000044],[0.3225221189999843,10.319210432000148],[0.3227074620001531,10.319489341000008],[0.32298497900012535,10.319775500000162],[0.32477090400016095,10.320696455000075],[0.32505924800005914,10.320840197000052],[0.3309692950001022,10.323753144000136],[0.3312150930000257,10.323873204000108],[0.33159848200000397,10.324043082000117],[0.3318464400001062,10.324144777000129],[0.33206228800003146,10.3242098340001],[0.33235158800016507,10.324286267000105],[0.33283398300000044,10.324343585000065],[0.3331241430000773,10.324358014999973],[0.3333968720001508,10.324357864000092],[0.33367774900000313,10.324342320000028],[0.3347928790000765,10.324252844000057],[0.3358046390001732,10.32416269700019],[0.33602667400015207,10.324138215999994],[0.33627550800014205,10.324114452000174],[0.33634682400014526,10.32411803600013],[0.337398412000141,10.324380544000178],[0.3375319860001582,10.324423111000044],[0.337677104000079,10.324492587999998],[0.3377608889999806,10.324556434000158],[0.3378547630001094,10.32469734099999],[0.33794914100013784,10.324894786000073],[0.33798220200009155,10.325017285000172],[0.33802221300015844,10.325237101000084],[0.3380172130000574,10.325288012000101],[0.33700941000006424,10.328890800000124],[0.3333442360000731,10.336840236000114],[0.32724913300012304,10.33972054200001],[0.32708249900002784,10.339790990000154],[0.3267980430001103,10.339906296000095],[0.32648889000000736,10.339979473000028],[0.32632546000002094,10.340007696000157],[0.32603721900005667,10.340045087000135],[0.325898433000134,10.340042495000091],[0.3257214600001248,10.340029109000056],[0.3255674640001871,10.340010054000174],[0.32537220300008585,10.339967419000118],[0.32521958100005577,10.33985832600007],[0.3236571700000468,10.337732994000078],[0.323061149000182,10.336012725000103],[0.3229791520000731,10.33566840100002],[0.32273715200011566,10.335367811000026],[0.32209908500016127,10.334594680999999],[0.3218174080000722,10.334309542000142],[0.3215135130000135,10.334074847000181],[0.3210991810000223,10.333826325000018],[0.3205350000001772,10.333823714000061],[0.3202397450001513,10.333886612000128],[0.32002332800010436,10.333952554000064],[0.31977864500004216,10.33404786500006],[0.3195352260000277,10.334161513000026],[0.31934946600011926,10.334256965000122],[0.31779087600011735,10.335073414000078],[0.3174838110000451,10.335320787000057],[0.3153058600000236,10.33775525800013],[0.3151666400000863,10.338225130000126],[0.31524282800018,10.338626686000111],[0.3153636980000556,10.33889623600004],[0.3157267400000592,10.340412999000023],[0.31610609000017575,10.342889249000109],[0.3161308890000214,10.343100837000009],[0.3161554430000706,10.343313304000105],[0.31617040300005783,10.34347509800017],[0.3161878360000401,10.343950586000062],[0.31633669899997585,10.34899380700017],[0.3163406040000609,10.349225399000147],[0.31632149800003617,10.349395419000189],[0.31404861600009326,10.359697735000111],[0.3140007040000796,10.359812999999974],[0.31131266400007007,10.365088156000184],[0.31075701499997876,10.36596366100008],[0.30729358700011744,10.368970729000182],[0.3030835220000654,10.369307238000033],[0.29048574400007965,10.375879763],[0.2901687120001384,10.376089314000012],[0.2899495840001123,10.37638350800006],[0.2898473330000684,10.37667958000003],[0.2897750360000373,10.37701554400013],[0.2897826840001585,10.377283372000079],[0.2898958549999975,10.381246777000172],[0.28993896700001187,10.381618787000036],[0.2901065650000305,10.382085388000007],[0.29721618500013847,10.389227272000142],[0.30043681400007927,10.391974559000175],[0.30056723100011595,10.392139388000032],[0.3006291850001048,10.39232811700009],[0.3006470030001651,10.392440782999984],[0.300644967000153,10.392473899000095],[0.30043521200013856,10.39585600100014],[0.2994998570001144,10.403187069000069],[0.2987041400000976,10.407976287000054],[0.29865146400015874,10.408159461000082],[0.2984701460000565,10.4086916870001],[0.29835855300018466,10.40895980200014],[0.29828160800008163,10.409111630000098],[0.2982056380000131,10.409254785000144],[0.2980586340001423,10.409454130000029],[0.29795157399996697,10.40956448899999],[0.2978279640000778,10.409653793000132],[0.2977248760000748,10.4096932220001],[0.2974627000000396,10.409752840000067],[0.29722086800006764,10.409768214000053],[0.29422882600016464,10.409861385000056],[0.2926384740000003,10.40949077800002],[0.2917767670000444,10.408950784000126],[0.2911608700001693,10.408683848000067],[0.2907725580001852,10.408666079999989],[0.2904927090000342,10.408709342000009],[0.290028330000041,10.408798692000119],[0.28827918200011027,10.411483678000081],[0.2876266550000537,10.412696918999984],[0.28754340000017464,10.413010636000138],[0.287246484000093,10.416358253000055],[0.2872226050001814,10.416639578000172],[0.2872581660001856,10.417090666000036],[0.28679120200007446,10.419020048000164],[0.28590111600016144,10.42103802500003],[0.2858074440000564,10.421133107000117],[0.28491351500008477,10.421852332000185],[0.2847533040000485,10.421938963000173],[0.2844991270000605,10.42203355700019],[0.2842470229999776,10.42209116100014],[0.2841134960000318,10.422106438000071],[0.2839379349999831,10.422053805000075],[0.28368620000003375,10.421937401000037],[0.2835334160001821,10.421847828000182],[0.2834127690000514,10.42177201100003],[0.28325188900009834,10.421615140000085],[0.2830701560000648,10.421405313000037],[0.282973056000003,10.42127499500009],[0.28288731900011044,10.421150957000123],[0.2827758230001223,10.420933434000176],[0.28265921700005947,10.420629704000078],[0.28248914800013836,10.420391837000068],[0.2823158940000212,10.420163182000067],[0.2821379690001322,10.41998392100004],[0.28196618700008,10.41983190000019],[0.28178973999996515,10.419691430000114],[0.2815357840000843,10.419530616000088],[0.2716225270000905,10.41735626500008],[0.2716025730000524,10.41725523100007],[0.2697724020000578,10.411573513000121],[0.26968488500000376,10.411327128000096],[0.2695963370001664,10.411140336000074],[0.2693918450000865,10.410811452000075],[0.2692559600001232,10.410627345000023],[0.26913015400003815,10.41047147400019],[0.26893518200006383,10.410264833000042],[0.2686260850001645,10.409962705000112],[0.2682730800000286,10.409628513000143],[0.267991322000114,10.409475180000186],[0.264422151000133,10.408492947000184],[0.25918876100001853,10.407406877000028],[0.2510234590001801,10.408983189000026],[0.25078308300015806,10.409076477000099],[0.25054189600018617,10.409179574000063],[0.25029142299996465,10.40931413400017],[0.2501269940001407,10.409536526000068],[0.24998945500004766,10.409875131000149],[0.24790677800012872,10.413035684000079],[0.24461630700011483,10.41468631600003],[0.23940691200010633,10.415684111000076],[0.23782295900002737,10.415947728000106],[0.2377780300001291,10.415924406000158],[0.2376813780001612,10.41581880400014],[0.23761198099998637,10.415643799000122],[0.23756166399999756,10.415440498000066],[0.23749295700008588,10.415115070000184],[0.23745682500015164,10.414832791000151],[0.2374557320001145,10.414653485000088],[0.23746234300006108,10.41442696200005],[0.23747012300015058,10.414240730000131],[0.23748377300006496,10.413957510000103],[0.2375152940001044,10.413691031000042],[0.23752885700002935,10.413485400000127],[0.23754515400008813,10.41323680500011],[0.23756415500014327,10.412854016000153],[0.2375237560000869,10.412508345000049],[0.2372823610000978,10.41226690800005],[0.23699768899996343,10.41221108000002],[0.2367510749999724,10.412237436999987],[0.23651919800011,10.41229071400005],[0.23627939100003914,10.412395555000103],[0.2341036510001686,10.413365222000152],[0.23385224400004745,10.4135264250001],[0.23351789100001952,10.413876226000127],[0.2333141889999979,10.414103638000142],[0.2331827570001792,10.41426652400014],[0.23299798900012547,10.414499451000097],[0.23279737900008968,10.414785796000103],[0.23269713600001296,10.414968076000093],[0.2326134890001299,10.415143371000113],[0.232479321000028,10.415470663000178],[0.23235166000006302,10.415763968000022],[0.23226666600010049,10.415945912000154],[0.23210457500010762,10.416264343000137],[0.23196389700001419,10.41646471000007],[0.2318039450001379,10.416628382000113],[0.22930843300002834,10.41895689200004],[0.2252244950000204,10.422069754000063],[0.22058186000003843,10.425333314000056],[0.22037329300007968,10.425430465000034],[0.2202579970001466,10.425479316000065],[0.2176638270000808,10.426578459000154],[0.2175292600000489,10.426634365000155],[0.2174740350001798,10.426610729000174],[0.2171886880000784,10.426367091999964],[0.21709264800017536,10.426264519000142],[0.2170069459999695,10.426075471000104],[0.21700230700002976,10.426065233000145],[0.21694618700018964,10.425815092000164],[0.21689741900007675,10.425514486000168],[0.2168712050000181,10.425163273000123],[0.21686289100006206,10.424952691000101],[0.21684522300000708,10.424710195000102],[0.21679942600002278,10.424368367000056],[0.21672047600009137,10.424064116000068],[0.21656413000010843,10.423735963000183],[0.2163718610000842,10.42345550300007],[0.21619465200012655,10.423233831000175],[0.2156409860000963,10.422814446000018],[0.2104228230001013,10.419727911000166],[0.20829404600010548,10.418487662000132],[0.20819309699999167,10.418519056999969],[0.2066070290000539,10.41862403100015],[0.20636845600012066,10.41859627000008],[0.2060810750000428,10.418504601000052],[0.20580699399999958,10.418404911000152],[0.20563558800006376,10.418301553000106],[0.20556732200009264,10.418216524999991],[0.2055077760001609,10.418010684000137],[0.20547708900016914,10.417851476000067],[0.20546668400010049,10.417665922000026],[0.20548511000004055,10.417484377000164],[0.20553532500002802,10.417299626999977],[0.20716767199996866,10.411770434000175],[0.20768749400002662,10.410845900000083],[0.2079616050000368,10.410637967000184],[0.20822580600014362,10.410367272000087],[0.20921648800003823,10.407899670000177],[0.2093422820001365,10.40758272000005],[0.20985728900001277,10.405771393000066],[0.20982910600008609,10.405330560000095],[0.20637452800008305,10.40410789599997],[0.20604857500001117,10.40403036300006],[0.20575371300014922,10.404026748000035],[0.20541732500004173,10.404091765000146],[0.20357052900016015,10.404479027000036],[0.20329247600017197,10.404538122000076],[0.20305123800011415,10.404600366000068],[0.2027936950000253,10.404754812000022],[0.20262019200015402,10.405005274000132],[0.20247348800006648,10.405263041000069],[0.20224396400010392,10.405715222000083],[0.19826781000006122,10.40558569600006],[0.19815199000009898,10.405574776000037],[0.1964862960001028,10.404775009000048],[0.19632577900006254,10.404647912000087],[0.19564823500013517,10.403969767000035],[0.195388924000099,10.403677827000024],[0.1952423190001582,10.403482889000031],[0.19508384000005208,10.403288397000097],[0.19487608900004716,10.403095686000086],[0.19432375900015586,10.40265990800009],[0.19262365700018336,10.403517556000168],[0.19122447200015813,10.404377374999967],[0.19042878200002633,10.405072063000091],[0.18947367300012274,10.40643215900019],[0.18762694900010501,10.409467625000161],[0.18747432999998637,10.409757908000131],[0.18748207200013667,10.410026392000134],[0.18752884400009862,10.410248103000072],[0.18759581500000877,10.410459720000063],[0.18766673700002912,10.41067541200016],[0.1883886250000728,10.411626125000055],[0.1890888530001007,10.412467864000178],[0.189233758000114,10.412682491000055],[0.18932182800011788,10.412902443000121],[0.1897006870000837,10.413941204000025],[0.18977253300016628,10.41413984400009],[0.19050623100014263,10.417112001000078],[0.19054711200004704,10.417284116000019],[0.19059197600000743,10.41749676700016],[0.19060855000014953,10.41768355000005],[0.19057646199996725,10.417831541000112],[0.19049141200008535,10.41793126500005],[0.18985951399997703,10.418500160999997],[0.1896972420000793,10.418637254000089],[0.18933480500004407,10.418863659000067],[0.18910683500018877,10.418997238000031],[0.18885180500001297,10.419104285999992],[0.18868003300002556,10.419168077000052],[0.1885684560000982,10.419170612000187],[0.18840640300010136,10.419089190000022],[0.188167675000102,10.418927522000104],[0.1879134430001841,10.418768049000164],[0.18764356300005147,10.418615364000061],[0.18732455400004255,10.418543855999985],[0.18703012800000351,10.418572581000149],[0.18672562200003995,10.418660504000059],[0.18350235599996267,10.42083626800013],[0.1834196300000599,10.420892109000022],[0.18226273400011905,10.422059364000063],[0.17600098700006583,10.424576525000077],[0.17576410700002043,10.424626838000052],[0.17549577700003738,10.424715098999968],[0.17519871900015005,10.424846424999998],[0.17501213300016616,10.424930765000056],[0.1746705080000197,10.425113845000112],[0.17359766699996726,10.425940486000059],[0.17317212400001836,10.426269009000123],[0.17042935500001022,10.428645229000097],[0.17022927099998242,10.428819821000161],[0.16979094800007033,10.429301384000098],[0.1691590590000942,10.430253636000032],[0.169010179000054,10.43055069400009],[0.16905328500001815,10.430851058000087],[0.16957562100009227,10.435336010000071],[0.16842879300008917,10.44249958000006],[0.17151784300006057,10.447103467000034],[0.17156168200000366,10.447233731000154],[0.17209878000005574,10.450374497000155],[0.17207359299999325,10.45057186400004],[0.17199565800007122,10.450826436000114],[0.17187862900004802,10.45104838200001],[0.17121220800004266,10.451909750000084],[0.17106338900009632,10.452079170000047],[0.17013268600010178,10.452815117000114],[0.17006833900018137,10.452766019000137],[0.1699256770000943,10.452602994000074],[0.16959054900007686,10.452172190000113],[0.1695035970001868,10.452038707000156],[0.1675805120001428,10.451632906999976],[0.16497535700011667,10.452700956000172],[0.16472529900005384,10.452852059000122],[0.16453296000003093,10.453034979000165],[0.1635962150000978,10.453978990000053],[0.1634408160001044,10.454170346000069],[0.1621027480000521,10.456526037000003],[0.16196078000001535,10.456831219000037],[0.1619113640000478,10.45713228600016],[0.16189264100017908,10.45777812700004],[0.16194679400013,10.45820686400009],[0.1620763720001719,10.458821407000016],[0.1621236600000202,10.459067008000034],[0.16213517000005595,10.45925882600011],[0.16212094200011506,10.459380162000173],[0.16205670000016426,10.459466407000093],[0.1614835220001396,10.460024853000164],[0.16070255700009284,10.460582496000029],[0.16046625199999198,10.460687551000092],[0.15737839100006568,10.46159073900003],[0.15641894300006243,10.461749743000041],[0.15612473900006307,10.461679840000045],[0.15574110900013238,10.461652311000137],[0.1553747540000927,10.461712240000054],[0.15514059800005953,10.461947784000188],[0.15420519700001023,10.464365482000005],[0.15413647400009722,10.464656428000126],[0.15410668800012672,10.464936295000086],[0.15397939899997937,10.466408818000161],[0.1541416599999934,10.466775504000111],[0.1550712800001861,10.468042933000106],[0.1553981100000783,10.468211118000056],[0.15726904900003547,10.469314120000035],[0.15871750600007317,10.472969884000179],[0.15876082700003735,10.473131443000113],[0.15878549800004294,10.473309841000116],[0.15880279400005293,10.473506120000138],[0.15877543699997432,10.473658814000146],[0.15738850900015677,10.476502182000047],[0.1572699450001096,10.476687674999994],[0.1571646800000508,10.476811406000024],[0.15702439100004995,10.476937796000186],[0.15684701900011078,10.477053673000114],[0.15599810600014052,10.477594629000123],[0.1558947270000317,10.477653984000142],[0.15578345100004753,10.477622626000027],[0.15558214999998654,10.477516350000087],[0.15531021699996472,10.477436317000127],[0.15504181299996844,10.477400569000054],[0.15475825800007215,10.477410818000067],[0.15451290500010373,10.477453856000068],[0.15424231700006885,10.477557412000124],[0.15394175799997356,10.477758111000128],[0.15086752600018372,10.486776859000088],[0.15093531000013627,10.49169683800011],[0.14902927800017096,10.497892172999968],[0.1484560440001701,10.49839627800003],[0.14699665400002004,10.500732874999983],[0.14685990400005267,10.50116324999999],[0.14579832000015358,10.511836678000122],[0.14571203900004548,10.514968951000185],[0.1448775930001034,10.518670139000164],[0.14428961900011927,10.521143709],[0.1432156700001883,10.525306293000028],[0.14313869500011833,10.525534887000106],[0.14246699600005286,10.526203879000036],[0.1421997370000554,10.526278716999968],[0.1358078930001625,10.528068465000104],[0.12941597600001842,10.529858083000022],[0.12354201700014755,10.534479298000008],[0.11766788200003475,10.539100403000191],[0.10955212300007133,10.541596331000108],[0.10954327400014563,10.541599052000095],[0.1014185360000397,10.544097491000116],[0.09329366599996547,10.546595722000177],[0.08516866499996922,10.54909374400006],[0.07704353300005096,10.551591556000176],[0.06891827000004014,10.554089160000046],[0.0607928760001073,10.556586554000091],[0.060288022000065666,10.557473106000089],[0.06016719199999443,10.55783870900001],[0.06036893999998938,10.558355628000072],[0.06083358100016767,10.558454756000117],[0.06077331300014066,10.56030490500018],[0.06044753899999478,10.565026249000027],[0.059630660000038915,10.572009007000077],[0.0595527860001539,10.572388753000098],[0.05821092100006808,10.576448116000108],[0.05764703500011592,10.578153962000044],[0.055800202000170884,10.58336721000012],[0.0556376010001145,10.583574903000112],[0.05433232600006477,10.585102668000161],[0.04856331000002001,10.590227621999986],[0.04647942200006128,10.591756772000053],[0.04611079800014295,10.591953471000068],[0.03762982000006332,10.593671929000152],[0.037293408000152795,10.593740085000093],[0.029148748000181968,10.595390159000033],[0.02066758099999788,10.597108160000175],[0.012186320000012074,10.598825933000114],[0.010813932000189652,10.599103852999974],[0.0037049640001214357,10.600543477000087],[0.0026520890001506814,10.601242256000091],[0.0023906249999754436,10.602045559000032],[0.0024480930001118395,10.602490125000031],[0.0006969369999865194,10.606733012000177],[-0.0031525269998837757,10.612743413000032],[-0.006151106999936928,10.614834844000143],[-0.011705933999905938,10.61544375200009],[-0.01220441199996003,10.615722499000128],[-0.012703213999941454,10.616122143000155],[-0.013166851999926621,10.616565554000147],[-0.013528417999964404,10.61712205900011],[-0.013594233999924654,10.617568393000113],[-0.013491703999875426,10.617902330000106],[-0.013468622999937452,10.61813395500019],[-0.014324832999875525,10.620060954000166],[-0.02313209299995833,10.622245435000025],[-0.031939477999912924,10.624429669000051],[-0.040746987999909834,10.626613655000142],[-0.04955462299989222,10.62879739400006],[-0.05836238399990634,10.630980886000089],[-0.05881095699987782,10.631173711000145],[-0.05899291099996162,10.63134433200014],[-0.060672200999874804,10.634233853000183],[-0.060963866999941274,10.63516998099999],[-0.06168642199997976,10.638155833000155],[-0.062009411999952135,10.640100041999972],[-0.06352357299982714,10.644062280000071],[-0.06469696899984001,10.646881011000175],[-0.06623315499990667,10.649543872000152],[-0.06754561399981185,10.651865409000095],[-0.06798251499981234,10.652876830000025],[-0.06816768999993883,10.65338710400016],[-0.06917821999996931,10.656754793000175],[-0.06950923299990563,10.658158893000177],[-0.07030383799985884,10.66526192100008],[-0.07025461399996402,10.667047315000048],[-0.07021170199993776,10.669038957000168],[-0.07023689399989053,10.669354568000074],[-0.0714413559999798,10.673094353000124],[-0.07540334199990184,10.678894419000073],[-0.07936547799988602,10.684694432000072],[-0.08332776399993236,10.690494393000108],[-0.08378778499996997,10.691167739000036],[-0.08975357899993242,10.712188306000144],[-0.0899988579998876,10.713052548000064],[-0.08989152699996339,10.713222851000182],[-0.08903846299989482,10.71431810100006],[-0.08793324699996674,10.715325176000135],[-0.08669926099997838,10.716133089000095],[-0.08567914499997187,10.716691470000058],[-0.08460185099988848,10.717094717000123],[-0.08360168399991608,10.717278502000113],[-0.0809399449999546,10.71768100300011],[-0.07974959499989609,10.717771168000013],[-0.07814819799989436,10.717755691999969],[-0.0767890609998858,10.717901318000145],[-0.07580717499990897,10.718125041000064],[-0.07448206499987009,10.718750726000053],[-0.07324651299995821,10.719352743000059],[-0.07306674699992755,10.719486191000101],[-0.0729074609998861,10.71977025800004],[-0.0727782289999368,10.720104687000116],[-0.0726765599998771,10.720533421000027],[-0.07262973199993894,10.721269857000038],[-0.0727237429998695,10.72200476900008],[-0.07336632599992754,10.726067298999965],[-0.0735147629998778,10.726805969000168],[-0.07369309699987525,10.72720286700013],[-0.07374913199981847,10.727327579000132],[-0.07411191999989342,10.727909130000057],[-0.07449163699988048,10.728673841000159],[-0.07465760099984209,10.729198917000076],[-0.0746438459999581,10.730807492000054],[-0.07457901199990147,10.731629245000079],[-0.07440566699995088,10.732309863000125],[-0.07355380399997102,10.734682471000099],[-0.07297481999995625,10.735483818999967],[-0.0729052789998832,10.735687672000097],[-0.07135334799983184,10.74132812200014],[-0.07131679099990151,10.741635709999969],[-0.07139552199993204,10.741997127000161],[-0.07173868299997821,10.742818614000157],[-0.07239019599990115,10.74392004100008],[-0.07315941899997824,10.745267485],[-0.07344158999995898,10.745981389999997],[-0.0744229149999569,10.753453046000061],[-0.07455077599996685,10.755064446000176],[-0.07462861999994175,10.75614522100011],[-0.07457492699984414,10.757423208000091],[-0.0744146319999004,10.758061528000155],[-0.07417827999995552,10.758851703000062],[-0.07387298699995881,10.759529155000166],[-0.0737658269999315,10.759766944000035],[-0.07260862099997212,10.76156650200005],[-0.07200271999988672,10.762373148000052],[-0.07151726199987252,10.762828302000003],[-0.07103336999989551,10.763073935000023],[-0.07071525399987877,10.763237968000169],[-0.07043919999995296,10.763380312000038],[-0.07025133899986713,10.763598229000024],[-0.07012614799987205,10.763808185000187],[-0.07003662899995788,10.764177936000124],[-0.06997544199992944,10.764787783000088],[-0.07003683199997113,10.765414020000094],[-0.0702915859998825,10.766169650999984],[-0.07077505299992026,10.766897431000189],[-0.07133301999994046,10.767425517000163],[-0.07175508799991803,10.76771428600017],[-0.07219091599995409,10.76788474100016],[-0.07264201399993908,10.768101753000167],[-0.07298444699995343,10.76843048500018],[-0.07322692499997174,10.768832429000042],[-0.07330905899988238,10.76926236300011],[-0.07328782899992348,10.769616615000075],[-0.07307276199981061,10.770044503000179],[-0.07254495299991959,10.770441493000135],[-0.06807843299992555,10.773675726000135],[-0.06763719399992851,10.77386460800011],[-0.06730369699994299,10.773828372000139],[-0.06690861099997392,10.773717927000177],[-0.06637172299991789,10.773230308000052],[-0.06577060399985157,10.772591870000156],[-0.0655990609999435,10.772489769000174],[-0.06542866699987826,10.77245892000019],[-0.0651330599999369,10.772537947000046],[-0.06445264499996028,10.772964210000055],[-0.06421322899996085,10.773210080000126],[-0.06250489199993581,10.776543849000007],[-0.06095302499994659,10.779747933000124],[-0.058565300999930514,10.783994550000045],[-0.05788607199991702,10.78496407900002],[-0.05702701599989268,10.78597569100009],[-0.056179312999915965,10.786857152999971],[-0.05539448299992955,10.787507397000127],[-0.05395154799992952,10.788469374000101],[-0.049570966999908705,10.791385428000126],[-0.04903695699988475,10.79168715000003],[-0.044975593999936336,10.797350894000033],[-0.04479767899994158,10.797905529000047],[-0.044255332999910024,10.798670142000162],[-0.03935182799995118,10.804117095000095],[-0.038942068999972435,10.804520191000051],[-0.03855129799995893,10.804886568000086],[-0.037956812999880185,10.805250344000115],[-0.03717230899997048,10.805593030000068],[-0.03635956899995563,10.805857040999967],[-0.033849934999977904,10.806469437000032],[-0.032412054999952034,10.806842480000057],[-0.03179679399994484,10.807108663000179],[-0.03145927899987555,10.807256571000153],[-0.03123360099993988,10.807459236000113],[-0.03106758499990292,10.807659793000084],[-0.03096419299987474,10.80786748200012],[-0.029939744999921913,10.810554754000066],[-0.02978640599985738,10.810981998999978],[-0.029681964999895172,10.811424605000013],[-0.029635387999974228,10.811843589000034],[-0.02963044999989961,10.8121572390001],[-0.029731655999967188,10.812542266000037],[-0.029908065999961764,10.812988709000138],[-0.02991588599991246,10.81352117800003],[-0.029818294999927275,10.813991302000034],[-0.02969492799991258,10.814405767000153],[-0.028654475999815077,10.815337532000058],[-0.02511655899991183,10.81759164400006],[-0.023685503999899993,10.823021617000165],[-0.023963823999906708,10.824201719000087],[-0.02380734699994491,10.828754808000156],[-0.02378297099988913,10.82921185500004],[-0.0237055409999698,10.829622509999979],[-0.023481858999844007,10.83012630200011],[-0.023193668999965666,10.830503430000078],[-0.02287887699986868,10.830757720000122],[-0.0227454189999321,10.83092130500006],[-0.02267962699988857,10.831104601000163],[-0.02268298299992466,10.831324823999978],[-0.023449271999879784,10.834482420000143],[-0.02366985399993382,10.834885132000068],[-0.025722662999953627,10.838036725000109],[-0.027511311999887766,10.84061285700011],[-0.028284018999897853,10.842712353000081],[-0.0283945819999758,10.843191058000002],[-0.029832162999980483,10.853862947999971],[-0.02983678899994402,10.854416575000073],[-0.029761229999905936,10.854888074000087],[-0.029231354999922132,10.857859528000063],[-0.028783098999952017,10.859108468000045],[-0.027800843999955305,10.861574903000076],[-0.026952849999872797,10.863328613000078],[-0.026438291999966168,10.864265795000165],[-0.026280341999949997,10.864559546000066],[-0.025812449999932596,10.865475354000125],[-0.02556758299994044,10.866171361000113],[-0.025552905999973063,10.86852691700011],[-0.025591163999933997,10.868772315000172],[-0.02586388899993608,10.87096784500011],[-0.026268015999960426,10.876659189000122],[-0.026269311999897127,10.877051424000115],[-0.026216070999964813,10.87740666000002],[-0.025673404999963623,10.880604561000041],[-0.025524017999885018,10.881162869000036],[-0.02533444099992721,10.881588187999967],[-0.022532773999898836,10.88474931400009],[-0.022289585999942574,10.884938517000023],[-0.022026133999929698,10.884982133000051],[-0.021752712999955293,10.8849066840001],[-0.02141005699991183,10.885149665000085],[-0.01942025399995373,10.887282406000054],[-0.018135413999971206,10.88936744299997],[-0.015514969999969708,10.89543074300019],[-0.013977782999972987,10.90199460399998],[-0.013887332999843238,10.90496027000006],[-0.013865744999918661,10.905668104000029],[-0.013952792999930352,10.907636290000141],[-0.011951729999907457,10.910781218000125],[-0.010674900999958936,10.912508313000103],[-0.010403336999956991,10.912678382000081],[-0.010045568999942134,10.912766644999977],[-0.009738847999869904,10.912868297000045],[-0.009490381999910369,10.913019676000033],[-0.008029262999912135,10.914307108000173],[-0.007759857999928954,10.914623344000063],[-0.007717211999931806,10.9148921580001],[-0.00728603199996769,10.918604248999998],[-0.007250262999946244,10.9191241260001],[-0.007322288999944249,10.919482508000101],[-0.007380291999936617,10.919725193000033],[-0.008443089999957465,10.922214479000104],[-0.008550246999959654,10.922359060000076],[-0.008653720999973302,10.922480392000182],[-0.009972497999910956,10.927286188000096],[-0.011559947999899123,10.938651856999968],[-0.011741427999936604,10.94063838000011],[-0.011994861999937712,10.94341253000016],[-0.01197702499996467,10.943787118000046],[-0.011935053999934553,10.944059213000116],[-0.011859796999942773,10.944330683000032],[-0.01167539099986925,10.94452867900003],[-0.011451564999902075,10.944656798999972],[-0.00908726199998,10.945452955000121],[-0.008735378999972454,10.945507082999995],[-0.007853489999945396,10.946489375999988],[-0.007284900999877664,10.948144025000033],[-0.006289257999924303,10.954025174000037],[-0.0058931679998295294,10.956741684000065],[-0.005863253999905282,10.95717207399997],[-0.005576863999863235,10.95841480100006],[-0.004822179999962373,10.960937405000038],[-0.004604739999876983,10.961261432000128],[-0.003415853999911178,10.962927413000045],[-0.0033894219998842345,10.962964452000165],[-0.002953239999953894,10.963268962000143],[0.0017082960001175707,10.96605695500017],[0.0023361290001275847,10.96641881700009],[0.0025259049999704075,10.966504493000059],[0.005873753000059878,10.96753625499997],[0.006054533000110496,10.967534491000038],[0.006196871000156534,10.967480286000068],[0.007441931000130353,10.96690702400008],[0.010908030000109648,10.968103160999988],[0.014063784000143187,10.969963909000114],[0.024202750000029027,10.974729467000088],[0.029620710000131112,10.974970864000056],[0.029656851000027018,10.974930818000132],[0.029675248000046395,10.974920333000057],[0.029759358999967844,10.974903913000105],[0.029840800000044965,10.974909585000034],[0.029937393000182055,10.974933423000095],[0.03135903899999448,10.975550156000054],[0.03386375200005887,10.976748576999967],[0.03430893099999821,10.977056184000105],[0.034357015000068714,10.977103725000063],[0.03499685399998498,10.978326419000155],[0.035012577000145484,10.97836195400015],[0.03501210100012031,10.978365481000026],[0.03494449000010036,10.978433536000068],[0.03477178100013134,10.978551629000151],[0.034241385000086666,10.978833920000113],[0.033937324000078206,10.979054534000113],[0.033783721000077094,10.979211501000009],[0.033665124000151536,10.979530762000081],[0.03347705900011988,10.982529919000115],[0.033470169000054284,10.98291072000012],[0.033477005999998255,10.98331823899997],[0.034396134000019174,10.989177809000068],[0.03497591800004329,10.990823138000053],[0.034107909000056225,10.99361638800002],[0.03393959800007451,10.994158014000107],[0.0326025960001175,10.997116207000147],[0.031289928000092004,10.999876131000065],[0.031104363000054036,11.00001140600017],[0.030359283000052528,11.000554563000094],[0.02816276500004733,11.002155815000037],[0.024707420000083857,11.022794878000013],[0.02470743800006403,11.031518830000095],[0.025704162000124597,11.033509737000088],[0.025410549000071114,11.035485702000074],[0.024142866000090635,11.044017000000053],[0.023578259000146318,11.049281535000148],[0.02026872700008653,11.054732277000141],[0.020257705000062742,11.054854249000073],[0.01952277900016952,11.06298676199998],[0.013760547000174483,11.068064526000057],[0.006883426000001691,11.073301448999985],[0.00000606000014613528,11.078538213000058],[-0.0003589569999462583,11.07881614400003],[0.000006223000070804119,11.082572596000148],[0.00031896100017547724,11.085789553000154],[0.001335846000017682,11.08815917200019],[0.0013358600000401566,11.091815130000157],[0.000006598000027224771,11.093779889000075],[-0.00035893299997269423,11.09432016300002],[-0.004028191999964292,11.099449849999985],[-0.005566020999935972,11.101599762000092],[-0.008972416999881716,11.107259480000096],[-0.01505843499984394,11.109469724000007],[-0.02569271399988793,11.111079843000141],[-0.02690970899993772,11.111009130000014],[-0.027217575999941346,11.110943282999983],[-0.02761644599996771,11.110845772000005],[-0.027789873999950032,11.110796932000085],[-0.03195561699993732,11.109119820000046],[-0.032079342999963956,11.109056548000126],[-0.03590177599994604,11.106914124000127],[-0.03745801599990273,11.106000097000106],[-0.03898423099997217,11.104988465000076],[-0.04459304199997405,11.100509019000185],[-0.049269148999826484,11.093945119000068],[-0.05235739399989825,11.090321165000091],[-0.05268622599993478,11.08993459400017],[-0.0529610639999305,11.08947473000012],[-0.053874273999895195,11.087225371000102],[-0.05391273999987334,11.08694633600004],[-0.053939727999932074,11.086666480000133],[-0.05395761899995932,11.086337576999995],[-0.05397721399981492,11.08617375600005],[-0.05402535699988675,11.085917805000065],[-0.054139174999875195,11.08572788700019],[-0.05432109499992066,11.085540583000125],[-0.05461846799994419,11.085440784000127],[-0.05835354999987885,11.085302976000094],[-0.060172312999895894,11.08557788000013],[-0.06433528199994498,11.08596053400015],[-0.06455539699993551,11.085949945999971],[-0.06482572999993863,11.08590140800004],[-0.06496351599986383,11.085848469000041],[-0.06516123999995216,11.085692658000028],[-0.06568250999993097,11.085275667000076],[-0.06647731699996484,11.084707079999987],[-0.06720293699987678,11.084355033000122],[-0.06760254799996801,11.08424109100008],[-0.06798217899995507,11.084215818000018],[-0.08064930099988032,11.08379385000012],[-0.09558610699997416,11.085826016000055],[-0.09609978599991109,11.085974535000162],[-0.09659533899997541,11.08618967700005],[-0.09729382699987354,11.086511790000145],[-0.10057363999987956,11.088202953000177],[-0.10297544699994887,11.089595585000097],[-0.10324228799981938,11.08977049200007],[-0.10336201299986669,11.089997636000078],[-0.10350542599991286,11.090274306000026],[-0.10344666999992569,11.090559301999974],[-0.10323165999989214,11.091238940000096],[-0.10298594699992236,11.09178681100002],[-0.10287271999987979,11.09210874300004],[-0.10282610699994166,11.09234426200004],[-0.10282899699990367,11.092428587000029],[-0.10283244499993316,11.09252921400008],[-0.10287128799996026,11.09273008700012],[-0.1030540469999437,11.093117050000046],[-0.10317718699991474,11.093257632000132],[-0.10441551399992477,11.09410815200016],[-0.10489679399995566,11.094390471000168],[-0.10554482899988216,11.094688169000108],[-0.10619122499991818,11.094922543000166],[-0.11076936699993212,11.096322806000103],[-0.11244807799988621,11.096836254000095],[-0.11920660799989946,11.098777039000026],[-0.11946587099993167,11.098868424000045],[-0.11966934299988452,11.099067623999986],[-0.12002434699996911,11.099752887000136],[-0.12051875699995662,11.100868233000028],[-0.12070990699993445,11.101405886000009],[-0.12082493899993096,11.101584575000174],[-0.12097506099985367,11.10177388000011],[-0.12118961999993871,11.101975472000106],[-0.12288867999990316,11.103380209000022],[-0.12333368599996675,11.103729374000068],[-0.1238226449999047,11.104059949000145],[-0.12452878599981432,11.10451249800002],[-0.12567571099992847,11.10507055700009],[-0.12608648199989148,11.105134060000125],[-0.13481360699989864,11.105663687000174],[-0.14063866999993024,11.104480563000152],[-0.14218859099992187,11.104673604000027],[-0.14252082599989535,11.104807023000149],[-0.1431792589999077,11.105535795000037],[-0.1434167149999439,11.105861910000101],[-0.14355702899990774,11.10623877200004],[-0.14360791099994685,11.10667686000005],[-0.14356242099989913,11.107088004000161],[-0.14344090199989523,11.10742137900013],[-0.14316351699994811,11.107799525000132],[-0.14267302799987647,11.108698044000107],[-0.14259150599997383,11.109066416000076],[-0.14262964199991757,11.111603575000117],[-0.1434450399999605,11.11485678200006],[-0.14400100399996063,11.1167754330001],[-0.14421155099989846,11.117152006000083],[-0.14430449899992936,11.117513286000133],[-0.14430340599994906,11.118021192000072],[-0.14421929499991393,11.118370533000075],[-0.14282343599995784,11.121628552999994],[-0.14226437799987934,11.122598458000084],[-0.14101714499997797,11.12408927100006],[-0.1396864219999543,11.125261428000158],[-0.13939136399994823,11.125394833000087],[-0.13899251299989146,11.125372436000077],[-0.13867048599990994,11.125319497000078],[-0.13839981299997817,11.125315737000108],[-0.13808511999997108,11.125475798000082],[-0.13651219899992384,11.12661624400016],[-0.13528059899982736,11.128130525000131],[-0.13520964199989294,11.128235884000048],[-0.13491575399990552,11.129035240999997],[-0.13571275599997534,11.138495480000188],[-0.12888497199998028,11.137139843],[-0.12205725199993367,11.135784051000087],[-0.1152295939999135,11.134428103000175],[-0.10840199999995548,11.133071999000038],[-0.10213646899995865,11.131599065000046],[-0.09426634499993725,11.12996548500007],[-0.08858756699993364,11.128786756000125],[-0.08515251899990517,11.128155046000074],[-0.08130419999997684,11.127447335000056],[-0.07350904299994454,11.125742759000104]]]},"properties":{"adm1_name":"Savanes","adm1_name1":"","adm1_name2":"","adm1_name3":"","adm1_pcode":"TG05","adm0_name":"Togo","adm0_name1":"","adm0_name2":"","adm0_name3":"","adm0_pcode":"TG","valid_on":"20210107","valid_to":"00000000","area_sqkm":8495.97982867,"version":"v02","lang":"fr","lang1":"","lang2":"","lang3":"","center_lat":10.50720549,"center_lon":0.46457743}}]}